Frequency (Hz)	Level (dB)
5.859375	-105.610580
11.718750	-99.465759
17.578125	-101.303108
23.437500	-106.298462
29.296875	-105.581078
35.156250	-61.036922
41.015625	-32.260860
46.875000	-17.968700
52.734375	-11.932308
58.593750	-12.684099
64.453125	-20.384993
70.312500	-37.062466
76.171875	-72.231712
82.031250	-102.860062
87.890625	-96.065666
93.750000	-73.024483
99.609375	-54.660954
105.468750	-45.735359
111.328125	-43.921860
117.187500	-48.822765
123.046875	-61.584805
128.906250	-85.920387
134.765625	-100.135414
140.625000	-115.872223
146.484375	-62.952511
152.343750	-38.713959
158.203125	-26.552937
164.062500	-22.112953
169.921875	-24.375927
175.781250	-33.834053
181.640625	-53.249611
187.500000	-99.212135
193.359375	-104.821365
199.218750	-93.624168
205.078125	-77.525108
210.937500	-61.987541
216.796875	-54.804695
222.656250	-54.499073
228.515625	-61.013397
234.375000	-75.846481
240.234375	-93.366821
246.093750	-103.435112
251.953125	-112.822182
257.812500	-59.848980
263.671875	-39.156147
269.531250	-28.939518
275.390625	-26.048313
281.250000	-29.845701
287.109375	-41.185108
292.968750	-63.852280
298.828125	-114.706184
304.687500	-101.630760
310.546875	-91.850739
316.406250	-75.806549
322.265625	-62.462410
328.125000	-56.921116
333.984375	-58.118908
339.843750	-66.316177
345.703125	-83.003975
351.562500	-95.163040
357.421875	-107.336945
363.281250	-95.929688
369.140625	-56.884808
375.000000	-39.123219
380.859375	-30.711037
386.718750	-29.338665
392.578125	-34.710510
398.437500	-48.096661
404.296875	-74.810097
410.156250	-113.663345
416.015625	-99.040253
421.875000	-90.253151
427.734375	-74.439240
433.593750	-63.074886
439.453125	-59.110382
445.312500	-61.822723
451.171875	-71.781425
457.031250	-88.817886
462.890625	-97.279305
468.750000	-112.118073
474.609375	-85.343018
480.468750	-54.160999
486.328125	-38.917721
492.187500	-32.205143
498.046875	-32.337605
503.906250	-39.343132
509.765625	-54.998268
515.625000	-87.107887
521.484375	-110.129189
527.343750	-96.735855
533.203125	-88.561646
539.062500	-73.215393
544.921875	-63.686134
550.781250	-61.257793
556.640625	-65.511047
562.500000	-77.286232
568.359375	-92.023804
574.218750	-100.034340
580.078125	-116.398575
585.937500	-77.768852
591.796875	-51.774292
597.656250	-38.759346
603.515625	-33.668587
609.375000	-35.307327
615.234375	-44.028248
621.093750	-62.258953
626.953125	-102.172401
632.812500	-106.901024
638.671875	-95.015167
644.531250	-86.640007
650.390625	-72.173729
656.250000	-64.375092
662.109375	-63.453960
667.968750	-69.292747
673.828125	-82.737396
679.687500	-93.915367
685.546875	-103.169853
691.406250	-116.094940
697.265625	-71.832291
703.125000	-49.751225
708.984375	-38.751945
714.843750	-35.227375
720.703125	-38.389008
726.562500	-48.935474
732.421875	-70.177834
738.281250	-115.922188
744.140625	-103.659729
750.000000	-93.760735
755.859375	-84.461922
761.718750	-71.284409
767.578125	-65.131935
773.437500	-65.709137
779.296875	-73.186058
785.156250	-87.629128
791.015625	-95.802010
796.875000	-107.154106
802.734375	-109.931641
808.593750	-67.007256
814.453125	-48.089867
820.312500	-38.948051
826.171875	-36.952812
832.031250	-41.670044
837.890625	-54.189064
843.750000	-79.081627
849.609375	-117.081024
855.468750	-100.922279
861.328125	-92.715919
867.187500	-82.199348
873.046875	-70.563110
878.906250	-65.986267
884.765625	-68.071266
890.625000	-77.221123
896.484375	-91.219109
902.343750	-97.961403
908.203125	-111.990997
914.062500	-97.093903
919.921875	-63.020535
925.781250	-46.777287
931.640625	-39.374889
937.500000	-38.888462
943.359375	-45.212307
949.218750	-59.900322
955.078125	-89.483971
960.937500	-113.709793
966.796875	-98.773575
972.656250	-91.779045
978.515625	-80.076912
984.375000	-70.064896
990.234375	-67.024239
996.093750	-70.634254
1001.953125	-81.459152
1007.812500	-93.459572
1013.671875	-100.603958
1019.531250	-116.277740
1025.390625	-87.695877
1031.250000	-59.703114
1037.109375	-45.797588
1042.968750	-40.046421
1048.828125	-41.063808
1054.687500	-49.066246
1060.546875	-66.189598
1066.406250	-102.188202
1072.265625	-109.839928
1078.125000	-97.122078
1083.984375	-90.644547
1089.843750	-78.236107
1095.703125	-69.862480
1101.562500	-68.332748
1107.421875	-73.501579
1113.281250	-85.834747
1119.140625	-95.178581
1125.000000	-103.782143
1130.859375	-116.976974
1136.718750	-80.553902
1142.578125	-56.945122
1148.437500	-45.135555
1154.296875	-40.971298
1160.156250	-43.502743
1166.015625	-53.281605
1171.875000	-73.213585
1177.734375	-115.935715
1183.593750	-106.261658
1189.453125	-95.789040
1195.312500	-89.114372
1201.171875	-76.769730
1207.031250	-70.005592
1212.890625	-69.973473
1218.750000	-76.741234
1224.609375	-89.917213
1230.468750	-96.949631
1236.328125	-107.494728
1242.187500	-115.673561
1248.046875	-74.832008
1253.906250	-54.670139
1259.765625	-44.778599
1265.625000	-42.156872
1271.484375	-46.228386
1277.343750	-57.913887
1283.203125	-81.194145
1289.062500	-119.427536
1294.921875	-103.635544
1300.781250	-94.765411
1306.640625	-87.253548
1312.500000	-75.687263
1318.359375	-70.493774
1324.218750	-71.962715
1330.078125	-80.363564
1335.937500	-93.044846
1341.796875	-99.068062
1347.656250	-111.853256
1353.515625	-107.291252
1359.375000	-70.132767
1365.234375	-52.825676
1371.093750	-44.718910
1376.953125	-43.612350
1382.812500	-49.267265
1388.671875	-63.031227
1394.531250	-90.483154
1400.390625	-116.269905
1406.250000	-101.289734
1412.109375	-93.962303
1417.968750	-85.291313
1423.828125	-74.955490
1429.687500	-71.302826
1435.546875	-74.283302
1441.406250	-84.314072
1447.265625	-95.014610
1453.125000	-101.644455
1458.984375	-116.532257
1464.843750	-96.422188
1470.703125	-66.213272
1476.562500	-51.373894
1482.421875	-44.951878
1488.281250	-45.349369
1494.140625	-52.650570
1500.000000	-68.728317
1505.859375	-101.749985
1511.718750	-112.655266
1517.578125	-99.378044
1523.437500	-93.298264
1529.296875	-83.405609
1535.156250	-74.543205
1541.015625	-72.406982
1546.875000	-76.924660
1552.734375	-88.358482
1558.593750	-96.579697
1564.453125	-104.579910
1570.312500	-119.352707
1576.171875	-88.222534
1582.031250	-62.936646
1587.890625	-50.286800
1593.750000	-45.475437
1599.609375	-47.381020
1605.468750	-56.414036
1611.328125	-75.125992
1617.187500	-114.245949
1623.046875	-109.302200
1628.906250	-97.899361
1634.765625	-92.472397
1640.625000	-81.771736
1646.484375	-74.442146
1652.343750	-73.799294
1658.203125	-79.895645
1664.062500	-92.049461
1669.921875	-98.245392
1675.781250	-107.945854
1681.640625	-118.540024
1687.500000	-81.719482
1693.359375	-60.207245
1699.218750	-49.543152
1705.078125	-46.290348
1710.937500	-49.723427
1716.796875	-60.604809
1722.656250	-82.413902
1728.515625	-119.955200
1734.375000	-106.238403
1740.234375	-96.740669
1746.093750	-91.243042
1751.953125	-80.420990
1757.812500	-74.639244
1763.671875	-75.490128
1769.531250	-83.178673
1775.390625	-94.802299
1781.250000	-100.246521
1787.109375	-112.361710
1792.968750	-115.154999
1798.828125	-76.389435
1804.687500	-57.955616
1810.546875	-49.126877
1816.406250	-47.398640
1822.265625	-52.394936
1828.125000	-65.278145
1833.984375	-90.859085
1839.843750	-120.168587
1845.703125	-103.718735
1851.562500	-95.949516
1857.421875	-89.664291
1863.281250	-79.402809
1869.140625	-75.147408
1875.000000	-77.501785
1880.859375	-86.771423
1886.718750	-96.602325
1892.578125	-102.472282
1898.437500	-117.066116
1904.296875	-104.797668
1910.156250	-71.949776
1916.015625	-56.132587
1921.875000	-49.026421
1927.734375	-48.805210
1933.593750	-55.418793
1939.453125	-70.509743
1945.312500	-100.847839
1951.171875	-116.403366
1957.031250	-101.605988
1962.890625	-95.348671
1968.750000	-87.863304
1974.609375	-78.706665
1980.468750	-75.962883
1986.328125	-79.846848
1992.187500	-90.465004
1998.046875	-98.019470
2003.906250	-105.181335
2009.765625	-121.546577
2015.625000	-95.429054
2021.484375	-68.227623
2027.343750	-54.702877
2033.203125	-49.235031
2039.062500	-50.518330
2044.921875	-58.825092
2050.781250	-76.404091
2056.640625	-112.482918
2062.500000	-112.168114
2068.359375	-99.909691
2074.218750	-94.772606
2080.078125	-86.155373
2085.937500	-78.352379
2091.796875	-77.098404
2097.656250	-82.538086
2103.515625	-93.847458
2109.375000	-99.489990
2115.234375	-108.323807
2121.093750	-119.950096
2126.953125	-88.073837
2132.812500	-65.100250
2138.671875	-53.638050
2144.531250	-49.748486
2150.390625	-52.549004
2156.250000	-62.652096
2162.109375	-83.109039
2167.968750	-121.368103
2173.828125	-108.722847
2179.687500	-98.576912
2185.546875	-94.086708
2191.406250	-84.651733
2197.265625	-78.308319
2203.125000	-78.548767
2208.984375	-85.557297
2214.843750	-96.418488
2220.703125	-101.187256
2226.562500	-112.187523
2232.421875	-118.987846
2238.281250	-82.137779
2244.140625	-62.490307
2250.000000	-52.920254
2255.859375	-50.567116
2261.718750	-54.913975
2267.578125	-66.949455
2273.437500	-90.850273
2279.296875	-122.957153
2285.156250	-106.024467
2291.015625	-97.622475
2296.875000	-93.043968
2302.734375	-83.420334
2308.593750	-78.578033
2314.453125	-80.315857
2320.312500	-88.851479
2326.171875	-97.986862
2332.031250	-103.304848
2337.890625	-116.715630
2343.750000	-112.271843
2349.609375	-77.194725
2355.468750	-60.338287
2361.328125	-52.534142
2367.187500	-51.693184
2373.046875	-57.632984
2378.906250	-71.782501
2384.765625	-99.962166
2390.625000	-118.870415
2396.484375	-103.703194
2402.343750	-96.921906
2408.203125	-91.599617
2414.062500	-82.490623
2419.921875	-79.151657
2425.781250	-82.404541
2431.640625	-92.289719
2437.500000	-99.278831
2443.359375	-105.885323
2449.218750	-121.547256
2455.078125	-102.298050
2460.937500	-73.046944
2466.796875	-58.604687
2472.656250	-52.470543
2478.515625	-53.133202
2484.375000	-60.732239
2490.234375	-77.240921
2496.093750	-110.675514
2501.953125	-114.518906
2507.812500	-101.838623
2513.671875	-96.461235
2519.531250	-89.981522
2525.390625	-81.876762
2531.250000	-80.029984
2537.109375	-84.818771
2542.968750	-95.440048
2548.828125	-100.528671
2554.687500	-108.742546
2560.546875	-122.474739
2566.406250	-94.150314
2572.265625	-69.548958
2578.125000	-57.256725
2583.984375	-52.723045
2589.843750	-54.896088
2595.703125	-64.245934
2601.562500	-83.458450
2607.421875	-120.634315
2613.281250	-111.363441
2619.140625	-100.313789
2625.000000	-96.021088
2630.859375	-88.390175
2636.718750	-81.577126
2642.578125	-81.217239
2648.437500	-87.542961
2654.296875	-97.792389
2660.156250	-102.067062
2666.015625	-112.166367
2671.875000	-122.657852
2677.734375	-87.556915
2683.593750	-66.603897
2689.453125	-56.271049
2695.312500	-53.288780
2701.171875	-56.994362
2707.031250	-68.214127
2712.890625	-90.599106
2718.750000	-124.621826
2724.609375	-108.449219
2730.468750	-99.242661
2736.328125	-95.494202
2742.187500	-87.011497
2748.046875	-81.619629
2753.906250	-82.745491
2759.765625	-90.598145
2765.625000	-99.296486
2771.484375	-104.008736
2777.343750	-116.172028
2783.203125	-118.410736
2789.062500	-82.110100
2794.921875	-64.149643
2800.781250	-55.630470
2806.640625	-54.168594
2812.500000	-59.445492
2818.359375	-72.697258
2824.218750	-98.930298
2830.078125	-121.600136
2835.937500	-105.752800
2841.796875	-98.375694
2847.656250	-94.485573
2853.515625	-85.875870
2859.375000	-81.959190
2865.234375	-84.589867
2871.093750	-93.803947
2876.953125	-100.484596
2882.812500	-106.312050
2888.671875	-120.751259
2894.531250	-109.178658
2900.390625	-77.536934
2906.250000	-62.135498
2912.109375	-55.322563
2917.968750	-55.366344
2923.828125	-62.271877
2929.687500	-77.774216
2935.546875	-108.852669
2941.406250	-117.545502
2947.265625	-103.611389
2953.125000	-97.832008
2958.984375	-93.182190
2964.843750	-85.051994
2970.703125	-82.604530
2976.562500	-86.763725
2982.421875	-96.743507
2988.281250	-101.560852
2994.140625	-108.996605
3000.000000	-125.122627
3005.859375	-100.056511
3011.718750	-73.677933
3017.578125	-60.526196
3023.437500	-55.339985
3029.296875	-56.889313
3035.156250	-65.504005
3041.015625	-83.549530
3046.875000	-119.586510
3052.734375	-113.814407
3058.593750	-101.974258
3064.453125	-97.505508
3070.312500	-91.684441
3076.171875	-84.538559
3082.031250	-83.565086
3087.890625	-89.252029
3093.750000	-99.019035
3099.609375	-102.989632
3105.468750	-112.428368
3111.328125	-123.189613
3117.187500	-92.787834
3123.046875	-70.413956
3128.906250	-59.293968
3134.765625	-55.677612
3140.625000	-58.748348
3146.484375	-69.179779
3152.343750	-90.173782
3158.203125	-125.962669
3164.062500	-110.590668
3169.921875	-100.675484
3175.781250	-97.170830
3181.640625	-90.225662
3187.500000	-84.350693
3193.359375	-84.859863
3199.218750	-92.061096
3205.078125	-100.511879
3210.937500	-104.689972
3216.796875	-116.059212
3222.656250	-121.558868
3228.515625	-86.803795
3234.375000	-67.671448
3240.234375	-58.419212
3246.093750	-56.333813
3251.953125	-60.956913
3257.812500	-73.345955
3263.671875	-97.851921
3269.531250	-124.350456
3275.390625	-107.637733
3281.250000	-99.679970
3287.109375	-96.657082
3292.968750	-88.964188
3298.828125	-84.480476
3304.687500	-86.491730
3310.546875	-95.048180
3316.406250	-101.488632
3322.265625	-106.705795
3328.125000	-120.260765
3333.984375	-115.347168
3339.843750	-81.804123
3345.703125	-65.391251
3351.562500	-57.886841
3357.421875	-57.311378
3363.281250	-63.537193
3369.140625	-78.076477
3375.000000	-106.866463
3380.859375	-120.376762
3386.718750	-105.496986
3392.578125	-99.063431
3398.437500	-95.774704
3404.296875	-87.948891
3410.156250	-84.909813
3416.015625	-88.428123
3421.875000	-97.862846
3427.734375	-102.531021
3433.593750	-109.310600
3439.453125	-124.774246
3445.312500	-105.992210
3451.171875	-77.588280
3457.031250	-63.535149
3462.890625	-57.687313
3468.750000	-58.615349
3474.609375	-66.515137
3480.468750	-83.461662
3486.328125	-116.944298
3492.187500	-116.059402
3498.046875	-103.561569
3503.906250	-98.663399
3509.765625	-94.503487
3515.625000	-87.225945
3521.484375	-85.670578
3527.343750	-90.708542
3533.203125	-100.143921
3539.062500	-103.689346
3544.921875	-112.320778
3550.781250	-125.360825
3556.640625	-97.935257
3562.500000	-74.006866
3568.359375	-62.070892
3574.218750	-57.813778
3580.078125	-60.254986
3585.937500	-69.923401
3591.796875	-89.647491
3597.656250	-124.795387
3603.515625	-112.730499
3609.375000	-102.056244
3615.234375	-98.401787
3621.093750	-93.109756
3626.953125	-86.850204
3632.812500	-86.767838
3638.671875	-93.299698
3644.531250	-101.567993
3650.390625	-105.224571
3656.250000	-115.584969
3662.109375	-123.512939
3667.968750	-91.384415
3673.828125	-70.980690
3679.687500	-60.975357
3685.546875	-58.262913
3691.406250	-62.242332
3697.265625	-73.807152
3703.125000	-96.832672
3708.984375	-126.452721
3714.843750	-109.787888
3720.703125	-100.937454
3726.562500	-98.151917
3732.421875	-91.758034
3738.281250	-86.779350
3744.140625	-88.181038
3750.000000	-96.107948
3755.859375	-102.562912
3761.718750	-107.305870
3767.578125	-120.719963
3773.437500	-120.344780
3779.296875	-85.946541
3785.156250	-68.445229
3791.015625	-60.231895
3796.875000	-59.035946
3802.734375	-64.595528
3808.593750	-78.226349
3814.453125	-105.192657
3820.312500	-122.887863
3826.171875	-107.160751
3832.031250	-100.092239
3837.890625	-97.639931
3843.750000	-90.607841
3849.609375	-87.032539
3855.468750	-89.936264
3861.328125	-98.838799
3867.187500	-103.285568
3873.046875	-109.175323
3878.906250	-123.115677
3884.765625	-111.856483
3890.625000	-81.345673
3896.484375	-66.349197
3902.343750	-59.827797
3908.203125	-60.136326
3914.062500	-67.336884
3919.921875	-83.256737
3925.781250	-114.912933
3931.640625	-118.634239
3937.500000	-105.065689
3943.359375	-99.636391
3949.218750	-96.834511
3955.078125	-89.770348
3960.937500	-87.617378
3966.796875	-92.020279
3972.656250	-101.113693
3978.515625	-104.502396
3984.375000	-112.264694
3990.234375	-127.289261
3996.093750	-103.128021
4001.953125	-77.443848
4007.812500	-64.661263
4013.671875	-59.755363
4019.531250	-61.571781
4025.390625	-70.498436
4031.250000	-89.030006
4037.109375	-123.702293
4042.968750	-115.136436
4048.828125	-103.474670
4054.687500	-99.404716
4060.546875	-95.632912
4066.406250	-89.212242
4072.265625	-88.522697
4078.125000	-94.461853
4083.984375	-102.571480
4089.843750	-105.800110
4095.703125	-115.315681
4101.562500	-123.979759
4107.421875	-95.930290
4113.281250	-74.138771
4119.140625	-63.354401
4125.000000	-60.009678
4130.859375	-63.351479
4136.718750	-74.116882
4142.578125	-95.678947
4148.437500	-126.326591
4154.296875	-111.555779
4160.156250	-102.110710
4166.015625	-99.242447
4171.875000	-94.353706
4177.734375	-88.976532
4183.593750	-89.766113
4189.453125	-97.125404
4195.312500	-103.484146
4201.171875	-107.575943
4207.031250	-119.662041
4212.890625	-123.012070
4218.750000	-89.981026
4224.609375	-71.344269
4230.468750	-62.406384
4236.328125	-60.588661
4242.187500	-65.490547
4248.046875	-78.246086
4253.906250	-103.449280
4259.765625	-124.636337
4265.625000	-108.787392
4271.484375	-101.128334
4277.343750	-99.055054
4283.203125	-93.167694
4289.062500	-89.056267
4294.921875	-91.342606
4300.781250	-99.753403
4306.640625	-104.245590
4312.500000	-109.638260
4318.359375	-123.635887
4324.218750	-117.397202
4330.078125	-85.005531
4335.937500	-69.016151
4341.796875	-61.807949
4347.656250	-61.497753
4353.515625	-68.013794
4359.375000	-82.960136
4365.234375	-112.488022
4371.093750	-121.181427
4376.953125	-106.584366
4382.812500	-100.534607
4388.671875	-98.673409
4394.531250	-92.209671
4400.390625	-89.483643
4406.250000	-93.276428
4412.109375	-102.056633
4417.968750	-105.156471
4423.828125	-112.214447
4429.687500	-127.147171
4435.546875	-108.168480
4441.406250	-80.767708
4447.265625	-67.107010
4453.125000	-61.544060
4458.984375	-62.738205
4464.843750	-70.941521
4470.703125	-88.352722
4476.562500	-122.518326
4482.421875	-116.826408
4488.281250	-104.667397
4494.140625	-100.122543
4500.000000	-97.775787
4505.859375	-91.468117
4511.718750	-90.206726
4517.578125	-95.502945
4523.437500	-103.512680
4529.296875	-106.215385
4535.156250	-114.750435
4541.015625	-127.229546
4546.875000	-100.429100
4552.734375	-77.179146
4558.593750	-65.593384
4564.453125	-61.611378
4570.312500	-64.321777
4576.171875	-74.314415
4582.031250	-94.558586
4587.890625	-127.607498
4593.750000	-113.545433
4599.609375	-103.247520
4605.468750	-100.067154
4611.328125	-96.757431
4617.187500	-91.100822
4623.046875	-91.297699
4628.906250	-98.007858
4634.765625	-104.412041
4640.625000	-107.902016
4646.484375	-118.965134
4652.343750	-124.104828
4658.203125	-94.012329
4664.062500	-74.133255
4669.921875	-64.450409
4675.781250	-62.006950
4681.640625	-66.261436
4687.500000	-78.175728
4693.359375	-101.767029
4699.218750	-126.775299
4705.078125	-110.486160
4710.937500	-102.120895
4716.796875	-100.109268
4722.656250	-95.606956
4728.515625	-91.045174
4734.375000	-92.722374
4740.234375	-100.579338
4746.093750	-105.108215
4751.953125	-109.964073
4757.812500	-123.829903
4763.671875	-121.946266
4769.531250	-88.611137
4775.390625	-71.567299
4781.250000	-63.659416
4787.109375	-62.729061
4792.968750	-68.573051
4798.828125	-82.584175
4804.687500	-110.295631
4810.546875	-123.572594
4816.406250	-108.086113
4822.265625	-101.345268
4828.125000	-99.967552
4833.984375	-94.538345
4839.843750	-91.298103
4845.703125	-94.473366
4851.562500	-102.920860
4857.421875	-105.892174
4863.281250	-112.302513
4869.140625	-127.327888
4875.000000	-113.491875
4880.859375	-84.037254
4886.718750	-69.443817
4892.578125	-63.211456
4898.437500	-63.785133
4904.296875	-71.283508
4910.156250	-87.640244
4916.015625	-119.930466
4921.875000	-119.190392
4927.734375	-106.000381
4933.593750	-100.871117
4939.453125	-99.528160
4945.312500	-93.712234
4951.171875	-91.868896
4957.031250	-96.544876
4962.890625	-104.421257
4968.750000	-106.845367
4974.609375	-114.869194
4980.468750	-128.377686
4986.328125	-105.034241
4992.187500	-80.143311
4998.046875	-67.724136
5003.906250	-63.096752
5009.765625	-65.180008
5015.625000	-74.419617
5021.484375	-93.426369
5027.343750	-126.824577
5033.203125	-115.632736
5039.062500	-104.393341
5044.921875	-100.716286
5050.781250	-98.779968
5056.640625	-93.190697
5062.500000	-92.780540
5068.359375	-98.898628
5074.218750	-105.304573
5080.078125	-108.343285
5085.937500	-118.461647
5091.796875	-126.616898
5097.656250	-98.062538
5103.515625	-76.836578
5109.375000	-66.385231
5115.234375	-63.311783
5121.093750	-66.925591
5126.953125	-78.028374
5132.812500	-100.161697
5138.671875	-129.641602
5144.531250	-112.390312
5150.390625	-103.137383
5156.250000	-100.773117
5162.109375	-97.816994
5167.968750	-92.967110
5173.828125	-94.016617
5179.687500	-101.339478
5185.546875	-105.849464
5191.406250	-110.139511
5197.265625	-123.210304
5203.125000	-124.287628
5208.984375	-92.179092
5214.843750	-74.032730
5220.703125	-65.407600
5226.562500	-63.856895
5232.421875	-69.039742
5238.281250	-82.168312
5244.140625	-108.156212
5250.000000	-125.699043
5255.859375	-109.448914
5261.718750	-102.188416
5267.578125	-100.853416
5273.437500	-96.769043
5279.296875	-93.065956
5285.156250	-95.620628
5291.015625	-103.650848
5296.875000	-106.488388
5302.734375	-112.060333
5308.593750	-125.976776
5314.453125	-118.569801
5320.312500	-87.259186
5326.171875	-71.693108
5332.031250	-64.778900
5337.890625	-64.733978
5343.750000	-71.540955
5349.609375	-86.903824
5355.468750	-117.486908
5361.328125	-121.398254
5367.187500	-107.358269
5373.046875	-101.631615
5378.906250	-100.851418
5384.765625	-95.916985
5390.625000	-93.524376
5396.484375	-97.606499
5402.343750	-105.363678
5408.203125	-107.471199
5414.062500	-114.773468
5419.921875	-129.297211
5425.781250	-109.641624
5431.640625	-83.050262
5437.500000	-69.766197
5443.359375	-64.485291
5449.218750	-65.945953
5455.078125	-74.457703
5460.937500	-92.341087
5466.796875	-126.394051
5472.656250	-117.292503
5478.515625	-105.478622
5484.375000	-101.276093
5490.234375	-100.455940
5496.093750	-95.236328
5501.953125	-94.260223
5507.812500	-99.757896
5513.671875	-106.180130
5519.531250	-108.683044
5525.390625	-118.096420
5531.250000	-127.374435
5537.109375	-102.031525
5542.968750	-79.472511
5548.828125	-68.233322
5554.687500	-64.525597
5560.546875	-67.505989
5566.406250	-77.827530
5572.265625	-98.620369
5578.125000	-128.995926
5583.984375	-113.901138
5589.843750	-104.040070
5595.703125	-101.306877
5601.562500	-99.837799
5607.421875	-94.920799
5613.281250	-95.416367
5619.140625	-102.227249
5625.000000	-106.721382
5630.859375	-110.244614
5636.718750	-121.695602
5642.578125	-124.857513
5648.437500	-95.756165
5654.296875	-76.428490
5660.156250	-67.069183
5666.015625	-64.894119
5671.875000	-69.424622
5677.734375	-81.689903
5683.593750	-105.910065
5689.453125	-127.946564
5695.312500	-111.093330
5701.171875	-102.978271
5707.031250	-101.472969
5712.890625	-98.899742
5718.750000	-94.870422
5724.609375	-96.827339
5730.468750	-104.399704
5736.328125	-107.149315
5742.187500	-112.156013
5748.046875	-125.695465
5753.906250	-123.112244
5759.765625	-90.454117
5765.625000	-73.866081
5771.484375	-66.260117
5777.343750	-65.595673
5783.203125	-71.727089
5789.062500	-86.137703
5794.921875	-114.793930
5800.781250	-123.699326
5806.640625	-108.769768
5812.500000	-102.342316
5818.359375	-101.752953
5824.218750	-98.009193
5830.078125	-95.139610
5835.937500	-98.582863
5841.796875	-106.151703
5847.656250	-107.986809
5853.515625	-114.556633
5859.375000	-129.448013
5865.234375	-114.541748
5871.093750	-85.934174
5876.953125	-71.735695
5882.812500	-65.790718
5888.671875	-66.629593
5894.531250	-74.428688
5900.390625	-91.224876
5906.250000	-123.563255
5912.109375	-119.975143
5917.968750	-106.770004
5923.828125	-101.870644
5929.687500	-101.729500
5935.546875	-97.281876
5941.406250	-95.744820
5947.265625	-100.634453
5953.125000	-106.989891
5958.984375	-108.935593
5964.843750	-117.130882
5970.703125	-130.950928
5976.562500	-106.224091
5982.421875	-82.064323
5988.281250	-70.006096
5994.140625	-65.656754
6000.000000	-68.008865
6005.859375	-77.571632
6011.718750	-97.125755
6017.578125	-130.707764
6023.437500	-115.739403
6029.296875	-105.013466
6035.156250	-101.728104
6041.015625	-101.420494
6046.875000	-96.838188
6052.734375	-96.729622
6058.593750	-102.951332
6064.453125	-107.392326
6070.312500	-110.340637
6076.171875	-120.721107
6082.031250	-129.149673
6087.890625	-99.373253
6093.750000	-78.771355
6099.609375	-68.655441
6105.468750	-65.852951
6111.328125	-69.741280
6117.187500	-81.190437
6123.046875	-103.938583
6128.906250	-130.268692
6134.765625	-112.717819
6140.625000	-103.820381
6146.484375	-101.849236
6152.343750	-100.776917
6158.203125	-96.660225
6164.062500	-97.997154
6169.921875	-105.154617
6175.781250	-107.882637
6181.640625	-112.191246
6187.500000	-124.532700
6193.359375	-125.166176
6199.218750	-93.652206
6205.078125	-75.982178
6210.937500	-67.664383
6216.796875	-66.379738
6222.656250	-71.843040
6228.515625	-85.341591
6234.375000	-111.937126
6240.234375	-127.527077
6246.093750	-110.120361
6251.953125	-102.928978
6257.812500	-102.131279
6263.671875	-100.007904
6269.531250	-96.794563
6275.390625	-99.625519
6281.250000	-106.924438
6287.109375	-108.663170
6292.968750	-114.478363
6298.828125	-129.744110
6304.687500	-119.905609
6310.546875	-88.801979
6316.406250	-73.642883
6322.265625	-67.019867
6328.125000	-67.240135
6333.984375	-74.341766
6339.843750	-90.119858
6345.703125	-120.441902
6351.562500	-121.811966
6357.421875	-107.851639
6363.281250	-102.372879
6369.140625	-102.501152
6375.000000	-99.260674
6380.859375	-97.202805
6386.718750	-101.506195
6392.578125	-108.007217
6398.437500	-109.675980
6404.296875	-117.457352
6410.156250	-131.416840
6416.015625	-110.599022
6421.875000	-84.630951
6427.734375	-71.712669
6433.593750	-66.711464
6439.453125	-68.438538
6445.312500	-77.261253
6451.171875	-95.624962
6457.031250	-128.923508
6462.890625	-117.839943
6468.750000	-106.078743
6474.609375	-102.158646
6480.468750	-102.589539
6486.328125	-98.640656
6492.187500	-97.957527
6498.046875	-103.603828
6503.906250	-108.420456
6509.765625	-110.851387
6515.625000	-120.575989
6521.484375	-128.470825
6527.343750	-103.001610
6533.203125	-81.069122
6539.062500	-70.171112
6544.921875	-66.735687
6550.781250	-69.987297
6556.640625	-80.642159
6562.500000	-102.024292
6568.359375	-130.626953
6574.218750	-114.153091
6580.078125	-104.634193
6585.937500	-102.197929
6591.796875	-102.314987
6597.656250	-98.332458
6603.515625	-99.083504
6609.375000	-105.752136
6615.234375	-108.588013
6621.093750	-112.283066
6626.953125	-124.038086
6632.812500	-126.714058
6638.671875	-96.870773
6644.531250	-78.041588
6650.390625	-68.997147
6656.250000	-67.090034
6662.109375	-71.899384
6667.968750	-84.529892
6673.828125	-109.388382
6679.687500	-129.347397
6685.546875	-111.471733
6691.406250	-103.552162
6697.265625	-102.485420
6703.125000	-101.807594
6708.984375	-98.374428
6714.843750	-100.607407
6720.703125	-107.665047
6726.562500	-109.105095
6732.421875	-114.137932
6738.281250	-127.197540
6744.140625	-123.648697
6750.000000	-91.656883
6755.859375	-75.485634
6761.718750	-68.175407
6767.578125	-67.775688
6773.437500	-74.195457
6779.296875	-89.001579
6785.156250	-118.283348
6791.015625	-123.213417
6796.875000	-108.917656
6802.734375	-102.846710
6808.593750	-102.974243
6814.453125	-101.130592
6820.312500	-98.680008
6826.171875	-102.390244
6832.031250	-108.737206
6837.890625	-109.822380
6843.750000	-116.797043
6849.609375	-130.353577
6855.468750	-114.627861
6861.328125	-87.164894
6867.187500	-73.356819
6873.046875	-67.697365
6878.906250	-68.802612
6884.765625	-76.908669
6890.625000	-94.175522
6896.484375	-128.047638
6902.343750	-119.005142
6908.203125	-106.989792
6914.062500	-102.548576
6919.921875	-103.305130
6925.781250	-100.419960
6931.640625	-99.269554
6937.500000	-104.380028
6943.359375	-109.349030
6949.218750	-111.170425
6955.078125	-119.653580
6960.937500	-129.086258
6966.796875	-106.967918
6972.656250	-83.336166
6978.515625	-71.623116
6984.375000	-67.547668
6990.234375	-70.167725
6996.093750	-80.048851
7001.953125	-100.070496
7007.812500	-131.126144
7013.671875	-115.512672
7019.531250	-105.360550
7025.390625	-102.400993
7031.250000	-103.417740
7037.109375	-100.055840
7042.968750	-100.262207
7048.828125	-106.595207
7054.687500	-109.501770
7060.546875	-112.441109
7066.406250	-122.501625
7072.265625	-127.327332
7078.125000	-100.137993
7083.984375	-80.058090
7089.843750	-70.264503
7095.703125	-67.730698
7101.562500	-71.891899
7107.421875	-83.682220
7113.281250	-107.016151
7119.140625	-128.575882
7125.000000	-112.431664
7130.859375	-104.131721
7136.718750	-102.610680
7142.578125	-103.248672
7148.437500	-99.958832
7154.296875	-101.601891
7160.156250	-108.319229
7166.015625	-109.693878
7171.875000	-114.129623
7177.734375	-126.577293
7183.593750	-125.683243
7189.453125	-94.454552
7195.312500	-77.271599
7201.171875	-69.262604
7207.031250	-68.245049
7212.890625	-73.994942
7218.750000	-87.887108
7224.609375	-115.039627
7230.468750	-125.788101
7236.328125	-110.122665
7242.187500	-103.391052
7248.046875	-103.104370
7253.906250	-102.759750
7259.765625	-100.108658
7265.625000	-103.209595
7271.484375	-109.469513
7277.343750	-110.394333
7283.203125	-116.418526
7289.062500	-132.293991
7294.921875	-119.102951
7300.781250	-89.661011
7306.640625	-74.933617
7312.500000	-68.603996
7318.359375	-69.089203
7324.218750	-76.484825
7330.078125	-92.684669
7335.937500	-124.151688
7341.796875	-120.780029
7347.656250	-107.975243
7353.515625	-102.937004
7359.375000	-103.744598
7365.234375	-102.228813
7371.093750	-100.566666
7376.953125	-104.995209
7382.812500	-109.820724
7388.671875	-111.236885
7394.531250	-118.775444
7400.390625	-131.542984
7406.250000	-110.629135
7412.109375	-85.532852
7417.968750	-73.000969
7423.828125	-68.282661
7429.687500	-70.277687
7435.546875	-79.410751
7441.406250	-98.246368
7447.265625	-131.809265
7453.125000	-117.858025
7458.984375	-106.367691
7464.843750	-102.737457
7470.703125	-104.225830
7476.562500	-101.779099
7482.421875	-101.392952
7488.281250	-107.068146
7494.140625	-110.083923
7500.000000	-112.584679
7505.859375	-122.121117
7511.718750	-128.004822
7517.578125	-103.363640
7523.437500	-82.017166
7529.296875	-71.456879
7535.156250	-68.294563
7541.015625	-71.820152
7546.875000	-82.821449
7552.734375	-104.839729
7558.593750	-132.043549
7564.453125	-114.664276
7570.312500	-105.007065
7576.171875	-102.835503
7582.031250	-104.408356
7587.890625	-101.542358
7593.750000	-102.602127
7599.609375	-108.928276
7605.468750	-110.160355
7611.328125	-114.036964
7617.187500	-126.024200
7623.046875	-126.940575
7628.906250	-97.377747
7634.765625	-79.013100
7640.625000	-70.276451
7646.484375	-68.635132
7652.343750	-73.724571
7658.203125	-86.731918
7664.062500	-112.568657
7669.921875	-126.374451
7675.781250	-111.176323
7681.640625	-103.790085
7687.500000	-103.172737
7693.359375	-104.158257
7699.218750	-101.397148
7705.078125	-103.883797
7710.937500	-110.136627
7716.796875	-110.828598
7722.656250	-116.306549
7728.515625	-129.643692
7734.375000	-123.020065
7740.234375	-92.158325
7746.093750	-76.447197
7751.953125	-69.436928
7757.812500	-69.303406
7763.671875	-76.015457
7769.531250	-91.233917
7775.390625	-120.967758
7781.250000	-123.136726
7787.109375	-109.109077
7792.968750	-103.241043
7798.828125	-103.790329
7804.687500	-103.664223
7810.546875	-101.729378
7816.406250	-105.573036
7822.265625	-110.777649
7828.125000	-111.873795
7833.984375	-119.235062
7839.843750	-128.551071
7845.703125	-114.188698
7851.562500	-87.740746
7857.421875	-74.316353
7863.281250	-68.939102
7869.140625	-70.310219
7875.000000	-78.720444
7880.859375	-96.437569
7886.718750	-129.842941
7892.578125	-118.645782
7898.437500	-107.078781
7904.296875	-102.898193
7910.156250	-104.446548
7916.015625	-103.249115
7921.875000	-102.469063
7927.734375	-107.813622
7933.593750	-111.110817
7939.453125	-112.868057
7945.312500	-121.756615
7951.171875	-130.992142
7957.031250	-106.910286
7962.890625	-83.939575
7968.750000	-72.574242
7974.609375	-68.773659
7980.468750	-71.663872
7986.328125	-81.874252
7992.187500	-102.392525
7998.046875	-128.788300
8003.906250	-115.083733
8009.765625	-105.549713
8015.625000	-102.943314
8021.484375	-105.041626
8027.343750	-103.012566
8033.203125	-103.553650
8039.062500	-109.706093
8044.921875	-111.284332
8050.781250	-114.674362
8056.640625	-126.436363
8062.500000	-126.413033
8068.359375	-100.196037
8074.218750	-80.670059
8080.078125	-71.200851
8085.937500	-68.936256
8091.796875	-73.375931
8097.656250	-85.532021
8103.515625	-109.610916
8109.375000	-128.126282
8115.234375	-112.487061
8121.093750	-104.504585
8126.953125	-103.285652
8132.812500	-105.153610
8138.671875	-102.818085
8144.531250	-104.742035
8150.390625	-110.632050
8156.250000	-111.061844
8162.109375	-115.916458
8167.968750	-128.637024
8173.828125	-124.386902
8179.687500	-94.637604
8185.546875	-77.889671
8191.406250	-70.178696
8197.265625	-69.425331
8203.125000	-75.461655
8208.984375	-89.748260
8214.843750	-117.960022
8220.703125	-124.845993
8226.562500	-110.091156
8232.421875	-103.655281
8238.281250	-103.783340
8244.140625	-105.219360
8250.000000	-103.224648
8255.859375	-106.619949
8261.718750	-111.782784
8267.578125	-112.253242
8273.437500	-118.682152
8279.296875	-130.401413
8285.156250	-118.372498
8291.015625	-89.875244
8296.875000	-75.543518
8302.734375	-69.501755
8308.593750	-70.253159
8314.453125	-77.950623
8320.312500	-94.612389
8326.171875	-127.440987
8332.031250	-120.808517
8337.890625	-108.083290
8343.750000	-103.246826
8349.609375	-104.501823
8355.468750	-104.798119
8361.328125	-103.703751
8367.187500	-108.404739
8373.046875	-111.475807
8378.906250	-112.785210
8384.765625	-120.287468
8390.625000	-129.891678
8396.484375	-110.133652
8402.343750	-85.762245
8408.203125	-73.591568
8414.062500	-69.151489
8419.921875	-71.414757
8425.781250	-80.872017
8431.640625	-100.303185
8437.500000	-132.323303
8443.359375	-117.297539
8449.218750	-106.452911
8455.078125	-103.096191
8460.937500	-105.229027
8466.796875	-104.504921
8472.656250	-104.565132
8478.515625	-110.164536
8484.375000	-111.418579
8490.234375	-113.970421
8496.093750	-123.358749
8501.953125	-133.133545
8507.812500	-103.151413
8513.671875	-82.261047
8519.531250	-72.027794
8525.390625	-69.134834
8531.250000	-72.932838
8537.109375	-84.277176
8542.968750	-106.973343
8548.828125	-132.770981
8554.687500	-114.235489
8560.546875	-105.250511
8566.406250	-103.418747
8572.265625	-106.131828
8578.125000	-104.658737
8583.984375	-105.993561
8589.843750	-111.518654
8595.703125	-111.481087
8601.562500	-115.685280
8607.421875	-128.225372
8613.281250	-126.917923
8619.140625	-97.026855
8625.000000	-79.229828
8630.859375	-70.814774
8636.718750	-69.442566
8642.578125	-74.813972
8648.437500	-88.190285
8654.296875	-114.496613
8660.156250	-127.021500
8666.015625	-111.379654
8671.875000	-104.195702
8677.734375	-103.840332
8683.593750	-106.554779
8689.453125	-104.778244
8695.312500	-107.453033
8701.171875	-112.410370
8707.031250	-112.407845
8712.890625	-118.020935
8718.750000	-130.092819
8724.609375	-122.492065
8730.468750	-91.948051
8736.328125	-76.665321
8742.187500	-69.948959
8748.046875	-70.080627
8753.906250	-77.081993
8759.765625	-92.696815
8765.625000	-122.974968
8771.484375	-122.371475
8777.343750	-109.211723
8783.203125	-103.696556
8789.062500	-104.720245
8794.921875	-106.640465
8800.781250	-105.281837
8806.640625	-109.304977
8812.500000	-112.210335
8818.359375	-112.829865
8824.218750	-120.028503
8830.078125	-131.582962
8835.937500	-113.692444
8841.796875	-87.553024
8847.656250	-74.508018
8853.515625	-69.413818
8859.375000	-71.051979
8865.234375	-79.774460
8871.093750	-97.990936
8876.953125	-132.567169
8882.812500	-119.025818
8888.671875	-107.302925
8894.531250	-103.358170
8900.390625	-105.570251
8906.250000	-106.422913
8912.109375	-106.141891
8917.968750	-111.338028
8923.828125	-112.461029
8929.687500	-114.120132
8935.546875	-121.905418
8941.406250	-128.512070
8947.265625	-105.950089
8953.125000	-83.748962
8958.984375	-72.733559
8964.843750	-69.206398
8970.703125	-72.366165
8976.562500	-82.905014
8982.421875	-104.060204
8988.281250	-131.550446
8994.140625	-115.402901
9000.000000	-105.754303
9005.859375	-103.356911
9011.718750	-106.388237
9017.578125	-106.335548
9023.437500	-107.346588
9029.296875	-112.755394
9035.156250	-112.413315
9041.015625	-115.714386
9046.875000	-125.694084
9052.734375	-129.960007
9058.593750	-99.390182
9064.453125	-80.462891
9070.312500	-71.317612
9076.171875	-69.321289
9082.031250	-74.037834
9087.890625	-86.545486
9093.750000	-111.158867
9099.609375	-127.439964
9105.468750	-112.514862
9111.328125	-104.668327
9117.187500	-103.740082
9123.046875	-107.322220
9128.906250	-106.476631
9134.765625	-108.574654
9140.625000	-113.020058
9146.484375	-112.526527
9152.343750	-117.131828
9158.203125	-127.975349
9164.062500	-124.466370
9169.921875	-93.928902
9175.781250	-77.650093
9181.640625	-70.243362
9187.500000	-69.756256
9193.359375	-76.080444
9199.218750	-90.768349
9205.078125	-119.934364
9210.937500	-125.960556
9216.796875	-110.277153
9222.656250	-104.030586
9228.515625	-104.541061
9234.375000	-107.895828
9240.234375	-106.956924
9246.093750	-110.459244
9251.953125	-113.104546
9257.812500	-113.322784
9263.671875	-119.806717
9269.531250	-128.459076
9275.390625	-116.522003
9281.250000	-89.177193
9287.109375	-75.258820
9292.968750	-69.505859
9298.828125	-70.522293
9304.687500	-78.521164
9310.546875	-95.594536
9316.406250	-126.720818
9322.265625	-120.712639
9328.125000	-108.114059
9333.984375	-103.521606
9339.843750	-105.330017
9345.703125	-108.055069
9351.562500	-107.663872
9357.421875	-112.328232
9363.281250	-112.991669
9369.140625	-114.243347
9375.000000	-122.192551
9380.859375	-130.195740
9386.718750	-108.891342
9392.578125	-85.090408
9398.437500	-73.258453
9404.296875	-69.090683
9410.156250	-71.622871
9416.015625	-81.407776
9421.875000	-101.376282
9427.734375	-133.917145
9433.593750	-117.120728
9439.453125	-106.463905
9445.312500	-103.391167
9451.171875	-106.411934
9457.031250	-108.423340
9462.890625	-108.951935
9468.750000	-113.930107
9474.609375	-113.536827
9480.468750	-116.620201
9486.328125	-127.766243
9492.187500	-128.868118
9498.046875	-101.837334
9503.906250	-81.522194
9509.765625	-71.619339
9515.625000	-68.996407
9521.484375	-73.067612
9527.343750	-84.750259
9533.203125	-107.976852
9539.062500	-129.282272
9544.921875	-113.476379
9550.781250	-105.104942
9556.640625	-103.620728
9562.500000	-107.666740
9568.359375	-108.800735
9574.218750	-110.584259
9580.078125	-114.193787
9585.937500	-113.051094
9591.796875	-117.397102
9597.656250	-128.694183
9603.515625	-127.258194
9609.375000	-95.788940
9615.234375	-78.433990
9621.093750	-70.323235
9626.953125	-69.217514
9632.812500	-74.874268
9638.671875	-88.652412
9644.531250	-116.031212
9650.390625	-125.834061
9656.250000	-111.210030
9662.109375	-104.361176
9667.968750	-104.310616
9673.828125	-109.008522
9679.687500	-109.803543
9685.546875	-112.878014
9691.406250	-114.256279
9697.265625	-113.786217
9703.125000	-120.223457
9708.984375	-133.102158
9714.843750	-120.765808
9720.703125	-90.662872
9726.562500	-75.785805
9732.421875	-69.358650
9738.281250	-69.754242
9744.140625	-77.049919
9750.000000	-93.104561
9755.859375	-124.713989
9761.718750	-122.741699
9767.578125	-109.073952
9773.437500	-103.856026
9779.296875	-105.306358
9785.156250	-110.502731
9791.015625	-110.998810
9796.875000	-114.452499
9802.734375	-113.894592
9808.593750	-114.665344
9814.453125	-122.528992
9820.312500	-134.492203
9826.171875	-111.343285
9832.031250	-86.182991
9837.890625	-73.524094
9843.750000	-68.710930
9849.609375	-70.615623
9855.468750	-79.645920
9861.328125	-98.331970
9867.187500	-129.485229
9873.046875	-119.634949
9878.906250	-107.457260
9884.765625	-103.649826
9890.625000	-106.491821
9896.484375	-111.680206
9902.343750	-112.688835
9908.203125	-116.146599
9914.062500	-114.064110
9919.921875	-116.066048
9925.781250	-124.468002
9931.640625	-129.957886
9937.500000	-103.900673
9943.359375	-82.293518
9949.218750	-71.618904
9955.078125	-68.364548
9960.937500	-71.797302
9966.796875	-82.677368
9972.656250	-104.452888
9978.515625	-131.541519
9984.375000	-115.182251
9990.234375	-105.852066
9996.093750	-103.724976
10001.953125	-108.007866
10007.812500	-113.371506
10013.671875	-115.030220
10019.531250	-116.100037
10025.390625	-114.021927
10031.250000	-117.886024
10037.109375	-129.294144
10042.968750	-127.298477
10048.828125	-97.301651
10054.687500	-78.879181
10060.546875	-70.049294
10066.406250	-68.320961
10072.265625	-73.318077
10078.125000	-86.203293
10083.984375	-111.726540
10089.843750	-129.546921
10095.703125	-112.340149
10101.562500	-104.741394
10107.421875	-104.145477
10113.281250	-109.839127
10119.140625	-115.791061
10125.000000	-118.085251
10130.859375	-115.284126
10136.718750	-114.030060
10142.578125	-119.336975
10148.437500	-130.874527
10154.296875	-124.168587
10160.156250	-91.752663
10166.015625	-75.900627
10171.875000	-68.792114
10177.734375	-68.570404
10183.593750	-75.186485
10189.453125	-90.284569
10195.312500	-120.448601
10201.171875	-124.755821
10207.031250	-110.088707
10212.890625	-104.150482
10218.750000	-104.979286
10224.609375	-112.056068
10230.468750	-119.037979
10236.328125	-120.671188
10242.187500	-115.214714
10248.046875	-115.073051
10253.906250	-121.336296
10259.765625	-130.965500
10265.625000	-114.160957
10271.484375	-86.839073
10277.343750	-73.300995
10283.203125	-67.831528
10289.062500	-69.113792
10294.921875	-77.418343
10300.781250	-94.974075
10306.640625	-128.179291
10312.500000	-119.772751
10318.359375	-107.990501
10324.218750	-103.771599
10330.078125	-106.157761
10335.937500	-115.052048
10341.796875	-122.760811
10347.656250	-118.788422
10353.515625	-114.269493
10359.375000	-116.205338
10365.234375	-125.359825
10371.093750	-130.860901
10376.953125	-105.443321
10382.812500	-82.496155
10388.671875	-71.029907
10394.531250	-67.139404
10400.390625	-69.940369
10406.250000	-80.046242
10412.109375	-100.558517
10417.968750	-132.005844
10423.828125	-115.948532
10429.687500	-106.306969
10435.546875	-103.651802
10441.406250	-107.618019
10447.265625	-118.897057
10453.125000	-127.787590
10458.984375	-118.101547
10464.843750	-114.455368
10470.703125	-117.669495
10476.562500	-128.001114
10482.421875	-129.570221
10488.281250	-98.353233
10494.140625	-78.630890
10500.000000	-69.054016
10505.859375	-66.699905
10511.718750	-71.046547
10517.578125	-83.083710
10523.437500	-106.999977
10529.296875	-130.241272
10535.156250	-113.384026
10541.015625	-105.210045
10546.875000	-104.006538
10552.734375	-109.524620
10558.593750	-121.477448
10564.453125	-123.528053
10570.312500	-116.689896
10576.171875	-114.849831
10582.031250	-119.710678
10587.890625	-131.715256
10593.750000	-126.591599
10599.609375	-92.000488
10605.468750	-75.113129
10611.328125	-67.305122
10617.187500	-66.464279
10623.046875	-72.405869
10628.906250	-86.570374
10634.765625	-114.951019
10640.625000	-126.842148
10646.484375	-111.150391
10652.343750	-104.426216
10658.203125	-104.686844
10664.062500	-111.384239
10669.921875	-116.251892
10675.781250	-117.942375
10681.640625	-115.629234
10687.500000	-115.284485
10693.359375	-121.356606
10699.218750	-132.671677
10705.078125	-115.867561
10710.937500	-86.282661
10716.796875	-71.831741
10722.656250	-65.696465
10728.515625	-66.359612
10734.375000	-73.960083
10740.234375	-90.483109
10746.093750	-123.903221
10751.953125	-121.117691
10757.812500	-108.664062
10763.671875	-103.777412
10769.531250	-105.477318
10775.390625	-109.619675
10781.250000	-109.172867
10787.109375	-112.728119
10792.968750	-114.461060
10798.828125	-115.989586
10804.687500	-123.613762
10810.546875	-131.214005
10816.406250	-105.472900
10822.265625	-80.900955
10828.125000	-68.615753
10833.984375	-64.083603
10839.843750	-66.258125
10845.703125	-75.612473
10851.562500	-94.849335
10857.421875	-131.431305
10863.281250	-117.430885
10869.140625	-106.929146
10875.000000	-103.593750
10880.859375	-106.274452
10886.718750	-109.026253
10892.578125	-109.505623
10898.437500	-113.468460
10904.296875	-114.606468
10910.156250	-117.680557
10916.015625	-127.791298
10921.875000	-131.112488
10927.734375	-95.263565
10933.593750	-74.345680
10939.453125	-64.017212
10945.312500	-61.035957
10951.171875	-64.741699
10957.031250	-75.963593
10962.890625	-98.392662
10968.750000	-130.423355
10974.609375	-114.474800
10980.468750	-105.668159
10986.328125	-102.716057
10992.187500	-94.471077
10998.046875	-88.927017
11003.906250	-90.004318
11009.765625	-97.955643
11015.625000	-111.939438
11021.484375	-120.284348
11027.343750	-131.940216
11033.203125	-125.023720
11039.062500	-88.464149
11044.921875	-70.526375
11050.781250	-62.010555
11056.640625	-60.549458
11062.500000	-65.827545
11068.359375	-79.086273
11074.218750	-105.471771
11080.078125	-128.650208
11085.937500	-112.127228
11091.796875	-104.772995
11097.656250	-104.671043
11103.515625	-104.569221
11109.375000	-100.604599
11115.234375	-103.212196
11121.093750	-112.382339
11126.953125	-116.205856
11132.812500	-122.311981
11138.671875	-132.186218
11144.531250	-116.959671
11150.390625	-86.018196
11156.250000	-70.633110
11162.109375	-63.822670
11167.968750	-63.867195
11173.828125	-70.775452
11179.687500	-86.297539
11185.546875	-118.220680
11191.406250	-124.289566
11197.265625	-109.930420
11203.125000	-104.294113
11208.984375	-105.688332
11214.843750	-107.299248
11220.703125	-104.921692
11226.562500	-109.159958
11232.421875	-116.058395
11238.281250	-116.863770
11244.140625	-123.599396
11250.000000	-133.914597
11255.859375	-109.311470
11261.718750	-82.851738
11267.578125	-69.696495
11273.437500	-64.509628
11279.296875	-66.058731
11285.156250	-74.673958
11291.015625	-92.725075
11296.875000	-129.360855
11302.734375	-119.591164
11308.593750	-107.924866
11314.453125	-103.946732
11320.312500	-106.387199
11326.171875	-105.231651
11332.031250	-104.167503
11337.890625	-110.148819
11343.750000	-116.945488
11349.609375	-118.911072
11355.468750	-127.863419
11361.328125	-132.605408
11367.187500	-102.277878
11373.046875	-79.974785
11378.906250	-68.860886
11384.765625	-65.245934
11390.625000	-68.317848
11396.484375	-78.753464
11402.343750	-99.799965
11408.203125	-131.151505
11414.062500	-115.683655
11419.921875	-106.328735
11425.781250	-104.095985
11431.640625	-107.151840
11437.500000	-104.151588
11443.359375	-104.561348
11449.218750	-111.872604
11455.078125	-116.138130
11460.937500	-119.298988
11466.796875	-129.866135
11472.656250	-130.605621
11478.515625	-96.657478
11484.375000	-77.496338
11490.234375	-68.242653
11496.093750	-66.156853
11501.953125	-70.779610
11507.812500	-83.168663
11513.671875	-107.739922
11519.531250	-131.446655
11525.390625	-113.010742
11531.250000	-105.140228
11537.109375	-104.345146
11542.968750	-107.168205
11548.828125	-104.026375
11554.687500	-106.044159
11560.546875	-114.376968
11566.406250	-116.434509
11572.265625	-121.600349
11578.125000	-134.109711
11583.984375	-125.618988
11589.843750	-91.811676
11595.703125	-75.389503
11601.562500	-67.884445
11607.421875	-67.309395
11613.281250	-73.537880
11619.140625	-88.096199
11625.000000	-117.165794
11630.859375	-124.498680
11636.718750	-110.427109
11642.578125	-104.302582
11648.437500	-105.021454
11654.296875	-106.994308
11660.156250	-104.319244
11666.015625	-107.885475
11671.875000	-115.409134
11677.734375	-116.385262
11683.593750	-122.636772
11689.453125	-133.901138
11695.312500	-116.045456
11701.171875	-87.715652
11707.031250	-73.661194
11712.890625	-67.812569
11718.750000	-68.740997
11724.609375	-76.643723
11730.468750	-93.607216
11736.328125	-127.191483
11742.187500	-120.944229
11748.046875	-108.585968
11753.906250	-104.008942
11759.765625	-106.076088
11765.625000	-106.246239
11771.484375	-104.644249
11777.343750	-109.867989
11783.203125	-116.832932
11789.062500	-118.225708
11794.921875	-126.023697
11800.781250	-132.986069
11806.640625	-108.069443
11812.500000	-84.228287
11818.359375	-72.292908
11824.218750	-68.035355
11830.078125	-70.476059
11835.937500	-80.143646
11841.796875	-99.861763
11847.656250	-136.834015
11853.515625	-117.616615
11859.375000	-107.074661
11865.234375	-104.067650
11871.093750	-107.021477
11876.953125	-105.327812
11882.812500	-105.172775
11888.671875	-111.845741
11894.531250	-116.467033
11900.390625	-119.287483
11906.250000	-130.061035
11912.109375	-135.304092
11917.968750	-101.680908
11923.828125	-81.268555
11929.687500	-71.262558
11935.546875	-68.550003
11941.406250	-72.529747
11947.265625	-84.095375
11953.125000	-107.053993
11958.984375	-130.987045
11964.843750	-114.350677
11970.703125	-105.721375
11976.562500	-104.263916
11982.421875	-107.241753
11988.281250	-104.439735
11994.140625	-105.888580
12000.000000	-114.310623
12005.859375	-117.132675
12011.718750	-120.798965
12017.578125	-130.905151
12023.437500	-129.196991
12029.296875	-96.299889
12035.156250	-78.787788
12041.015625	-70.571495
12046.875000	-69.374634
12052.734375	-74.933327
12058.593750	-88.563606
12064.453125	-115.731163
12070.312500	-126.780243
12076.171875	-111.677177
12082.031250	-104.779190
12087.890625	-104.878792
12093.750000	-107.017616
12099.609375	-104.155464
12105.468750	-107.147858
12111.328125	-116.263336
12117.187500	-118.244881
12123.046875	-124.068359
12128.906250	-132.942581
12134.765625	-120.962189
12140.625000	-91.692261
12146.484375	-76.720879
12152.343750	-70.201958
12158.203125	-70.510277
12164.062500	-77.709221
12169.921875	-93.622002
12175.781250	-125.523369
12181.640625	-122.467659
12187.500000	-109.309906
12193.359375	-104.086983
12199.218750	-105.544052
12205.078125	-106.172150
12210.937500	-104.113754
12216.796875	-108.543358
12222.656250	-116.594025
12228.515625	-118.489677
12234.375000	-126.766617
12240.234375	-133.965515
12246.093750	-113.347183
12251.953125	-87.845337
12257.812500	-75.063873
12263.671875	-70.157654
12269.531250	-71.972969
12275.390625	-80.893265
12281.250000	-99.354111
12287.109375	-132.718887
12292.968750	-118.909058
12298.828125	-107.545334
12304.687500	-103.905197
12310.546875	-106.554474
12316.406250	-105.529495
12322.265625	-104.772430
12328.125000	-110.842422
12333.984375	-116.977669
12339.843750	-119.654564
12345.703125	-130.765305
12351.562500	-131.318542
12357.421875	-106.327827
12363.281250	-84.561775
12369.140625	-73.777580
12375.000000	-70.432114
12380.859375	-73.771912
12386.718750	-84.527153
12392.578125	-105.980011
12398.437500	-133.037460
12404.296875	-115.535355
12410.156250	-106.190582
12416.015625	-104.091537
12421.875000	-107.246872
12427.734375	-104.890755
12433.593750	-105.611404
12439.453125	-113.114738
12445.312500	-117.121658
12451.171875	-120.895569
12457.031250	-131.355316
12462.890625	-130.105423
12468.750000	-100.418999
12474.609375	-81.791740
12480.468750	-72.849831
12486.328125	-71.030663
12492.187500	-75.931198
12498.046875	-88.680618
12503.906250	-113.764122
12509.765625	-129.072708
12515.625000	-112.592117
12521.484375	-105.083557
12527.343750	-104.502098
12533.203125	-107.274918
12539.062500	-104.492752
12544.921875	-106.814651
12550.781250	-115.355515
12556.640625	-117.785240
12562.500000	-122.770187
12568.359375	-135.520798
12574.218750	-127.372871
12580.078125	-95.462448
12585.937500	-79.472504
12591.796875	-72.264015
12597.656250	-71.953499
12603.515625	-78.469269
12609.375000	-93.418983
12615.234375	-123.097198
12621.093750	-123.757339
12626.953125	-110.161362
12632.812500	-104.374054
12638.671875	-105.317329
12644.531250	-106.915253
12650.390625	-104.503700
12656.250000	-108.404411
12662.109375	-116.482666
12667.968750	-118.104599
12673.828125	-125.137459
12679.687500	-133.583908
12685.546875	-118.419266
12691.406250	-91.247032
12697.265625	-77.580818
12703.125000	-72.016411
12708.984375	-73.210129
12714.843750	-81.413338
12720.703125	-98.832596
12726.562500	-133.830307
12732.421875	-120.795692
12738.281250	-108.445114
12744.140625	-104.106735
12750.000000	-106.230125
12755.859375	-106.007744
12761.718750	-104.728783
12767.578125	-110.107834
12773.437500	-117.102333
12779.296875	-119.037415
12785.156250	-127.894051
12791.015625	-135.516159
12796.875000	-110.963646
12802.734375	-87.671028
12808.593750	-76.079018
12814.453125	-72.096046
12820.312500	-74.806885
12826.171875	-84.803368
12832.031250	-105.099663
12837.890625	-135.752655
12843.750000	-117.057060
12849.609375	-106.760849
12855.468750	-103.978348
12861.328125	-107.007469
12867.187500	-105.417007
12873.046875	-105.554802
12878.906250	-112.510521
12884.765625	-117.193932
12890.625000	-120.119980
12896.484375	-130.405655
12902.343750	-131.617874
12908.203125	-104.463791
12914.062500	-84.624771
12919.921875	-74.944763
12925.781250	-72.501251
12931.640625	-76.754158
12937.500000	-88.664024
12943.359375	-112.332603
12949.218750	-131.775009
12955.078125	-113.840073
12960.937500	-105.486229
12966.796875	-104.294853
12972.656250	-107.478485
12978.515625	-104.971489
12984.375000	-106.658592
12990.234375	-114.954964
12996.093750	-118.176895
13001.953125	-122.685539
13007.812500	-134.784286
13013.671875	-129.112808
13019.531250	-99.136314
13025.390625	-82.080803
13031.250000	-74.170609
13037.109375	-73.239601
13042.968750	-79.083565
13048.828125	-93.092873
13054.687500	-120.731247
13060.546875	-127.603279
13066.406250	-111.497154
13072.265625	-104.718018
13078.125000	-104.975784
13083.984375	-107.379997
13089.843750	-104.905228
13095.703125	-108.132004
13101.562500	-116.715958
13107.421875	-118.390549
13113.281250	-124.400398
13119.140625	-137.710388
13125.000000	-122.976822
13130.859375	-94.544167
13136.718750	-79.968193
13142.578125	-73.737946
13148.437500	-74.311394
13154.296875	-81.807961
13160.156250	-98.163391
13166.015625	-131.493134
13171.875000	-122.220222
13177.734375	-109.214325
13183.593750	-104.216156
13189.453125	-105.903648
13195.312500	-106.817924
13201.171875	-105.056053
13207.031250	-109.757065
13212.890625	-117.498543
13218.750000	-119.251198
13224.609375	-127.465393
13230.468750	-133.997284
13236.328125	-115.208008
13242.187500	-90.667877
13248.046875	-78.263885
13253.906250	-73.639343
13259.765625	-75.723404
13265.625000	-84.964676
13271.484375	-104.002411
13277.343750	-134.987015
13283.203125	-118.671051
13289.062500	-107.517578
13294.921875	-104.081596
13300.781250	-106.928146
13306.640625	-106.278595
13312.500000	-105.828415
13318.359375	-112.208656
13324.218750	-118.162086
13330.078125	-120.528038
13335.937500	-129.827209
13341.796875	-132.869644
13347.656250	-108.376488
13353.515625	-87.385109
13359.375000	-76.944580
13365.234375	-73.872810
13371.093750	-77.487503
13376.953125	-88.593521
13382.812500	-110.760040
13388.671875	-134.473663
13394.531250	-115.179390
13400.390625	-106.052330
13406.250000	-104.207909
13412.109375	-107.674423
13417.968750	-105.787651
13423.828125	-106.854706
13429.687500	-114.689667
13435.546875	-118.534348
13441.406250	-122.260887
13447.265625	-133.906448
13453.125000	-131.864273
13458.984375	-102.765930
13464.843750	-84.617508
13470.703125	-75.990379
13476.562500	-74.438934
13482.421875	-79.620544
13488.281250	-92.745911
13494.140625	-118.765564
13500.000000	-128.602341
13505.859375	-112.259804
13511.718750	-104.964966
13517.578125	-104.653412
13523.437500	-107.967117
13529.296875	-105.562233
13535.156250	-108.191490
13541.015625	-116.843880
13546.875000	-119.206276
13552.734375	-124.954887
13558.593750	-138.340439
13564.453125	-127.081116
13570.312500	-97.852921
13576.171875	-82.299797
13582.031250	-75.387032
13587.890625	-75.343498
13593.750000	-82.153633
13599.609375	-97.528137
13605.468750	-127.443092
13611.328125	-123.899597
13617.187500	-110.032196
13623.046875	-104.438522
13628.906250	-105.566628
13634.765625	-107.698570
13640.625000	-105.709900
13646.484375	-109.845665
13652.343750	-118.247543
13658.203125	-120.113403
13664.062500	-127.946724
13669.921875	-136.316299
13675.781250	-119.993729
13681.640625	-93.711601
13687.500000	-80.405472
13693.359375	-75.119080
13699.218750	-76.576828
13705.078125	-85.081551
13710.937500	-102.906494
13716.796875	-134.275040
13722.656250	-120.100578
13728.515625	-108.161522
13734.375000	-104.113617
13740.234375	-106.676834
13746.093750	-107.284454
13751.953125	-106.229858
13757.812500	-112.105392
13763.671875	-119.174355
13769.531250	-121.283363
13775.390625	-130.449890
13781.250000	-134.322311
13787.109375	-112.846184
13792.968750	-90.144333
13798.828125	-78.896774
13804.687500	-75.188210
13810.546875	-78.168846
13816.406250	-88.494659
13822.265625	-109.388855
13828.125000	-134.930954
13833.984375	-116.553551
13839.843750	-106.639549
13845.703125	-104.182289
13851.562500	-107.715866
13857.421875	-106.726639
13863.281250	-107.083817
13869.140625	-114.466560
13875.000000	-119.914307
13880.859375	-122.853142
13886.718750	-132.825470
13892.578125	-131.917908
13898.437500	-106.497559
13904.296875	-87.124924
13910.156250	-77.762550
13916.015625	-75.587456
13921.875000	-80.118935
13927.734375	-92.386269
13933.593750	-116.554291
13939.453125	-131.684036
13945.312500	-113.479729
13951.171875	-105.409721
13957.031250	-104.471138
13962.890625	-108.254379
13968.750000	-106.426941
13974.609375	-108.372559
13980.468750	-116.551826
13986.328125	-119.122833
13992.187500	-123.945419
13998.046875	-134.816940
14003.906250	-131.183945
14009.765625	-101.204987
14015.625000	-84.595085
14021.484375	-76.988647
14027.343750	-76.325348
14033.203125	-82.459450
14039.062500	-96.866318
14044.921875	-124.501465
14050.781250	-124.750000
14056.640625	-110.888336
14062.500000	-104.589790
14068.359375	-105.157608
14074.218750	-108.361397
14080.078125	-106.339378
14085.937500	-109.806961
14091.796875	-117.982513
14097.656250	-119.723640
14103.515625	-126.596359
14109.375000	-135.722015
14115.234375	-124.349091
14121.093750	-96.745819
14126.953125	-82.510986
14132.812500	-76.560669
14138.671875	-77.399284
14144.531250	-85.202881
14150.390625	-102.030838
14156.250000	-133.123428
14162.109375	-122.000954
14167.968750	-109.044662
14173.828125	-104.240913
14179.687500	-106.230629
14185.546875	-108.137863
14191.406250	-106.699867
14197.265625	-111.652824
14203.125000	-119.045036
14208.984375	-120.945213
14214.843750	-128.591751
14220.703125	-135.203171
14226.562500	-116.856339
14232.421875	-92.886520
14238.281250	-80.823296
14244.140625	-76.473122
14250.000000	-78.825775
14255.859375	-88.390511
14261.718750	-107.934464
14267.578125	-134.942749
14273.437500	-118.205681
14279.296875	-107.354706
14285.156250	-104.196228
14291.015625	-107.384804
14296.875000	-107.513039
14302.734375	-107.407059
14308.593750	-114.017311
14314.453125	-119.051857
14320.312500	-121.797607
14326.171875	-131.739105
14332.031250	-135.690918
14337.890625	-110.067596
14343.750000	-89.612915
14349.609375	-79.510155
14355.468750	-76.709793
14361.328125	-80.595436
14367.187500	-92.025131
14373.046875	-114.560570
14378.906250	-131.475098
14384.765625	-114.625847
14390.625000	-105.987091
14396.484375	-104.468132
14402.343750	-108.535339
14408.203125	-107.204697
14414.062500	-108.433434
14419.921875	-116.224106
14425.781250	-119.929962
14431.640625	-124.409889
14437.500000	-135.386475
14443.359375	-130.844437
14449.218750	-104.396049
14455.078125	-86.877724
14460.937500	-78.570259
14466.796875	-77.287422
14472.656250	-82.749657
14478.515625	-96.250397
14484.375000	-122.924301
14490.234375	-126.637238
14496.093750	-111.862427
14501.953125	-104.996078
14507.812500	-104.987419
14513.671875	-109.083176
14519.531250	-107.103004
14525.390625	-109.819893
14531.250000	-117.978363
14537.109375	-120.219452
14542.968750	-125.781799
14548.828125	-132.557495
14554.687500	-126.035492
14560.546875	-99.716309
14566.406250	-84.598495
14572.265625	-77.981300
14578.125000	-78.204338
14583.984375	-85.311226
14589.843750	-101.132904
14595.703125	-129.943451
14601.562500	-123.907455
14607.421875	-109.989868
14613.281250	-104.537346
14619.140625	-105.964981
14625.000000	-109.114151
14630.859375	-107.413277
14636.718750	-111.765991
14642.578125	-119.169220
14648.437500	-120.839394
14654.296875	-128.510208
14660.156250	-135.231003
14666.015625	-122.002556
14671.875000	-95.695099
14677.734375	-82.740334
14683.593750	-77.732803
14689.453125	-79.456978
14695.312500	-88.274185
14701.171875	-106.633980
14707.031250	-132.967743
14712.890625	-119.100914
14718.750000	-107.931892
14724.609375	-104.194122
14730.468750	-107.050591
14736.328125	-108.776970
14742.187500	-108.027748
14748.046875	-114.045525
14753.906250	-120.213455
14759.765625	-122.478996
14765.625000	-131.571747
14771.484375	-133.242203
14777.343750	-114.020058
14783.203125	-92.154930
14789.062500	-81.253273
14794.921875	-77.817207
14800.781250	-81.069443
14806.640625	-91.731491
14812.500000	-113.297714
14818.359375	-132.497894
14824.218750	-115.906036
14830.078125	-106.636139
14835.937500	-104.511261
14841.796875	-108.590843
14847.656250	-108.355347
14853.515625	-109.027641
14859.375000	-116.762222
14865.234375	-120.536400
14871.093750	-123.787834
14876.953125	-133.295151
14882.812500	-132.572037
14888.671875	-108.216583
14894.531250	-89.214600
14900.390625	-80.152657
14906.250000	-78.241547
14912.109375	-83.048668
14917.968750	-95.658920
14923.828125	-119.712952
14929.687500	-129.341843
14935.546875	-113.228302
14941.406250	-105.539658
14947.265625	-104.924713
14953.125000	-109.589333
14958.984375	-108.286209
14964.843750	-110.461128
14970.703125	-118.709747
14976.562500	-120.381149
14982.421875	-126.051071
14988.281250	-136.569580
14994.140625	-130.864304
15000.000000	-102.855118
15005.859375	-86.708244
15011.718750	-79.398575
15017.578125	-78.997108
15023.437500	-85.412010
15029.296875	-100.174339
15035.156250	-127.693542
15041.015625	-124.384827
15046.875000	-110.691528
15052.734375	-104.797249
15058.593750	-105.763611
15064.453125	-109.954712
15070.312500	-108.190681
15076.171875	-111.859131
15082.031250	-119.415894
15087.890625	-120.897896
15093.750000	-127.317993
15099.609375	-133.116043
15105.468750	-124.786690
15111.328125	-98.455704
15117.187500	-84.652817
15123.046875	-78.993690
15128.906250	-80.099457
15134.765625	-88.210800
15140.625000	-105.553299
15146.484375	-133.050949
15152.343750	-121.523331
15158.203125	-109.077103
15164.062500	-104.656731
15169.921875	-107.087921
15175.781250	-109.937019
15181.640625	-108.754379
15187.500000	-114.026939
15193.359375	-120.674126
15199.218750	-122.659035
15205.078125	-131.545227
15210.937500	-132.639954
15216.796875	-117.992912
15222.656250	-94.738861
15228.515625	-83.002464
15234.375000	-78.922096
15240.234375	-81.545128
15246.093750	-91.447273
15251.953125	-111.662277
15257.812500	-132.755966
15263.671875	-117.593018
15269.531250	-107.347504
15275.390625	-104.535011
15281.250000	-108.326576
15287.109375	-109.600349
15292.968750	-109.648026
15298.828125	-116.659912
15304.687500	-120.913437
15310.546875	-123.818947
15316.406250	-134.256668
15322.265625	-131.648666
15328.125000	-111.475044
15333.984375	-91.505463
15339.843750	-81.720032
15345.703125	-79.189240
15351.562500	-83.355637
15357.421875	-95.168694
15363.281250	-118.605873
15369.140625	-131.249878
15375.000000	-115.100212
15380.859375	-106.428223
15386.718750	-105.069649
15392.578125	-109.660637
15398.437500	-109.107178
15404.296875	-110.579216
15410.156250	-118.235466
15416.015625	-120.723885
15421.875000	-125.432846
15427.734375	-136.489273
15433.593750	-131.463440
15439.453125	-106.051834
15445.312500	-88.825386
15451.171875	-80.811020
15457.031250	-79.792526
15462.890625	-85.538132
15468.750000	-99.412003
15474.609375	-126.080017
15480.468750	-127.407623
15486.328125	-112.186966
15492.187500	-105.385170
15498.046875	-105.612839
15503.906250	-110.304298
15509.765625	-109.053619
15515.625000	-112.164291
15521.484375	-120.003082
15527.343750	-120.903381
15533.203125	-125.357559
15539.062500	-131.833038
15544.921875	-128.094498
15550.781250	-101.359398
15556.640625	-86.593315
15562.500000	-80.257835
15568.359375	-80.743462
15574.218750	-88.139542
15580.078125	-104.320786
15585.937500	-131.951630
15591.796875	-122.589668
15597.656250	-109.923706
15603.515625	-104.956512
15609.375000	-106.739578
15615.234375	-110.933922
15621.093750	-109.542740
15626.953125	-114.140701
15632.812500	-121.256317
15638.671875	-122.949135
15644.531250	-131.672882
15650.390625	-133.601212
15656.250000	-120.285370
15662.109375	-97.203918
15667.968750	-84.744217
15673.828125	-80.033539
15679.687500	-82.028992
15685.546875	-91.161949
15691.406250	-110.068161
15697.265625	-132.734467
15703.125000	-118.947792
15708.984375	-108.201607
15714.843750	-104.759415
15720.703125	-107.906654
15726.562500	-110.192436
15732.421875	-109.778893
15738.281250	-115.823975
15744.140625	-120.689911
15750.000000	-123.520645
15755.859375	-134.015808
15761.718750	-136.851456
15767.578125	-115.017059
15773.437500	-93.876198
15779.296875	-83.320084
15785.156250	-80.155907
15791.015625	-83.676422
15796.875000	-94.661964
15802.734375	-116.469437
15808.593750	-132.787521
15814.453125	-115.720421
15820.312500	-106.866699
15826.171875	-105.045967
15832.031250	-109.582703
15837.890625	-110.079712
15843.750000	-110.887199
15849.609375	-118.440216
15855.468750	-120.885254
15861.328125	-123.962502
15867.187500	-131.365067
15873.046875	-131.556900
15878.906250	-109.176788
15884.765625	-90.975403
15890.625000	-82.245079
15896.484375	-80.603317
15902.343750	-85.686028
15908.203125	-98.635994
15914.062500	-122.908447
15919.921875	-129.955170
15925.781250	-113.619919
15931.640625	-106.046951
15937.500000	-105.654785
15943.359375	-110.752884
15949.218750	-109.880402
15955.078125	-112.153091
15960.937500	-119.809731
15966.796875	-121.835869
15972.656250	-126.873528
15978.515625	-131.598419
15984.375000	-129.114288
15990.234375	-104.334160
15996.093750	-88.566933
16001.953125	-81.540337
16007.812500	-81.399414
16013.671875	-88.097931
16019.531250	-103.249352
16025.390625	-131.907883
16031.250000	-122.994217
16037.109375	-110.862549
16042.968750	-105.379684
16048.828125	-106.586746
16054.687500	-111.259285
16060.546875	-109.803665
16066.406250	-113.622490
16072.265625	-121.303261
16078.125000	-122.686676
16083.984375	-129.132080
16089.843750	-136.180527
16095.703125	-127.910751
16101.562500	-100.102913
16107.421875	-86.567810
16113.281250	-81.173836
16119.140625	-82.538788
16125.000000	-90.932571
16130.859375	-108.457382
16136.718750	-134.962326
16142.578125	-120.091789
16148.437500	-108.953712
16154.296875	-104.936996
16160.156250	-107.547897
16166.015625	-111.124809
16171.875000	-110.387131
16177.734375	-115.994110
16183.593750	-121.793854
16189.453125	-123.069977
16195.312500	-129.664200
16201.171875	-133.417145
16207.031250	-119.122421
16212.890625	-96.314781
16218.750000	-84.938339
16224.609375	-81.136009
16230.468750	-84.025856
16236.328125	-94.234962
16242.187500	-114.806084
16248.046875	-130.281754
16253.906250	-117.346298
16259.765625	-107.670601
16265.625000	-105.096985
16271.484375	-109.238861
16277.343750	-111.385132
16283.203125	-111.589706
16289.062500	-118.174210
16294.921875	-120.597603
16300.781250	-123.832481
16306.640625	-133.353622
16312.500000	-130.895706
16318.359375	-112.721725
16324.218750	-93.190514
16330.078125	-83.707253
16335.937500	-81.440193
16341.796875	-85.876785
16347.656250	-98.009895
16353.515625	-121.159805
16359.375000	-129.497513
16365.234375	-115.022110
16371.093750	-106.795929
16376.953125	-105.724670
16382.812500	-110.576797
16388.671875	-110.968941
16394.531250	-112.879890
16400.390625	-119.657547
16406.250000	-120.983536
16412.109375	-125.047180
16417.968750	-129.174667
16423.828125	-128.042007
16429.687500	-107.349983
16435.546875	-90.569550
16441.406250	-82.834312
16447.265625	-82.076157
16453.125000	-88.115570
16458.984375	-102.410080
16464.843750	-127.867096
16470.703125	-127.755257
16476.562500	-112.617584
16482.421875	-106.052994
16488.281250	-106.507828
16494.140625	-111.812813
16500.000000	-111.335686
16505.859375	-114.774178
16511.718750	-120.736862
16517.578125	-121.171387
16523.437500	-126.398727
16529.296875	-130.975937
16535.156250	-126.060577
16541.015625	-102.607925
16546.875000	-88.343559
16552.734375	-82.301895
16558.593750	-83.051224
16564.453125	-90.732101
16570.312500	-107.274277
16576.171875	-132.384552
16582.031250	-122.031677
16587.890625	-110.133743
16593.750000	-105.443008
16599.609375	-107.561264
16605.468750	-112.494446
16611.328125	-111.584549
16617.187500	-116.962738
16623.046875	-122.963043
16628.906250	-123.198517
16634.765625	-128.377838
16640.625000	-133.162338
16646.484375	-121.929321
16652.343750	-98.713013
16658.203125	-86.557320
16664.062500	-82.120384
16669.921875	-84.390556
16675.781250	-93.883926
16681.640625	-113.710419
16687.500000	-130.917603
16693.359375	-119.183212
16699.218750	-108.514122
16705.078125	-105.293617
16710.937500	-108.681541
16716.796875	-111.930466
16722.656250	-111.983536
16728.515625	-118.200607
16734.375000	-121.567337
16740.234375	-123.776031
16746.093750	-129.175720
16751.953125	-132.239975
16757.812500	-116.554665
16763.671875	-95.468430
16769.531250	-85.177330
16775.390625	-82.273056
16781.250000	-86.067078
16787.109375	-97.402145
16792.968750	-119.813477
16798.828125	-131.537643
16804.687500	-116.017776
16810.546875	-107.299660
16816.406250	-105.694580
16822.265625	-110.472946
16828.125000	-112.036316
16833.984375	-113.157738
16839.843750	-120.134018
16845.703125	-123.196457
16851.562500	-128.008408
16857.421875	-132.593750
16863.281250	-129.830750
16869.140625	-110.421547
16875.000000	-92.591492
16880.859375	-84.159424
16886.718750	-82.782181
16892.578125	-88.142654
16898.437500	-101.483238
16904.296875	-127.955956
16910.156250	-127.996925
16916.015625	-114.090042
16921.875000	-106.952774
16927.734375	-106.793274
16933.593750	-111.755661
16939.453125	-111.070305
16945.312500	-113.568710
16951.171875	-120.863823
16957.031250	-122.326836
16962.890625	-126.008560
16968.750000	-131.137817
16974.609375	-129.893738
16980.468750	-105.653648
16986.328125	-90.219131
16992.187500	-83.486961
16998.046875	-83.615295
17003.906250	-90.617416
17009.765625	-106.150879
17015.625000	-128.011154
17021.484375	-124.262154
17027.343750	-111.493683
17033.203125	-105.961235
17039.062500	-107.360596
17044.921875	-112.584480
17050.781250	-111.695038
17056.640625	-115.891541
17062.500000	-123.466385
17068.359375	-125.405846
17074.218750	-131.113144
17080.078125	-128.479874
17085.937500	-123.932648
17091.796875	-101.132225
17097.656250	-88.206856
17103.515625	-83.134781
17109.375000	-84.776627
17115.234375	-93.504341
17121.093750	-111.627831
17126.953125	-128.668533
17132.812500	-120.689789
17138.671875	-109.656021
17144.531250	-105.819962
17150.390625	-108.809494
17156.250000	-112.624825
17162.109375	-111.787941
17167.968750	-117.179802
17173.828125	-122.300194
17179.687500	-124.398186
17185.546875	-129.596024
17191.406250	-130.626602
17197.265625	-118.751831
17203.125000	-97.668472
17208.984375	-86.674370
17214.843750	-83.148888
17220.703125	-86.318054
17226.562500	-96.912262
17232.421875	-118.400322
17238.281250	-129.305008
17244.140625	-118.001122
17250.000000	-108.343689
17255.859375	-106.006561
17261.718750	-110.190048
17267.578125	-112.394684
17273.437500	-113.223854
17279.296875	-120.608627
17285.156250	-121.732941
17291.015625	-124.032684
17296.875000	-130.099564
17302.734375	-129.679031
17308.593750	-113.753922
17314.453125	-94.668694
17320.312500	-85.491455
17326.171875	-83.494736
17332.031250	-88.227203
17337.890625	-100.807152
17343.750000	-124.324928
17349.609375	-131.450073
17355.468750	-116.142693
17361.328125	-107.459679
17367.187500	-106.602142
17373.046875	-111.980591
17378.906250	-112.462746
17384.765625	-114.854736
17390.625000	-122.275673
17396.484375	-122.386772
17402.343750	-125.000595
17408.203125	-128.041122
17414.062500	-127.305489
17419.921875	-108.453712
17425.781250	-92.115753
17431.640625	-84.676086
17437.500000	-84.176941
17443.359375	-90.476311
17449.218750	-105.022690
17455.078125	-128.839096
17460.937500	-129.865860
17466.796875	-112.830017
17472.656250	-106.247856
17478.515625	-106.932579
17484.375000	-112.417747
17490.234375	-112.035889
17496.093750	-116.220757
17501.953125	-125.107445
17507.812500	-124.691452
17513.671875	-126.436646
17519.531250	-127.905762
17525.390625	-125.698288
17531.250000	-103.836105
17537.109375	-89.943153
17542.968750	-84.181396
17548.828125	-85.192757
17554.687500	-93.179352
17560.546875	-110.192162
17566.406250	-130.304398
17572.265625	-123.412430
17578.125000	-110.635551
17583.984375	-105.926857
17589.843750	-108.271912
17595.703125	-113.402000
17601.562500	-112.287842
17607.421875	-117.198959
17613.281250	-123.049286
17619.140625	-124.786682
17625.000000	-128.943527
17630.859375	-129.599106
17636.718750	-123.356850
17642.578125	-99.983658
17648.437500	-88.175415
17654.296875	-84.017654
17660.156250	-86.552986
17666.015625	-96.326736
17671.875000	-116.307335
17677.734375	-130.895996
17683.593750	-118.674339
17689.453125	-109.036636
17695.312500	-106.192566
17701.171875	-109.991241
17707.031250	-113.176971
17712.890625	-113.188560
17718.750000	-119.040756
17724.609375	-122.814919
17730.468750	-126.725601
17736.328125	-131.358093
17742.187500	-127.668427
17748.046875	-117.492752
17753.906250	-96.775352
17759.765625	-86.841675
17765.625000	-84.208710
17771.484375	-88.246780
17777.343750	-99.762100
17783.203125	-120.813614
17789.062500	-127.806465
17794.921875	-116.472504
17800.781250	-107.718742
17806.640625	-106.182465
17812.500000	-110.906776
17818.359375	-112.685715
17824.218750	-114.467773
17830.078125	-122.088692
17835.937500	-122.672607
17841.796875	-125.574944
17847.656250	-131.656891
17853.515625	-131.454971
17859.375000	-111.437492
17865.234375	-93.990540
17871.093750	-85.862778
17876.953125	-84.751335
17882.812500	-90.392097
17888.671875	-104.082428
17894.531250	-127.553452
17900.390625	-126.308739
17906.250000	-113.539818
17912.109375	-106.779633
17917.968750	-106.957108
17923.828125	-113.200439
17929.687500	-113.462776
17935.546875	-116.325386
17941.406250	-122.131912
17947.265625	-121.875832
17953.125000	-126.900398
17958.984375	-128.787277
17964.843750	-125.889717
17970.703125	-106.460983
17976.562500	-91.687729
17982.421875	-85.267944
17988.281250	-85.670944
17994.140625	-92.997978
18000.000000	-109.356873
18005.859375	-132.447617
18011.718750	-123.301979
18017.578125	-111.399788
18023.437500	-106.368301
18029.296875	-107.923019
18035.156250	-112.934837
18041.015625	-112.611572
18046.875000	-116.899391
18052.734375	-121.553757
18058.593750	-122.746147
18064.453125	-129.216141
18070.312500	-129.783493
18076.171875	-123.674011
18082.031250	-102.346901
18087.890625	-89.756516
18093.750000	-84.949875
18099.609375	-86.855194
18105.468750	-95.889954
18111.328125	-114.703453
18117.187500	-126.543510
18123.046875	-120.304649
18128.906250	-109.705376
18134.765625	-106.210938
18140.625000	-109.713272
18146.484375	-114.259125
18152.343750	-113.573326
18158.203125	-119.643867
18164.062500	-123.501343
18169.921875	-124.559761
18175.781250	-129.713196
18181.640625	-131.771011
18187.500000	-119.268723
18193.359375	-98.837143
18199.218750	-88.248161
18205.078125	-85.015350
18210.937500	-88.469231
18216.796875	-99.437485
18222.656250	-121.761841
18228.515625	-127.219757
18234.375000	-116.941658
18240.234375	-108.107162
18246.093750	-106.170486
18251.953125	-110.913368
18257.812500	-113.821968
18263.671875	-114.781036
18269.531250	-124.004700
18275.390625	-124.813965
18281.250000	-125.857864
18287.109375	-126.564575
18292.968750	-126.445564
18298.828125	-114.081421
18304.687500	-95.971115
18310.546875	-87.135498
18316.406250	-85.399902
18322.265625	-90.378174
18328.125000	-103.158173
18333.984375	-125.661400
18339.843750	-127.890396
18345.703125	-114.966049
18351.562500	-107.523026
18357.421875	-107.204536
18363.281250	-113.520012
18369.140625	-113.402611
18375.000000	-114.966309
18380.859375	-120.992897
18386.718750	-122.866653
18392.578125	-125.419807
18398.437500	-127.208588
18404.296875	-129.889175
18410.156250	-109.120850
18416.015625	-93.468384
18421.875000	-86.390953
18427.734375	-86.181778
18433.593750	-92.805298
18439.453125	-107.824806
18445.312500	-130.006332
18451.171875	-122.816452
18457.031250	-112.001198
18462.890625	-106.658989
18468.750000	-107.971001
18474.609375	-113.750656
18480.468750	-112.579109
18486.328125	-116.204323
18492.187500	-121.811691
18498.046875	-122.278938
18503.906250	-126.718674
18509.765625	-129.052032
18515.625000	-126.330269
18521.484375	-104.825798
18527.343750	-91.374825
18533.203125	-85.912025
18539.062500	-87.193947
18544.921875	-95.476486
18550.781250	-112.807716
18556.640625	-129.260986
18562.500000	-121.569092
18568.359375	-110.321007
18574.218750	-106.217003
18580.078125	-108.805168
18585.937500	-114.023758
18591.796875	-113.581711
18597.656250	-118.593201
18603.515625	-124.260681
18609.375000	-125.808731
18615.234375	-130.560730
18621.093750	-129.299591
18626.953125	-122.757683
18632.812500	-101.240738
18638.671875	-89.733040
18644.531250	-85.836365
18650.390625	-88.651627
18656.250000	-98.810669
18662.109375	-118.633224
18667.968750	-127.343193
18673.828125	-118.718102
18679.687500	-109.064034
18685.546875	-106.414787
18691.406250	-110.313278
18697.265625	-113.178490
18703.125000	-113.656715
18708.984375	-119.348343
18714.843750	-121.281548
18720.703125	-123.732941
18726.562500	-129.240997
18732.421875	-126.048637
18738.281250	-117.938873
18744.140625	-98.134651
18750.000000	-88.431831
18755.859375	-86.055000
18761.718750	-90.411392
18767.578125	-102.526672
18773.437500	-124.216545
18779.296875	-127.255280
18785.156250	-115.582458
18791.015625	-107.519402
18796.875000	-106.408279
18802.734375	-111.370506
18808.593750	-112.753036
18814.453125	-114.476875
18820.312500	-120.580406
18826.171875	-122.475502
18832.031250	-126.914459
18837.890625	-130.010437
18843.750000	-130.110474
18849.609375	-112.339149
18855.468750	-95.335114
18861.328125	-87.506218
18867.187500	-86.656677
18873.046875	-92.566605
18878.906250	-106.576347
18884.765625	-129.392532
18890.625000	-128.041702
18896.484375	-113.525444
18902.343750	-106.975090
18908.203125	-107.150490
18914.062500	-112.068436
18919.921875	-112.456459
18925.781250	-115.814171
18931.640625	-122.777756
18937.500000	-122.791489
18943.359375	-125.090508
18949.218750	-125.407928
18955.078125	-124.322205
18960.937500	-107.027863
18966.796875	-93.022110
18972.656250	-86.927292
18978.515625	-87.601204
18984.375000	-95.238930
18990.234375	-112.263710
18996.093750	-126.465714
19001.953125	-122.991890
19007.812500	-111.776199
19013.671875	-107.073502
19019.531250	-109.212570
19025.390625	-114.400078
19031.250000	-113.059280
19037.109375	-117.523521
19042.968750	-122.962738
19048.828125	-123.435791
19054.687500	-126.150337
19060.546875	-124.511627
19066.406250	-121.068611
19072.265625	-103.290161
19078.125000	-91.187157
19083.984375	-86.673203
19089.843750	-88.821320
19095.703125	-98.027649
19101.562500	-115.747047
19107.421875	-125.676476
19113.281250	-120.825066
19119.140625	-110.187202
19125.000000	-106.849335
19130.859375	-110.591370
19136.718750	-114.193619
19142.578125	-113.834167
19148.437500	-120.224213
19154.296875	-125.702682
19160.156250	-127.446373
19166.015625	-129.296082
19171.875000	-126.899597
19177.734375	-120.612518
19183.593750	-100.166786
19189.453125	-89.778542
19195.312500	-86.780106
19201.171875	-90.459137
19207.031250	-101.581520
19212.890625	-122.460274
19218.750000	-127.983711
19224.609375	-117.448273
19230.468750	-108.652672
19236.328125	-106.964668
19242.187500	-111.534775
19248.046875	-113.076790
19253.906250	-114.631836
19259.765625	-123.559036
19265.625000	-123.912422
19271.484375	-125.536751
19277.343750	-131.218506
19283.203125	-132.639893
19289.062500	-114.496040
19294.921875	-97.177895
19300.781250	-88.693695
19306.640625	-87.225128
19312.500000	-92.476349
19318.359375	-105.598747
19324.218750	-128.077682
19330.078125	-128.097931
19335.937500	-115.037437
19341.796875	-107.962219
19347.656250	-107.943565
19353.515625	-113.708160
19359.375000	-113.136902
19365.234375	-115.839447
19371.093750	-123.470924
19376.953125	-124.030785
19382.812500	-125.888199
19388.671875	-128.789322
19394.531250	-127.641266
19400.390625	-110.537224
19406.250000	-94.896858
19412.109375	-88.037552
19417.968750	-88.064705
19423.828125	-94.926514
19429.687500	-109.971573
19435.546875	-126.096161
19441.406250	-124.230400
19447.265625	-112.391449
19453.125000	-106.811462
19458.984375	-108.225433
19464.843750	-114.175217
19470.703125	-113.709518
19476.562500	-118.385307
19482.421875	-125.684341
19488.281250	-126.306007
19494.140625	-129.695862
19500.000000	-127.483925
19505.859375	-126.195686
19511.718750	-106.681976
19517.578125	-92.926979
19523.437500	-87.644554
19529.296875	-89.172203
19535.156250	-97.768143
19541.015625	-115.440849
19546.875000	-132.038742
19552.734375	-122.132996
19558.593750	-110.503494
19564.453125	-106.542786
19570.312500	-109.597404
19576.171875	-114.880592
19582.031250	-114.206894
19587.890625	-120.146629
19593.750000	-122.134094
19599.609375	-123.214050
19605.468750	-126.038383
19611.328125	-126.571014
19617.187500	-124.720497
19623.046875	-102.592415
19628.906250	-91.214531
19634.765625	-87.557159
19640.625000	-90.607903
19646.484375	-100.926033
19652.343750	-120.112045
19658.203125	-129.533676
19664.062500	-118.238205
19669.921875	-108.986160
19675.781250	-106.579437
19681.640625	-110.598534
19687.500000	-114.049477
19693.359375	-114.939896
19699.218750	-122.683174
19705.078125	-124.981323
19710.937500	-127.194351
19716.796875	-127.089996
19722.656250	-125.919228
19728.515625	-117.885658
19734.375000	-99.196640
19740.234375	-89.950264
19746.093750	-87.849861
19751.953125	-92.395699
19757.812500	-104.350540
19763.671875	-123.419930
19769.531250	-130.067337
19775.390625	-115.917015
19781.250000	-108.151421
19787.109375	-107.337700
19792.968750	-112.958252
19798.828125	-113.799118
19804.687500	-114.999641
19810.546875	-120.954857
19816.406250	-124.641159
19822.265625	-128.056412
19828.125000	-128.835770
19833.984375	-127.583916
19839.843750	-113.457092
19845.703125	-96.682388
19851.562500	-89.073517
19857.421875	-88.455711
19863.281250	-94.583031
19869.140625	-108.517685
19875.000000	-125.228691
19880.859375	-127.783096
19886.718750	-113.714386
19892.578125	-107.403564
19898.437500	-108.104263
19904.296875	-114.246437
19910.156250	-114.006035
19916.015625	-116.392838
19921.875000	-120.796761
19927.734375	-122.352928
19933.593750	-123.973831
19939.453125	-125.091835
19945.312500	-125.399635
19951.171875	-109.058426
19957.031250	-94.515244
19962.890625	-88.595345
19968.750000	-89.514893
19974.609375	-97.427246
19980.468750	-114.139839
19986.328125	-126.208809
19992.187500	-121.385658
19998.046875	-111.282242
20003.906250	-107.003548
20009.765625	-109.399147
20015.625000	-115.238663
20021.484375	-114.957870
20027.343750	-121.006584
20033.203125	-124.449791
20039.062500	-122.582024
20044.921875	-122.893295
20050.781250	-125.637749
20056.640625	-126.834702
20062.500000	-104.842758
20068.359375	-92.663727
20074.218750	-88.378670
20080.078125	-90.825813
20085.937500	-100.525772
20091.796875	-119.670769
20097.656250	-126.792282
20103.515625	-120.516937
20109.375000	-110.344307
20115.234375	-107.236557
20121.093750	-110.833694
20126.953125	-114.536392
20132.812500	-114.503441
20138.671875	-120.865845
20144.531250	-126.214699
20150.390625	-125.635986
20156.250000	-125.946045
20162.109375	-126.059586
20167.968750	-121.674965
20173.828125	-101.374275
20179.687500	-91.256554
20185.546875	-88.533257
20191.406250	-92.509872
20197.265625	-103.984993
20203.125000	-123.718445
20208.984375	-128.614731
20214.843750	-117.491531
20220.703125	-108.773819
20226.562500	-107.210159
20232.421875	-112.175926
20238.281250	-114.565826
20244.140625	-115.879013
20250.000000	-122.611092
20255.859375	-125.000145
20261.718750	-128.679016
20267.578125	-130.474335
20273.437500	-126.847588
20279.296875	-116.228584
20285.156250	-98.498299
20291.015625	-90.229393
20296.875000	-89.017044
20302.734375	-94.558357
20308.593750	-108.038589
20314.453125	-125.971405
20320.312500	-127.239014
20326.171875	-115.115631
20332.031250	-107.858192
20337.890625	-107.997360
20343.750000	-114.627090
20349.609375	-114.015358
20355.468750	-117.043549
20361.328125	-126.795372
20367.187500	-127.968712
20373.046875	-131.955688
20378.906250	-126.315041
20384.765625	-123.429283
20390.625000	-111.255798
20396.484375	-96.137718
20402.343750	-89.597504
20408.203125	-89.892014
20414.062500	-97.025322
20419.921875	-112.119263
20425.781250	-126.539162
20431.640625	-124.530296
20437.500000	-112.969185
20443.359375	-107.560524
20449.218750	-109.281097
20455.078125	-115.373184
20460.937500	-113.995590
20466.796875	-118.284630
20472.656250	-124.209175
20478.515625	-124.737511
20484.375000	-127.143600
20490.234375	-130.810379
20496.093750	-124.374901
20501.953125	-106.541557
20507.812500	-94.099625
20513.671875	-89.232185
20519.531250	-91.028267
20525.390625	-99.775475
20531.250000	-116.117889
20537.109375	-126.515862
20542.968750	-120.607819
20548.828125	-110.531006
20554.687500	-106.928177
20560.546875	-109.827034
20566.406250	-114.302132
20572.265625	-114.132805
20578.125000	-118.686829
20583.984375	-123.693909
20589.843750	-125.774849
20595.703125	-130.604095
20601.562500	-129.996262
20607.421875	-123.152351
20613.281250	-103.101349
20619.140625	-92.541649
20625.000000	-89.250336
20630.859375	-92.596062
20636.718750	-103.268097
20642.578125	-121.439842
20648.437500	-127.968643
20654.296875	-119.488190
20660.156250	-109.610825
20666.015625	-107.375069
20671.875000	-112.011673
20677.734375	-114.257225
20683.593750	-114.292480
20689.453125	-119.659935
20695.312500	-122.792580
20701.171875	-125.138916
20707.031250	-128.075867
20712.890625	-128.477158
20718.750000	-117.107391
20724.609375	-100.175209
20730.468750	-91.376175
20736.328125	-89.600159
20742.187500	-94.559776
20748.046875	-107.613045
20753.906250	-128.169388
20759.765625	-127.419991
20765.625000	-115.370049
20771.484375	-108.177834
20777.343750	-107.863609
20783.203125	-114.390129
20789.062500	-114.320702
20794.921875	-116.442879
20800.781250	-123.429657
20806.640625	-123.347290
20812.500000	-126.096008
20818.359375	-125.942734
20824.218750	-123.841942
20830.078125	-113.228584
20835.937500	-97.835732
20841.796875	-90.638748
20847.656250	-90.329926
20853.515625	-96.854454
20859.375000	-111.995712
20865.234375	-129.718002
20871.093750	-124.615417
20876.953125	-113.100998
20882.812500	-107.441475
20888.671875	-108.450516
20894.531250	-114.322525
20900.390625	-113.958870
20906.250000	-117.735054
20912.109375	-125.277344
20917.968750	-125.374046
20923.828125	-126.666023
20929.687500	-127.326408
20935.546875	-127.329300
20941.406250	-109.434357
20947.265625	-95.745804
20953.125000	-90.164200
20958.984375	-91.351860
20964.843750	-99.525475
20970.703125	-116.491188
20976.562500	-127.999245
20982.421875	-125.731918
20988.281250	-111.884743
20994.140625	-107.092079
21000.000000	-109.469208
21005.859375	-114.615868
21011.718750	-113.723534
21017.578125	-118.039757
21023.437500	-124.935158
21029.296875	-127.342415
21035.156250	-128.202682
21041.015625	-126.956047
21046.875000	-124.295433
21052.734375	-105.634468
21058.593750	-94.050667
21064.453125	-90.060638
21070.312500	-92.797050
21076.171875	-102.918076
21082.031250	-122.246140
21087.890625	-126.958740
21093.750000	-121.674477
21099.609375	-110.208931
21105.468750	-107.065826
21111.328125	-110.903740
21117.187500	-114.411301
21123.046875	-114.479355
21128.906250	-122.093628
21134.765625	-130.252670
21140.625000	-129.476639
21146.484375	-129.304398
21152.343750	-127.004654
21158.203125	-119.564369
21164.062500	-102.138702
21169.921875	-92.644920
21175.781250	-90.239502
21181.640625	-94.489021
21187.500000	-106.281090
21193.359375	-124.699577
21199.218750	-125.710121
21205.078125	-116.285843
21210.937500	-108.601013
21216.796875	-107.258232
21222.656250	-111.541283
21228.515625	-113.093040
21234.375000	-115.199509
21240.234375	-124.542816
21246.093750	-128.229263
21251.953125	-129.229630
21257.812500	-127.397041
21263.671875	-126.236496
21269.531250	-117.206406
21275.390625	-99.722397
21281.250000	-91.744392
21287.109375	-90.798241
21292.968750	-96.657776
21298.828125	-110.797356
21304.687500	-127.752441
21310.546875	-126.184586
21316.406250	-114.309601
21322.265625	-107.505638
21328.125000	-107.638710
21333.984375	-113.164032
21339.843750	-113.685745
21345.703125	-116.811241
21351.562500	-122.625313
21357.421875	-124.141800
21363.281250	-129.232513
21369.140625	-127.190002
21375.000000	-126.072533
21380.859375	-111.968719
21386.718750	-97.384186
21392.578125	-91.148170
21398.437500	-91.728622
21404.296875	-99.291306
21410.156250	-116.136307
21416.015625	-129.763809
21421.875000	-123.698212
21427.734375	-112.172226
21433.593750	-107.428932
21439.453125	-109.520805
21445.312500	-113.675201
21451.171875	-112.146706
21457.031250	-116.678841
21462.890625	-122.811905
21468.750000	-125.495796
21474.609375	-133.578674
21480.468750	-131.010696
21486.328125	-128.382233
21492.187500	-107.878296
21498.046875	-95.534645
21503.906250	-90.920731
21509.765625	-92.984367
21515.625000	-102.087189
21521.484375	-119.866005
21527.343750	-131.837326
21533.203125	-122.128723
21539.062500	-110.642380
21544.921875	-106.971939
21550.781250	-109.791405
21556.640625	-112.831383
21562.500000	-112.655746
21568.359375	-118.022804
21574.218750	-125.293976
21580.078125	-126.121506
21585.937500	-127.474564
21591.796875	-126.514450
21597.656250	-122.388634
21603.515625	-104.398964
21609.375000	-94.035683
21615.234375	-90.991417
21621.093750	-94.643288
21626.953125	-105.845863
21632.812500	-125.973145
21638.671875	-129.768524
21644.531250	-118.211533
21650.390625	-108.795639
21656.250000	-106.865150
21662.109375	-111.454582
21667.968750	-112.317497
21673.828125	-113.115158
21679.687500	-120.833038
21685.546875	-124.842567
21691.406250	-124.663101
21697.265625	-126.508926
21703.125000	-126.501030
21708.984375	-118.508804
21714.843750	-101.579117
21720.703125	-93.019043
21726.562500	-91.482964
21732.421875	-96.631874
21738.281250	-109.352684
21744.140625	-125.206818
21750.000000	-128.591568
21755.859375	-115.701599
21761.718750	-108.045448
21767.578125	-107.798424
21773.437500	-113.225197
21779.296875	-112.102783
21785.156250	-114.241821
21791.015625	-122.313385
21796.875000	-126.054710
21802.734375	-128.715439
21808.593750	-132.527969
21814.453125	-130.555206
21820.312500	-113.945915
21826.171875	-99.026817
21832.031250	-92.208672
21837.890625	-92.178772
21843.750000	-98.913277
21849.609375	-113.624840
21855.468750	-129.447556
21861.328125	-124.905815
21867.187500	-112.818230
21873.046875	-107.328209
21878.906250	-108.576752
21884.765625	-113.488792
21890.625000	-112.254784
21896.484375	-116.463356
21902.343750	-125.546478
21908.203125	-126.453979
21914.062500	-130.143356
21919.921875	-131.875748
21925.781250	-126.621742
21931.640625	-109.890152
21937.500000	-97.156258
21943.359375	-91.941116
21949.218750	-93.382545
21955.078125	-101.727676
21960.937500	-118.607574
21966.796875	-129.020370
21972.656250	-122.021057
21978.515625	-111.339882
21984.375000	-107.326988
21990.234375	-109.754997
21996.093750	-112.488159
22001.953125	-111.742683
22007.812500	-116.987381
22013.671875	-124.879601
22019.531250	-127.522995
22025.390625	-130.597595
22031.250000	-130.873779
22037.109375	-124.948143
22042.968750	-106.638313
22048.828125	-95.567184
22054.687500	-91.903503
22060.546875	-94.935280
22066.406250	-105.474800
22072.265625	-127.554840
22078.125000	-128.286011
22083.984375	-118.440788
22089.843750	-109.737579
22095.703125	-107.406837
22101.562500	-110.914497
22107.421875	-111.317719
22113.281250	-111.738480
22119.140625	-119.273216
22125.000000	-126.814720
22130.859375	-127.551468
22136.718750	-128.724213
22142.578125	-127.701942
22148.437500	-120.479958
22154.296875	-103.450668
22160.156250	-94.086990
22166.015625	-91.900551
22171.875000	-96.429520
22177.734375	-108.509727
22183.593750	-124.777390
22189.453125	-127.976921
22195.312500	-117.220116
22201.171875	-108.807098
22207.031250	-107.905289
22212.890625	-112.535751
22218.750000	-110.429146
22224.609375	-111.873833
22230.468750	-119.383705
22236.328125	-126.864655
22242.187500	-130.278137
22248.046875	-131.230042
22253.906250	-127.111198
22259.765625	-117.226151
22265.625000	-100.656342
22271.484375	-92.982132
22277.343750	-92.304291
22283.203125	-98.462166
22289.062500	-112.819550
22294.921875	-127.551895
22300.781250	-125.544479
22306.640625	-113.756065
22312.500000	-107.587242
22318.359375	-108.333443
22324.218750	-112.285461
22330.078125	-109.951256
22335.937500	-113.243866
22341.796875	-122.958771
22347.656250	-126.790810
22353.515625	-127.360931
22359.375000	-131.565796
22365.234375	-129.847290
22371.093750	-112.163170
22376.953125	-98.205200
22382.812500	-92.275429
22388.671875	-93.100845
22394.531250	-100.844734
22400.390625	-117.215324
22406.250000	-127.058891
22412.109375	-122.795815
22417.968750	-111.996857
22423.828125	-107.242729
22429.687500	-109.180252
22435.546875	-111.547897
22441.406250	-109.936905
22447.265625	-114.633957
22453.125000	-126.762680
22458.984375	-128.326096
22464.843750	-127.569977
22470.703125	-128.302979
22476.562500	-125.960823
22482.421875	-108.363632
22488.281250	-96.307503
22494.140625	-91.957024
22500.000000	-94.292877
22505.859375	-103.743584
22511.718750	-121.086533
22517.578125	-127.702354
22523.437500	-119.693146
22529.296875	-110.387581
22535.156250	-107.450401
22541.015625	-110.944534
22546.875000	-111.358650
22552.734375	-110.897346
22558.593750	-117.118164
22564.453125	-126.007980
22570.312500	-128.748138
22576.171875	-132.352188
22582.031250	-129.807953
22587.890625	-122.477875
22593.750000	-104.684235
22599.609375	-94.734940
22605.468750	-91.987343
22611.328125	-95.914154
22617.187500	-107.402565
22623.046875	-125.441055
22628.906250	-128.241516
22634.765625	-119.028015
22640.625000	-109.478584
22646.484375	-107.786102
22652.343750	-112.280495
22658.203125	-110.992363
22664.062500	-112.222168
22669.921875	-120.057686
22675.781250	-123.409569
22681.640625	-125.455109
22687.500000	-127.019279
22693.359375	-124.787369
22699.218750	-118.069733
22705.078125	-101.880470
22710.937500	-93.663803
22716.796875	-92.426880
22722.656250	-97.964424
22728.515625	-111.723862
22734.375000	-129.821014
22740.234375	-127.867485
22746.093750	-115.076935
22751.953125	-108.025772
22757.812500	-107.982048
22763.671875	-112.151886
22769.531250	-110.158852
22775.390625	-113.235626
22781.250000	-123.562248
22787.109375	-126.206497
22792.968750	-128.332840
22798.828125	-126.901764
22804.687500	-125.154312
22810.546875	-114.370865
22816.406250	-99.514404
22822.265625	-92.914566
22828.125000	-93.147636
22833.984375	-100.255150
22839.843750	-115.890457
22845.703125	-129.567276
22851.562500	-125.127556
22857.421875	-112.892838
22863.281250	-107.647049
22869.140625	-109.382751
22875.000000	-112.696159
22880.859375	-110.244286
22886.718750	-114.223518
22892.578125	-123.509132
22898.437500	-127.109612
22904.296875	-129.568314
22910.156250	-126.348335
22916.015625	-122.731987
22921.875000	-110.011612
22927.734375	-97.468269
22933.593750	-92.488533
22939.453125	-94.215340
22945.312500	-103.011215
22951.171875	-120.632172
22957.031250	-129.295959
22962.890625	-120.381607
22968.750000	-110.728455
22974.609375	-107.304840
22980.468750	-110.268677
22986.328125	-111.673607
22992.187500	-110.881203
22998.046875	-116.814262
23003.906250	-125.829559
23009.765625	-126.876038
23015.625000	-128.670624
23021.484375	-128.610535
23027.343750	-124.617165
23033.203125	-106.958488
23039.062500	-95.908943
23044.921875	-92.439720
23050.781250	-95.648582
23056.640625	-106.028275
23062.500000	-122.779236
23068.359375	-127.693069
23074.218750	-117.847092
23080.078125	-109.290001
23085.937500	-107.249794
23091.796875	-111.292297
23097.656250	-111.872177
23103.515625	-112.827309
23109.375000	-121.567108
23115.234375	-125.752266
23121.093750	-127.141624
23126.953125	-128.879974
23132.812500	-127.781593
23138.671875	-120.196632
23144.531250	-103.411667
23150.390625	-94.492134
23156.250000	-92.617500
23162.109375	-97.425041
23167.968750	-109.811150
23173.828125	-124.626427
23179.687500	-125.104546
23185.546875	-116.264999
23191.406250	-108.769821
23197.265625	-108.210861
23203.125000	-112.846466
23208.984375	-111.103493
23214.843750	-113.116241
23220.703125	-121.572685
23226.562500	-127.107201
23232.421875	-131.094208
23238.281250	-129.502747
23244.140625	-126.506348
23250.000000	-116.013351
23255.859375	-100.834480
23261.718750	-93.549911
23267.578125	-93.154579
23273.437500	-99.590912
23279.296875	-114.286133
23285.156250	-128.537827
23291.015625	-125.802887
23296.875000	-114.223549
23302.734375	-108.020798
23308.593750	-108.749176
23314.453125	-112.701683
23320.312500	-110.865707
23326.171875	-114.604858
23332.031250	-124.786743
23337.890625	-125.286217
23343.750000	-126.361267
23349.609375	-127.328087
23355.468750	-126.282707
23361.328125	-112.951057
23367.187500	-98.876328
23373.046875	-93.170227
23378.906250	-94.292755
23384.765625	-102.501884
23390.625000	-119.731209
23396.484375	-130.765762
23402.343750	-121.685143
23408.203125	-111.464584
23414.062500	-107.360764
23419.921875	-109.924561
23425.781250	-112.748245
23431.640625	-111.396034
23437.500000	-116.805107
23443.359375	-125.211189
23449.218750	-126.036484
23455.078125	-129.049362
23460.937500	-129.839355
23466.796875	-125.662125
23472.656250	-109.185219
23478.515625	-97.054588
23484.375000	-92.897598
23490.234375	-95.513680
23496.093750	-105.459045
23501.953125	-125.673004
23507.812500	-138.185425
23513.671875	-119.691765
23519.531250	-109.925224
23525.390625	-107.294212
23531.250000	-111.144875
23537.109375	-111.915215
23542.968750	-111.736443
23548.828125	-117.711182
23554.687500	-124.492775
23560.546875	-127.603897
23566.406250	-131.428070
23572.265625	-129.417984
23578.125000	-122.459602
23583.984375	-105.277756
23589.843750	-95.563850
23595.703125	-93.042328
23601.562500	-97.184258
23607.421875	-108.764542
23613.281250	-127.922508
23619.140625	-130.352737
23625.000000	-117.089493
23630.859375	-108.643967
23636.718750	-107.435310
23642.578125	-112.459602
23648.437500	-111.654991
23654.296875	-112.751991
23660.156250	-120.284866
23666.015625	-127.716476
23671.875000	-129.199036
23677.734375	-128.055435
23683.593750	-123.534256
23689.453125	-117.027962
23695.312500	-102.246162
23701.171875	-94.394585
23707.031250	-93.406883
23712.890625	-99.137383
23718.750000	-112.810966
23724.609375	-130.966461
23730.468750	-130.562424
23736.328125	-115.608932
23742.187500	-108.696251
23748.046875	-108.840630
23753.906250	-112.643303
23759.765625	-110.897003
23765.625000	-113.501640
23771.484375	-121.561684
23777.343750	-127.070595
23783.203125	-129.073807
23789.062500	-128.698318
23794.921875	-123.727501
23800.781250	-114.057701
23806.640625	-100.031548
23812.500000	-93.739670
23818.359375	-94.269966
23824.218750	-101.805382
23830.078125	-118.328102
23835.937500	-130.601974
23841.796875	-125.004395
23847.656250	-112.429550
23853.515625	-107.390633
23859.375000	-109.025208
23865.234375	-112.623322
23871.093750	-111.374985
23876.953125	-115.820038
23882.812500	-124.811691
23888.671875	-126.780792
23894.531250	-128.302994
23900.390625	-128.986267
23906.250000	-126.939621
23912.109375	-111.411812
23917.968750	-98.241394
23923.828125	-93.403000
23929.687500	-95.369385
23935.546875	-104.427673
23941.406250	-121.543716
23947.265625	-130.340927
23953.125000	-120.350563
23958.984375	-110.509140
23964.843750	-107.298180
23970.703125	-110.509903
23976.562500	-112.346230
23982.421875	-111.787727
23988.281250	-117.514336
23994.140625	-125.511696
24000.000000	-129.459076
24005.859375	-131.346222
24011.718750	-129.174057
24017.578125	-124.560043
24023.437500	-107.188210
24029.296875	-96.522217
24035.156250	-93.328094
24041.015625	-96.800850
24046.875000	-107.611267
24052.734375	-127.139015
24058.593750	-130.005753
24064.453125	-117.159714
24070.312500	-109.035973
24076.171875	-107.468681
24082.031250	-112.362648
24087.890625	-113.173653
24093.750000	-113.826271
24099.609375	-121.123421
24105.468750	-125.952522
24111.328125	-127.477226
24117.187500	-130.903061
24123.046875	-128.600449
24128.906250	-119.781418
24134.765625	-103.904121
24140.625000	-95.219696
24146.484375	-93.572281
24152.343750	-98.597855
24158.203125	-111.246391
24164.062500	-129.518631
24169.921875	-129.588791
24175.781250	-116.208382
24181.640625	-108.621536
24187.500000	-108.268906
24193.359375	-113.576843
24199.218750	-112.421738
24205.078125	-114.631462
24210.937500	-123.460419
24216.796875	-126.449753
24222.656250	-127.223610
24228.515625	-127.582253
24234.375000	-125.089966
24240.234375	-116.318565
24246.093750	-101.499611
24251.953125	-94.503113
24257.812500	-94.355156
24263.671875	-101.006447
24269.531250	-116.040237
24275.390625	-132.333542
24281.250000	-126.798798
24287.109375	-113.430878
24292.968750	-107.666847
24298.828125	-108.671448
24304.687500	-112.761459
24310.546875	-111.529594
24316.406250	-114.989471
24322.265625	-123.917542
24328.125000	-127.420090
24333.984375	-129.022781
24339.843750	-126.593422
24345.703125	-123.206367
24351.562500	-112.677124
24357.421875	-99.416229
24363.281250	-94.031334
24369.140625	-95.426712
24375.000000	-103.923721
24380.859375	-121.763573
24386.718750	-133.854065
24392.578125	-122.437210
24398.437500	-111.653961
24404.296875	-107.511238
24410.156250	-109.799599
24416.015625	-113.257240
24421.875000	-112.976913
24427.734375	-118.437843
24433.593750	-128.324448
24439.453125	-129.580414
24445.312500	-129.140991
24451.171875	-126.557335
24457.031250	-124.410210
24462.890625	-109.223381
24468.750000	-97.601669
24474.609375	-93.750252
24480.468750	-96.633774
24486.328125	-106.901077
24492.187500	-128.450928
24498.046875	-129.832504
24503.906250	-119.252457
24509.765625	-110.253151
24515.625000	-107.842552
24521.484375	-111.935020
24527.343750	-113.472237
24533.203125	-113.789131
24539.062500	-121.786034
24544.921875	-129.441650
24550.781250	-128.256943
24556.640625	-128.646057
24562.500000	-126.633972
24568.359375	-123.310997
24574.218750	-105.932930
24580.078125	-96.284317
24585.937500	-93.967857
24591.796875	-98.354210
24597.656250	-110.327507
24603.515625	-131.706726
24609.375000	-133.162598
24615.234375	-117.370155
24621.093750	-109.417038
24626.953125	-108.487564
24632.812500	-113.730927
24638.671875	-113.389992
24644.531250	-114.918839
24650.390625	-123.010162
24656.250000	-126.126099
24662.109375	-126.396362
24667.968750	-128.281799
24673.828125	-126.319489
24679.687500	-120.154213
24685.546875	-103.103088
24691.406250	-95.253029
24697.265625	-94.460770
24703.125000	-100.417618
24708.984375	-114.113335
24714.843750	-129.789764
24720.703125	-130.134003
24726.562500	-115.299957
24732.421875	-108.523590
24738.281250	-109.032532
24744.140625	-114.244408
24750.000000	-113.234940
24755.859375	-116.565514
24761.718750	-126.578392
24767.578125	-130.630508
24773.437500	-132.961060
24779.296875	-129.922195
24785.156250	-124.457458
24791.015625	-114.452988
24796.875000	-100.723030
24802.734375	-94.696022
24808.593750	-95.471786
24814.453125	-103.247589
24820.312500	-119.643829
24826.171875	-129.218567
24832.031250	-126.114426
24837.890625	-112.637421
24843.750000	-107.480072
24849.609375	-109.215096
24855.468750	-113.697357
24861.328125	-113.298058
24867.187500	-117.683022
24873.046875	-125.852058
24878.906250	-129.032776
24884.765625	-129.250519
24890.625000	-129.076797
24896.484375	-128.149994
24902.343750	-111.291367
24908.203125	-98.822540
24914.062500	-94.344772
24919.921875	-96.605652
24925.781250	-106.059158
24931.640625	-124.649155
24937.500000	-128.845596
24943.359375	-120.147697
24949.218750	-110.982208
24955.078125	-107.964226
24960.937500	-111.468552
24966.796875	-114.105652
24972.656250	-113.894760
24978.515625	-120.411331
24984.375000	-126.941933
24990.234375	-127.715454
24996.093750	-129.933640
25001.953125	-129.561371
25007.812500	-124.468224
25013.671875	-107.487228
25019.531250	-97.239708
25025.390625	-94.332611
25031.250000	-98.063423
25037.109375	-109.081505
25042.968750	-127.572166
25048.828125	-130.113098
25054.687500	-118.370110
25060.546875	-109.672707
25066.406250	-108.028496
25072.265625	-112.963860
25078.125000	-113.884140
25083.984375	-114.676247
25089.843750	-122.495499
25095.703125	-130.032562
25101.562500	-131.623550
25107.421875	-130.081741
25113.281250	-126.428421
25119.140625	-121.741081
25125.000000	-104.784370
25130.859375	-96.170929
25136.718750	-94.741035
25142.578125	-100.026543
25148.437500	-112.977402
25154.296875	-129.550598
25160.156250	-126.213219
25166.015625	-115.216469
25171.875000	-108.760101
25177.734375	-108.794724
25183.593750	-114.121292
25189.453125	-113.427864
25195.312500	-115.533707
25201.171875	-123.269379
25207.031250	-128.800323
25212.890625	-129.832596
25218.750000	-129.653732
25224.609375	-125.674561
25230.468750	-117.198944
25236.328125	-102.092422
25242.187500	-95.317909
25248.046875	-95.432762
25253.906250	-102.356956
25259.765625	-117.629257
25265.625000	-131.570679
25271.484375	-127.179085
25277.343750	-113.965942
25283.203125	-108.359200
25289.062500	-109.795616
25294.921875	-114.640923
25300.781250	-113.511078
25306.640625	-117.252106
25312.500000	-125.673027
25318.359375	-128.941376
25324.218750	-129.725464
25330.078125	-131.721405
25335.937500	-127.145668
25341.796875	-113.262711
25347.656250	-100.058952
25353.515625	-94.905113
25359.375000	-96.552376
25365.234375	-105.381485
25371.093750	-123.564339
25376.953125	-130.419479
25382.812500	-123.095322
25388.671875	-111.689087
25394.531250	-107.741005
25400.390625	-110.509171
25406.250000	-114.676758
25412.109375	-114.170639
25417.968750	-119.835777
25423.828125	-131.225143
25429.687500	-134.175034
25435.546875	-133.277756
25441.406250	-129.655807
25447.265625	-126.028206
25453.125000	-109.651825
25458.984375	-98.387123
25464.843750	-94.810509
25470.703125	-97.978333
25476.562500	-108.583244
25482.421875	-127.228333
25488.281250	-132.202545
25494.140625	-120.158813
25500.000000	-110.454826
25505.859375	-108.005127
25511.718750	-111.902596
25517.578125	-113.975426
25523.437500	-114.832100
25529.296875	-122.418144
25535.156250	-128.468796
25541.015625	-129.515091
25546.875000	-135.149918
25552.734375	-129.827713
25558.593750	-122.009315
25564.453125	-106.240135
25570.312500	-97.068626
25576.171875	-95.065773
25582.031250	-99.790115
25587.890625	-112.185539
25593.750000	-128.117722
25599.609375	-128.638931
25605.468750	-116.555603
25611.328125	-109.017220
25617.187500	-108.274193
25623.046875	-113.446274
25628.906250	-114.588379
25634.765625	-116.660934
25640.625000	-124.942886
25646.484375	-127.546982
25652.343750	-129.423462
25658.203125	-132.678375
25664.062500	-128.394058
25669.921875	-118.947662
25675.781250	-103.462753
25681.640625	-96.067116
25687.500000	-95.584122
25693.359375	-101.901245
25699.218750	-116.261047
25705.078125	-130.369843
25710.937500	-128.159424
25716.796875	-114.553932
25722.656250	-108.392410
25728.515625	-109.154213
25734.375000	-115.015800
25740.234375	-114.727737
25746.093750	-117.867134
25751.953125	-126.792442
25757.812500	-130.915573
25763.671875	-135.607086
25769.531250	-131.818115
25775.390625	-125.518700
25781.250000	-116.358681
25787.109375	-101.508911
25792.968750	-95.550934
25798.828125	-96.528252
25804.687500	-104.507874
25810.546875	-120.967216
25816.406250	-131.311600
25822.265625	-123.840027
25828.125000	-112.557594
25833.984375	-108.130844
25839.843750	-110.598511
25845.703125	-115.549706
25851.562500	-114.440659
25857.421875	-118.877693
25863.281250	-126.449448
25869.140625	-129.063995
25875.000000	-131.401581
25880.859375	-129.209152
25886.718750	-125.331223
25892.578125	-111.811470
25898.437500	-99.564713
25904.296875	-95.315392
25910.156250	-97.841026
25916.015625	-107.691093
25921.875000	-127.606300
25927.734375	-133.431564
25933.593750	-122.262672
25939.453125	-111.670387
25945.312500	-108.637573
25951.171875	-112.374771
25957.031250	-115.526352
25962.890625	-115.636955
25968.750000	-122.191772
25974.609375	-131.172867
25980.468750	-132.524017
25986.328125	-132.704483
25992.187500	-129.669037
25998.046875	-123.902199
26003.906250	-107.957268
26009.765625	-98.061852
26015.625000	-95.421669
26021.484375	-99.427475
26027.343750	-110.777214
26033.203125	-129.628098
26039.062500	-132.733017
26044.921875	-120.055450
26050.781250	-111.027748
26056.640625	-109.464737
26062.500000	-114.012131
26068.359375	-114.280502
26074.218750	-115.513924
26080.078125	-123.515152
26085.937500	-130.630814
26091.796875	-131.200500
26097.656250	-132.643936
26103.515625	-129.357361
26109.375000	-120.782043
26115.234375	-104.963600
26121.093750	-96.930458
26126.953125	-95.843376
26132.812500	-101.450821
26138.671875	-114.771820
26144.531250	-130.946487
26150.390625	-127.502991
26156.250000	-115.505875
26162.109375	-109.307404
26167.968750	-109.449394
26173.828125	-114.417732
26179.687500	-115.055748
26185.546875	-118.552269
26191.406250	-129.238831
26197.265625	-131.835434
26203.125000	-132.572159
26208.984375	-133.503326
26214.843750	-129.490387
26220.703125	-117.712051
26226.562500	-102.753601
26232.421875	-96.242859
26238.281250	-96.601761
26244.140625	-103.809135
26250.000000	-119.196915
26255.859375	-130.104202
26261.718750	-125.174034
26267.578125	-114.343895
26273.437500	-109.339653
26279.296875	-110.769470
26285.156250	-115.352318
26291.015625	-115.165184
26296.875000	-119.779594
26302.734375	-127.872047
26308.593750	-128.279343
26314.453125	-130.583511
26320.312500	-131.548859
26326.171875	-125.962013
26332.031250	-113.724236
26337.890625	-100.693573
26343.750000	-95.779602
26349.609375	-97.659470
26355.468750	-106.703148
26361.328125	-125.947571
26367.187500	-133.696701
26373.046875	-124.174530
26378.906250	-112.819908
26384.765625	-109.030014
26390.625000	-111.941162
26396.484375	-115.967163
26402.343750	-115.931587
26408.203125	-121.643921
26414.062500	-128.299728
26419.921875	-129.108917
26425.781250	-132.371780
26431.640625	-131.406876
26437.500000	-125.275795
26443.359375	-109.459999
26449.218750	-98.907753
26455.078125	-95.679001
26460.937500	-99.130150
26466.796875	-110.077911
26472.656250	-132.183105
26478.515625	-134.730362
26484.375000	-120.630455
26490.234375	-111.480736
26496.093750	-109.362587
26501.953125	-113.496155
26507.812500	-115.487640
26513.671875	-116.625687
26519.531250	-124.687096
26525.390625	-134.252853
26531.250000	-132.830429
26537.109375	-129.712296
26542.968750	-127.136978
26548.828125	-122.421417
26554.687500	-106.694061
26560.546875	-97.823479
26566.406250	-96.084526
26572.265625	-101.077888
26578.125000	-114.005577
26583.984375	-137.760040
26589.843750	-132.011185
26595.703125	-117.789604
26601.562500	-110.210938
26607.421875	-109.566917
26613.281250	-114.500435
26619.140625	-115.762421
26625.000000	-118.232559
26630.859375	-126.156937
26636.718750	-129.469711
26642.578125	-132.850098
26648.437500	-135.047165
26654.296875	-129.790573
26660.156250	-120.343025
26666.015625	-104.214119
26671.875000	-96.969948
26677.734375	-96.716850
26683.593750	-103.313118
26689.453125	-118.062943
26695.312500	-132.731064
26701.171875	-128.955490
26707.031250	-115.396301
26712.890625	-109.417618
26718.750000	-110.398087
26724.609375	-115.697403
26730.468750	-115.418114
26736.328125	-119.184753
26742.187500	-128.217056
26748.046875	-131.987564
26753.906250	-134.853455
26759.765625	-137.567886
26765.625000	-128.918869
26771.484375	-114.781883
26777.343750	-101.752754
26783.203125	-96.358200
26789.062500	-97.638947
26794.921875	-105.813324
26800.781250	-121.798843
26806.640625	-134.502213
26812.500000	-123.944191
26818.359375	-112.851311
26824.218750	-108.765419
26830.078125	-111.220665
26835.937500	-116.262917
26841.796875	-116.287354
26847.656250	-121.392937
26853.515625	-129.564560
26859.375000	-131.727066
26865.234375	-134.916138
26871.093750	-134.203598
26876.953125	-128.215332
26882.812500	-111.591728
26888.671875	-100.138245
26894.531250	-96.249535
26900.390625	-99.044342
26906.250000	-109.068237
26912.109375	-128.323837
26917.968750	-135.113678
26923.828125	-122.157166
26929.687500	-111.918343
26935.546875	-109.109795
26941.406250	-112.619949
26947.265625	-115.756714
26953.125000	-116.529877
26958.984375	-123.153343
26964.843750	-130.474030
26970.703125	-132.010757
26976.562500	-134.815948
26982.421875	-132.686676
26988.281250	-124.828094
26994.140625	-108.129059
27000.000000	-98.682297
27005.859375	-96.385002
27011.718750	-100.821327
27017.578125	-113.356743
27023.437500	-136.717407
27029.296875	-131.860703
27035.156250	-118.518509
27041.015625	-110.318939
27046.875000	-109.159279
27052.734375	-114.325424
27058.593750	-116.495018
27064.453125	-118.566711
27070.312500	-127.608414
27076.171875	-133.153000
27082.031250	-132.138428
27087.890625	-131.212692
27093.750000	-127.899765
27099.609375	-120.604355
27105.468750	-105.456032
27111.328125	-97.686211
27117.187500	-96.866127
27123.046875	-102.865196
27128.906250	-117.518814
27134.765625	-135.204239
27140.625000	-131.148102
27146.484375	-116.288445
27152.343750	-109.663315
27158.203125	-109.935204
27164.062500	-115.732399
27169.921875	-116.388039
27175.781250	-118.870979
27181.640625	-126.120598
27187.500000	-131.726517
27193.359375	-134.171936
27199.218750	-135.315125
27205.078125	-130.005783
27210.937500	-118.281189
27216.796875	-103.342590
27222.656250	-97.069328
27228.515625	-97.699203
27234.375000	-105.262146
27240.234375	-121.443314
27246.093750	-133.259506
27251.953125	-126.948021
27257.812500	-114.062202
27263.671875	-109.054291
27269.531250	-110.855865
27275.390625	-116.120430
27281.250000	-115.857559
27287.109375	-120.072144
27292.968750	-127.932838
27298.828125	-131.396179
27304.687500	-132.640152
27310.546875	-132.884125
27316.406250	-129.874008
27322.265625	-114.102386
27328.125000	-101.391510
27333.984375	-96.772507
27339.843750	-98.941338
27345.703125	-108.347595
27351.562500	-127.286026
27357.421875	-134.643356
27363.281250	-124.571533
27369.140625	-112.565201
27375.000000	-108.953529
27380.859375	-112.061966
27386.718750	-116.731766
27392.578125	-117.231049
27398.437500	-123.444946
27404.296875	-133.101669
27410.156250	-133.693237
27416.015625	-133.504501
27421.875000	-132.427399
27427.734375	-127.784355
27433.593750	-110.108994
27439.453125	-99.703575
27445.312500	-96.718193
27451.171875	-100.421120
27457.031250	-111.620293
27462.890625	-130.854843
27468.750000	-132.622284
27474.609375	-119.574905
27480.468750	-110.758942
27486.328125	-108.879906
27492.187500	-113.074432
27498.046875	-116.881187
27503.906250	-118.641823
27509.765625	-126.136398
27515.625000	-132.380844
27521.484375	-134.961395
27527.343750	-134.960068
27533.203125	-131.889465
27539.062500	-123.705864
27544.921875	-106.989388
27550.781250	-98.551910
27556.640625	-97.113586
27562.500000	-102.412209
27568.359375	-115.628403
27574.218750	-134.914124
27580.078125	-129.464325
27585.937500	-116.741829
27591.796875	-109.828629
27597.656250	-109.500237
27603.515625	-114.644356
27609.375000	-116.430397
27615.234375	-119.148636
27621.093750	-127.938438
27626.953125	-132.816422
27632.812500	-134.391830
27638.671875	-132.155746
27644.531250	-129.778732
27650.390625	-120.349915
27656.250000	-104.757271
27662.109375	-97.845428
27667.968750	-97.895424
27673.828125	-104.881721
27679.687500	-120.330055
27685.546875	-133.344345
27691.406250	-127.222641
27697.265625	-114.832329
27703.125000	-109.365356
27708.984375	-110.639870
27714.843750	-116.525909
27720.703125	-116.704147
27726.562500	-120.455269
27732.421875	-130.363785
27738.281250	-136.060333
27744.140625	-133.475861
27750.000000	-131.298431
27755.859375	-129.190231
27761.718750	-116.040115
27767.578125	-102.542580
27773.437500	-97.312546
27779.296875	-98.878700
27785.156250	-107.586502
27791.015625	-125.711182
27796.875000	-134.327393
27802.734375	-123.837128
27808.593750	-112.746742
27814.453125	-108.808929
27820.312500	-111.406700
27826.171875	-116.300270
27832.031250	-116.786125
27837.890625	-122.838280
27843.750000	-130.079605
27849.609375	-131.028137
27855.468750	-134.289474
27861.328125	-133.251465
27867.187500	-129.568207
27873.046875	-112.124855
27878.906250	-100.809837
27884.765625	-97.177361
27890.625000	-100.255524
27896.484375	-110.625648
27902.343750	-127.953461
27908.203125	-132.342102
27914.062500	-120.462372
27919.921875	-111.188217
27925.781250	-108.785980
27931.640625	-112.698212
27937.500000	-116.606773
27943.359375	-117.733421
27949.218750	-124.504196
27955.078125	-128.142105
27960.937500	-128.945053
27966.796875	-130.136139
27972.656250	-130.958572
27978.515625	-127.385246
27984.375000	-108.890205
27990.234375	-99.532700
27996.093750	-97.429199
28001.953125	-102.039825
28007.812500	-114.382088
28013.671875	-132.671509
28019.531250	-131.529541
28025.390625	-118.346992
28031.250000	-110.354744
28037.109375	-109.397812
28042.968750	-114.707237
28048.828125	-116.906990
28054.687500	-118.992218
28060.546875	-127.317261
28066.406250	-129.170593
28072.265625	-130.294754
28078.125000	-133.149109
28083.984375	-134.507019
28089.843750	-122.403351
28095.703125	-106.127731
28101.562500	-98.567787
28107.421875	-97.979988
28113.281250	-104.180382
28119.140625	-118.622993
28125.000000	-135.283264
28130.859375	-129.372696
28136.718750	-115.716774
28142.578125	-109.369804
28148.437500	-109.934181
28154.296875	-116.022156
28160.156250	-117.167999
28166.015625	-121.069801
28171.875000	-131.875031
28177.734375	-134.580551
28183.593750	-133.806732
28189.453125	-131.883728
28195.312500	-131.733780
28201.171875	-117.974945
28207.031250	-103.814430
28212.890625	-97.946815
28218.750000	-98.900902
28224.609375	-106.887184
28230.468750	-124.451462
28236.328125	-133.601456
28242.187500	-123.808914
28248.046875	-113.040100
28253.906250	-108.696930
28259.765625	-110.897209
28265.625000	-116.831078
28271.484375	-117.102150
28277.343750	-121.995346
28283.203125	-129.563187
28289.062500	-134.511215
28294.921875	-137.336243
28300.781250	-131.245682
28306.640625	-128.737930
28312.500000	-113.917282
28318.359375	-101.910896
28324.218750	-97.646477
28330.078125	-100.063614
28335.937500	-109.590561
28341.796875	-127.847237
28347.656250	-133.874863
28353.515625	-120.736214
28359.375000	-111.352348
28365.234375	-108.473831
28371.093750	-111.991142
28376.953125	-117.173477
28382.812500	-117.967354
28388.671875	-124.479477
28394.531250	-129.645645
28400.390625	-129.572128
28406.250000	-131.351593
28412.109375	-132.824707
28417.968750	-128.231766
28423.828125	-110.353760
28429.687500	-100.417740
28435.546875	-97.737572
28441.406250	-101.751640
28447.265625	-113.428482
28453.125000	-135.030106
28458.984375	-132.604614
28464.843750	-118.621559
28470.703125	-110.163795
28476.562500	-108.669739
28482.421875	-113.736328
28488.281250	-117.748802
28494.140625	-118.946930
28500.000000	-125.754189
28505.859375	-131.838486
28511.718750	-134.992737
28517.578125	-137.891556
28523.437500	-132.591202
28529.296875	-124.682831
28535.156250	-107.662300
28541.015625	-99.323494
28546.875000	-98.110207
28552.734375	-103.711601
28558.593750	-117.435539
28564.453125	-134.093689
28570.312500	-129.302872
28576.171875	-116.213501
28582.031250	-109.441101
28587.890625	-109.432991
28593.750000	-115.270721
28599.609375	-117.116913
28605.468750	-119.703896
28611.328125	-127.409607
28617.187500	-131.804718
28623.046875	-135.466721
28628.906250	-137.228027
28634.765625	-133.813110
28640.625000	-120.525414
28646.484375	-105.193924
28652.343750	-98.593140
28658.203125	-98.885872
28664.062500	-106.087730
28669.921875	-121.764465
28675.781250	-137.626434
28681.640625	-126.565536
28687.500000	-113.872696
28693.359375	-108.665756
28699.218750	-110.238571
28705.078125	-116.931007
28710.937500	-117.928902
28716.796875	-122.461472
28722.656250	-130.936310
28728.515625	-131.972870
28734.375000	-134.059219
28740.234375	-135.271698
28746.093750	-131.034897
28751.953125	-116.204803
28757.812500	-103.139809
28763.671875	-98.188225
28769.531250	-100.001968
28775.390625	-108.966217
28781.250000	-127.282341
28787.109375	-136.697586
28792.968750	-123.054169
28798.828125	-112.005226
28804.687500	-108.342522
28810.546875	-111.359650
28816.406250	-117.596306
28822.265625	-118.331253
28828.125000	-123.704269
28833.984375	-131.834641
28839.843750	-133.676941
28845.703125	-135.816544
28851.562500	-134.729279
28857.421875	-129.544403
28863.281250	-112.319168
28869.140625	-101.466507
28875.000000	-98.100601
28880.859375	-101.431664
28886.718750	-112.111565
28892.578125	-130.797012
28898.437500	-131.065598
28904.296875	-118.980331
28910.156250	-110.474953
28916.015625	-108.481239
28921.875000	-112.917755
28927.734375	-117.464149
28933.593750	-118.421295
28939.453125	-125.065323
28945.312500	-134.697052
28951.171875	-136.716766
28957.031250	-137.772720
28962.890625	-134.320465
28968.750000	-128.286057
28974.609375	-109.566139
28980.468750	-100.346573
28986.328125	-98.483528
28992.187500	-103.408653
28998.046875	-116.279289
29003.906250	-135.153015
29009.765625	-132.487122
29015.625000	-116.801491
29021.484375	-109.293282
29027.343750	-108.630791
29033.203125	-114.113266
29039.062500	-117.827766
29044.921875	-120.551003
29050.781250	-129.149216
29056.640625	-132.130188
29062.500000	-134.810989
29068.359375	-135.323273
29074.218750	-132.632858
29080.078125	-123.226898
29085.937500	-106.667694
29091.796875	-99.354622
29097.656250	-99.026169
29103.515625	-105.504234
29109.375000	-120.372887
29115.234375	-141.374191
29121.093750	-128.169357
29126.953125	-114.527718
29132.812500	-108.702896
29138.671875	-109.565399
29144.531250	-116.152351
29150.390625	-118.452194
29156.250000	-122.148705
29162.109375	-130.290985
29167.968750	-132.734039
29173.828125	-132.838013
29179.687500	-132.173950
29185.546875	-129.759033
29191.406250	-117.791527
29197.265625	-104.293243
29203.125000	-98.732231
29208.984375	-99.940308
29214.843750	-108.162056
29220.703125	-125.296768
29226.562500	-134.733551
29232.421875	-124.032196
29238.281250	-112.390732
29244.140625	-108.094971
29250.000000	-110.446136
29255.859375	-117.288261
29261.718750	-118.635902
29267.578125	-124.252541
29273.437500	-132.708755
29279.296875	-133.388809
29285.156250	-133.286102
29291.015625	-132.870483
29296.875000	-129.475388
29302.734375	-114.149178
29308.593750	-102.571632
29314.453125	-98.569260
29320.312500	-101.281166
29326.171875	-111.310020
29332.031250	-131.115784
29337.890625	-134.334045
29343.750000	-120.783699
29349.609375	-110.932640
29355.468750	-108.170006
29361.328125	-112.009300
29367.187500	-118.054596
29373.046875	-119.132233
29378.906250	-125.598305
29384.765625	-133.754303
29390.625000	-135.518631
29396.484375	-135.765549
29402.343750	-135.186569
29408.203125	-127.850311
29414.062500	-110.800484
29419.921875	-101.104370
29425.781250	-98.661819
29431.640625	-102.933441
29437.500000	-114.927155
29443.359375	-136.341019
29449.218750	-134.004272
29455.078125	-117.776711
29460.937500	-109.466270
29466.796875	-108.184418
29472.656250	-113.413483
29478.515625	-118.580467
29484.375000	-120.624603
29490.234375	-128.001236
29496.093750	-131.384460
29501.953125	-132.761261
29507.812500	-134.054626
29513.671875	-132.975067
29519.531250	-124.587898
29525.390625	-108.034492
29531.250000	-100.041504
29537.109375	-99.081543
29542.968750	-104.858505
29548.828125	-118.302094
29554.687500	-134.339996
29560.546875	-129.434204
29566.406250	-115.364807
29572.265625	-108.710472
29578.125000	-108.886177
29583.984375	-114.970352
29589.843750	-118.320633
29595.703125	-121.990982
29601.562500	-130.694260
29607.421875	-132.641968
29613.281250	-135.726288
29619.140625	-135.715363
29625.000000	-131.579468
29630.859375	-120.462357
29636.718750	-105.661293
29642.578125	-99.384697
29648.437500	-99.936234
29654.296875	-107.384842
29660.156250	-123.470993
29666.015625	-137.567368
29671.875000	-125.551758
29677.734375	-113.188881
29683.593750	-108.259857
29689.453125	-110.038124
29695.312500	-117.105988
29701.171875	-119.069550
29707.031250	-124.200638
29712.890625	-134.072525
29718.750000	-134.370041
29724.609375	-135.552109
29730.468750	-137.894226
29736.328125	-131.492294
29742.187500	-116.254875
29748.046875	-103.668587
29753.906250	-99.000008
29759.765625	-101.047569
29765.625000	-110.164413
29771.484375	-128.215485
29777.343750	-136.627747
29783.203125	-122.056122
29789.062500	-111.305809
29794.921875	-107.864960
29800.781250	-111.090355
29806.640625	-117.961632
29812.500000	-119.364746
29818.359375	-125.652740
29824.218750	-133.923706
29830.078125	-134.215347
29835.937500	-135.805603
29841.796875	-137.157532
29847.656250	-132.406952
29853.515625	-112.777985
29859.375000	-102.089607
29865.234375	-98.988297
29871.093750	-102.606705
29876.953125	-113.758301
29882.812500	-134.932053
29888.671875	-134.835358
29894.531250	-118.804977
29900.390625	-109.766846
29906.250000	-107.857674
29912.109375	-112.534576
29917.968750	-118.850334
29923.828125	-120.817215
29929.687500	-128.134262
29935.546875	-132.813904
29941.406250	-133.865128
29947.265625	-133.403610
29953.125000	-131.225464
29958.984375	-126.123291
29964.843750	-109.594810
29970.703125	-100.899643
29976.562500	-99.343117
29982.421875	-104.532509
29988.281250	-117.661461
29994.140625	-137.230209
30000.000000	-131.941391
30005.859375	-116.345688
30011.718750	-108.891975
30017.578125	-108.441254
30023.437500	-114.281685
30029.296875	-118.669357
30035.156250	-121.266579
30041.015625	-129.039383
30046.875000	-133.671234
30052.734375	-133.819687
30058.593750	-133.527939
30064.453125	-131.088211
30070.312500	-122.085686
30076.171875	-106.985634
30082.031250	-100.022560
30087.890625	-99.959709
30093.750000	-106.705513
30099.609375	-121.744186
30105.468750	-137.329575
30111.328125	-128.936600
30117.187500	-114.009499
30123.046875	-108.152725
30128.906250	-109.208313
30134.765625	-116.226547
30140.625000	-119.445557
30146.484375	-123.826691
30152.343750	-132.974716
30158.203125	-135.928650
30164.062500	-138.512344
30169.921875	-135.952515
30175.781250	-131.859909
30181.640625	-118.113426
30187.500000	-104.824715
30193.359375	-99.512131
30199.218750	-100.961540
30205.078125	-109.414742
30210.937500	-126.772316
30216.796875	-137.511688
30222.656250	-122.763390
30228.515625	-111.618507
30234.375000	-107.674728
30240.234375	-110.316162
30246.093750	-117.936226
30251.953125	-120.120743
30257.812500	-125.997131
30263.671875	-136.420837
30269.531250	-138.054169
30275.390625	-136.618927
30281.250000	-135.030975
30287.109375	-130.534836
30292.968750	-114.253464
30298.828125	-103.075989
30304.687500	-99.380463
30310.546875	-102.398415
30316.406250	-112.883827
30322.265625	-135.256012
30328.125000	-138.101410
30333.984375	-119.854477
30339.843750	-110.093384
30345.703125	-107.509880
30351.562500	-111.520630
30357.421875	-118.811104
30363.281250	-120.812607
30369.140625	-127.739418
30375.000000	-133.832733
30380.859375	-135.454605
30386.718750	-135.786438
30392.578125	-134.251770
30398.437500	-128.074402
30404.296875	-110.936089
30410.156250	-101.634964
30416.015625	-99.469322
30421.875000	-103.954384
30427.734375	-115.853424
30433.593750	-134.034790
30439.453125	-132.032364
30445.312500	-116.715210
30451.171875	-108.894836
30457.031250	-107.919319
30462.890625	-113.361702
30468.750000	-118.736481
30474.609375	-121.326080
30480.468750	-129.969818
30486.328125	-132.732101
30492.187500	-133.558914
30498.046875	-135.370758
30503.906250	-134.796768
30509.765625	-124.440315
30515.625000	-108.283752
30521.484375	-100.679810
30527.343750	-100.019630
30533.203125	-106.141205
30539.062500	-120.405396
30544.921875	-139.173660
30550.781250	-127.772881
30556.640625	-114.114838
30562.500000	-107.931274
30568.359375	-108.468178
30574.218750	-115.309937
30580.078125	-119.737183
30585.937500	-123.536224
30591.796875	-132.499786
30597.656250	-132.530853
30603.515625	-134.327057
30609.375000	-138.815598
30615.234375	-136.683533
30621.093750	-120.469330
30626.953125	-106.072510
30632.812500	-100.089882
30638.671875	-100.943710
30644.531250	-108.849617
30650.390625	-126.360542
30656.250000	-137.306198
30662.109375	-123.973686
30667.968750	-112.094635
30673.828125	-107.486275
30679.687500	-109.553703
30685.546875	-117.072289
30691.406250	-119.711281
30697.265625	-125.354507
30703.125000	-134.875290
30708.984375	-135.120865
30714.843750	-135.910492
30720.703125	-137.523911
30726.562500	-132.657654
30732.421875	-116.537575
30738.281250	-104.174362
30744.140625	-99.772385
30750.000000	-102.123512
30755.859375	-111.761696
30761.718750	-131.685577
30767.578125	-137.857712
30773.437500	-121.110748
30779.296875	-110.555702
30785.156250	-107.374786
30791.015625	-110.853790
30796.875000	-118.313431
30802.734375	-120.306076
30808.593750	-126.960945
30814.453125	-137.348404
30820.312500	-137.810608
30826.171875	-137.924667
30832.031250	-139.103928
30837.890625	-130.605789
30843.750000	-112.766518
30849.609375	-102.595818
30855.468750	-99.790314
30861.328125	-103.696968
30867.187500	-115.236702
30873.046875	-135.930634
30878.906250	-134.655594
30884.765625	-117.924881
30890.625000	-109.073120
30896.484375	-107.405998
30902.343750	-112.176804
30908.203125	-118.682953
30914.062500	-121.311241
30919.921875	-128.822250
30925.781250	-134.114334
30931.640625	-135.888397
30937.500000	-139.433304
30943.359375	-135.236923
30949.218750	-126.882523
30955.078125	-109.886497
30960.937500	-101.491905
30966.796875	-100.189316
30972.656250	-105.625092
30978.515625	-118.800758
30984.375000	-135.429184
30990.234375	-130.493576
30996.093750	-115.225243
31001.953125	-108.161011
31007.812500	-108.025574
31013.671875	-114.390472
31019.531250	-119.821091
31025.390625	-122.803238
31031.250000	-130.464127
31037.109375	-133.615265
31042.968750	-136.456833
31048.828125	-137.298843
31054.687500	-135.195404
31060.546875	-121.779396
31066.406250	-107.212112
31072.265625	-100.639191
31078.125000	-100.872711
31083.984375	-107.970169
31089.843750	-123.512482
31095.703125	-137.999634
31101.562500	-126.162910
31107.421875	-112.751518
31113.281250	-107.346916
31119.140625	-108.722000
31125.000000	-116.283554
31130.859375	-120.621796
31136.718750	-125.442505
31142.578125	-134.515549
31148.437500	-135.118591
31154.296875	-136.722122
31160.156250	-135.763351
31166.015625	-132.972855
31171.875000	-118.478371
31177.734375	-105.322662
31183.593750	-100.269630
31189.453125	-101.992966
31195.312500	-110.813942
31201.171875	-128.712631
31207.031250	-139.650085
31212.890625	-122.293816
31218.750000	-110.836967
31224.609375	-107.027885
31230.468750	-109.935204
31236.328125	-118.463173
31242.187500	-121.486115
31248.046875	-126.970505
31253.906250	-132.615250
31259.765625	-134.363892
31265.625000	-137.252579
31271.484375	-138.334854
31277.343750	-132.121368
31283.203125	-114.472420
31289.062500	-103.570633
31294.921875	-100.132774
31300.781250	-103.394455
31306.640625	-114.076584
31312.500000	-135.010574
31318.359375	-137.606537
31324.218750	-118.813950
31330.078125	-109.394203
31335.937500	-107.144363
31341.796875	-111.508255
31347.656250	-119.124908
31353.515625	-121.712158
31359.375000	-129.920883
31365.234375	-134.430344
31371.093750	-135.710480
31376.953125	-137.526062
31382.812500	-137.096390
31388.671875	-131.274689
31394.531250	-111.523590
31400.390625	-102.285583
31406.250000	-100.344810
31412.109375	-105.113625
31417.968750	-117.531631
31423.828125	-139.181122
31429.687500	-132.706039
31435.546875	-115.814064
31441.406250	-108.090179
31447.265625	-107.300949
31453.125000	-113.058052
31458.984375	-120.128860
31464.843750	-123.337631
31470.703125	-132.991928
31476.562500	-137.055054
31482.421875	-138.086365
31488.281250	-138.191406
31494.140625	-133.187912
31500.000000	-124.383820
31505.859375	-108.709091
31511.718750	-101.339615
31517.578125	-100.936012
31523.437500	-107.357872
31529.296875	-122.163315
31535.156250	-138.775040
31541.015625	-126.609200
31546.875000	-113.223648
31552.734375	-107.249069
31558.593750	-107.994110
31564.453125	-115.083290
31570.312500	-120.437050
31576.171875	-124.756546
31582.031250	-135.770447
31587.890625	-137.044968
31593.750000	-135.545395
31599.609375	-137.167404
31605.468750	-135.419754
31611.328125	-120.315376
31617.187500	-106.375267
31623.046875	-100.698174
31628.906250	-101.821747
31634.765625	-110.010742
31640.625000	-127.200798
31646.484375	-138.390686
31652.343750	-123.469368
31658.203125	-111.273453
31664.062500	-106.843376
31669.921875	-109.140083
31675.781250	-117.386368
31681.640625	-121.007607
31687.500000	-126.041245
31693.359375	-133.215881
31699.218750	-134.036591
31705.078125	-135.901566
31710.937500	-136.593781
31716.796875	-132.037537
31722.656250	-116.513145
31728.515625	-104.573654
31734.375000	-100.447121
31740.234375	-103.067520
31746.093750	-113.029083
31751.953125	-132.436310
31757.812500	-138.593170
31763.671875	-119.718323
31769.531250	-109.460739
31775.390625	-106.545570
31781.250000	-110.208855
31787.109375	-118.780449
31792.968750	-122.231224
31798.828125	-128.410690
31804.687500	-134.740265
31810.546875	-135.255417
31816.406250	-135.717331
31822.265625	-136.219788
31828.125000	-130.450455
31833.984375	-112.961525
31839.843750	-103.083687
31845.703125	-100.524460
31851.562500	-104.671524
31857.421875	-116.407402
31863.281250	-138.192780
31869.140625	-134.661285
31875.000000	-116.853294
31880.859375	-108.321770
31886.718750	-106.922379
31892.578125	-112.191147
31898.437500	-120.749664
31904.296875	-124.160240
31910.156250	-133.019623
31916.015625	-135.880829
31921.875000	-133.768936
31927.734375	-134.081970
31933.593750	-134.600433
31939.453125	-127.089348
31945.312500	-110.025902
31951.171875	-101.937225
31957.031250	-100.909561
31962.890625	-106.659401
31968.750000	-120.522064
31974.609375	-141.552399
31980.468750	-127.882462
31986.328125	-113.656380
31992.187500	-107.058327
31998.046875	-107.228409
32003.906250	-113.992973
32009.765625	-121.004921
32015.625000	-124.700470
32021.484375	-135.293594
32027.343750	-139.044342
32033.203125	-138.505630
32039.062500	-137.481979
32044.921875	-134.234848
32050.781250	-122.788971
32056.640625	-107.630730
32062.500000	-101.206665
32068.359375	-101.668045
32074.218750	-109.031616
32080.078125	-124.922356
32085.937500	-141.322617
32091.796875	-124.532326
32097.656250	-111.565895
32103.515625	-106.458801
32109.375000	-108.083656
32115.234375	-116.077621
32121.093750	-121.757195
32126.953125	-126.697098
32132.812500	-133.585983
32138.671875	-133.145248
32144.531250	-134.507523
32150.390625	-137.381073
32156.250000	-134.801041
32162.109375	-118.220909
32167.968750	-105.563675
32173.828125	-100.819046
32179.687500	-102.795700
32185.546875	-111.855713
32191.406250	-129.930359
32197.265625	-135.610535
32203.125000	-120.277428
32208.984375	-109.571594
32214.843750	-106.088791
32220.703125	-109.191032
32226.562500	-117.823181
32232.421875	-121.759949
32238.281250	-127.984680
32244.140625	-137.376297
32250.000000	-137.273621
32255.859375	-136.029846
32261.718750	-137.259338
32267.578125	-132.424271
32273.437500	-114.541016
32279.296875	-103.911667
32285.156250	-100.716301
32291.015625	-104.201324
32296.875000	-115.029167
32302.734375	-134.129684
32308.593750	-134.317108
32314.453125	-117.264915
32320.312500	-108.168839
32326.171875	-106.169106
32332.031250	-110.812675
32337.890625	-119.863007
32343.750000	-123.411613
32349.609375	-130.939377
32355.468750	-134.161148
32361.328125	-136.017883
32367.187500	-136.957550
32373.046875	-134.465637
32378.906250	-127.877350
32384.765625	-111.378876
32390.625000	-102.651527
32396.484375	-101.044716
32402.343750	-106.199257
32408.203125	-119.347397
32414.062500	-138.417709
32419.921875	-130.423492
32425.781250	-114.328468
32431.640625	-107.012070
32437.500000	-106.563606
32443.359375	-112.867393
32449.218750	-121.597221
32455.078125	-125.098984
32460.937500	-134.584412
32466.796875	-138.767212
32472.656250	-136.291824
32478.515625	-135.119812
32484.375000	-131.910568
32490.234375	-124.249664
32496.093750	-108.827087
32501.953125	-101.726547
32507.812500	-101.567772
32513.671875	-108.234650
32519.531250	-122.951286
32525.390625	-138.825531
32531.250000	-125.816360
32537.109375	-111.862152
32542.968750	-106.164383
32548.828125	-107.179352
32554.687500	-114.789108
32560.546875	-122.072983
32566.406250	-126.180611
32572.265625	-132.927567
32578.125000	-133.989243
32583.984375	-134.803482
32589.843750	-135.450058
32595.703125	-133.979538
32601.562500	-121.020218
32607.421875	-106.747269
32613.281250	-101.219955
32619.140625	-102.560715
32625.000000	-110.983376
32630.859375	-128.800507
32636.718750	-139.729507
32642.578125	-121.928993
32648.437500	-110.090218
32654.296875	-105.924065
32660.156250	-108.509071
32666.015625	-117.468987
32671.875000	-122.403717
32677.734375	-127.862869
32683.593750	-134.467422
32689.453125	-135.584610
32695.312500	-135.767365
32701.171875	-137.102509
32707.031250	-133.309952
32712.890625	-116.450958
32718.750000	-104.862137
32724.609375	-101.023537
32730.468750	-103.928879
32736.328125	-114.232613
32742.187500	-134.311234
32748.046875	-134.984787
32753.906250	-118.208015
32759.765625	-108.321983
32765.625000	-105.675995
32771.484375	-109.716278
32777.343750	-119.191277
32783.203125	-123.187637
32789.062500	-130.648102
32794.921875	-134.452301
32800.781250	-135.067444
32806.640625	-136.347244
32812.500000	-135.140564
32818.359375	-130.159332
32824.218750	-112.772438
32830.078125	-103.285049
32835.937500	-101.034256
32841.796875	-105.524307
32847.656250	-117.973824
32853.515625	-140.686356
32859.375000	-132.268539
32865.234375	-115.201515
32871.093750	-106.979378
32876.953125	-105.840401
32882.812500	-111.390762
32888.671875	-121.155113
32894.531250	-124.961082
32900.390625	-132.575638
32906.250000	-135.985992
32912.109375	-135.363602
32917.968750	-136.255524
32923.828125	-137.211594
32929.687500	-127.028236
32935.546875	-110.023926
32941.406250	-102.259254
32947.265625	-101.490692
32953.125000	-107.517746
32958.984375	-121.593239
32964.843750	-137.556885
32970.703125	-126.941528
32976.562500	-112.398666
32982.421875	-105.963631
32988.281250	-106.342804
32994.140625	-113.250671
33000.000000	-121.411659
33005.859375	-125.756889
33011.718750	-135.081802
33017.578125	-138.936035
33023.437500	-137.933975
33029.296875	-139.272659
33035.156250	-136.810150
33041.015625	-121.951591
33046.875000	-107.602539
33052.734375	-101.524658
33058.593750	-102.273903
33064.453125	-110.004585
33070.312500	-126.745621
33076.171875	-142.199554
33082.031250	-123.076820
33087.890625	-110.262978
33093.750000	-105.423271
33099.609375	-107.314079
33105.468750	-115.806053
33111.328125	-122.681168
33117.187500	-128.055649
33123.046875	-137.459793
33128.906250	-135.244156
33134.765625	-133.627365
33140.625000	-135.589096
33146.484375	-135.491318
33152.343750	-117.893501
33158.203125	-105.659546
33164.062500	-101.206871
33169.921875	-103.462708
33175.781250	-112.848618
33181.640625	-130.849762
33187.500000	-136.412872
33193.359375	-118.997604
33199.218750	-108.344185
33205.078125	-105.097176
33210.937500	-108.544632
33216.796875	-118.454567
33222.656250	-124.212517
33228.515625	-131.166168
33234.375000	-136.509384
33240.234375	-138.717041
33246.093750	-139.933960
33251.953125	-136.183899
33257.812500	-130.660446
33263.671875	-114.048866
33269.531250	-103.951538
33275.390625	-101.102730
33281.250000	-104.920845
33287.109375	-116.271011
33292.968750	-136.683044
33298.828125	-132.999664
33304.687500	-115.671951
33310.546875	-106.868614
33316.406250	-105.125626
33322.265625	-110.036026
33328.125000	-120.168808
33333.984375	-125.218002
33339.843750	-134.954224
33345.703125	-138.358002
33351.562500	-136.898209
33357.421875	-137.365875
33363.281250	-138.841827
33369.140625	-129.141205
33375.000000	-111.387611
33380.859375	-102.851013
33386.718750	-101.475388
33392.578125	-106.899002
33398.437500	-120.504211
33404.296875	-139.691284
33410.156250	-128.637268
33416.015625	-112.850853
33421.875000	-105.757187
33427.734375	-105.530037
33433.593750	-112.056953
33439.453125	-122.368309
33445.312500	-127.380310
33451.171875	-136.883850
33457.031250	-137.335785
33462.890625	-139.423813
33468.750000	-137.463974
33474.609375	-134.561310
33480.468750	-124.398727
33486.328125	-108.846359
33492.187500	-102.035652
33498.046875	-102.155701
33503.906250	-109.148506
33509.765625	-124.709129
33515.625000	-140.370087
33521.484375	-123.559502
33527.343750	-110.398773
33533.203125	-105.019478
33539.062500	-106.341293
33544.921875	-114.492920
33550.781250	-122.749352
33556.640625	-127.684898
33562.500000	-135.464905
33568.359375	-134.979080
33574.218750	-136.859909
33580.078125	-138.884705
33585.937500	-134.691162
33591.796875	-119.453308
33597.656250	-106.563507
33603.515625	-101.490509
33609.375000	-103.146042
33615.234375	-111.905724
33621.093750	-130.535553
33626.953125	-141.080551
33632.812500	-119.880852
33638.671875	-108.433998
33644.531250	-104.536743
33650.390625	-107.311180
33656.250000	-116.656853
33662.109375	-123.446793
33667.968750	-129.243042
33673.828125	-135.599152
33679.687500	-135.818222
33685.546875	-133.905136
33691.406250	-134.735809
33697.265625	-133.894150
33703.125000	-116.038376
33708.984375	-104.879173
33714.843750	-101.337097
33720.703125	-104.494675
33726.562500	-115.030037
33732.421875	-133.885315
33738.281250	-134.416641
33744.140625	-116.341843
33750.000000	-106.748398
33755.859375	-104.385757
33761.718750	-108.677544
33767.578125	-118.966705
33773.437500	-124.236412
33779.296875	-131.095490
33785.156250	-139.551361
33791.015625	-135.596725
33796.875000	-134.214157
33802.734375	-135.555237
33808.593750	-130.761398
33814.453125	-112.822144
33820.312500	-103.559204
33826.171875	-101.553879
33832.031250	-106.342743
33837.890625	-119.292824
33843.750000	-142.048233
33849.609375	-129.702927
33855.468750	-113.327698
33861.328125	-105.574806
33867.187500	-104.764305
33873.046875	-110.709595
33878.906250	-121.734421
33884.765625	-125.749374
33890.625000	-133.031097
33896.484375	-135.993713
33902.343750	-135.960464
33908.203125	-136.148270
33914.062500	-135.006989
33919.921875	-126.751625
33925.781250	-110.200897
33931.640625	-102.668900
33937.500000	-102.153214
33943.359375	-108.482605
33949.218750	-123.109863
33955.078125	-137.863342
33960.937500	-125.447197
33966.796875	-110.803894
33972.656250	-104.607002
33978.515625	-105.277847
33984.375000	-112.760086
33990.234375	-122.595062
33996.093750	-127.617386
34001.953125	-137.774353
34007.812500	-137.030365
34013.671875	-139.096283
34019.531250	-142.044403
34025.390625	-136.903687
34031.250000	-122.244347
34037.109375	-107.827950
34042.968750	-101.957405
34048.828125	-102.913948
34054.687500	-110.770042
34060.546875	-126.600136
34066.406250	-136.843384
34072.265625	-120.000610
34078.125000	-108.387405
34083.984375	-103.969604
34089.843750	-106.210419
34095.703125	-115.341171
34101.562500	-123.612648
34107.421875	-128.902130
34113.281250	-135.753738
34119.140625	-134.305115
34125.000000	-134.425552
34130.859375	-139.188995
34136.718750	-135.521820
34142.578125	-117.782753
34148.437500	-105.967735
34154.296875	-101.796631
34160.156250	-104.302818
34166.015625	-113.951599
34171.875000	-132.257355
34177.734375	-135.560364
34183.593750	-117.002937
34189.453125	-106.711884
34195.312500	-103.718765
34201.171875	-107.369232
34207.031250	-117.383827
34212.890625	-123.704498
34218.750000	-130.224365
34224.609375	-134.736481
34230.468750	-135.181595
34236.328125	-134.732468
34242.187500	-136.090607
34248.046875	-132.491989
34253.906250	-114.619308
34259.765625	-104.507111
34265.625000	-101.828636
34271.484375	-105.872238
34277.343750	-117.411644
34283.203125	-135.925171
34289.062500	-131.677261
34294.921875	-113.896538
34300.781250	-105.311020
34306.640625	-103.832718
34312.500000	-109.081429
34318.359375	-120.233047
34324.218750	-125.733612
34330.078125	-133.578049
34335.937500	-135.922363
34341.796875	-135.678787
34347.656250	-136.619446
34353.515625	-136.446121
34359.375000	-127.648865
34365.234375	-111.390816
34371.093750	-103.298035
34376.953125	-102.211578
34382.812500	-107.869576
34388.671875	-121.569366
34394.531250	-142.474014
34400.390625	-125.711960
34406.250000	-110.885330
34412.109375	-104.198448
34417.968750	-104.256279
34423.828125	-111.087158
34429.687500	-121.821754
34435.546875	-125.967346
34441.406250	-132.074921
34447.265625	-134.045410
34453.125000	-133.482498
34458.984375	-134.788193
34464.843750	-135.288773
34470.703125	-124.170067
34476.562500	-109.089485
34482.421875	-102.589760
34488.281250	-102.990417
34494.140625	-110.304718
34500.000000	-126.642639
34505.859375	-143.819778
34511.718750	-122.047615
34517.578125	-108.629921
34523.437500	-103.400002
34529.296875	-104.958679
34535.156250	-113.511116
34541.015625	-123.491699
34546.875000	-128.656662
34552.734375	-136.173386
34558.593750	-135.125763
34564.453125	-134.759933
34570.312500	-136.311035
34576.171875	-134.995331
34582.031250	-120.011101
34587.890625	-107.043213
34593.750000	-102.172630
34599.609375	-104.069061
34605.468750	-113.075798
34611.328125	-130.740967
34617.187500	-137.856888
34623.046875	-117.643845
34628.906250	-106.576004
34634.765625	-102.979797
34640.625000	-106.087791
34646.484375	-116.206047
34652.343750	-124.310997
34658.203125	-130.675659
34664.062500	-139.109070
34669.921875	-137.998337
34675.781250	-136.955597
34681.640625	-137.718872
34687.500000	-133.802124
34693.359375	-116.104149
34699.218750	-105.421227
34705.078125	-102.173103
34710.937500	-105.632431
34716.796875	-116.510986
34722.656250	-135.287125
34728.515625	-132.712509
34734.375000	-114.175247
34740.234375	-104.943100
34746.093750	-102.848846
34751.953125	-107.442810
34757.812500	-118.556442
34763.671875	-125.050430
34769.531250	-132.953018
34775.390625	-137.971893
34781.250000	-138.602081
34787.109375	-140.390015
34792.968750	-137.278809
34798.828125	-130.305740
34804.687500	-113.138145
34810.546875	-104.209984
34816.406250	-102.460365
34822.265625	-107.455536
34828.125000	-120.279091
34833.984375	-140.165497
34839.843750	-128.638992
34845.703125	-111.318527
34851.562500	-103.666893
34857.421875	-103.065819
34863.281250	-109.269928
34869.140625	-121.220917
34875.000000	-127.069748
34880.859375	-136.502640
34886.718750	-137.077179
34892.578125	-135.292145
34898.437500	-135.490723
34904.296875	-136.792435
34910.156250	-127.145966
34916.015625	-110.483841
34921.875000	-103.283646
34927.734375	-103.063004
34933.593750	-109.783852
34939.453125	-125.347717
34945.312500	-141.250565
34951.171875	-122.891701
34957.031250	-108.575279
34962.890625	-102.705811
34968.750000	-103.650963
34974.609375	-111.473862
34980.468750	-122.613892
34986.328125	-127.277672
34992.187500	-135.000107
34998.046875	-137.587296
35003.906250	-135.481125
35009.765625	-135.627457
35015.625000	-135.548569
35021.484375	-121.765862
35027.343750	-108.197716
35033.203125	-102.712524
35039.062500	-103.980042
35044.921875	-112.309135
35050.781250	-130.045258
35056.640625	-139.240036
35062.500000	-118.143364
35068.359375	-106.339691
35074.218750	-102.120491
35080.078125	-104.593102
35085.937500	-114.099113
35091.796875	-123.775856
35097.656250	-128.751617
35103.515625	-135.405060
35109.375000	-136.166397
35115.234375	-137.734177
35121.093750	-139.736084
35126.953125	-135.987305
35132.812500	-118.347878
35138.671875	-106.448929
35144.531250	-102.485535
35150.390625	-105.272217
35156.250000	-115.333237
35162.109375	-133.620010
35167.968750	-132.672791
35173.828125	-114.415718
35179.687500	-104.526146
35185.546875	-101.826614
35191.406250	-105.766647
35197.265625	-116.564171
35203.125000	-125.350952
35208.984375	-131.843094
35214.843750	-137.789841
35220.703125	-136.715683
35226.562500	-135.702225
35232.421875	-135.595978
35238.281250	-132.127762
35244.140625	-114.750069
35250.000000	-105.058525
35255.859375	-102.691658
35261.718750	-107.033920
35267.578125	-119.008888
35273.437500	-138.519501
35279.296875	-128.838638
35285.156250	-111.254417
35291.015625	-103.035309
35296.875000	-101.833954
35302.734375	-107.357658
35308.593750	-119.514175
35314.453125	-126.479820
35320.312500	-134.620102
35326.171875	-136.784119
35332.031250	-134.172836
35337.890625	-133.397186
35343.750000	-134.052628
35349.609375	-128.293640
35355.468750	-111.808090
35361.328125	-103.942741
35367.187500	-103.100800
35373.046875	-109.046341
35378.906250	-123.251244
35384.765625	-143.019501
35390.625000	-123.648438
35396.484375	-108.512772
35402.343750	-101.959084
35408.203125	-102.240669
35414.062500	-109.276733
35419.921875	-121.242630
35425.781250	-127.356712
35431.640625	-136.849365
35437.500000	-136.563385
35443.359375	-135.231476
35449.218750	-136.248169
35455.078125	-135.677475
35460.937500	-124.114594
35466.796875	-109.493629
35472.656250	-103.322639
35478.515625	-103.977982
35484.375000	-111.532036
35490.234375	-127.863373
35496.093750	-137.466888
35501.953125	-118.664078
35507.812500	-106.000633
35513.671875	-101.110649
35519.531250	-102.918549
35525.390625	-111.750931
35531.250000	-123.905807
35537.109375	-130.065308
35542.968750	-135.903976
35548.828125	-134.285217
35554.687500	-134.454315
35560.546875	-136.506866
35566.406250	-136.543060
35572.265625	-119.845985
35578.125000	-107.573807
35583.984375	-103.050255
35589.843750	-105.239059
35595.703125	-114.563667
35601.562500	-132.759232
35607.421875	-134.942795
35613.281250	-114.741402
35619.140625	-103.991631
35625.000000	-100.649834
35630.859375	-103.992653
35636.718750	-114.489296
35642.578125	-124.318176
35648.437500	-130.204590
35654.296875	-138.688721
35660.156250	-138.939041
35666.015625	-135.614258
35671.875000	-134.553635
35677.734375	-133.664795
35683.593750	-116.482544
35689.453125	-106.042267
35695.312500	-103.076408
35701.171875	-106.839249
35707.031250	-118.331718
35712.890625	-139.122086
35718.750000	-129.557632
35724.609375	-111.216469
35730.468750	-102.258476
35736.328125	-100.436562
35742.187500	-105.348038
35748.046875	-117.422462
35753.906250	-125.840378
35759.765625	-133.407379
35765.625000	-138.000549
35771.484375	-134.504578
35777.343750	-133.921432
35783.203125	-135.754852
35789.062500	-130.645676
35794.921875	-113.448914
35800.781250	-104.895760
35806.640625	-103.414192
35812.500000	-108.621384
35818.359375	-121.404121
35824.218750	-139.666412
35830.078125	-124.178627
35835.937500	-108.220703
35841.796875	-101.007812
35847.656250	-100.706169
35853.515625	-107.215462
35859.375000	-120.284348
35865.234375	-127.333221
35871.093750	-135.070236
35876.953125	-135.924179
35882.812500	-135.723541
35888.671875	-136.868896
35894.531250	-136.720795
35900.390625	-126.042648
35906.250000	-110.843498
35912.109375	-104.055267
35917.968750	-104.124344
35923.828125	-111.138596
35929.687500	-126.985947
35935.546875	-143.471191
35941.406250	-119.437660
35947.265625	-105.509071
35953.125000	-99.915031
35958.984375	-101.114479
35964.843750	-109.300491
35970.703125	-122.649155
35976.562500	-128.113251
35982.421875	-135.074951
35988.281250	-135.382263
35994.140625	-133.197037
36000.000000	-133.192078
36005.859375	-134.404922
36011.718750	-122.468330
36017.578125	-108.829819
36023.437500	-103.573532
36029.296875	-105.077942
36035.156250	-113.532669
36041.015625	-129.953751
36046.875000	-135.565292
36052.734375	-114.897293
36058.593750	-103.228432
36064.453125	-99.214378
36070.312500	-101.936050
36076.171875	-111.880127
36082.031250	-124.737457
36087.890625	-131.207230
36093.750000	-138.040207
36099.609375	-135.639648
36105.468750	-134.097427
36111.328125	-134.571335
36117.187500	-134.008438
36123.046875	-118.401855
36128.906250	-107.103271
36134.765625	-103.456802
36140.625000	-106.520035
36146.484375	-116.936073
36152.343750	-135.844696
36158.203125	-131.227509
36164.062500	-110.843483
36169.921875	-101.151817
36175.781250	-98.716797
36181.640625	-102.993240
36187.500000	-114.751839
36193.359375	-125.889717
36199.218750	-131.924866
36205.078125	-135.549438
36210.937500	-134.293030
36216.796875	-133.290329
36222.656250	-134.032852
36228.515625	-131.634689
36234.375000	-115.105766
36240.234375	-105.781883
36246.093750	-103.694077
36251.953125	-108.323845
36257.812500	-120.562691
36263.671875	-136.880859
36269.531250	-124.280289
36275.390625	-107.465538
36281.250000	-99.554497
36287.109375	-98.640732
36292.968750	-104.529266
36298.828125	-117.752632
36304.687500	-125.801910
36310.546875	-132.761948
36316.406250	-136.470459
36322.265625	-135.749115
36328.125000	-134.821121
36333.984375	-132.624634
36339.843750	-127.101204
36345.703125	-112.380676
36351.562500	-104.813339
36357.421875	-104.236000
36363.281250	-110.484413
36369.140625	-125.154724
36375.000000	-144.036377
36380.859375	-119.643669
36386.718750	-104.554527
36392.578125	-98.237213
36398.437500	-98.794640
36404.296875	-106.292824
36410.156250	-120.287666
36416.015625	-127.478043
36421.875000	-135.903763
36427.734375	-133.758759
36433.593750	-131.702118
36439.453125	-133.192551
36445.312500	-133.022964
36451.171875	-123.799095
36457.031250	-110.065125
36462.890625	-104.196205
36468.750000	-105.151009
36474.609375	-113.134460
36480.468750	-130.112518
36486.328125	-138.181992
36492.187500	-114.227760
36498.046875	-101.739502
36503.906250	-97.103943
36509.765625	-99.187744
36515.625000	-108.406082
36521.484375	-122.918243
36527.343750	-129.856613
36533.203125	-138.144531
36539.062500	-137.948929
36544.921875	-138.083633
36550.781250	-136.987411
36556.640625	-133.036163
36562.500000	-120.452080
36568.359375	-108.339905
36574.218750	-104.040199
36580.078125	-106.470459
36585.937500	-116.056732
36591.796875	-134.003708
36597.656250	-130.891800
36603.515625	-109.724579
36609.375000	-99.302361
36615.234375	-96.232521
36621.093750	-99.847038
36626.953125	-110.818970
36632.812500	-124.617477
36638.671875	-131.747223
36644.531250	-140.859680
36650.390625	-138.717468
36656.250000	-136.347336
36662.109375	-133.868073
36667.968750	-130.239731
36673.828125	-116.862579
36679.687500	-106.740005
36685.546875	-104.011848
36691.406250	-108.000420
36697.265625	-119.557411
36703.125000	-137.961731
36708.984375	-123.815659
36714.843750	-105.653503
36720.703125	-97.031898
36726.562500	-95.485313
36732.421875	-100.698090
36738.281250	-113.723709
36744.140625	-127.644234
36750.000000	-137.204849
36755.859375	-139.227737
36761.718750	-136.291367
36767.578125	-134.825546
36773.437500	-132.268982
36779.296875	-127.538605
36785.156250	-113.751801
36791.015625	-105.590469
36796.875000	-104.383804
36802.734375	-109.861023
36808.593750	-123.034866
36814.453125	-140.387070
36820.312500	-117.230423
36826.171875	-101.706635
36832.031250	-94.800499
36837.890625	-94.762024
36843.750000	-101.612648
36849.609375	-116.763351
36855.468750	-128.376846
36861.328125	-137.374374
36867.187500	-138.316910
36873.046875	-136.371384
36878.906250	-133.906708
36884.765625	-128.957123
36890.625000	-124.560585
36896.484375	-111.554680
36902.343750	-104.981285
36908.203125	-105.297653
36914.062500	-112.563766
36919.921875	-128.035172
36925.781250	-133.834808
36931.640625	-109.669411
36937.500000	-96.493530
36943.359375	-91.229477
36949.218750	-92.700165
36955.078125	-101.247520
36960.937500	-118.612282
36966.796875	-129.267380
36972.656250	-137.244308
36978.515625	-137.718643
36984.375000	-134.925079
36990.234375	-125.662804
36996.093750	-118.044968
37001.953125	-116.187286
37007.812500	-109.378258
37013.671875	-104.540421
37019.531250	-106.337570
37025.390625	-115.203667
37031.250000	-131.421509
37037.109375	-129.496002
37042.968750	-105.637207
37048.828125	-94.353798
37054.687500	-90.643272
37060.546875	-93.646118
37066.406250	-104.108765
37072.265625	-123.433853
37078.125000	-131.599716
37083.984375	-140.903412
37089.843750	-137.802979
37095.703125	-134.064011
37101.562500	-132.247589
37107.421875	-129.058899
37113.281250	-118.500351
37119.140625	-107.888184
37125.000000	-104.525742
37130.859375	-107.875626
37136.718750	-118.729332
37142.578125	-139.800934
37148.437500	-124.153374
37154.296875	-104.984283
37160.156250	-95.628731
37166.015625	-93.459518
37171.875000	-98.029678
37177.734375	-110.528633
37183.593750	-127.094063
37189.453125	-134.733383
37195.312500	-139.261932
37201.171875	-136.242126
37207.031250	-135.256348
37212.890625	-132.986649
37218.750000	-128.750031
37224.609375	-115.464905
37230.468750	-106.547752
37236.328125	-104.702477
37242.187500	-109.544662
37248.046875	-121.807587
37253.906250	-137.081467
37259.765625	-119.567894
37265.625000	-103.273064
37271.484375	-95.710503
37277.343750	-95.058723
37283.203125	-101.239777
37289.062500	-115.695694
37294.921875	-127.182785
37300.781250	-134.169769
37306.640625	-135.301865
37312.500000	-134.137619
37318.359375	-135.870056
37324.218750	-134.476273
37330.078125	-127.116814
37335.937500	-112.875328
37341.796875	-105.677994
37347.656250	-105.368340
37353.515625	-111.850067
37359.375000	-126.293396
37365.234375	-138.905869
37371.093750	-116.049301
37376.953125	-101.772179
37382.812500	-95.816628
37388.671875	-96.675453
37394.531250	-104.617386
37400.390625	-120.944008
37406.250000	-128.595535
37412.109375	-138.985352
37417.968750	-138.765121
37423.828125	-134.365570
37429.687500	-134.285690
37435.546875	-134.454483
37441.406250	-124.072128
37447.265625	-110.817406
37453.125000	-105.231041
37458.984375	-106.443672
37464.843750	-114.696892
37470.703125	-132.004395
37476.562500	-135.241516
37482.421875	-112.400681
37488.281250	-100.416702
37494.140625	-96.083817
37500.000000	-98.454811
37505.859375	-108.153229
37511.718750	-124.518166
37517.578125	-130.038162
37523.437500	-136.141678
37529.296875	-136.114594
37535.156250	-135.306946
37541.015625	-136.552872
37546.875000	-135.383865
37552.734375	-120.315704
37558.593750	-108.948570
37564.453125	-105.003258
37570.312500	-107.757629
37576.171875	-117.865967
37582.031250	-137.670197
37587.890625	-130.168671
37593.750000	-109.581802
37599.609375	-99.450523
37605.468750	-96.647957
37611.328125	-100.571083
37617.187500	-112.195930
37623.046875	-126.325386
37628.906250	-131.913895
37634.765625	-137.662750
37640.625000	-136.944168
37646.484375	-136.003357
37652.343750	-137.216248
37658.203125	-135.786407
37664.062500	-117.478676
37669.921875	-107.607285
37675.781250	-105.143921
37681.640625	-109.426010
37687.500000	-121.548683
37693.359375	-142.395157
37699.218750	-124.498528
37705.078125	-107.046669
37710.937500	-98.744141
37716.796875	-97.474129
37722.656250	-103.027603
37728.515625	-116.704468
37734.375000	-127.400330
37740.234375	-135.839294
37746.093750	-137.431534
37751.953125	-135.061493
37757.812500	-135.038437
37763.671875	-137.580566
37769.531250	-130.013382
37775.390625	-114.383255
37781.250000	-106.548523
37787.109375	-105.634880
37792.968750	-111.532379
37798.828125	-125.834076
37804.687500	-144.448456
37810.546875	-119.712234
37816.406250	-104.842964
37822.265625	-98.273422
37828.125000	-98.527313
37833.984375	-105.759430
37839.843750	-121.462997
37845.703125	-129.479706
37851.562500	-137.143188
37857.421875	-137.182739
37863.281250	-135.890121
37869.140625	-136.277252
37875.000000	-139.389954
37880.859375	-126.575691
37886.718750	-112.035057
37892.578125	-105.788383
37898.437500	-106.342628
37904.296875	-113.794533
37910.156250	-129.303635
37916.015625	-141.617188
37921.875000	-116.221169
37927.734375	-103.178879
37933.593750	-98.165138
37939.453125	-99.908249
37945.312500	-108.845665
37951.171875	-124.027855
37957.031250	-129.933655
37962.890625	-141.232651
37968.750000	-138.688904
37974.609375	-135.925659
37980.468750	-137.702835
37986.328125	-137.389725
37992.187500	-122.034882
37998.046875	-110.052200
38003.906250	-105.507652
38009.765625	-107.666908
38015.625000	-117.269463
38021.484375	-138.249634
38027.343750	-133.279846
38033.203125	-112.816879
38039.062500	-101.845795
38044.921875	-98.401962
38050.781250	-101.715553
38056.640625	-112.704735
38062.500000	-126.603966
38068.359375	-132.028931
38074.218750	-141.542450
38080.078125	-140.936081
38085.937500	-138.635376
38091.796875	-141.501328
38097.656250	-140.684738
38103.515625	-119.163445
38109.375000	-108.647186
38115.234375	-105.562576
38121.093750	-109.167877
38126.953125	-120.285820
38132.812500	-138.580475
38138.671875	-129.135223
38144.531250	-109.932243
38150.390625	-100.814522
38156.250000	-98.902870
38162.109375	-103.770844
38167.968750	-116.464096
38173.828125	-126.811317
38179.687500	-133.717026
38185.546875	-138.203949
38191.406250	-135.666809
38197.265625	-136.406845
38203.125000	-141.124771
38208.984375	-133.118698
38214.843750	-115.913261
38220.703125	-107.414551
38226.562500	-105.884941
38232.421875	-111.036163
38238.281250	-123.790741
38244.140625	-138.674530
38250.000000	-123.601181
38255.859375	-107.351059
38261.718750	-100.052444
38267.578125	-99.672951
38273.437500	-106.191383
38279.296875	-120.595200
38285.156250	-128.765198
38291.015625	-135.629059
38296.875000	-138.360046
38302.734375	-135.086151
38308.593750	-135.025879
38314.453125	-140.734619
38320.312500	-128.893951
38326.171875	-113.567383
38332.031250	-106.661987
38337.890625	-106.603210
38343.750000	-113.392113
38349.609375	-128.469849
38355.468750	-138.374466
38361.328125	-119.094948
38367.187500	-105.346275
38373.046875	-99.692757
38378.906250	-100.815224
38384.765625	-109.046890
38390.625000	-123.991928
38396.484375	-130.291061
38402.343750	-140.316925
38408.203125	-137.516830
38414.062500	-133.256042
38419.921875	-134.662292
38425.781250	-138.993698
38431.640625	-124.493431
38437.500000	-111.368301
38443.359375	-106.086319
38449.218750	-107.539238
38455.078125	-115.985550
38460.937500	-133.025558
38466.796875	-137.907867
38472.656250	-115.388557
38478.515625	-103.702904
38484.375000	-99.636185
38490.234375	-102.282089
38496.093750	-112.333282
38501.953125	-127.055672
38507.812500	-131.802338
38513.671875	-138.085510
38519.531250	-135.816086
38525.390625	-133.295120
38531.250000	-134.675110
38537.109375	-136.346725
38542.968750	-120.316345
38548.828125	-109.576096
38554.687500	-105.976562
38560.546875	-109.022491
38566.406250	-119.425873
38572.265625	-138.180939
38578.125000	-131.878510
38583.984375	-112.292801
38589.843750	-102.495033
38595.703125	-99.971458
38601.562500	-104.213646
38607.421875	-116.203133
38613.281250	-126.806076
38619.140625	-134.149155
38625.000000	-140.343079
38630.859375	-139.034988
38636.718750	-137.283020
38642.578125	-138.100281
38648.437500	-134.202332
38654.296875	-117.671135
38660.156250	-108.298058
38666.015625	-106.094475
38671.875000	-110.537956
38677.734375	-122.275284
38683.593750	-136.133667
38689.453125	-126.618210
38695.312500	-109.643402
38701.171875	-101.647980
38707.031250	-100.656784
38712.890625	-106.531288
38718.750000	-120.364578
38724.609375	-128.020065
38730.468750	-135.139709
38736.328125	-137.711853
38742.187500	-133.980301
38748.046875	-133.368286
38753.906250	-136.345245
38759.765625	-130.623978
38765.625000	-114.827042
38771.484375	-107.311371
38777.343750	-106.648148
38783.203125	-112.688637
38789.062500	-126.811836
38794.921875	-141.102661
38800.781250	-121.783356
38806.640625	-107.332924
38812.500000	-101.035469
38818.359375	-101.543076
38824.218750	-109.037468
38830.078125	-122.908920
38835.937500	-127.642021
38841.796875	-133.932999
38847.656250	-134.917892
38853.515625	-133.975311
38859.375000	-136.004013
38865.234375	-142.412262
38871.093750	-126.690727
38876.953125	-112.727020
38882.812500	-106.855247
38888.671875	-107.711433
38894.531250	-115.481644
38900.390625	-131.161606
38906.250000	-137.253098
38912.109375	-117.790314
38917.968750	-105.447906
38923.828125	-100.767532
38929.687500	-102.819717
38935.546875	-112.138687
38941.406250	-125.132515
38947.265625	-130.647385
38953.125000	-139.926743
38958.984375	-136.367859
38964.843750	-133.769394
38970.703125	-137.526993
38976.562500	-141.944504
38982.421875	-123.258606
38988.281250	-110.937744
38994.140625	-106.525063
39000.000000	-108.837860
39005.859375	-118.324783
39011.718750	-135.785156
39017.578125	-134.890686
39023.437500	-114.634193
39029.296875	-104.026581
39035.156250	-100.868675
39041.015625	-104.468552
39046.875000	-115.775818
39052.734375	-126.673721
39058.593750	-131.172363
39064.453125	-136.991089
39070.312500	-134.730530
39076.171875	-133.760529
39082.031250	-138.474884
39087.890625	-140.909515
39093.750000	-119.693108
39099.609375	-109.534081
39105.468750	-106.746185
39111.328125	-110.718140
39117.187500	-122.629295
39123.046875	-141.479782
39128.906250	-128.872879
39134.765625	-111.475204
39140.625000	-102.860466
39146.484375	-101.251099
39152.343750	-106.385315
39158.203125	-119.173782
39164.062500	-128.402527
39169.921875	-135.658569
39175.781250	-138.736984
39181.640625	-135.691742
39187.500000	-135.387878
39193.359375	-137.940048
39199.218750	-131.761978
39205.078125	-116.227089
39210.937500	-108.141090
39216.796875	-106.897545
39222.656250	-112.408600
39228.515625	-126.073959
39234.375000	-140.118011
39240.234375	-124.797211
39246.093750	-109.236351
39251.953125	-102.206848
39257.812500	-102.097351
39263.671875	-108.987038
39269.531250	-123.250175
39275.390625	-128.348633
39281.250000	-135.814072
39287.109375	-137.418472
39292.968750	-133.998688
39298.828125	-135.120071
39304.687500	-139.908310
39310.546875	-129.592697
39316.406250	-114.260681
39322.265625	-107.613068
39328.125000	-107.816948
39333.984375	-114.847404
39339.843750	-129.539185
39345.703125	-137.723190
39351.562500	-120.465897
39357.421875	-107.117950
39363.281250	-101.749001
39369.140625	-103.158051
39375.000000	-111.788811
39380.859375	-125.184151
39386.718750	-129.021225
39392.578125	-135.849487
39398.437500	-134.840012
39404.296875	-132.878021
39410.156250	-134.565140
39416.015625	-138.459473
39421.875000	-124.693604
39427.734375	-112.073738
39433.593750	-107.057739
39439.453125	-108.759621
39445.312500	-117.462288
39451.171875	-133.627136
39457.031250	-138.400024
39462.890625	-116.905624
39468.750000	-105.474861
39474.609375	-101.670242
39480.468750	-104.616508
39486.328125	-115.053627
39492.187500	-126.793739
39498.046875	-133.049484
39503.906250	-140.607605
39509.765625	-137.512741
39515.625000	-136.635178
39521.484375	-139.993286
39527.343750	-138.124420
39533.203125	-121.055641
39539.062500	-110.507942
39544.921875	-107.132538
39550.781250	-110.401451
39556.640625	-120.889557
39562.500000	-136.637512
39568.359375	-134.060226
39574.218750	-113.883194
39580.078125	-104.270538
39585.937500	-101.982895
39591.796875	-106.478546
39597.656250	-118.816277
39603.515625	-130.285141
39609.375000	-137.184982
39615.234375	-140.401428
39621.093750	-135.438995
39626.953125	-134.145493
39632.812500	-137.060257
39638.671875	-134.826065
39644.531250	-118.539291
39650.390625	-109.425659
39656.250000	-107.494705
39662.109375	-112.294472
39667.968750	-124.949478
39673.828125	-145.242950
39679.687500	-126.869194
39685.546875	-110.883385
39691.406250	-103.305725
39697.265625	-102.598633
39703.125000	-108.760925
39708.984375	-121.790176
39714.843750	-126.675423
39720.703125	-133.524658
39726.562500	-137.818527
39732.421875	-134.327713
39738.281250	-133.945938
39744.140625	-137.369980
39750.000000	-130.882980
39755.859375	-115.532578
39761.718750	-108.279716
39767.578125	-107.869392
39773.437500	-114.187149
39779.296875	-128.143509
39785.156250	-135.825851
39791.015625	-122.691505
39796.875000	-108.712280
39802.734375	-102.712242
39808.593750	-103.526268
39814.453125	-111.507759
39820.312500	-125.632629
39826.171875	-129.896210
39832.031250	-138.673950
39837.890625	-140.580246
39843.750000	-136.727737
39849.609375	-137.515518
39855.468750	-140.671127
39861.328125	-127.425217
39867.187500	-113.610023
39873.046875	-107.923103
39878.906250	-108.986809
39884.765625	-116.790901
39890.625000	-130.899307
39896.484375	-136.945496
39902.343750	-119.174057
39908.203125	-107.000679
39914.062500	-102.549911
39919.921875	-104.835632
39925.781250	-114.397675
39931.640625	-127.254807
39937.500000	-131.822235
39943.359375	-139.160110
39949.218750	-136.931442
39955.078125	-134.435364
39960.937500	-136.030746
39966.796875	-137.192078
39972.656250	-123.049911
39978.515625	-111.773064
39984.375000	-107.771255
39990.234375	-110.466415
39996.093750	-120.690575
40001.953125	-142.056396
40007.812500	-136.612274
40013.671875	-115.861740
40019.531250	-105.538750
40025.390625	-102.632957
40031.250000	-106.489815
40037.109375	-118.006592
40042.968750	-128.206253
40048.828125	-134.050262
40054.687500	-139.526901
40060.546875	-137.535812
40066.406250	-136.841278
40072.265625	-142.193390
40078.125000	-135.742493
40083.984375	-120.152428
40089.843750	-110.311165
40095.703125	-107.757843
40101.562500	-111.945511
40107.421875	-123.774857
40113.281250	-141.589935
40119.140625	-129.679581
40125.000000	-112.853203
40130.859375	-104.438957
40136.718750	-103.059128
40142.578125	-108.465263
40148.437500	-121.484886
40154.296875	-129.703934
40160.156250	-136.184875
40166.015625	-142.458420
40171.875000	-137.993973
40177.734375	-135.737579
40183.593750	-137.800140
40189.453125	-134.431885
40195.312500	-117.398048
40201.171875	-109.185417
40207.031250	-108.105354
40212.890625	-113.814171
40218.750000	-127.232140
40224.609375	-137.959930
40230.468750	-125.088867
40236.328125	-110.239204
40242.187500	-103.594437
40248.046875	-103.756828
40253.906250	-110.826065
40259.765625	-124.296051
40265.625000	-129.868958
40271.484375	-137.503876
40277.343750	-137.165161
40283.203125	-135.591705
40289.062500	-138.008041
40294.921875	-142.107010
40300.781250	-129.181564
40306.640625	-114.773521
40312.500000	-108.467064
40318.359375	-108.924393
40324.218750	-116.219780
40330.078125	-131.163574
40335.937500	-140.524582
40341.796875	-121.663139
40347.656250	-108.439636
40353.515625	-103.315132
40359.375000	-105.001511
40365.234375	-113.965836
40371.093750	-126.745270
40376.953125	-132.436203
40382.812500	-141.159851
40388.671875	-138.223618
40394.531250	-137.331161
40400.390625	-139.756897
40406.250000	-142.371887
40412.109375	-125.082771
40417.968750	-112.803673
40423.828125	-108.086403
40429.687500	-109.960693
40435.546875	-118.498123
40441.406250	-133.338120
40447.265625	-138.413269
40453.125000	-117.751854
40458.984375	-106.718620
40464.843750	-103.210732
40470.703125	-106.479553
40476.562500	-117.463898
40482.421875	-127.968697
40488.281250	-132.274231
40494.140625	-137.679077
40500.000000	-135.022537
40505.859375	-132.640411
40511.718750	-133.858124
40517.578125	-136.671097
40523.437500	-122.238609
40529.296875	-111.446800
40535.156250	-108.233315
40541.015625	-111.729530
40546.875000	-122.655998
40552.734375	-138.894531
40558.593750	-130.955032
40564.453125	-114.392365
40570.312500	-105.410713
40576.171875	-103.437187
40582.031250	-108.199661
40587.890625	-120.535820
40593.750000	-128.888138
40599.609375	-134.821060
40605.468750	-140.968628
40611.328125	-140.589111
40617.187500	-139.192307
40623.046875	-139.417648
40628.906250	-136.604935
40634.765625	-119.088699
40640.625000	-110.244232
40646.484375	-108.611946
40652.343750	-113.782372
40658.203125	-126.884956
40664.062500	-138.657883
40669.921875	-128.434677
40675.781250	-112.050461
40681.640625	-104.610100
40687.500000	-104.110886
40693.359375	-110.476929
40699.218750	-123.868591
40705.078125	-129.352371
40710.937500	-134.403641
40716.796875	-136.848038
40722.656250	-136.432068
40728.515625	-137.126480
40734.375000	-139.459198
40740.234375	-130.333206
40746.093750	-116.230843
40751.953125	-109.362335
40757.812500	-109.272079
40763.671875	-115.943138
40769.531250	-129.669159
40775.390625	-136.368484
40781.250000	-123.576828
40787.109375	-109.758286
40792.968750	-104.009842
40798.828125	-105.078232
40804.687500	-113.407967
40810.546875	-127.288376
40816.406250	-131.838181
40822.265625	-139.746628
40828.125000	-137.317032
40833.984375	-135.607742
40839.843750	-137.338394
40845.703125	-140.469223
40851.562500	-126.951988
40857.421875	-114.081673
40863.281250	-108.762375
40869.140625	-110.122589
40875.000000	-118.344978
40880.859375	-132.970322
40886.718750	-137.812592
40892.578125	-119.857750
40898.437500	-108.031868
40904.296875	-103.854553
40910.156250	-106.411804
40916.015625	-116.244987
40921.875000	-127.001274
40927.734375	-131.951447
40933.593750	-138.825455
40939.453125	-137.485306
40945.312500	-134.877228
40951.171875	-137.421204
40957.031250	-139.253265
40962.890625	-123.194336
40968.750000	-112.290848
40974.609375	-108.575424
40980.468750	-111.452774
40986.328125	-121.481674
40992.187500	-137.925339
40998.046875	-135.050339
41003.906250	-116.333664
41009.765625	-106.531540
41015.625000	-103.941757
41021.484375	-108.123062
41027.343750	-120.074722
41033.203125	-128.692993
41039.062500	-133.683609
41044.921875	-136.159851
41050.781250	-134.531387
41056.640625	-133.945084
41062.500000	-136.737183
41068.359375	-136.357513
41074.218750	-120.989647
41080.078125	-111.311501
41085.937500	-108.982758
41091.796875	-113.429390
41097.656250	-125.658188
41103.515625	-141.914963
41109.375000	-131.668015
41115.234375	-113.665237
41121.093750	-105.434441
41126.953125	-104.338455
41132.812500	-110.164612
41138.671875	-123.767960
41144.531250	-129.259140
41150.390625	-136.695419
41156.250000	-135.842285
41162.109375	-133.275650
41167.968750	-133.945404
41173.828125	-137.493469
41179.687500	-132.347992
41185.546875	-117.497856
41191.406250	-109.990036
41197.265625	-109.237061
41203.125000	-115.181458
41208.984375	-128.687714
41214.843750	-140.689316
41220.703125	-126.764473
41226.562500	-111.372780
41232.421875	-104.870750
41238.281250	-105.280876
41244.140625	-112.652153
41250.000000	-124.573769
41255.859375	-128.875671
41261.718750	-135.263107
41267.578125	-133.931091
41273.437500	-132.986511
41279.296875	-134.696762
41285.156250	-138.701187
41291.015625	-130.685608
41296.875000	-115.574127
41302.734375	-109.470451
41308.593750	-110.177513
41314.453125	-117.737053
41320.312500	-132.218018
41326.171875	-140.130569
41332.031250	-121.696854
41337.890625	-109.265480
41343.750000	-104.496452
41349.609375	-106.430847
41355.468750	-115.550011
41361.328125	-127.206360
41367.187500	-131.072952
41373.046875	-136.522812
41378.906250	-136.673416
41384.765625	-136.120239
41390.625000	-138.741714
41396.484375	-138.261414
41402.343750	-125.669342
41408.203125	-113.698074
41414.062500	-109.265099
41419.921875	-111.548218
41425.781250	-120.965927
41431.640625	-135.258881
41437.500000	-133.790665
41443.359375	-117.757515
41449.218750	-107.478500
41455.078125	-104.298988
41460.937500	-107.810272
41466.796875	-118.833298
41472.656250	-129.155655
41478.515625	-135.131042
41484.375000	-137.673065
41490.234375	-134.668381
41496.093750	-133.195450
41501.953125	-134.492935
41507.812500	-136.368286
41513.671875	-121.922478
41519.531250	-111.925613
41525.390625	-109.073341
41531.250000	-112.813782
41537.109375	-123.703789
41542.968750	-137.509277
41548.828125	-130.908432
41554.687500	-115.032349
41560.546875	-106.430313
41566.406250	-104.747887
41572.265625	-109.772499
41578.125000	-122.015190
41583.984375	-129.776321
41589.843750	-136.595779
41595.703125	-139.864700
41601.562500	-136.797379
41607.421875	-135.418884
41613.281250	-135.989288
41619.140625	-133.260544
41625.000000	-119.193565
41630.859375	-111.039673
41636.718750	-109.688721
41642.578125	-114.877815
41648.437500	-126.968346
41654.296875	-140.197266
41660.156250	-128.181976
41666.015625	-112.655670
41671.875000	-105.602020
41677.734375	-105.442383
41683.593750	-112.358856
41689.453125	-126.946175
41695.312500	-131.948074
41701.171875	-139.856171
41707.031250	-136.096176
41712.890625	-132.870132
41718.750000	-133.689163
41724.609375	-139.279663
41730.468750	-132.008499
41736.328125	-117.037720
41742.187500	-110.224831
41748.046875	-110.387306
41753.906250	-117.624649
41759.765625	-135.327621
41765.625000	-144.713043
41771.484375	-124.095367
41777.343750	-110.580765
41783.203125	-105.130203
41789.062500	-106.422432
41794.921875	-114.814339
41800.781250	-128.025833
41806.640625	-132.878052
41812.500000	-140.461380
41818.359375	-134.917297
41824.218750	-132.672668
41830.078125	-134.332901
41835.937500	-137.504440
41841.796875	-128.696320
41847.656250	-115.142097
41853.515625	-109.837280
41859.375000	-111.406822
41865.234375	-119.963890
41871.093750	-136.542999
41876.953125	-137.211090
41882.812500	-119.751999
41888.671875	-108.645653
41894.531250	-104.818611
41900.390625	-107.705154
41906.250000	-118.078194
41912.109375	-128.132172
41917.968750	-131.935455
41923.828125	-135.320404
41929.687500	-132.882812
41935.546875	-132.159561
41941.406250	-137.210022
41947.265625	-140.044647
41953.125000	-123.760796
41958.984375	-113.104736
41964.843750	-109.682037
41970.703125	-112.867805
41976.562500	-123.305908
41982.421875	-139.717178
41988.281250	-133.617554
41994.140625	-116.792709
42000.000000	-107.372986
42005.859375	-105.064857
42011.718750	-109.507790
42017.578125	-121.425179
42023.437500	-128.509247
42029.296875	-133.689087
42035.156250	-137.452042
42041.015625	-137.704071
42046.875000	-136.330368
42052.734375	-138.750015
42058.593750	-138.772522
42064.453125	-121.703171
42070.312500	-112.135590
42076.171875	-110.040451
42082.031250	-114.813683
42087.890625	-127.573883
42093.750000	-138.987015
42099.609375	-129.732544
42105.468750	-114.170937
42111.328125	-106.424072
42117.187500	-105.615341
42123.046875	-111.677246
42128.906250	-124.881790
42134.765625	-130.340225
42140.625000	-137.801483
42146.484375	-139.593201
42152.343750	-134.680771
42158.203125	-135.830551
42164.062500	-146.277237
42169.921875	-133.790192
42175.781250	-118.418350
42181.640625	-111.214592
42187.500000	-110.728058
42193.359375	-116.927498
42199.218750	-130.345734
42205.078125	-140.031052
42210.937500	-126.502686
42216.796875	-111.951332
42222.656250	-105.793274
42228.515625	-106.481773
42234.375000	-114.230446
42240.234375	-127.141457
42246.093750	-130.725174
42251.953125	-136.849930
42257.812500	-136.960007
42263.671875	-135.469849
42269.531250	-139.129669
42275.390625	-144.254593
42281.250000	-129.215439
42287.109375	-115.928566
42292.968750	-110.264511
42298.828125	-111.258713
42304.687500	-119.205490
42310.546875	-135.002151
42316.406250	-136.027542
42322.265625	-121.186287
42328.125000	-109.768349
42333.984375	-105.409882
42339.843750	-107.718735
42345.703125	-117.502571
42351.562500	-129.194351
42357.421875	-133.104782
42363.281250	-140.558578
42369.140625	-137.180298
42375.000000	-134.105026
42380.859375	-136.377274
42386.718750	-142.946716
42392.578125	-126.468124
42398.437500	-114.434273
42404.296875	-110.249855
42410.156250	-112.800537
42416.015625	-122.649048
42421.875000	-138.760147
42427.734375	-139.731430
42433.593750	-119.123055
42439.453125	-108.429092
42445.312500	-105.391563
42451.171875	-109.116272
42457.031250	-120.258331
42462.890625	-129.154556
42468.750000	-133.535568
42474.609375	-137.156876
42480.468750	-134.369644
42486.328125	-133.465302
42492.187500	-134.415176
42498.046875	-136.056213
42503.906250	-122.397224
42509.765625	-112.715958
42515.625000	-110.126259
42521.484375	-114.130302
42527.343750	-125.284111
42533.203125	-142.416168
42539.062500	-134.430359
42544.921875	-116.155380
42550.781250	-107.458893
42556.640625	-105.954285
42562.500000	-111.317619
42568.359375	-123.726845
42574.218750	-129.464767
42580.078125	-136.833267
42585.937500	-137.620255
42591.796875	-134.268982
42597.656250	-134.826889
42603.515625	-139.397018
42609.375000	-134.828964
42615.234375	-119.632614
42621.093750	-111.835297
42626.953125	-110.814011
42632.812500	-116.469345
42638.671875	-129.370361
42644.531250	-138.570786
42650.390625	-127.669113
42656.250000	-113.160507
42662.109375	-106.459930
42667.968750	-106.566704
42673.828125	-113.719131
42679.687500	-127.166115
42685.546875	-131.180496
42691.406250	-136.031204
42697.265625	-136.763672
42703.125000	-135.911606
42708.984375	-138.080246
42714.843750	-142.840744
42720.703125	-133.241302
42726.562500	-117.500015
42732.421875	-110.991089
42738.281250	-111.371437
42744.140625	-118.457375
42750.000000	-132.592590
42755.859375	-140.885330
42761.718750	-124.225441
42767.578125	-111.086456
42773.437500	-105.904877
42779.296875	-107.485001
42785.156250	-116.305756
42791.015625	-127.750259
42796.875000	-130.146011
42802.734375	-135.043610
42808.593750	-135.460846
42814.453125	-133.088272
42820.312500	-134.169998
42826.171875	-137.553421
42832.031250	-128.005463
42837.890625	-115.619011
42843.750000	-110.792374
42849.609375	-112.756561
42855.468750	-122.062286
42861.328125	-139.088165
42867.187500	-141.931366
42873.046875	-120.751022
42878.906250	-109.489777
42884.765625	-105.828041
42890.625000	-108.876266
42896.484375	-119.051765
42902.343750	-129.072754
42908.203125	-136.589508
42914.062500	-142.427979
42919.921875	-137.984268
42925.781250	-137.335449
42931.640625	-140.084183
42937.500000	-139.516769
42943.359375	-124.531647
42949.218750	-113.889175
42955.078125	-110.641678
42960.937500	-114.038643
42966.796875	-124.659698
42972.656250	-139.154938
42978.515625	-135.250809
42984.375000	-117.516052
42990.234375	-108.186859
42996.093750	-106.095856
43001.953125	-110.835022
43007.812500	-123.139229
43013.671875	-129.688980
43019.531250	-136.216415
43025.390625	-139.554596
43031.250000	-136.380722
43037.109375	-136.419128
43042.968750	-139.332779
43048.828125	-136.164749
43054.687500	-121.712120
43060.546875	-112.702850
43066.406250	-110.990807
43072.265625	-116.137939
43078.125000	-128.865967
43083.984375	-137.222977
43089.843750	-131.821671
43095.703125	-114.871956
43101.562500	-107.263367
43107.421875	-106.694580
43113.281250	-113.022804
43119.140625	-125.827713
43125.000000	-130.965408
43130.859375	-138.821350
43136.718750	-141.744415
43142.578125	-137.751709
43148.437500	-137.712463
43154.296875	-139.177414
43160.156250	-132.269913
43166.015625	-118.455147
43171.875000	-111.603104
43177.734375	-111.431908
43183.593750	-118.054054
43189.453125	-132.425476
43195.312500	-143.299026
43201.171875	-126.778214
43207.031250	-112.511566
43212.890625	-106.602394
43218.750000	-107.581505
43224.609375	-115.761917
43230.468750	-128.475204
43236.328125	-132.134109
43242.187500	-139.711334
43248.046875	-137.743698
43253.906250	-134.868317
43259.765625	-136.725189
43265.625000	-140.687088
43271.484375	-130.804535
43277.343750	-117.095398
43283.203125	-111.473091
43289.062500	-112.609055
43294.921875	-120.521515
43300.781250	-134.417664
43306.640625	-140.364426
43312.500000	-122.184433
43318.359375	-110.430641
43324.218750	-106.220940
43330.078125	-108.725533
43335.937500	-118.620117
43341.796875	-130.090088
43347.656250	-133.765656
43353.515625	-137.421997
43359.375000	-135.678253
43365.234375	-135.318588
43371.093750	-139.251556
43376.953125	-138.053436
43382.812500	-125.833717
43388.671875	-114.848885
43394.531250	-111.007141
43400.390625	-113.814362
43406.250000	-123.916298
43412.109375	-139.149078
43417.968750	-135.171722
43423.828125	-118.893120
43429.687500	-109.091347
43435.546875	-106.408272
43441.406250	-110.401192
43447.265625	-121.487190
43453.125000	-129.775223
43458.984375	-136.094711
43464.843750	-139.863693
43470.703125	-134.753632
43476.562500	-134.619766
43482.421875	-141.310883
43488.281250	-141.284302
43494.140625	-123.256691
43500.000000	-113.758026
43505.859375	-111.411942
43511.718750	-115.770226
43517.578125	-127.976776
43523.437500	-140.626083
43529.296875	-134.285767
43535.156250	-116.223480
43541.015625	-107.913246
43546.875000	-106.712212
43552.734375	-112.334488
43558.593750	-124.516953
43564.453125	-129.614304
43570.312500	-135.379059
43576.171875	-137.167038
43582.031250	-133.915009
43587.890625	-134.492844
43593.750000	-140.142700
43599.609375	-136.963364
43605.468750	-120.426949
43611.328125	-112.542015
43617.187500	-111.654427
43623.046875	-117.495468
43628.906250	-131.313858
43634.765625	-141.366379
43640.625000	-128.061508
43646.484375	-113.540016
43652.343750	-107.111130
43658.203125	-107.453674
43664.062500	-114.796486
43669.921875	-127.662964
43675.781250	-132.056290
43681.640625	-139.287308
43687.500000	-138.018433
43693.359375	-134.962601
43699.218750	-135.045151
43705.078125	-136.945831
43710.937500	-131.415131
43716.796875	-118.066788
43722.656250	-112.003174
43728.515625	-112.731697
43734.375000	-120.481247
43740.234375	-136.247849
43746.093750	-139.780594
43751.953125	-124.724327
43757.812500	-111.608467
43763.671875	-106.682465
43769.531250	-108.519264
43775.390625	-117.504974
43781.250000	-127.104446
43787.109375	-131.305496
43792.968750	-135.065506
43798.828125	-133.297699
43804.687500	-132.568649
43810.546875	-135.857437
43816.406250	-139.198349
43822.265625	-128.927277
43828.125000	-116.426224
43833.984375	-111.804581
43839.843750	-113.988960
43845.703125	-123.227135
43851.562500	-135.692795
43857.421875	-136.979416
43863.281250	-121.228195
43869.140625	-110.120522
43875.000000	-106.730942
43880.859375	-110.161400
43886.718750	-120.955284
43892.578125	-128.955627
43898.437500	-135.528717
43904.296875	-140.435562
43910.156250	-136.500275
43916.015625	-135.187073
43921.875000	-139.076263
43927.734375	-142.501953
43933.593750	-125.305656
43939.453125	-114.802216
43945.312500	-111.820480
43951.171875	-115.648972
43957.031250	-127.321983
43962.890625	-141.030609
43968.750000	-136.668350
43974.609375	-117.729965
43980.468750	-108.708214
43986.328125	-106.854271
43992.187500	-111.724060
43998.046875	-123.497665
44003.906250	-130.934982
44009.765625	-138.896957
44015.625000	-137.903900
44021.484375	-134.603622
44027.343750	-133.420197
44033.203125	-135.670258
44039.062500	-137.307404
44044.921875	-122.155197
44050.781250	-113.562790
44056.640625	-112.064049
44062.500000	-117.222313
44068.359375	-129.566452
44074.218750	-138.961288
44080.078125	-131.114578
44085.937500	-115.106972
44091.796875	-107.897781
44097.656250	-107.675026
44103.515625	-114.552200
44109.375000	-127.970955
44115.234375	-131.468185
44121.093750	-141.253830
44126.953125	-142.166626
44132.812500	-135.853424
44138.671875	-134.215118
44144.531250	-135.724121
44150.390625	-134.182190
44156.250000	-119.476425
44162.109375	-112.617500
44167.968750	-112.665436
44173.828125	-119.663666
44179.687500	-133.909988
44185.546875	-139.948608
44191.406250	-126.349579
44197.265625	-112.762650
44203.125000	-107.218643
44208.984375	-108.478973
44214.843750	-117.062523
44220.703125	-130.788635
44226.562500	-133.496689
44232.421875	-137.018356
44238.281250	-134.477020
44244.140625	-132.315018
44250.000000	-134.743729
44255.859375	-140.572159
44261.718750	-130.716980
44267.578125	-117.549377
44273.437500	-112.337730
44279.296875	-113.939835
44285.156250	-122.746300
44291.015625	-139.759338
44296.875000	-141.485474
44302.734375	-122.997345
44308.593750	-111.111794
44314.453125	-107.056473
44320.312500	-109.791824
44326.171875	-119.931915
44332.031250	-131.221817
44337.890625	-134.361664
44343.750000	-136.727158
44349.609375	-135.177032
44355.468750	-133.826019
44361.328125	-135.676682
44367.187500	-138.140533
44373.046875	-126.657089
44378.906250	-115.696831
44384.765625	-112.069740
44390.625000	-115.096802
44396.484375	-125.085686
44402.343750	-135.679688
44408.203125	-136.691772
44414.062500	-119.515816
44419.921875	-109.637177
44425.781250	-107.187561
44431.640625	-111.576065
44437.500000	-123.766930
44443.359375	-130.775177
44449.218750	-136.041931
44455.078125	-139.531540
44460.937500	-135.545120
44466.796875	-134.696747
44472.656250	-137.580521
44478.515625	-140.003433
44484.375000	-124.243492
44490.234375	-114.506462
44496.093750	-112.287529
44501.953125	-116.751122
44507.812500	-128.045670
44513.671875	-139.494019
44519.531250	-132.300125
44525.390625	-116.449036
44531.250000	-108.553162
44537.109375	-107.604927
44542.968750	-113.481041
44548.828125	-126.249596
44554.687500	-131.220261
44560.546875	-136.999191
44566.406250	-138.217667
44572.265625	-134.734268
44578.125000	-135.779739
44583.984375	-139.202560
44589.843750	-134.902206
44595.703125	-121.161743
44601.562500	-113.687843
44607.421875	-113.065605
44613.281250	-119.178024
44619.140625	-132.249451
44625.000000	-139.911896
44630.859375	-128.963257
44636.718750	-114.244858
44642.578125	-107.988045
44648.437500	-108.551239
44654.296875	-116.110634
44660.156250	-128.244034
44666.015625	-132.183746
44671.875000	-137.865723
44677.734375	-139.168121
44683.593750	-135.499451
44689.453125	-136.413757
44695.312500	-139.338409
44701.171875	-133.640076
44707.031250	-118.958160
44712.890625	-112.877663
44718.750000	-113.783096
44724.609375	-121.863861
44730.468750	-139.905533
44736.328125	-138.800690
44742.187500	-124.416306
44748.046875	-112.104797
44753.906250	-107.494164
44759.765625	-109.651283
44765.625000	-119.097282
44771.484375	-127.695778
44777.343750	-131.835236
44783.203125	-138.145172
44789.062500	-134.800995
44794.921875	-132.917374
44800.781250	-135.896988
44806.640625	-135.972870
44812.500000	-128.182465
44818.359375	-116.812210
44824.218750	-112.501694
44830.078125	-114.876343
44835.937500	-124.214859
44841.796875	-139.621552
44847.656250	-136.715805
44853.515625	-120.451286
44859.375000	-110.323242
44865.234375	-107.328064
44871.093750	-110.995094
44876.953125	-121.857483
44882.812500	-129.813232
44888.671875	-135.601974
44894.531250	-137.218231
44900.390625	-134.184357
44906.250000	-133.960190
44912.109375	-136.586929
44917.968750	-135.896057
44923.828125	-124.103683
44929.687500	-115.005707
44935.546875	-112.488647
44941.406250	-116.480530
44947.265625	-127.603592
44953.125000	-138.580566
44958.984375	-134.543274
44964.843750	-117.978378
44970.703125	-109.314453
44976.562500	-107.735489
44982.421875	-112.855309
44988.281250	-124.760490
44994.140625	-131.017838
45000.000000	-137.100433
45005.859375	-142.200592
45011.718750	-134.339172
45017.578125	-131.967300
45023.437500	-134.187057
45029.296875	-134.164825
45035.156250	-121.986961
45041.015625	-114.167976
45046.875000	-113.005638
45052.734375	-118.386375
45058.593750	-130.872574
45064.453125	-140.845779
45070.312500	-130.816681
45076.171875	-115.442192
45082.031250	-108.553665
45087.890625	-108.544746
45093.750000	-115.460876
45099.609375	-127.222824
45105.468750	-130.873291
45111.328125	-135.179291
45117.187500	-136.657349
45123.046875	-137.268433
45128.906250	-140.003403
45134.765625	-143.871246
45140.625000	-135.146545
45146.484375	-120.098259
45152.343750	-113.507629
45158.203125	-113.770340
45164.062500	-120.722786
45169.921875	-133.849503
45175.781250	-137.846069
45181.640625	-125.687263
45187.500000	-113.101593
45193.359375	-107.864700
45199.218750	-109.374695
45205.078125	-118.080246
45210.937500	-128.637802
45216.796875	-131.418365
45222.656250	-136.985413
45228.515625	-138.203934
45234.375000	-135.779251
45240.234375	-136.624512
45246.093750	-139.533524
45251.953125	-131.481628
45257.812500	-118.151291
45263.671875	-113.114014
45269.531250	-114.860809
45275.390625	-123.645927
45281.250000	-137.577133
45287.109375	-140.296631
45292.968750	-123.257080
45298.828125	-111.615379
45304.687500	-107.873390
45310.546875	-110.977966
45316.406250	-121.522156
45322.265625	-129.093109
45328.125000	-133.786362
45333.984375	-137.605820
45339.843750	-135.118790
45345.703125	-134.380325
45351.562500	-136.342010
45357.421875	-137.307114
45363.281250	-126.992622
45369.140625	-116.625473
45375.000000	-113.356514
45380.859375	-116.774757
45386.718750	-127.645897
45392.578125	-140.656219
45398.437500	-138.268478
45404.296875	-119.304062
45410.156250	-110.022148
45416.015625	-107.917831
45421.875000	-112.653603
45427.734375	-124.867844
45433.593750	-129.665497
45439.453125	-135.445496
45445.312500	-138.903931
45451.171875	-135.225311
45457.031250	-134.200150
45462.890625	-135.184875
45468.750000	-136.105362
45474.609375	-124.033218
45480.468750	-115.456009
45486.328125	-113.730377
45492.187500	-118.733925
45498.046875	-130.752457
45503.906250	-138.554779
45509.765625	-131.873444
45515.625000	-116.570091
45521.484375	-109.104515
45527.343750	-108.493813
45533.203125	-114.797409
45539.062500	-127.362328
45544.921875	-132.073120
45550.781250	-138.952179
45556.640625	-135.973785
45562.500000	-133.566666
45568.359375	-136.119919
45574.218750	-141.430450
45580.078125	-135.533264
45585.937500	-121.348709
45591.796875	-114.222710
45597.656250	-113.873611
45603.515625	-120.129295
45609.375000	-133.105392
45615.234375	-142.331482
45621.093750	-129.191238
45626.953125	-114.615891
45632.812500	-108.568634
45638.671875	-109.403595
45644.531250	-117.291702
45650.390625	-128.908661
45656.250000	-132.542740
45662.109375	-141.316086
45667.968750	-138.612930
45673.828125	-134.087219
45679.687500	-134.792542
45685.546875	-136.755737
45691.406250	-131.106277
45697.265625	-119.389290
45703.125000	-114.022766
45708.984375	-115.322327
45714.843750	-123.628395
45720.703125	-133.523254
45726.562500	-133.755905
45732.421875	-124.009995
45738.281250	-112.384117
45744.140625	-108.090469
45750.000000	-110.599678
45755.859375	-120.870934
45761.718750	-130.894302
45767.578125	-133.801712
45773.437500	-137.084991
45779.296875	-135.479675
45785.156250	-134.824265
45791.015625	-139.201126
45796.875000	-141.824722
45802.734375	-128.429367
45808.593750	-117.266113
45814.453125	-113.359100
45820.312500	-116.128899
45826.171875	-126.177040
45832.031250	-139.364166
45837.890625	-135.435593
45843.750000	-120.827293
45849.609375	-110.804230
45855.468750	-107.988815
45861.328125	-111.931786
45867.187500	-123.094620
45873.046875	-129.634384
45878.906250	-135.796005
45884.765625	-140.141632
45890.625000	-134.571533
45896.484375	-132.817841
45902.343750	-135.267258
45908.203125	-137.497620
45914.062500	-125.258423
45919.921875	-115.995872
45925.781250	-113.651093
45931.640625	-118.070686
45937.500000	-130.615005
45943.359375	-139.076920
45949.218750	-132.858444
45955.078125	-117.867409
45960.937500	-109.634987
45966.796875	-108.373459
45972.656250	-114.081139
45978.515625	-128.033768
45984.375000	-133.013870
45990.234375	-137.092194
45996.093750	-136.410858
46001.953125	-135.501678
46007.812500	-135.765167
46013.671875	-141.444595
46019.531250	-138.963501
46025.390625	-122.935608
46031.250000	-114.948975
46037.109375	-114.029297
46042.968750	-119.916481
46048.828125	-133.772736
46054.687500	-140.688904
46060.546875	-129.901276
46066.406250	-115.589653
46072.265625	-109.049294
46078.125000	-109.290573
46083.984375	-116.400963
46089.843750	-128.246780
46095.703125	-132.355484
46101.562500	-139.086853
46107.421875	-140.541962
46113.281250	-134.351242
46119.140625	-133.866302
46125.000000	-136.558517
46130.859375	-133.898926
46136.718750	-121.047882
46142.578125	-114.746559
46148.437500	-115.222870
46154.296875	-122.420601
46160.156250	-135.891541
46166.015625	-142.388153
46171.875000	-126.930992
46177.734375	-113.542679
46183.593750	-108.494164
46189.453125	-110.267532
46195.312500	-119.227280
46201.171875	-130.284180
46207.031250	-134.308075
46212.890625	-140.523499
46218.750000	-136.478668
46224.609375	-133.221100
46230.468750	-136.439560
46236.328125	-143.521652
46242.187500	-130.935669
46248.046875	-118.794502
46253.906250	-114.206207
46259.765625	-116.270020
46265.625000	-125.251038
46271.484375	-138.439194
46277.343750	-143.208481
46283.203125	-123.064827
46289.062500	-111.934334
46294.921875	-108.436378
46300.781250	-111.688934
46306.640625	-122.458977
46312.500000	-132.882431
46318.359375	-138.276337
46324.218750	-140.395935
46330.078125	-136.989304
46335.937500	-135.519760
46341.796875	-136.931351
46347.656250	-138.305939
46353.515625	-127.321991
46359.375000	-117.175888
46365.234375	-114.140839
46371.093750	-117.859566
46376.953125	-129.481979
46382.812500	-143.640793
46388.671875	-136.019363
46394.531250	-119.401871
46400.390625	-110.520287
46406.250000	-108.675148
46412.109375	-113.605736
46417.968750	-125.749550
46423.828125	-131.901352
46429.687500	-139.677048
46435.546875	-137.855652
46441.406250	-133.247757
46447.265625	-133.766144
46453.125000	-139.923294
46458.984375	-138.538559
46464.843750	-123.998299
46470.703125	-115.759926
46476.562500	-114.298431
46482.421875	-119.495682
46488.281250	-132.107422
46494.140625	-140.920456
46500.000000	-133.206711
46505.859375	-116.958687
46511.718750	-109.600197
46517.578125	-109.241058
46523.437500	-115.831085
46529.296875	-127.790718
46535.156250	-131.265335
46541.015625	-136.743240
46546.875000	-137.865479
46552.734375	-134.912003
46558.593750	-136.226654
46564.453125	-139.678055
46570.312500	-137.189056
46576.171875	-122.495789
46582.031250	-115.278778
46587.890625	-115.185867
46593.750000	-122.259758
46599.609375	-137.714355
46605.468750	-139.842285
46611.328125	-127.678787
46617.187500	-114.574936
46623.046875	-108.987885
46628.906250	-110.118118
46634.765625	-118.261040
46640.625000	-129.451035
46646.484375	-134.127014
46652.343750	-139.725357
46658.203125	-136.403839
46664.062500	-132.864365
46669.921875	-134.254745
46675.781250	-136.897171
46681.640625	-131.963135
46687.500000	-120.135872
46693.359375	-114.940697
46699.218750	-116.400436
46705.078125	-124.766907
46710.937500	-138.234085
46716.796875	-141.311142
46722.656250	-125.164719
46728.515625	-112.874207
46734.375000	-108.672958
46740.234375	-111.263428
46746.093750	-121.023590
46751.953125	-130.468597
46757.812500	-134.934875
46763.671875	-141.357437
46769.531250	-139.228149
46775.390625	-137.215332
46781.250000	-140.044189
46787.109375	-138.033936
46792.968750	-128.469574
46798.828125	-118.118973
46804.687500	-114.475525
46810.546875	-117.439171
46816.406250	-127.119888
46822.265625	-136.362137
46828.125000	-138.407974
46833.984375	-121.433403
46839.843750	-111.633202
46845.703125	-109.124077
46851.562500	-113.387947
46857.421875	-125.143341
46863.281250	-132.866180
46869.140625	-140.569382
46875.000000	-136.013489
46880.859375	-132.256943
46886.718750	-131.829269
46892.578125	-135.497803
46898.437500	-137.044388
46904.296875	-125.692230
46910.156250	-116.950775
46916.015625	-114.791008
46921.875000	-119.110893
46927.734375	-130.480087
46933.593750	-141.647293
46939.453125	-135.275940
46945.312500	-118.447220
46951.171875	-110.358742
46957.031250	-109.317520
46962.890625	-115.129845
46968.750000	-127.677116
46974.609375	-133.081497
46980.468750	-141.040237
46986.328125	-140.617188
46992.187500	-134.699341
46998.046875	-134.625214
47003.906250	-138.127609
47009.765625	-135.693085
47015.625000	-123.185684
47021.484375	-115.664909
47027.343750	-114.959465
47033.203125	-120.843658
47039.062500	-133.954590
47044.921875	-142.300674
47050.781250	-130.578033
47056.640625	-116.061256
47062.500000	-109.654381
47068.359375	-110.105385
47074.218750	-117.430763
47080.078125	-128.247818
47085.937500	-132.103180
47091.796875	-138.967102
47097.656250	-139.555817
47103.515625	-134.484253
47109.375000	-134.943268
47115.234375	-138.761185
47121.093750	-133.949493
47126.953125	-121.109962
47132.812500	-115.235222
47138.671875	-116.162430
47144.531250	-124.164703
47150.390625	-136.057083
47156.250000	-137.465179
47162.109375	-126.614410
47167.968750	-114.023041
47173.828125	-109.315544
47179.687500	-111.371582
47185.546875	-120.731651
47191.406250	-129.992676
47197.265625	-133.238647
47203.125000	-139.735519
47208.984375	-137.262222
47214.843750	-133.607910
47220.703125	-135.861359
47226.562500	-139.545059
47232.421875	-130.413864
47238.281250	-119.204437
47244.140625	-114.950157
47250.000000	-117.397804
47255.859375	-127.046257
47261.718750	-138.741211
47267.578125	-138.753632
47273.437500	-122.660843
47279.296875	-112.369286
47285.156250	-109.238091
47291.015625	-112.769203
47296.875000	-123.290405
47302.734375	-130.117142
47308.593750	-134.126968
47314.453125	-135.586975
47320.312500	-131.596741
47326.171875	-131.087433
47332.031250	-136.546890
47337.890625	-140.727188
47343.750000	-128.140274
47349.609375	-118.048759
47355.468750	-115.273743
47361.328125	-119.394569
47367.187500	-132.002655
47373.046875	-142.932571
47378.906250	-134.747177
47384.765625	-119.673904
47390.625000	-111.137642
47396.484375	-109.566376
47402.343750	-114.855995
47408.203125	-128.228134
47414.062500	-135.836639
47419.921875	-140.753128
47425.781250	-136.343887
47431.640625	-131.722183
47437.500000	-131.813858
47443.359375	-136.629745
47449.218750	-136.652893
47455.078125	-124.776894
47460.937500	-116.718849
47466.796875	-115.458664
47472.656250	-120.924423
47478.515625	-133.387222
47484.375000	-140.989471
47490.234375	-133.243958
47496.093750	-117.632530
47501.953125	-110.478455
47507.812500	-110.338463
47513.671875	-117.150627
47519.531250	-130.301300
47525.390625	-135.367355
47531.250000	-141.084747
47537.109375	-138.151657
47542.968750	-134.707886
47548.828125	-136.170258
47554.687500	-139.209137
47560.546875	-133.544785
47566.406250	-121.862030
47572.265625	-115.502243
47578.125000	-115.763741
47583.984375	-123.055679
47589.843750	-137.695465
47595.703125	-139.342621
47601.562500	-128.373520
47607.421875	-115.232582
47613.281250	-109.843811
47619.140625	-111.300888
47625.000000	-120.226120
47630.859375	-131.803818
47636.718750	-134.255142
47642.578125	-139.973724
47648.437500	-136.601242
47654.296875	-133.278366
47660.156250	-134.875977
47666.015625	-137.968597
47671.875000	-133.110001
47677.734375	-120.467628
47683.593750	-115.421654
47689.453125	-117.079491
47695.312500	-125.431152
47701.171875	-136.826004
47707.031250	-138.795319
47712.890625	-124.436844
47718.750000	-113.453072
47724.609375	-109.711845
47730.468750	-112.633110
47736.328125	-122.731247
47742.187500	-130.987656
47748.046875	-135.765533
47753.906250	-139.114777
47759.765625	-133.898499
47765.625000	-132.547089
47771.484375	-135.237793
47777.343750	-135.479492
47783.203125	-127.104599
47789.062500	-118.158348
47794.921875	-115.066452
47800.781250	-118.273880
47806.640625	-128.166397
47812.500000	-140.444351
47818.359375	-139.053131
47824.218750	-121.745956
47830.078125	-112.247490
47835.937500	-109.987152
47841.796875	-114.510612
47847.656250	-126.388474
47853.515625	-133.895676
47859.375000	-141.691818
47865.234375	-138.685104
47871.093750	-135.169586
47876.953125	-133.921906
47882.812500	-137.581833
47888.671875	-136.359802
47894.531250	-125.790367
47900.390625	-117.621155
47906.250000	-115.874527
47912.109375	-120.768974
47917.968750	-133.023102
47923.828125	-141.550705
47929.687500	-133.262558
47935.546875	-118.681587
47941.406250	-111.239449
47947.265625	-110.540329
47953.125000	-116.657173
47958.984375	-128.425369
47964.843750	-132.443420
47970.703125	-139.142883
47976.562500	-137.336273
47982.421875	-132.166382
47988.281250	-131.801132
47994.140625	-134.631668
48000.000000	-133.695114
48005.859375	-124.089317
48011.718750	-116.965530
48017.578125	-116.534874
48023.437500	-122.746078
48029.296875	-136.155090
48035.156250	-140.049927
48041.015625	-129.748306
48046.875000	-116.673363
48052.734375	-110.789597
48058.593750	-111.594635
48064.453125	-119.488510
48070.312500	-130.396179
48076.171875	-133.526550
48082.031250	-139.812500
48087.890625	-138.917145
48093.750000	-133.029846
48099.609375	-133.496140
48105.468750	-135.038498
48111.328125	-130.944443
48117.187500	-121.385284
48123.046875	-116.157578
48128.906250	-117.379517
48134.765625	-125.490692
48140.625000	-137.357742
48146.484375	-138.341431
48152.343750	-126.019051
48158.203125	-114.552299
48164.062500	-110.226440
48169.921875	-112.611130
48175.781250	-122.410820
48181.640625	-131.726181
48187.500000	-135.538696
48193.359375	-138.697250
48199.218750	-135.765518
48205.078125	-132.256271
48210.937500	-133.351456
48216.796875	-132.765289
48222.656250	-130.111282
48228.515625	-120.122940
48234.375000	-115.896614
48240.234375	-118.343246
48246.093750	-127.325562
48251.953125	-136.734985
48257.812500	-137.750534
48263.671875	-123.031555
48269.531250	-113.031960
48275.390625	-110.181091
48281.250000	-114.043770
48287.109375	-125.181503
48292.968750	-132.740921
48298.828125	-138.265244
48304.687500	-139.182953
48310.546875	-135.230820
48316.406250	-133.723709
48322.265625	-135.579697
48328.125000	-136.095047
48333.984375	-128.064377
48339.843750	-118.549034
48345.703125	-116.009865
48351.562500	-120.321159
48357.421875	-132.382019
48363.281250	-142.382828
48369.140625	-134.820312
48375.000000	-119.783096
48380.859375	-111.674011
48386.718750	-110.381042
48392.578125	-115.842751
48398.437500	-128.429062
48404.296875	-134.316895
48410.156250	-139.578979
48416.015625	-137.254608
48421.875000	-134.186874
48427.734375	-135.315216
48433.593750	-138.709320
48439.453125	-136.199707
48445.312500	-125.582298
48451.171875	-117.504211
48457.031250	-116.475098
48462.890625	-122.544304
48468.750000	-136.242599
48474.609375	-140.392517
48480.468750	-131.692612
48486.328125	-117.305183
48492.187500	-110.769821
48498.046875	-111.037140
48503.906250	-118.453239
48509.765625	-131.238617
48515.625000	-133.224655
48521.484375	-138.103516
48527.343750	-137.464813
48533.203125	-133.186310
48539.062500	-133.954041
48544.921875	-135.836670
48550.781250	-132.978058
48556.640625	-122.571701
48562.500000	-116.512909
48568.359375	-117.020432
48574.218750	-124.474785
48580.078125	-138.057190
48585.937500	-138.787308
48591.796875	-128.232773
48597.656250	-115.474258
48603.515625	-110.388260
48609.375000	-112.108887
48615.234375	-121.095871
48621.093750	-132.019882
48626.953125	-137.651169
48632.812500	-140.959183
48638.671875	-136.086273
48644.531250	-133.910721
48650.390625	-137.119873
48656.250000	-135.327911
48662.109375	-129.445145
48667.968750	-120.757523
48673.828125	-116.602287
48679.687500	-118.866516
48685.546875	-128.865677
48691.406250	-144.743729
48697.265625	-140.127136
48703.125000	-124.123024
48708.984375	-113.602707
48714.843750	-110.188004
48720.703125	-113.480904
48726.562500	-124.262169
48732.421875	-131.421188
48738.281250	-135.547043
48744.140625	-143.481476
48750.000000	-139.619141
48755.859375	-135.455490
48761.718750	-135.484665
48767.578125	-133.566971
48773.437500	-127.416542
48779.296875	-119.350327
48785.156250	-116.508339
48791.015625	-120.018486
48796.875000	-130.243744
48802.734375	-141.662354
48808.593750	-137.645309
48814.453125	-121.019173
48820.312500	-112.078690
48826.171875	-110.161812
48832.031250	-115.128174
48837.890625	-128.062042
48843.750000	-132.899185
48849.609375	-136.852692
48855.468750	-135.765320
48861.328125	-132.599243
48867.187500	-132.759125
48873.046875	-134.954285
48878.906250	-133.566360
48884.765625	-125.758263
48890.625000	-118.200455
48896.484375	-116.795471
48902.343750	-122.014542
48908.203125	-135.130081
48914.062500	-143.503250
48919.921875	-132.461166
48925.781250	-118.075111
48931.640625	-110.984665
48937.500000	-110.608322
48943.359375	-117.228539
48949.218750	-130.950775
48955.078125	-133.217545
48960.937500	-136.759842
48966.796875	-136.656357
48972.656250	-133.422592
48978.515625	-133.409851
48984.375000	-133.737808
48990.234375	-131.295609
48996.093750	-123.488518
49001.953125	-117.297096
49007.812500	-117.290100
49013.671875	-123.746170
49019.531250	-135.255981
49025.390625	-139.385742
49031.250000	-128.698898
49037.109375	-115.956116
49042.968750	-110.439407
49048.828125	-111.535851
49054.687500	-119.677292
49060.546875	-131.610153
49066.406250	-135.432373
49072.265625	-139.613052
49078.125000	-138.122513
49083.984375	-135.398392
49089.843750	-135.330994
49095.703125	-134.744095
49101.562500	-130.887024
49107.421875	-121.592339
49113.281250	-116.677444
49119.140625	-118.088882
49125.000000	-126.189087
49130.859375	-137.981873
49136.718750	-140.408783
49142.578125	-125.596794
49148.437500	-114.210625
49154.296875	-110.119514
49160.156250	-112.679901
49166.015625	-122.563965
49171.875000	-134.334030
49177.734375	-137.602966
49183.593750	-139.344788
49189.453125	-134.119858
49195.312500	-131.659134
49201.171875	-134.360184
49207.031250	-134.778000
49212.890625	-129.497986
49218.750000	-120.234718
49224.609375	-116.497246
49230.468750	-119.211266
49236.328125	-128.346970
49242.187500	-138.134445
49248.046875	-138.309662
49253.906250	-122.867607
49259.765625	-112.801956
49265.625000	-110.135742
49271.484375	-114.391815
49277.343750	-126.480019
49283.203125	-132.590378
49289.062500	-138.043381
49294.921875	-139.238083
49300.781250	-134.488342
49306.640625	-133.219345
49312.500000	-135.666397
49318.359375	-135.543747
49324.218750	-127.473808
49330.078125	-118.764420
49335.937500	-116.556992
49341.796875	-120.983231
49347.656250	-132.365814
49353.515625	-137.947372
49359.375000	-133.189331
49365.234375	-119.406067
49371.093750	-111.574997
49376.953125	-110.555901
49382.812500	-116.342644
49388.671875	-128.813538
49394.531250	-133.720413
49400.390625	-138.862442
49406.250000	-137.886444
49412.109375	-134.165588
49417.968750	-134.649689
49423.828125	-137.569244
49429.687500	-133.790894
49435.546875	-124.826248
49441.406250	-118.063828
49447.265625	-117.495140
49453.125000	-123.638710
49458.984375	-136.770645
49464.843750	-139.374588
49470.703125	-131.253754
49476.562500	-117.254440
49482.421875	-110.798073
49488.281250	-111.250824
49494.140625	-118.660706
49500.000000	-129.786530
49505.859375	-133.380829
49511.718750	-138.429321
49517.578125	-136.709274
49523.437500	-133.359436
49529.296875	-133.543884
49535.156250	-133.684814
49541.015625	-131.460251
49546.875000	-122.816391
49552.734375	-117.215767
49558.593750	-117.993103
49564.453125	-125.587631
49570.312500	-136.756073
49576.171875	-139.863144
49582.031250	-126.849846
49587.890625	-114.917542
49593.750000	-110.206779
49599.609375	-112.183479
49605.468750	-121.400299
49611.328125	-132.794708
49617.187500	-136.300018
49623.046875	-138.365585
49628.906250	-135.801315
49634.765625	-134.217636
49640.625000	-136.978989
49646.484375	-134.806061
49652.343750	-130.047943
49658.203125	-121.267746
49664.062500	-117.072693
49669.921875	-119.437035
49675.781250	-129.027313
49681.640625	-138.260025
49687.500000	-136.934128
49693.359375	-123.728577
49699.218750	-113.463539
49705.078125	-110.304848
49710.937500	-113.829025
49716.796875	-124.487701
49722.656250	-132.094009
49728.515625	-138.287750
49734.375000	-141.619278
49740.234375	-135.837341
49746.093750	-133.414215
49751.953125	-135.841110
49757.812500	-135.145721
49763.671875	-129.331253
49769.531250	-120.342087
49775.390625	-117.499443
49781.250000	-121.399490
49787.109375	-132.651398
49792.968750	-138.793640
49798.828125	-135.784912
49804.687500	-120.580818
49810.546875	-111.981247
49816.406250	-110.287483
49822.265625	-115.286354
49828.125000	-127.547333
49833.984375	-134.518570
49839.843750	-138.345688
49845.703125	-141.098770
49851.562500	-135.184021
49857.421875	-133.920517
49863.281250	-136.250549
49869.140625	-134.339554
49875.000000	-126.748405
49880.859375	-119.308708
49886.718750	-118.003029
49892.578125	-123.328285
49898.437500	-134.903244
49904.296875	-139.965973
49910.156250	-133.279831
49916.015625	-118.175385
49921.875000	-111.079315
49927.734375	-110.832466
49933.593750	-117.385170
49939.453125	-129.524811
49945.312500	-136.152130
49951.171875	-144.068527
49957.031250	-138.543076
49962.890625	-136.182556
49968.750000	-136.211395
49974.609375	-135.774826
49980.468750	-133.853775
49986.328125	-124.478699
49992.187500	-118.062416
49998.046875	-118.093071
50003.906250	-124.506523
50009.765625	-135.523224
50015.625000	-140.184052
50021.484375	-128.468216
50027.343750	-115.706917
50033.203125	-110.339188
50039.062500	-111.696640
50044.921875	-120.405289
50050.781250	-134.590622
50056.640625	-139.810989
50062.500000	-141.030609
50068.359375	-136.819351
50074.218750	-133.144989
50080.078125	-133.523453
50085.937500	-133.290588
50091.796875	-130.652328
50097.656250	-122.531700
50103.515625	-117.723396
50109.375000	-119.259399
50115.234375	-127.129921
50121.093750	-137.718124
50126.953125	-139.180008
50132.812500	-124.990875
50138.671875	-114.015228
50144.531250	-110.222946
50150.390625	-113.075668
50156.250000	-123.095520
50162.109375	-132.151657
50167.968750	-137.124695
50173.828125	-143.194107
50179.687500	-135.512299
50185.546875	-132.479767
50191.406250	-134.099548
50197.265625	-133.572571
50203.125000	-129.180374
50208.984375	-120.559395
50214.843750	-117.232414
50220.703125	-120.409538
50226.562500	-130.942810
50232.421875	-140.523666
50238.281250	-136.428726
50244.140625	-121.617134
50250.000000	-112.359581
50255.859375	-110.063728
50261.718750	-114.470490
50267.578125	-125.946060
50273.437500	-132.725967
50279.296875	-138.493576
50285.156250	-136.750565
50291.015625	-133.591034
50296.875000	-133.912811
50302.734375	-137.712097
50308.593750	-135.873764
50314.453125	-126.795692
50320.312500	-119.413506
50326.171875	-117.854286
50332.031250	-122.806473
50337.890625	-134.740997
50343.750000	-139.411575
50349.609375	-134.009857
50355.468750	-119.243591
50361.328125	-111.531158
50367.187500	-110.744789
50373.046875	-116.846207
50378.906250	-130.044540
50384.765625	-134.828827
50390.625000	-137.347000
50396.484375	-136.244934
50402.343750	-133.787796
50408.203125	-133.570450
50414.062500	-136.453583
50419.921875	-134.584229
50425.781250	-125.377533
50431.640625	-118.829567
50437.500000	-118.463043
50443.359375	-124.770164
50449.218750	-136.472443
50455.078125	-139.409439
50460.937500	-129.871536
50466.796875	-116.583809
50472.656250	-110.593239
50478.515625	-111.376770
50484.375000	-119.399033
50490.234375	-134.766998
50496.093750	-134.949280
50501.953125	-136.097748
50507.812500	-136.709091
50513.671875	-137.199799
50519.531250	-137.493301
50525.390625	-136.233612
50531.250000	-133.158203
50537.109375	-123.084671
50542.968750	-117.599030
50548.828125	-118.600220
50554.687500	-126.245621
50560.546875	-138.560989
50566.406250	-142.825851
50572.265625	-126.720665
50578.125000	-114.871338
50583.984375	-110.412010
50589.843750	-112.564774
50595.703125	-121.614563
50601.562500	-133.346375
50607.421875	-136.579544
50613.281250	-138.728958
50619.140625	-136.742020
50625.000000	-134.400909
50630.859375	-138.669861
50636.718750	-138.945007
50642.578125	-132.495590
50648.437500	-122.148712
50654.296875	-117.981079
50660.156250	-120.439995
50666.015625	-129.813995
50671.875000	-137.382538
50677.734375	-136.025528
50683.593750	-123.147057
50689.453125	-113.165756
50695.312500	-110.222412
50701.171875	-113.998764
50707.031250	-125.457832
50712.890625	-133.952240
50718.750000	-138.206985
50724.609375	-137.520615
50730.468750	-131.387375
50736.328125	-129.893021
50742.187500	-133.110458
50748.046875	-135.325058
50753.906250	-130.007141
50759.765625	-120.773949
50765.625000	-117.989815
50771.484375	-122.026222
50777.343750	-133.912735
50783.203125	-142.542984
50789.062500	-134.517227
50794.921875	-119.964378
50800.781250	-111.849030
50806.640625	-110.475250
50812.500000	-115.804733
50818.359375	-128.069687
50824.218750	-134.942886
50830.078125	-139.885590
50835.937500	-136.639709
50841.796875	-133.858978
50847.656250	-134.208023
50853.515625	-137.055206
50859.375000	-132.613800
50865.234375	-125.224136
50871.093750	-118.921730
50876.953125	-118.113319
50882.812500	-123.609520
50888.671875	-134.797058
50894.531250	-139.350952
50900.390625	-136.528137
50906.250000	-118.368164
50912.109375	-111.149963
50917.968750	-111.160873
50923.828125	-118.366859
50929.687500	-131.598465
50935.546875	-135.155548
50941.406250	-139.959152
50947.265625	-136.762680
50953.125000	-132.748428
50958.984375	-134.315094
50964.843750	-138.369446
50970.703125	-133.823959
50976.562500	-125.074570
50982.421875	-118.937210
50988.281250	-119.363045
50994.140625	-126.375839
51000.000000	-137.426239
51005.859375	-141.630188
51011.718750	-129.537094
51017.578125	-115.824348
51023.437500	-110.536377
51029.296875	-112.100578
51035.156250	-120.934891
51041.015625	-132.413818
51046.875000	-136.495438
51052.734375	-142.141006
51058.593750	-136.114365
51064.453125	-132.709229
51070.312500	-133.820618
51076.171875	-136.241333
51082.031250	-134.818939
51087.890625	-123.851036
51093.750000	-118.796791
51099.609375	-120.652931
51105.468750	-129.732803
51111.328125	-143.447113
51117.187500	-141.854507
51123.046875	-125.392670
51128.906250	-114.143883
51134.765625	-110.454712
51140.625000	-113.516380
51146.484375	-124.000732
51152.343750	-133.057388
51158.203125	-137.941147
51164.062500	-140.315414
51169.921875	-136.263580
51175.781250	-133.623901
51181.640625	-134.911484
51187.500000	-136.300903
51193.359375	-130.910812
51199.218750	-121.583344
51205.078125	-118.383308
51210.937500	-121.805893
51216.796875	-131.967163
51222.656250	-138.526062
51228.515625	-138.487167
51234.375000	-121.599464
51240.234375	-112.569176
51246.093750	-110.544167
51251.953125	-115.248878
51257.812500	-127.203148
51263.671875	-133.488708
51269.531250	-137.222794
51275.390625	-137.590790
51281.250000	-133.260071
51287.109375	-132.267975
51292.968750	-135.556717
51298.828125	-134.618469
51304.687500	-128.357620
51310.546875	-120.631950
51316.406250	-119.014961
51322.265625	-124.150009
51328.125000	-135.888733
51333.984375	-140.523239
51339.843750	-134.707840
51345.703125	-119.047142
51351.562500	-111.488136
51357.421875	-110.944595
51363.281250	-117.359535
51369.140625	-130.859589
51375.000000	-135.139069
51380.859375	-138.212982
51386.718750	-137.847397
51392.578125	-136.985428
51398.437500	-137.507584
51404.296875	-137.147644
51410.156250	-134.110184
51416.015625	-125.881126
51421.875000	-119.143944
51427.734375	-119.044937
51433.593750	-126.063553
51439.453125	-139.503601
51445.312500	-143.427643
51451.171875	-130.681824
51457.031250	-116.692780
51462.890625	-110.883926
51468.750000	-111.834488
51474.609375	-119.731735
51480.468750	-133.522827
51486.328125	-137.437164
51492.187500	-140.677094
51498.046875	-136.097839
51503.906250	-131.913269
51509.765625	-133.508789
51515.625000	-134.806534
51521.484375	-133.308945
51527.343750	-124.318748
51533.203125	-118.843559
51539.062500	-119.952133
51544.921875	-127.518753
51550.781250	-138.360153
51556.640625	-142.051071
51562.500000	-127.325424
51568.359375	-114.764091
51574.218750	-110.403320
51580.078125	-112.909019
51585.937500	-123.024971
51591.796875	-137.296463
51597.656250	-139.459930
51603.515625	-139.558228
51609.375000	-135.665512
51615.234375	-134.293350
51621.093750	-138.748306
51626.953125	-137.626282
51632.812500	-132.306381
51638.671875	-122.944923
51644.531250	-118.877235
51650.390625	-121.475616
51656.250000	-131.034195
51662.109375	-140.003525
51667.968750	-137.697266
51673.828125	-122.578857
51679.687500	-113.018265
51685.546875	-110.394455
51691.406250	-114.391640
51697.265625	-125.831978
51703.125000	-134.656723
51708.984375	-136.891678
51714.843750	-139.540359
51720.703125	-137.368942
51726.562500	-137.465408
51732.421875	-137.948471
51738.281250	-133.508102
51744.140625	-128.483551
51750.000000	-121.097969
51755.859375	-119.056320
51761.718750	-123.776306
51767.578125	-137.228561
51773.437500	-140.136597
51779.296875	-137.023514
51785.156250	-120.317291
51791.015625	-111.987961
51796.875000	-110.761536
51802.734375	-116.338501
51808.593750	-128.807831
51814.453125	-134.697510
51820.312500	-137.487289
51826.171875	-136.148880
51832.031250	-133.823990
51837.890625	-134.793655
51843.750000	-137.110184
51849.609375	-133.079254
51855.468750	-125.824776
51861.328125	-119.869728
51867.187500	-119.477341
51873.046875	-125.798347
51878.906250	-139.011032
51884.765625	-140.269913
51890.625000	-130.797485
51896.484375	-117.270660
51902.343750	-110.910095
51908.203125	-111.299416
51914.062500	-118.755157
51919.921875	-133.248581
51925.781250	-136.232574
51931.640625	-137.476639
51937.500000	-135.307251
51943.359375	-132.981155
51949.218750	-134.713104
51955.078125	-137.025162
51960.937500	-133.472366
51966.796875	-125.241478
51972.656250	-119.687355
51978.515625	-120.402466
51984.375000	-127.736259
51990.234375	-136.748764
51996.093750	-137.654251
52001.953125	-128.512680
52007.812500	-115.587357
52013.671875	-110.587868
52019.531250	-112.342964
52025.390625	-121.239662
52031.250000	-133.872284
52037.109375	-136.668945
52042.968750	-138.068024
52048.828125	-135.780045
52054.687500	-133.405487
52060.546875	-135.564987
52066.406250	-136.723541
52072.265625	-132.941132
52078.125000	-123.737831
52083.984375	-119.273064
52089.843750	-121.298912
52095.703125	-129.504272
52101.562500	-139.535019
52107.421875	-144.966507
52113.281250	-124.889442
52119.140625	-113.711342
52125.000000	-110.325432
52130.859375	-113.690567
52136.718750	-124.286186
52142.578125	-132.172882
52148.437500	-136.139359
52154.296875	-138.258865
52160.156250	-132.892120
52166.015625	-131.055420
52171.875000	-134.474854
52177.734375	-139.161789
52183.593750	-132.427673
52189.453125	-122.491844
52195.312500	-119.424065
52201.171875	-123.116913
52207.031250	-134.228439
52212.890625	-144.205566
52218.750000	-137.274750
52224.609375	-121.078819
52230.468750	-112.356117
52236.328125	-110.549370
52242.187500	-115.445053
52248.046875	-127.540382
52253.906250	-134.136063
52259.765625	-138.611923
52265.625000	-138.054199
52271.484375	-135.031952
52277.343750	-135.467300
52283.203125	-137.636551
52289.062500	-134.337631
52294.921875	-127.953125
52300.781250	-120.742699
52306.640625	-119.361061
52312.500000	-124.002686
52318.359375	-133.339218
52324.218750	-141.920654
52330.078125	-135.269073
52335.937500	-118.730583
52341.796875	-111.372284
52347.656250	-111.015976
52353.515625	-117.506432
52359.375000	-130.457321
52365.234375	-136.491455
52371.093750	-139.642288
52376.953125	-137.779587
52382.812500	-134.100754
52388.671875	-134.186218
52394.531250	-135.639008
52400.390625	-134.136490
52406.250000	-126.821655
52412.109375	-120.389679
52417.968750	-120.413376
52423.828125	-126.880951
52429.687500	-136.201096
52435.546875	-140.852051
52441.406250	-129.604736
52447.265625	-116.233032
52453.125000	-110.764824
52458.984375	-111.987022
52464.843750	-120.267044
52470.703125	-137.219650
52476.562500	-139.767197
52482.421875	-137.819809
52488.281250	-134.321014
52494.140625	-132.188385
52500.000000	-134.809769
52505.859375	-137.547012
52511.718750	-134.135574
52517.578125	-125.322716
52523.437500	-120.228668
52529.296875	-121.891655
52535.156250	-131.030579
52541.015625	-143.304825
52546.875000	-141.088394
52552.734375	-125.591354
52558.593750	-114.388313
52564.453125	-110.477028
52570.312500	-113.270447
52576.171875	-123.493141
52582.031250	-134.416199
52587.890625	-139.355652
52593.750000	-142.932877
52599.609375	-136.896194
52605.468750	-133.203232
52611.328125	-136.412109
52617.187500	-137.233719
52623.046875	-131.945541
52628.906250	-123.078850
52634.765625	-119.743362
52640.625000	-122.922806
52646.484375	-132.938889
52652.343750	-138.484909
52658.203125	-137.238159
52664.062500	-122.707191
52669.921875	-113.011246
52675.781250	-110.561867
52681.640625	-114.862411
52687.500000	-126.848610
52693.359375	-135.684464
52699.218750	-140.700424
52705.078125	-140.513336
52710.937500	-133.098648
52716.796875	-131.881485
52722.656250	-135.424271
52728.515625	-134.772873
52734.375000	-129.162247
52740.234375	-121.597908
52746.093750	-119.703072
52751.953125	-124.348412
52757.812500	-135.209671
52763.671875	-139.643341
52769.531250	-133.905823
52775.390625	-119.452469
52781.250000	-111.768547
52787.109375	-110.913162
52792.968750	-116.925629
52798.828125	-130.529282
52804.687500	-135.653763
52810.546875	-139.368713
52816.406250	-136.596268
52822.265625	-132.042206
52828.125000	-131.858810
52833.984375	-134.276321
52839.843750	-134.472061
52845.703125	-127.470444
52851.562500	-120.863678
52857.421875	-120.297943
52863.281250	-126.457657
52869.140625	-138.563492
52875.000000	-139.979889
52880.859375	-129.997116
52886.718750	-116.931328
52892.578125	-110.892838
52898.437500	-111.556786
52904.296875	-119.238136
52910.156250	-133.717590
52916.015625	-138.759094
52921.875000	-139.927780
52927.734375	-135.325424
52933.593750	-131.101105
52939.453125	-132.359619
52945.312500	-135.880981
52951.171875	-134.465790
52957.031250	-125.455429
52962.890625	-119.967270
52968.750000	-120.809196
52974.609375	-128.163025
52980.468750	-137.786331
52986.328125	-139.883423
52992.187500	-127.741280
52998.046875	-115.257980
53003.906250	-110.624496
53009.765625	-112.818031
53015.625000	-122.558792
53021.484375	-135.241028
53027.343750	-137.868271
53033.203125	-139.444885
53039.062500	-134.354324
53044.921875	-131.612076
53050.781250	-134.523468
53056.640625	-136.332916
53062.500000	-133.282043
53068.359375	-124.313828
53074.218750	-120.048019
53080.078125	-122.285591
53085.937500	-130.671951
53091.796875	-140.228897
53097.656250	-141.165390
53103.515625	-123.907806
53109.375000	-113.448792
53115.234375	-110.349861
53121.093750	-113.929070
53126.953125	-124.707062
53132.812500	-135.164841
53138.671875	-139.377579
53144.531250	-139.592010
53150.390625	-135.636444
53156.250000	-134.936462
53162.109375	-139.616074
53167.968750	-138.843185
53173.828125	-131.565613
53179.687500	-122.757355
53185.546875	-120.258842
53191.406250	-124.549355
53197.265625	-136.272980
53203.125000	-140.140121
53208.984375	-136.555725
53214.843750	-120.789909
53220.703125	-112.168297
53226.562500	-110.642090
53232.421875	-115.974129
53238.281250	-129.021439
53244.140625	-135.463959
53250.000000	-143.245560
53255.859375	-140.779053
53261.718750	-134.274734
53267.578125	-132.745178
53273.437500	-133.640091
53279.296875	-133.499512
53285.156250	-128.387497
53291.015625	-121.487198
53296.875000	-120.438713
53302.734375	-125.775475
53308.593750	-137.190338
53314.453125	-139.783020
53320.312500	-134.263947
53326.171875	-118.544823
53332.031250	-111.457146
53337.890625	-111.424187
53343.750000	-118.517441
53349.609375	-132.573730
53355.468750	-137.368347
53361.328125	-139.899918
53367.187500	-136.900803
53373.046875	-132.517746
53378.906250	-132.752457
53384.765625	-136.232864
53390.625000	-134.787369
53396.484375	-126.020172
53402.343750	-120.405930
53408.203125	-120.874069
53414.062500	-127.810867
53419.921875	-139.484802
53425.781250	-138.160004
53431.640625	-128.701721
53437.500000	-116.043877
53443.359375	-110.769363
53449.218750	-112.241028
53455.078125	-120.867905
53460.937500	-133.772812
53466.796875	-136.411362
53472.656250	-139.321564
53478.515625	-135.300812
53484.375000	-132.012680
53490.234375	-135.005875
53496.093750	-141.082031
53501.953125	-134.334808
53507.812500	-124.390366
53513.671875	-119.716309
53519.531250	-121.421455
53525.390625	-129.609238
53531.250000	-139.720978
53537.109375	-142.442749
53542.968750	-125.162239
53548.828125	-114.116982
53554.687500	-110.461700
53560.546875	-113.482971
53566.406250	-123.928650
53572.265625	-136.050644
53578.125000	-137.263626
53583.984375	-139.166733
53589.843750	-135.069351
53595.703125	-132.850327
53601.562500	-135.501205
53607.421875	-137.426971
53613.281250	-132.222260
53619.140625	-123.651222
53625.000000	-120.566490
53630.859375	-123.815399
53636.718750	-133.551575
53642.578125	-138.500809
53648.437500	-135.134384
53654.296875	-121.960098
53660.156250	-112.699409
53666.015625	-110.541100
53671.875000	-115.163467
53677.734375	-128.243866
53683.593750	-138.540421
53689.453125	-136.045425
53695.312500	-138.476929
53701.171875	-136.741165
53707.031250	-133.891571
53712.890625	-138.089813
53718.750000	-138.345444
53724.609375	-132.651947
53730.468750	-123.215187
53736.328125	-121.043297
53742.187500	-125.745621
53748.046875	-136.272232
53753.906250	-140.466736
53759.765625	-134.698257
53765.625000	-119.402084
53771.484375	-111.821533
53777.343750	-111.152153
53783.203125	-117.273727
53789.062500	-130.926483
53794.921875	-139.184067
53800.781250	-141.054901
53806.640625	-137.690201
53812.500000	-133.740936
53818.359375	-134.209045
53824.218750	-136.883820
53830.078125	-135.094742
53835.937500	-127.685478
53841.796875	-121.645157
53847.656250	-121.690544
53853.515625	-129.080688
53859.375000	-139.275497
53865.234375	-141.472137
53871.093750	-131.156952
53876.953125	-116.972565
53882.812500	-110.980453
53888.671875	-111.819412
53894.531250	-119.641716
53900.390625	-134.329803
53906.250000	-138.459976
53912.109375	-138.622162
53917.968750	-134.585526
53923.828125	-131.730438
53929.687500	-134.620605
53935.546875	-138.387100
53941.406250	-135.206009
53947.265625	-127.134216
53953.125000	-121.523911
53958.984375	-122.646072
53964.843750	-130.816589
53970.703125	-141.352890
53976.562500	-140.975098
53982.421875	-127.153656
53988.281250	-115.098267
53994.140625	-110.652794
54000.000000	-112.948120
54005.859375	-122.450890
54011.718750	-134.242188
54017.578125	-138.133163
54023.437500	-141.556259
54029.296875	-135.865738
54035.156250	-133.240540
54041.015625	-135.849167
54046.875000	-136.444321
54052.734375	-134.378143
54058.593750	-124.995186
54064.453125	-120.794838
54070.312500	-123.398857
54076.171875	-132.883102
54082.031250	-137.725021
54087.890625	-138.390213
54093.750000	-123.688583
54099.609375	-113.320290
54105.468750	-110.511131
54111.328125	-114.566956
54117.187500	-126.954903
54123.046875	-136.632156
54128.906250	-136.079147
54134.765625	-135.026443
54140.625000	-132.377914
54146.484375	-131.253510
54152.343750	-135.182297
54158.203125	-138.754425
54164.062500	-132.194321
54169.921875	-123.150551
54175.781250	-120.608849
54181.640625	-124.641556
54187.500000	-133.678268
54193.359375	-138.120804
54199.218750	-137.060593
54205.078125	-120.741165
54210.937500	-112.195328
54216.796875	-110.827164
54222.656250	-116.320717
54228.515625	-129.853500
54234.375000	-138.223755
54240.234375	-139.568161
54246.093750	-137.700211
54251.953125	-133.424149
54257.812500	-133.930740
54263.671875	-139.425735
54269.531250	-137.983871
54275.390625	-129.254532
54281.250000	-121.992493
54287.109375	-121.260704
54292.968750	-127.366386
54298.828125	-139.292313
54304.687500	-139.533112
54310.546875	-131.337997
54316.406250	-117.505928
54322.265625	-111.031181
54328.125000	-111.247414
54333.984375	-118.257599
54339.843750	-132.028992
54345.703125	-139.562347
54351.562500	-141.637131
54357.421875	-135.826889
54363.281250	-131.621994
54369.140625	-132.316101
54375.000000	-136.206741
54380.859375	-137.228714
54386.718750	-129.173477
54392.578125	-122.124847
54398.437500	-122.307510
54404.296875	-129.105255
54410.156250	-140.905746
54416.015625	-140.744202
54421.875000	-128.337372
54427.734375	-115.603249
54433.593750	-110.542091
54439.453125	-112.225998
54445.312500	-120.937500
54451.171875	-132.573074
54457.031250	-136.022552
54462.890625	-137.729736
54468.750000	-132.523590
54474.609375	-130.049866
54480.468750	-133.024323
54486.328125	-138.345932
54492.187500	-135.589340
54498.046875	-125.372925
54503.906250	-120.886757
54509.765625	-122.902908
54515.625000	-131.405914
54521.484375	-137.211456
54527.343750	-137.441010
54533.203125	-124.823021
54539.062500	-113.835785
54544.921875	-110.388412
54550.781250	-113.693436
54556.640625	-124.515778
54562.500000	-135.395660
54568.359375	-139.084305
54574.218750	-140.535370
54580.078125	-135.087860
54585.937500	-132.346268
54591.796875	-136.823532
54597.656250	-136.434036
54603.515625	-131.552673
54609.375000	-124.115494
54615.234375	-121.399353
54621.093750	-125.180923
54626.953125	-136.213287
54632.812500	-142.466522
54638.671875	-137.321518
54644.531250	-121.593834
54650.390625	-112.478439
54656.250000	-110.512825
54662.109375	-115.236092
54667.968750	-127.277420
54673.828125	-136.649643
54679.687500	-141.759262
54685.546875	-139.321182
54691.406250	-132.835159
54697.265625	-132.184174
54703.125000	-136.091003
54708.984375	-136.893906
54714.843750	-131.698547
54720.703125	-123.346291
54726.562500	-121.561920
54732.421875	-126.331902
54738.281250	-136.404938
54744.140625	-139.071106
54750.000000	-133.117157
54755.859375	-118.809090
54761.718750	-111.505020
54767.578125	-111.157280
54773.437500	-117.804169
54779.296875	-132.884689
54785.156250	-138.095474
54791.015625	-138.507690
54796.875000	-134.927155
54802.734375	-131.302994
54808.593750	-132.803024
54814.453125	-136.256073
54820.312500	-134.174820
54826.171875	-128.007523
54832.031250	-122.490730
54837.890625	-122.614372
54843.750000	-129.171402
54849.609375	-139.057877
54855.468750	-140.418579
54861.328125	-130.104111
54867.187500	-116.286667
54873.046875	-110.603470
54878.906250	-111.786713
54884.765625	-120.296822
54890.625000	-135.124939
54896.484375	-136.516922
54902.343750	-140.148575
54908.203125	-137.182388
54914.062500	-132.541245
54919.921875	-134.020828
54925.781250	-138.173523
54931.640625	-135.716095
54937.500000	-126.754646
54943.359375	-121.905228
54949.218750	-123.567223
54955.078125	-131.903992
54960.937500	-137.936005
54966.796875	-141.105728
54972.656250	-126.187225
54978.515625	-114.320953
54984.375000	-110.225975
54990.234375	-112.904778
54996.093750	-122.960350
55001.953125	-134.170364
55007.812500	-138.512970
55013.671875	-138.243439
55019.531250	-134.247375
55025.390625	-132.275085
55031.250000	-134.683243
55037.109375	-139.259979
55042.968750	-135.323990
55048.828125	-125.267670
55054.687500	-121.707314
55060.546875	-124.344574
55066.406250	-132.379425
55072.265625	-140.125397
55078.125000	-140.612686
55083.984375	-122.889984
55089.843750	-113.013054
55095.703125	-110.483398
55101.562500	-114.761574
55107.421875	-126.801041
55113.281250	-137.627701
55119.140625	-143.594727
55125.000000	-141.314987
55130.859375	-133.557587
55136.718750	-131.749573
55142.578125	-136.127747
55148.437500	-135.926590
55154.296875	-131.524063
55160.156250	-123.870407
55166.015625	-121.863304
55171.875000	-126.290802
55177.734375	-136.930786
55183.593750	-144.774231
55189.453125	-135.481476
55195.312500	-119.583809
55201.171875	-111.792870
55207.031250	-110.858932
55212.890625	-116.887863
55218.750000	-132.389679
55224.609375	-136.572647
55230.468750	-138.548447
55236.328125	-136.135483
55242.187500	-131.592545
55248.046875	-132.217056
55253.906250	-139.483551
55259.765625	-136.697174
55265.625000	-129.477646
55271.484375	-122.784225
55277.343750	-122.073395
55283.203125	-127.400719
55289.062500	-136.411621
55294.921875	-138.399857
55300.781250	-130.921722
55306.640625	-117.017860
55312.500000	-110.741920
55318.359375	-111.249214
55324.218750	-118.695404
55330.078125	-131.634171
55335.937500	-136.855042
55341.796875	-140.096481
55347.656250	-137.157486
55353.515625	-132.770020
55359.375000	-132.985352
55365.234375	-136.574677
55371.093750	-137.521820
55376.953125	-128.299789
55382.812500	-122.157364
55388.671875	-122.942841
55394.531250	-130.724533
55400.390625	-142.246857
55406.250000	-140.919006
55412.109375	-127.272583
55417.968750	-114.896835
55423.828125	-110.196213
55429.687500	-112.240738
55435.546875	-121.672256
55441.406250	-135.619614
55447.265625	-138.577942
55453.125000	-138.899063
55458.984375	-134.477234
55464.843750	-132.576248
55470.703125	-136.326996
55476.562500	-139.646805
55482.421875	-136.528824
55488.281250	-126.549187
55494.140625	-122.527275
55500.000000	-125.023865
55505.859375	-133.678787
55511.718750	-141.692902
55517.578125	-141.175659
55523.437500	-123.529091
55529.296875	-113.248352
55535.156250	-110.148941
55541.015625	-113.760040
55546.875000	-125.007507
55552.734375	-135.292725
55558.593750	-137.922089
55564.453125	-140.757080
55570.312500	-135.304398
55576.171875	-132.887695
55582.031250	-135.524872
55587.890625	-137.032822
55593.750000	-132.083908
55599.609375	-124.459503
55605.468750	-121.934410
55611.328125	-125.797554
55617.187500	-135.263351
55623.046875	-137.121231
55628.906250	-135.820938
55634.765625	-120.944290
55640.625000	-112.148109
55646.484375	-110.481087
55652.343750	-115.552414
55658.203125	-128.356140
55664.062500	-137.183929
55669.921875	-138.972412
55675.781250	-136.303604
55681.640625	-131.607758
55687.500000	-131.093658
55693.359375	-134.027664
55699.218750	-135.301758
55705.078125	-132.353821
55710.937500	-124.006905
55716.796875	-122.483902
55722.656250	-127.956810
55728.515625	-140.770187
55734.375000	-143.303467
55740.234375	-134.875793
55746.093750	-118.275566
55751.953125	-110.943222
55757.812500	-110.696625
55763.671875	-117.194702
55769.531250	-130.271606
55775.390625	-135.654846
55781.250000	-138.332977
55787.109375	-137.653854
55792.968750	-133.136368
55798.828125	-133.681732
55804.687500	-137.728027
55810.546875	-136.239639
55816.406250	-128.510529
55822.265625	-123.204414
55828.125000	-123.616333
55833.984375	-130.538818
55839.843750	-139.707840
55845.703125	-139.981918
55851.562500	-128.301743
55857.421875	-115.605476
55863.281250	-110.222000
55869.140625	-111.601608
55875.000000	-120.043716
55880.859375	-133.312012
55886.718750	-135.194855
55892.578125	-136.012177
55898.437500	-134.232224
55904.296875	-132.692062
55910.156250	-135.473740
55916.015625	-141.050735
55921.875000	-137.334030
55927.734375	-126.966301
55933.593750	-122.432228
55939.453125	-124.299927
55945.312500	-132.530579
55951.171875	-137.439484
55957.031250	-135.638763
55962.890625	-123.906593
55968.750000	-113.555527
55974.609375	-109.892395
55980.468750	-112.852539
55986.328125	-123.291733
55992.187500	-137.417191
55998.046875	-142.185852
56003.906250	-137.858261
56009.765625	-135.020447
56015.625000	-134.087875
56021.484375	-138.203384
56027.343750	-140.462280
56033.203125	-133.198380
56039.062500	-125.006302
56044.921875	-122.140816
56050.781250	-125.467461
56056.640625	-134.502121
56062.500000	-141.792389
56068.359375	-139.051651
56074.218750	-121.866829
56080.078125	-112.361732
56085.937500	-110.091316
56091.796875	-114.585487
56097.656250	-126.900108
56103.515625	-138.023895
56109.375000	-140.836899
56115.234375	-139.195312
56121.093750	-132.088638
56126.953125	-130.539658
56132.812500	-134.204803
56138.671875	-135.138016
56144.531250	-129.174484
56150.390625	-123.032173
56156.250000	-121.753738
56162.109375	-126.586388
56167.968750	-134.968933
56173.828125	-137.377930
56179.687500	-133.025879
56185.546875	-118.528938
56191.406250	-110.905869
56197.265625	-110.162544
56203.125000	-116.255806
56208.984375	-129.450790
56214.843750	-136.851059
56220.703125	-139.025421
56226.562500	-134.420410
56232.421875	-129.946350
56238.281250	-130.268265
56244.140625	-134.861206
56250.000000	-137.455002
56255.859375	-130.364227
56261.718750	-123.491844
56267.578125	-123.282234
56273.437500	-130.086075
56279.296875	-141.317032
56285.156250	-141.827835
56291.015625	-130.567825
56296.875000	-116.412659
56302.734375	-110.382973
56308.593750	-111.191185
56314.453125	-119.204674
56320.312500	-133.936218
56326.171875	-137.979813
56332.031250	-138.510788
56337.890625	-136.510971
56343.750000	-132.148483
56349.609375	-132.548645
56355.468750	-135.812775
56361.328125	-134.742355
56367.187500	-127.463608
56373.046875	-122.621864
56378.906250	-123.961685
56384.765625	-131.342087
56390.625000	-139.052277
56396.484375	-144.013657
56402.343750	-125.448700
56408.203125	-113.937904
56414.062500	-109.668175
56419.921875	-112.000175
56425.781250	-121.670036
56431.640625	-137.083389
56437.500000	-139.370544
56443.359375	-139.574692
56449.218750	-133.913239
56455.078125	-131.500519
56460.937500	-134.070892
56466.796875	-137.327301
56472.656250	-135.770523
56478.515625	-126.549622
56484.375000	-122.498398
56490.234375	-125.111115
56496.093750	-134.451508
56501.953125	-144.961411
56507.812500	-141.008987
56513.671875	-123.008522
56519.531250	-112.597549
56525.390625	-109.672234
56531.250000	-113.586464
56537.109375	-125.588921
56542.968750	-137.717560
56548.828125	-141.506943
56554.687500	-138.890182
56560.546875	-133.010330
56566.406250	-132.181717
56572.265625	-137.710876
56578.125000	-139.126053
56583.984375	-134.862030
56589.843750	-125.785812
56595.703125	-122.717346
56601.562500	-125.655296
56607.421875	-132.991165
56613.281250	-140.366699
56619.140625	-136.910324
56625.000000	-119.750519
56630.859375	-111.256836
56636.718750	-109.890282
56642.578125	-115.401573
56648.437500	-129.650345
56654.296875	-139.815048
56660.156250	-141.941879
56666.015625	-136.150833
56671.875000	-130.688004
56677.734375	-130.463058
56683.593750	-135.171722
56689.453125	-136.760254
56695.312500	-131.999069
56701.171875	-124.550262
56707.031250	-123.602943
56712.890625	-129.600510
56718.750000	-139.623672
56724.609375	-140.693817
56730.468750	-131.010529
56736.328125	-116.814537
56742.187500	-110.114281
56748.046875	-110.247955
56753.906250	-117.244926
56759.765625	-131.599564
56765.625000	-138.901001
56771.484375	-140.935287
56777.343750	-137.292023
56783.203125	-132.558990
56789.062500	-133.053375
56794.921875	-136.718430
56800.781250	-138.284866
56806.640625	-130.279770
56812.500000	-124.280937
56818.359375	-124.822227
56824.218750	-131.838623
56830.078125	-137.991180
56835.937500	-138.126587
56841.796875	-127.681244
56847.656250	-114.783478
56853.515625	-109.646530
56859.375000	-111.315201
56865.234375	-120.162056
56871.093750	-136.223831
56876.953125	-141.021194
56882.812500	-145.717575
56888.671875	-136.826263
56894.531250	-131.231079
56900.390625	-133.801971
56906.250000	-138.418152
56912.109375	-138.467239
56917.968750	-129.136902
56923.828125	-123.861832
56929.687500	-125.513062
56935.546875	-133.578445
56941.406250	-142.672531
56947.265625	-140.398285
56953.125000	-123.718445
56958.984375	-112.817230
56964.843750	-109.289520
56970.703125	-112.477539
56976.562500	-123.081154
56982.421875	-135.992645
56988.281250	-139.711334
56994.140625	-138.711441
57000.000000	-132.958618
57005.859375	-130.013351
57011.718750	-133.401505
57017.578125	-137.898560
57023.437500	-135.991440
57029.296875	-126.772331
57035.156250	-123.236511
57041.015625	-126.235626
57046.875000	-135.278732
57052.734375	-143.959885
57058.593750	-138.740967
57064.453125	-120.507339
57070.312500	-111.316559
57076.171875	-109.281799
57082.031250	-113.951317
57087.890625	-126.086258
57093.750000	-137.721878
57099.609375	-141.029907
57105.468750	-139.328568
57111.328125	-133.064362
57117.187500	-132.505219
57123.046875	-138.393356
57128.906250	-138.698196
57134.765625	-131.816559
57140.625000	-125.463577
57146.484375	-124.154846
57152.343750	-128.775848
57158.203125	-138.049072
57164.062500	-140.590485
57169.921875	-134.510468
57175.781250	-117.789932
57181.640625	-110.289787
57187.500000	-109.806061
57193.359375	-116.224838
57199.218750	-130.585114
57205.078125	-139.989807
57210.937500	-140.524475
57216.796875	-137.550125
57222.656250	-132.133118
57228.515625	-132.865433
57234.375000	-138.339584
57240.234375	-136.887741
57246.093750	-129.757660
57251.953125	-124.080269
57257.812500	-124.452126
57263.671875	-131.629990
57269.531250	-138.613312
57275.390625	-138.046188
57281.250000	-128.688431
57287.109375	-115.152588
57292.968750	-109.420174
57298.828125	-110.439095
57304.687500	-118.547386
57310.546875	-133.874985
57316.406250	-137.489395
57322.265625	-138.424744
57328.125000	-133.495819
57333.984375	-130.335678
57339.843750	-132.209885
57345.703125	-137.238876
57351.562500	-137.102417
57357.421875	-129.846466
57363.281250	-124.413231
57369.140625	-125.808525
57375.000000	-133.213516
57380.859375	-136.283188
57386.718750	-137.592728
57392.578125	-124.175217
57398.437500	-112.781158
57404.296875	-108.711655
57410.156250	-111.278801
57416.015625	-121.075386
57421.875000	-134.642441
57427.734375	-137.689804
57433.593750	-137.780884
57439.453125	-132.638687
57445.312500	-130.337936
57451.171875	-134.366104
57457.031250	-140.935059
57462.890625	-137.260300
57468.750000	-127.727409
57474.609375	-123.735779
57480.468750	-125.946754
57486.328125	-133.341492
57492.187500	-138.890610
57498.046875	-137.354843
57503.906250	-121.428062
57509.765625	-111.440674
57515.625000	-108.790474
57521.484375	-112.876534
57527.343750	-124.586121
57533.203125	-137.648392
57539.062500	-140.751953
57544.921875	-139.231766
57550.781250	-133.015579
57556.640625	-131.334793
57562.500000	-135.852631
57568.359375	-139.418915
57574.218750	-134.680252
57580.078125	-126.093407
57585.937500	-123.881500
57591.796875	-128.576340
57597.656250	-139.763245
57603.515625	-140.249741
57609.375000	-136.888504
57615.234375	-118.403374
57621.093750	-109.958984
57626.953125	-108.797592
57632.812500	-114.542595
57638.671875	-128.586929
57644.531250	-137.941711
57650.390625	-140.004623
57656.250000	-138.018524
57662.109375	-133.377411
57667.968750	-133.318283
57673.828125	-137.610397
57679.687500	-137.778198
57685.546875	-131.624573
57691.406250	-125.349770
57697.265625	-124.754395
57703.125000	-130.547440
57708.984375	-141.171265
57714.843750	-141.596436
57720.703125	-128.892365
57726.562500	-115.064087
57732.421875	-108.789581
57738.281250	-109.255043
57744.140625	-116.662796
57750.000000	-132.159195
57755.859375	-138.912094
57761.718750	-139.880051
57767.578125	-134.228302
57773.437500	-129.905136
57779.296875	-131.953766
57785.156250	-138.092407
57791.015625	-137.845444
57796.875000	-129.426666
57802.734375	-123.640572
57808.593750	-124.328377
57814.453125	-131.304840
57820.312500	-138.442322
57826.171875	-138.814301
57832.031250	-126.127022
57837.890625	-113.261978
57843.750000	-108.374832
57849.609375	-110.286896
57855.468750	-119.462303
57861.328125	-137.267120
57867.187500	-141.292053
57873.046875	-139.487305
57878.906250	-134.250778
57884.765625	-131.749451
57890.625000	-134.405151
57896.484375	-139.021286
57902.343750	-136.248566
57908.203125	-127.783844
57914.062500	-123.778488
57919.921875	-126.091454
57925.781250	-135.605194
57931.640625	-141.062653
57937.500000	-138.522507
57943.359375	-121.304184
57949.218750	-110.840340
57955.078125	-107.658783
57960.937500	-111.192650
57966.796875	-122.540390
57972.656250	-138.951584
57978.515625	-139.660416
57984.375000	-139.611786
57990.234375	-133.697311
57996.093750	-131.016953
58001.953125	-134.084351
58007.812500	-138.039749
58013.671875	-135.837204
58019.531250	-127.465454
58025.390625	-124.707176
58031.250000	-128.765930
58037.109375	-138.777679
58042.968750	-138.290314
58048.828125	-133.465469
58054.687500	-118.238480
58060.546875	-109.459167
58066.406250	-107.732666
58072.265625	-112.801476
58078.125000	-125.998634
58083.984375	-137.618805
58089.843750	-139.652649
58095.703125	-137.106430
58101.562500	-131.233597
58107.421875	-131.123413
58113.281250	-137.696533
58119.140625	-142.112701
58125.000000	-132.802567
58130.859375	-125.353714
58136.718750	-124.204109
58142.578125	-129.765518
58148.437500	-140.981339
58154.296875	-145.666519
58160.156250	-131.555786
58166.015625	-115.461220
58171.875000	-108.247032
58177.734375	-108.007668
58183.593750	-114.643791
58189.453125	-129.240479
58195.312500	-139.318192
58201.171875	-142.482086
58207.031250	-136.431732
58212.890625	-130.231155
58218.750000	-130.593719
58224.609375	-135.481445
58230.468750	-136.848373
58236.328125	-131.326782
58242.187500	-125.344307
58248.046875	-125.350060
58253.906250	-131.990234
58259.765625	-141.467621
58265.625000	-137.995071
58271.484375	-124.591240
58277.343750	-112.428986
58283.203125	-107.206902
58289.062500	-108.515633
58294.921875	-116.774254
58300.781250	-131.457275
58306.640625	-136.990051
58312.500000	-139.743469
58318.359375	-133.681808
58324.218750	-129.573532
58330.078125	-130.871918
58335.937500	-136.500015
58341.796875	-137.426147
58347.656250	-129.316376
58353.515625	-124.309143
58359.375000	-125.221146
58365.234375	-130.869400
58371.093750	-137.038330
58376.953125	-139.902130
58382.812500	-121.931297
58388.671875	-110.435196
58394.531250	-106.566429
58400.390625	-109.406494
58406.250000	-119.723228
58412.109375	-138.098099
58417.968750	-145.478302
58423.828125	-140.001953
58429.687500	-132.893967
58435.546875	-130.313126
58441.406250	-132.908768
58447.265625	-136.958694
58453.125000	-134.824966
58458.984375	-127.329033
58464.843750	-124.140610
58470.703125	-127.364830
58476.562500	-136.327530
58482.421875	-139.157349
58488.281250	-135.094757
58494.140625	-118.194382
58500.000000	-108.588989
58505.859375	-106.217339
58511.718750	-110.618279
58517.578125	-123.126541
58523.437500	-141.148941
58529.296875	-142.016403
58535.156250	-140.665436
58541.015625	-135.744888
58546.875000	-134.626709
58552.734375	-138.161362
58558.593750	-140.908630
58564.453125	-136.167099
58570.312500	-127.095436
58576.171875	-124.894333
58582.031250	-129.421204
58587.890625	-137.705002
58593.750000	-138.875854
58599.609375	-130.156876
58605.468750	-114.483749
58611.328125	-106.886818
58617.187500	-106.156212
58623.046875	-112.378471
58628.906250	-127.513527
58634.765625	-138.485428
58640.625000	-143.828796
58646.484375	-136.813126
58652.343750	-131.285767
58658.203125	-130.937256
58664.062500	-134.901352
58669.921875	-139.192322
58675.781250	-133.780884
58681.640625	-126.639114
58687.500000	-126.281868
58693.359375	-133.456665
58699.218750	-142.410934
58705.078125	-138.827728
58710.937500	-125.450935
58716.796875	-111.596161
58722.656250	-105.495338
58728.515625	-106.165306
58734.375000	-113.828697
58740.234375	-130.861343
58746.093750	-141.193222
58751.953125	-139.862839
58757.812500	-134.452469
58763.671875	-129.982224
58769.531250	-131.487289
58775.390625	-137.275177
58781.250000	-136.788910
58787.109375	-129.790649
58792.968750	-124.876839
58798.828125	-125.833572
58804.687500	-133.149780
58810.546875	-142.430481
58816.406250	-140.197845
58822.265625	-121.032562
58828.125000	-108.585167
58833.984375	-104.025261
58839.843750	-106.232735
58845.703125	-115.759827
58851.562500	-133.673203
58857.421875	-138.564743
58863.281250	-141.126373
58869.140625	-135.632385
58875.000000	-131.226624
58880.859375	-133.171188
58886.718750	-137.722519
58892.578125	-135.632004
58898.437500	-128.179871
58904.296875	-124.600853
58910.156250	-126.805046
58916.015625	-134.090134
58921.875000	-139.985855
58927.734375	-134.621765
58933.593750	-114.715263
58939.453125	-104.479805
58945.312500	-101.513313
58951.171875	-105.232430
58957.031250	-116.522575
58962.890625	-135.081223
58968.750000	-137.463898
58974.609375	-141.149292
58980.468750	-134.179886
58986.328125	-131.499390
58992.187500	-132.467270
58998.046875	-128.716537
59003.906250	-128.495270
59009.765625	-126.434525
59015.625000	-124.594894
59021.484375	-128.619751
59027.343750	-137.452438
59033.203125	-140.145737
59039.062500	-130.037521
59044.921875	-111.687225
59050.781250	-103.153183
59056.640625	-101.696587
59062.500000	-106.992401
59068.359375	-120.277802
59074.218750	-140.244934
59080.078125	-142.029434
59085.937500	-138.774139
59091.796875	-133.131836
59097.656250	-132.587662
59103.515625	-135.238602
59109.375000	-134.765839
59115.234375	-131.730850
59121.093750	-125.543983
59126.953125	-124.450729
59132.812500	-129.266205
59138.671875	-137.690842
59144.531250	-139.602905
59150.390625	-127.638908
59156.250000	-111.691818
59162.109375	-104.830566
59167.968750	-104.885933
59173.828125	-111.909554
59179.687500	-128.032089
59185.546875	-141.224121
59191.406250	-140.784027
59197.265625	-135.273911
59203.125000	-130.694748
59208.984375	-132.268387
59214.843750	-137.909973
59220.703125	-136.212814
59226.562500	-130.172440
59232.421875	-125.243584
59238.281250	-126.098503
59244.140625	-133.626419
59250.000000	-140.856110
59255.859375	-141.759933
59261.718750	-123.739601
59267.578125	-110.556412
59273.437500	-105.375900
59279.296875	-106.948708
59285.156250	-115.663963
59291.015625	-131.814133
59296.875000	-136.972504
59302.734375	-140.477966
59308.593750	-133.036087
59314.453125	-128.848953
59320.312500	-131.163177
59326.171875	-137.209763
59332.031250	-137.217728
59337.890625	-129.902405
59343.750000	-125.333916
59349.609375	-127.311813
59355.468750	-135.197525
59361.328125	-140.271164
59367.187500	-139.148026
59373.046875	-120.523865
59378.906250	-109.459320
59384.765625	-105.852913
59390.625000	-108.889465
59396.484375	-119.044121
59402.343750	-132.179398
59408.203125	-137.104477
59414.062500	-139.143356
59419.921875	-132.472977
59425.781250	-130.631302
59431.640625	-133.915878
59437.500000	-134.495728
59443.359375	-133.640793
59449.218750	-128.162170
59455.078125	-125.287949
59460.937500	-128.643723
59466.796875	-137.050629
59472.656250	-143.077408
59478.515625	-136.841660
59484.375000	-118.294365
59490.234375	-108.815170
59496.093750	-106.683029
59501.953125	-111.299835
59507.812500	-123.754547
59513.671875	-141.086075
59519.531250	-140.666931
59525.390625	-137.800125
59531.250000	-132.631393
59537.109375	-131.434280
59542.968750	-135.563782
59548.828125	-139.205154
59554.687500	-134.095825
59560.546875	-126.987457
59566.406250	-125.303398
59572.265625	-129.491241
59578.125000	-138.042511
59583.984375	-143.058884
59589.843750	-131.606201
59595.703125	-115.619453
59601.562500	-108.172600
59607.421875	-107.645256
59613.281250	-114.048744
59619.140625	-129.383865
59625.000000	-138.329681
59630.859375	-139.577316
59636.718750	-137.188293
59642.578125	-130.986099
59648.437500	-130.901047
59654.296875	-134.946304
59660.156250	-135.154419
59666.015625	-131.712875
59671.875000	-126.505417
59677.734375	-126.317879
59683.593750	-131.824326
59689.453125	-138.339310
59695.312500	-140.914932
59701.171875	-127.440903
59707.031250	-113.782028
59712.890625	-107.935143
59718.750000	-108.902039
59724.609375	-116.940521
59730.468750	-132.414673
59736.328125	-137.397934
59742.187500	-138.712173
59748.046875	-134.128082
59753.906250	-130.479614
59759.765625	-132.913361
59765.625000	-138.587006
59771.484375	-137.542389
59777.343750	-131.275040
59783.203125	-126.008858
59789.062500	-126.828262
59794.921875	-132.832275
59800.781250	-138.325317
59806.640625	-139.971268
59812.500000	-124.542717
59818.359375	-112.328621
59824.218750	-108.013626
59830.078125	-110.423012
59835.937500	-119.887367
59841.796875	-135.165619
59847.656250	-141.743073
59853.515625	-141.872620
59859.375000	-133.290375
59865.234375	-130.021606
59871.093750	-132.733383
59876.953125	-135.648285
59882.812500	-133.410110
59888.671875	-128.218613
59894.531250	-125.191216
59900.390625	-127.743523
59906.250000	-135.434311
59912.109375	-140.102966
59917.968750	-139.604340
59923.828125	-121.518646
59929.687500	-111.205025
59935.546875	-108.427597
59941.406250	-112.381065
59947.265625	-123.749245
59953.125000	-137.938385
59958.984375	-142.688507
59964.843750	-136.092590
59970.703125	-129.359375
59976.562500	-128.225739
59982.421875	-132.968552
59988.281250	-135.263702
59994.140625	-134.848938
60000.000000	-128.356598
60005.859375	-125.796082
60011.718750	-129.949799
60017.578125	-139.894638
60023.437500	-143.422104
60029.296875	-133.694611
60035.156250	-118.071922
60041.015625	-110.198029
60046.875000	-109.088371
60052.734375	-114.651138
60058.593750	-127.516830
60064.453125	-137.513504
60070.312500	-139.061813
60076.171875	-138.527405
60082.031250	-131.689804
60087.890625	-131.515991
60093.750000	-138.158035
60099.609375	-138.960083
60105.468750	-132.585876
60111.328125	-126.654236
60117.187500	-126.115219
60123.046875	-132.061676
60128.906250	-141.671204
60134.765625	-141.541519
60140.625000	-129.944702
60146.484375	-116.237701
60152.343750	-109.761467
60158.203125	-110.081436
60164.062500	-117.414223
60169.921875	-132.759125
60175.781250	-138.377106
60181.640625	-136.734558
60187.500000	-132.768478
60193.359375	-129.282623
60199.218750	-131.774094
60205.078125	-138.699768
60210.937500	-137.155350
60216.796875	-131.838684
60222.656250	-126.348747
60228.515625	-127.218475
60234.375000	-135.153107
60240.234375	-141.353897
60246.093750	-139.851013
60251.953125	-126.351845
60257.812500	-114.159531
60263.671875	-109.313995
60269.531250	-111.133652
60275.390625	-120.136650
60281.250000	-137.614243
60287.109375	-141.928635
60292.968750	-138.927017
60298.828125	-132.387375
60304.687500	-129.129181
60310.546875	-131.436829
60316.406250	-138.012985
60322.265625	-135.584503
60328.125000	-129.358612
60333.984375	-125.874138
60339.843750	-127.618454
60345.703125	-133.907333
60351.562500	-138.291290
60357.421875	-138.205475
60363.281250	-123.416145
60369.140625	-112.781708
60375.000000	-109.449944
60380.859375	-112.773598
60386.718750	-123.300636
60392.578125	-137.099457
60398.437500	-140.228592
60404.296875	-136.543839
60410.156250	-130.194870
60416.015625	-128.457932
60421.875000	-132.968475
60427.734375	-136.384216
60433.593750	-133.712357
60439.453125	-128.413559
60445.312500	-125.842667
60451.171875	-129.565765
60457.031250	-136.902420
60462.890625	-138.109726
60468.750000	-137.530289
60474.609375	-121.198418
60480.468750	-111.995644
60486.328125	-110.109390
60492.187500	-115.008568
60498.046875	-127.408218
60503.906250	-137.986481
60509.765625	-139.015533
60515.625000	-136.849655
60521.484375	-130.923386
60527.343750	-130.092072
60533.203125	-135.314194
60539.062500	-139.280609
60544.921875	-134.127747
60550.781250	-127.263069
60556.640625	-125.792503
60562.500000	-130.298569
60568.359375	-138.573639
60574.218750	-138.924057
60580.078125	-133.607208
60585.937500	-118.498871
60591.796875	-111.152306
60597.656250	-110.802376
60603.515625	-117.286636
60609.375000	-131.859314
60615.234375	-140.979050
60621.093750	-139.804260
60626.953125	-134.758560
60632.812500	-129.768372
60638.671875	-130.396683
60644.531250	-135.174255
60650.390625	-134.643982
60656.250000	-130.255203
60662.109375	-126.210335
60667.968750	-126.705902
60673.828125	-132.477890
60679.687500	-139.404297
60685.546875	-140.561722
60691.406250	-130.371994
60697.265625	-116.454758
60703.125000	-110.805939
60708.984375	-111.960556
60714.843750	-120.128410
60720.703125	-136.140305
60726.562500	-137.533508
60732.421875	-136.431259
60738.281250	-132.619995
60744.140625	-129.739990
60750.000000	-131.918549
60755.859375	-134.970505
60761.718750	-135.318146
60767.578125	-133.429581
60773.437500	-127.384705
60779.296875	-128.208908
60785.156250	-135.003662
60791.015625	-140.906540
60796.875000	-138.243134
60802.734375	-126.638206
60808.593750	-114.711632
60814.453125	-110.575470
60820.312500	-113.129326
60826.171875	-122.489944
60832.031250	-135.584671
60837.890625	-140.924957
60843.750000	-137.843246
60849.609375	-131.451599
60855.468750	-129.283844
60861.328125	-132.399963
60867.187500	-133.289917
60873.046875	-132.814270
60878.906250	-129.463547
60884.765625	-126.687508
60890.625000	-129.367752
60896.484375	-137.351959
60902.343750	-143.555817
60908.203125	-138.619400
60914.062500	-122.480499
60919.921875	-113.151077
60925.781250	-110.767540
60931.640625	-115.001747
60937.500000	-126.614418
60943.359375	-138.125092
60949.218750	-140.827515
60955.078125	-138.890869
60960.937500	-132.935547
60966.796875	-131.875641
60972.656250	-135.348969
60978.515625	-135.210022
60984.375000	-133.235870
60990.234375	-127.764862
60996.093750	-126.200012
61001.953125	-130.943802
61007.812500	-139.714569
61013.671875	-141.325058
61019.531250	-135.371613
61025.390625	-119.904045
61031.250000	-112.174614
61037.109375	-111.275604
61042.968750	-116.991791
61048.828125	-130.340607
61054.687500	-138.974823
61060.546875	-139.974274
61066.406250	-137.262329
61072.265625	-130.454056
61078.125000	-130.502396
61083.984375	-135.359283
61089.843750	-136.640854
61095.703125	-132.892090
61101.562500	-127.379280
61107.421875	-127.331139
61113.281250	-134.289398
61119.140625	-141.930450
61125.000000	-140.199203
61130.859375	-130.601852
61136.718750	-117.578964
61142.578125	-111.574921
61148.437500	-112.225075
61154.296875	-119.825607
61160.156250	-135.474304
61166.015625	-139.747528
61171.875000	-137.451340
61177.734375	-132.195480
61183.593750	-128.752136
61189.453125	-130.167831
61195.312500	-134.231247
61201.171875	-135.651459
61207.031250	-133.296036
61212.890625	-127.643295
61218.750000	-128.052963
61224.609375	-134.431000
61230.468750	-141.986053
61236.328125	-140.892426
61242.187500	-129.494415
61248.046875	-116.199257
61253.906250	-111.316101
61259.765625	-113.295425
61265.625000	-122.330978
61271.484375	-134.739014
61277.343750	-138.576630
61283.203125	-140.333878
61289.062500	-133.918884
61294.921875	-130.618027
61300.781250	-132.727646
61306.640625	-135.709656
61312.500000	-134.629456
61318.359375	-130.057037
61324.218750	-126.796356
61330.078125	-129.100006
61335.937500	-135.569046
61341.796875	-138.648575
61347.656250	-136.713776
61353.515625	-123.982498
61359.375000	-114.242615
61365.234375	-111.269264
61371.093750	-114.804413
61376.953125	-125.302490
61382.812500	-136.584305
61388.671875	-139.519135
61394.531250	-137.807037
61400.390625	-131.953049
61406.250000	-129.734741
61412.109375	-132.472504
61417.968750	-137.014038
61423.828125	-136.340714
61429.687500	-129.074585
61435.546875	-126.670235
61441.406250	-130.031204
61447.265625	-136.648438
61453.125000	-139.731476
61458.984375	-139.318207
61464.843750	-122.201180
61470.703125	-113.385979
61476.562500	-111.824127
61482.421875	-117.066078
61488.281250	-130.124634
61494.140625	-141.147797
61500.000000	-141.632370
61505.859375	-137.072311
61511.718750	-130.092941
61517.578125	-129.542267
61523.437500	-135.890442
61529.296875	-141.061523
61535.156250	-134.505081
61541.015625	-128.292191
61546.875000	-127.532631
61552.734375	-133.273254
61558.593750	-139.833786
61564.453125	-139.124847
61570.312500	-136.948410
61576.171875	-119.962601
61582.031250	-112.754013
61587.890625	-112.660957
61593.750000	-119.539162
61599.609375	-134.688263
61605.468750	-138.797699
61611.328125	-141.271301
61617.187500	-136.049240
61623.046875	-130.351974
61628.906250	-131.278564
61634.765625	-137.140808
61640.625000	-136.512680
61646.484375	-133.093384
61652.343750	-128.462326
61658.203125	-129.058243
61664.062500	-136.586166
61669.921875	-145.068420
61675.781250	-142.191620
61681.640625	-131.693314
61687.500000	-117.777573
61693.359375	-112.302643
61699.218750	-113.716522
61705.078125	-122.363823
61710.937500	-137.489853
61716.796875	-139.522858
61722.656250	-140.754547
61728.515625	-132.942886
61734.375000	-129.019104
61740.234375	-131.021835
61746.093750	-135.724472
61751.953125	-135.019379
61757.812500	-130.728546
61763.671875	-127.171417
61769.531250	-128.533875
61775.390625	-133.662766
61781.250000	-137.447037
61787.109375	-136.783081
61792.968750	-126.131981
61798.828125	-115.711052
61804.687500	-112.109619
61810.546875	-115.067574
61816.406250	-124.987968
61822.265625	-136.858704
61828.125000	-139.348587
61833.984375	-136.713959
61839.843750	-130.588104
61845.703125	-128.834167
61851.562500	-132.417526
61857.421875	-135.285233
61863.281250	-135.416580
61869.140625	-130.854370
61875.000000	-127.711632
61880.859375	-130.556610
61886.718750	-138.731033
61892.578125	-144.934692
61898.437500	-139.984833
61904.296875	-123.623795
61910.156250	-114.540848
61916.015625	-112.413795
61921.875000	-116.830330
61927.734375	-128.110275
61933.593750	-138.313004
61939.453125	-141.173492
61945.312500	-138.513397
61951.171875	-132.178101
61957.031250	-130.202087
61962.890625	-132.339478
61968.750000	-133.495377
61974.609375	-132.717422
61980.468750	-128.172318
61986.328125	-126.924065
61992.187500	-131.257050
61998.046875	-137.995499
62003.906250	-138.792007
62009.765625	-136.891129
62015.625000	-121.454628
62021.484375	-113.542389
62027.343750	-112.883324
62033.203125	-119.320274
62039.062500	-134.844025
62044.921875	-140.022995
62050.781250	-140.428406
62056.640625	-136.119598
62062.500000	-130.892349
62068.359375	-131.513824
62074.218750	-135.514999
62080.078125	-133.926132
62085.937500	-132.322708
62091.796875	-127.866531
62097.656250	-127.571068
62103.515625	-132.673752
62109.375000	-138.661743
62115.234375	-142.521194
62121.093750	-135.036728
62126.953125	-119.484177
62132.812500	-113.275391
62138.671875	-114.112953
62144.531250	-122.149010
62150.390625	-135.650726
62156.250000	-137.925400
62162.109375	-140.202652
62167.968750	-132.919052
62173.828125	-128.962616
62179.687500	-130.766327
62185.546875	-136.182846
62191.406250	-136.643631
62197.265625	-131.588348
62203.125000	-126.956932
62208.984375	-127.293335
62214.843750	-131.760498
62220.703125	-137.204102
62226.562500	-144.562149
62232.421875	-130.073166
62238.281250	-117.453110
62244.140625	-113.058556
62250.000000	-115.458183
62255.859375	-125.278053
62261.718750	-138.580933
62267.578125	-142.322800
62273.437500	-139.245499
62279.296875	-130.933426
62285.156250	-128.179443
62291.015625	-132.006409
62296.875000	-136.981598
62302.734375	-135.324692
62308.593750	-131.002701
62314.453125	-127.937302
62320.312500	-130.566238
62326.171875	-138.450760
62332.031250	-142.702301
62337.890625	-138.482239
62343.750000	-124.662285
62349.609375	-115.499611
62355.468750	-112.868568
62361.328125	-116.668343
62367.187500	-127.394936
62373.046875	-136.698471
62378.906250	-137.875320
62384.765625	-137.940674
62390.625000	-131.765854
62396.484375	-130.733292
62402.343750	-137.075790
62408.203125	-137.174057
62414.062500	-135.032715
62419.921875	-129.772598
62425.781250	-127.364922
62431.640625	-130.342178
62437.500000	-135.948456
62443.359375	-139.068283
62449.218750	-138.077255
62455.078125	-122.909164
62460.937500	-114.731285
62466.796875	-113.473183
62472.656250	-119.011261
62478.515625	-132.148499
62484.375000	-137.173920
62490.234375	-138.513336
62496.093750	-136.023315
62501.953125	-130.050003
62507.812500	-129.866745
62513.671875	-135.709579
62519.531250	-137.591156
62525.390625	-134.255951
62531.250000	-129.256729
62537.109375	-128.864822
62542.968750	-135.140762
62548.828125	-145.999161
62554.687500	-140.218475
62560.546875	-132.690872
62566.406250	-120.103340
62572.265625	-113.756554
62578.125000	-113.997650
62583.984375	-121.017845
62589.843750	-134.565277
62595.703125	-138.177475
62601.562500	-138.548248
62607.421875	-133.363358
62613.281250	-129.261047
62619.140625	-130.659134
62625.000000	-135.023697
62630.859375	-134.488556
62636.718750	-134.204346
62642.578125	-129.149582
62648.437500	-129.523392
62654.296875	-135.768494
62660.156250	-138.714096
62666.015625	-138.705048
62671.875000	-130.808044
62677.734375	-118.503868
62683.593750	-113.550316
62689.453125	-115.366081
62695.312500	-124.695587
62701.171875	-137.740814
62707.031250	-138.034073
62712.890625	-137.201950
62718.750000	-131.653809
62724.609375	-129.326904
62730.468750	-133.029037
62736.328125	-138.771210
62742.187500	-136.624741
62748.046875	-132.020874
62753.906250	-127.744194
62759.765625	-129.527344
62765.625000	-136.435135
62771.484375	-140.038559
62777.343750	-140.284134
62783.203125	-128.264801
62789.062500	-116.986374
62794.921875	-113.480339
62800.781250	-116.747665
62806.640625	-127.556831
62812.500000	-140.189865
62818.359375	-143.083328
62824.218750	-138.101517
62830.078125	-130.338791
62835.937500	-128.628601
62841.796875	-133.181900
62847.656250	-134.335556
62853.515625	-134.962051
62859.375000	-131.093140
62865.234375	-127.868515
62871.093750	-130.607864
62876.953125	-136.625381
62882.812500	-137.330688
62888.671875	-136.772507
62894.531250	-124.336243
62900.390625	-115.370247
62906.250000	-113.450081
62912.109375	-118.184128
62917.968750	-130.778198
62923.828125	-141.739838
62929.687500	-140.929642
62935.546875	-136.284790
62941.406250	-129.644882
62947.265625	-128.995132
62953.125000	-134.104996
62958.984375	-135.703659
62964.843750	-136.555298
62970.703125	-131.097382
62976.562500	-128.892532
62982.421875	-133.207382
62988.281250	-140.765549
62994.140625	-143.968338
63000.000000	-138.313171
63005.859375	-121.944572
63011.718750	-114.458084
63017.578125	-114.020241
63023.437500	-120.472168
63029.296875	-135.049561
63035.156250	-140.672684
63041.015625	-140.573242
63046.875000	-134.346344
63052.734375	-129.757187
63058.593750	-130.790131
63064.453125	-136.585693
63070.312500	-135.084839
63076.171875	-132.446747
63082.031250	-128.973221
63087.890625	-129.490234
63093.750000	-135.941483
63099.609375	-143.973404
63105.468750	-144.210449
63111.328125	-132.588440
63117.187500	-119.713181
63123.046875	-114.123413
63128.906250	-115.245544
63134.765625	-123.301201
63140.625000	-137.332306
63146.484375	-140.939590
63152.343750	-141.616623
63158.203125	-133.245392
63164.062500	-128.760712
63169.921875	-131.446350
63175.781250	-138.580368
63181.640625	-136.480682
63187.500000	-131.769638
63193.359375	-127.632835
63199.218750	-128.923569
63205.078125	-135.774643
63210.937500	-140.770798
63216.796875	-145.245544
63222.656250	-130.678192
63228.515625	-118.083321
63234.375000	-113.839386
63240.234375	-116.403748
63246.093750	-126.206787
63251.953125	-141.107452
63257.812500	-138.959442
63263.671875	-134.509293
63269.531250	-129.067261
63275.390625	-126.765221
63281.250000	-130.441971
63287.109375	-138.354813
63292.968750	-138.123718
63298.828125	-131.344055
63304.687500	-127.367722
63310.546875	-129.943970
63316.406250	-138.457031
63322.265625	-143.317062
63328.125000	-142.456467
63333.984375	-126.674217
63339.843750	-116.770226
63345.703125	-114.188805
63351.562500	-118.394836
63357.421875	-130.690475
63363.281250	-142.541779
63369.140625	-143.604965
63375.000000	-138.511475
63380.859375	-130.510452
63386.718750	-129.177063
63392.578125	-134.121033
63398.437500	-137.213318
63404.296875	-136.107376
63410.156250	-130.518997
63416.015625	-128.267181
63421.875000	-131.446671
63427.734375	-137.457275
63433.593750	-138.389572
63439.453125	-136.893921
63445.312500	-123.830437
63451.171875	-115.614967
63457.031250	-114.551323
63462.890625	-120.439323
63468.750000	-133.662033
63474.609375	-136.712128
63480.468750	-138.498184
63486.328125	-135.089096
63492.187500	-128.879837
63498.046875	-129.199966
63503.906250	-134.799377
63509.765625	-135.325516
63515.625000	-132.547211
63521.484375	-128.674118
63527.343750	-128.687683
63533.203125	-133.378311
63539.062500	-139.816666
63544.921875	-139.146881
63550.781250	-132.566620
63556.640625	-120.710503
63562.500000	-114.727623
63568.359375	-115.324890
63574.218750	-122.991432
63580.078125	-138.363205
63585.937500	-140.336121
63591.796875	-141.123001
63597.656250	-135.384842
63603.515625	-130.160141
63609.375000	-131.669250
63615.234375	-136.291946
63621.093750	-136.650391
63626.953125	-133.024933
63632.812500	-127.940155
63638.671875	-128.849777
63644.531250	-135.423035
63650.390625	-142.497665
63656.250000	-147.601456
63662.109375	-131.204468
63667.968750	-119.223587
63673.828125	-114.644020
63679.687500	-116.617996
63685.546875	-125.452812
63691.406250	-138.228073
63697.265625	-137.604095
63703.125000	-136.817078
63708.984375	-131.928818
63714.843750	-128.539963
63720.703125	-130.970306
63726.562500	-135.389984
63732.421875	-134.413483
63738.281250	-131.711716
63744.140625	-128.913620
63750.000000	-130.578201
63755.859375	-136.642700
63761.718750	-139.077866
63767.578125	-136.244888
63773.437500	-127.193611
63779.296875	-117.630150
63785.156250	-114.598869
63791.015625	-118.209351
63796.875000	-129.689636
63802.734375	-144.689667
63808.593750	-142.626785
63814.453125	-141.941025
63820.312500	-132.208450
63826.171875	-129.678894
63832.031250	-133.762894
63837.890625	-136.057953
63843.750000	-136.946976
63849.609375	-132.536850
63855.468750	-129.007141
63861.328125	-132.143250
63867.187500	-138.216187
63873.046875	-137.539551
63878.906250	-136.984833
63884.765625	-125.592484
63890.625000	-116.598289
63896.484375	-114.883179
63902.343750	-119.993393
63908.203125	-132.100296
63914.062500	-139.310898
63919.921875	-141.029114
63925.781250	-135.600281
63931.640625	-129.882919
63937.500000	-129.714645
63943.359375	-134.446121
63949.218750	-134.588165
63955.078125	-133.555588
63960.937500	-130.196655
63966.796875	-129.641678
63972.656250	-133.631073
63978.515625	-136.846207
63984.375000	-139.014496
63990.234375	-137.548920
63996.093750	-122.480255
64001.953125	-115.512848
64007.812500	-115.335495
64013.671875	-121.693939
64019.531250	-134.138199
64025.390625	-140.100235
64031.250000	-137.955750
64037.109375	-133.504822
64042.968750	-130.434021
64048.828125	-131.444443
64054.687500	-135.417542
64060.546875	-136.179962
64066.406250	-133.845383
64072.265625	-129.478149
64078.125000	-129.904953
64083.984375	-136.073105
64089.843750	-141.057281
64095.703125	-141.969421
64101.562500	-134.045013
64107.421875	-120.555130
64113.281250	-115.062256
64119.140625	-116.379044
64125.000000	-124.490097
64130.859375	-136.345947
64136.718750	-139.328629
64142.578125	-138.854736
64148.437500	-131.996033
64154.296875	-128.467392
64160.156250	-130.577606
64166.015625	-135.652008
64171.875000	-136.083664
64177.734375	-132.327133
64183.593750	-128.928207
64189.453125	-130.510315
64195.312500	-136.578415
64201.171875	-141.546097
64207.031250	-143.029358
64212.890625	-131.410278
64218.750000	-118.974510
64224.609375	-114.821869
64230.468750	-117.425911
64236.328125	-126.425667
64242.187500	-135.694351
64248.046875	-138.361099
64253.906250	-137.551483
64259.765625	-132.187119
64265.625000	-130.645523
64271.484375	-134.531891
64277.343750	-135.931168
64283.203125	-135.643921
64289.062500	-132.419800
64294.921875	-129.379379
64300.781250	-131.820480
64306.640625	-137.323013
64312.500000	-138.802765
64318.359375	-138.557541
64324.218750	-126.526306
64330.078125	-117.227936
64335.937500	-114.898041
64341.796875	-119.121483
64347.656250	-130.190201
64353.515625	-138.516235
64359.375000	-138.796951
64365.234375	-137.175613
64371.093750	-131.709839
64376.953125	-130.567093
64382.812500	-134.003677
64388.671875	-134.562668
64394.531250	-134.194397
64400.390625	-131.751282
64406.250000	-130.675293
64412.109375	-135.340958
64417.968750	-142.382309
64423.828125	-143.468338
64429.687500	-143.411896
64435.546875	-124.646538
64441.406250	-116.397568
64447.265625	-115.572731
64453.125000	-121.695961
64458.984375	-135.242844
64464.843750	-140.580276
64470.703125	-141.619064
64476.562500	-137.078674
64482.421875	-130.905594
64488.281250	-131.260605
64494.140625	-136.314865
64500.000000	-137.383347
64505.859375	-134.022034
64511.718750	-128.891830
64517.578125	-128.634567
64523.437500	-134.774673
64529.296875	-143.516220
64535.156250	-139.146912
64541.015625	-135.742691
64546.875000	-122.100098
64552.734375	-115.841164
64558.593750	-116.502113
64564.453125	-124.030151
64570.312500	-137.175842
64576.171875	-140.368561
64582.031250	-137.523285
64587.890625	-132.339584
64593.750000	-129.038254
64599.609375	-131.285370
64605.468750	-136.560532
64611.328125	-136.347137
64617.187500	-133.646912
64623.046875	-129.930939
64628.906250	-131.432983
64634.765625	-139.214691
64640.625000	-140.739334
64646.484375	-139.529556
64652.343750	-132.161453
64658.203125	-120.226357
64664.062500	-115.654961
64669.921875	-117.683655
64675.781250	-126.145836
64681.640625	-137.744202
64687.500000	-140.409866
64693.359375	-137.339493
64699.218750	-132.803970
64705.078125	-130.567841
64710.937500	-133.552963
64716.796875	-138.268814
64722.656250	-136.693405
64728.515625	-132.464386
64734.375000	-130.081635
64740.234375	-133.039337
64746.093750	-138.834747
64751.953125	-138.990295
64757.812500	-138.747665
64763.671875	-128.313950
64769.531250	-118.316795
64775.390625	-115.454926
64781.250000	-119.285141
64787.109375	-130.778458
64792.968750	-141.830261
64798.828125	-139.103836
64804.687500	-134.820236
64810.546875	-129.979004
64816.406250	-128.816391
64822.265625	-132.052017
64828.125000	-134.732086
64833.984375	-135.730133
64839.843750	-131.812027
64845.703125	-129.871460
64851.562500	-134.585815
64857.421875	-141.382065
64863.281250	-141.089951
64869.140625	-138.758118
64875.000000	-125.693665
64880.859375	-117.208099
64886.718750	-115.745766
64892.578125	-120.836555
64898.437500	-132.245758
64904.296875	-139.856369
64910.156250	-144.903854
64916.015625	-136.533508
64921.875000	-130.046539
64927.734375	-130.081909
64933.593750	-136.599945
64939.453125	-136.478409
64945.312500	-134.688614
64951.171875	-130.325760
64957.031250	-129.496307
64962.890625	-134.898987
64968.750000	-141.584305
64974.609375	-139.224686
64980.468750	-135.210907
64986.328125	-123.011467
64992.187500	-116.542480
64998.046875	-116.728767
65003.906250	-123.713676
65009.765625	-136.459457
65015.625000	-138.030319
65021.484375	-138.751068
65027.343750	-137.630005
65033.203125	-132.582352
65039.062500	-133.304596
65044.921875	-136.085861
65050.781250	-133.777161
65056.640625	-133.343567
65062.500000	-130.096909
65068.359375	-130.661850
65074.218750	-136.890228
65080.078125	-140.113617
65085.937500	-138.276962
65091.796875	-133.026962
65097.656250	-121.334465
65103.515625	-116.000748
65109.375000	-117.633545
65115.234375	-126.491310
65121.093750	-136.211884
65126.953125	-140.253860
65132.812500	-138.901703
65138.671875	-132.221344
65144.531250	-129.442154
65150.390625	-132.404755
65156.250000	-136.999985
65162.109375	-135.873840
65167.968750	-133.180374
65173.828125	-129.999954
65179.687500	-132.442276
65185.546875	-139.035172
65191.406250	-139.535645
65197.265625	-139.348465
65203.125000	-129.409637
65208.984375	-119.423706
65214.843750	-116.092110
65220.703125	-119.329430
65226.562500	-129.578690
65232.421875	-140.297653
65238.281250	-145.177994
65244.140625	-137.394348
65250.000000	-130.851105
65255.859375	-129.230927
65261.718750	-133.337082
65267.578125	-135.400467
65273.437500	-134.379944
65279.296875	-132.266022
65285.156250	-130.846298
65291.015625	-136.078598
65296.875000	-140.648300
65302.734375	-138.127991
65308.593750	-139.850677
65314.453125	-127.409081
65320.312500	-118.168114
65326.171875	-116.191299
65332.031250	-121.082603
65337.890625	-133.719193
65343.750000	-139.360123
65349.609375	-138.751663
65355.468750	-137.271881
65361.328125	-132.164749
65367.187500	-131.922058
65373.046875	-137.938126
65378.906250	-137.406555
65384.765625	-137.881851
65390.625000	-132.479584
65396.484375	-130.337219
65402.343750	-134.519836
65408.203125	-139.861877
65414.062500	-141.428787
65419.921875	-137.593597
65425.781250	-124.347748
65431.640625	-116.987831
65437.500000	-116.520348
65443.359375	-123.110832
65449.218750	-137.594986
65455.078125	-136.825058
65460.937500	-137.299515
65466.796875	-135.025299
65472.656250	-129.753571
65478.515625	-130.246368
65484.375000	-136.576172
65490.234375	-138.260757
65496.093750	-135.651581
65501.953125	-131.437119
65507.812500	-132.042694
65513.671875	-138.363190
65519.531250	-140.479980
65525.390625	-139.633148
65531.250000	-135.943771
65537.109375	-122.385742
65542.968750	-116.712242
65548.828125	-117.842789
65554.687500	-126.270782
65560.546875	-138.793198
65566.406250	-141.925186
65572.265625	-138.405823
65578.125000	-133.178421
65583.984375	-130.419418
65589.843750	-133.336456
65595.703125	-140.537384
65601.562500	-138.012512
65607.421875	-134.154907
65613.281250	-130.259811
65619.140625	-131.275818
65625.000000	-136.120804
65630.859375	-140.190002
65636.718750	-141.787888
65642.578125	-131.977325
65648.437500	-120.786491
65654.296875	-116.663498
65660.156250	-119.139534
65666.015625	-128.573761
65671.875000	-139.564407
65677.734375	-139.603561
65683.593750	-140.032043
65689.453125	-134.040573
65695.312500	-131.055161
65701.171875	-134.216431
65707.031250	-137.059387
65712.890625	-138.429733
65718.750000	-134.841400
65724.609375	-130.726700
65730.468750	-133.428680
65736.328125	-139.795944
65742.187500	-140.920242
65748.046875	-140.611755
65753.906250	-128.578766
65759.765625	-118.843506
65765.625000	-116.257484
65771.484375	-120.371674
65777.343750	-131.781998
65783.203125	-137.800705
65789.062500	-139.635162
65794.921875	-138.445786
65800.781250	-132.179825
65806.640625	-130.993164
65812.500000	-134.909409
65818.359375	-135.472778
65824.218750	-135.619797
65830.078125	-131.750977
65835.937500	-130.162430
65841.796875	-136.001602
65847.656250	-143.201553
65853.515625	-141.151901
65859.375000	-139.143753
65865.234375	-125.847176
65871.093750	-117.906059
65876.953125	-116.870636
65882.812500	-122.796440
65888.671875	-136.010803
65894.531250	-139.269196
65900.390625	-138.395020
65906.250000	-134.718582
65912.109375	-130.325012
65917.968750	-130.657104
65923.828125	-136.132263
65929.687500	-136.279617
65935.546875	-134.952240
65941.406250	-130.893860
65947.265625	-130.517899
65953.125000	-135.564728
65958.984375	-141.212723
65964.843750	-141.607147
65970.703125	-134.840240
65976.562500	-122.762024
65982.421875	-116.728333
65988.281250	-117.333916
65994.140625	-125.196892
66000.000000	-140.132309
66005.859375	-140.368683
66011.718750	-139.255692
66017.578125	-133.039871
66023.437500	-128.942001
66029.296875	-130.600510
66035.156250	-135.565231
66041.015625	-134.972549
66046.875000	-132.411316
66052.734375	-129.043182
66058.593750	-130.592087
66064.453125	-139.111359
66070.312500	-142.910873
66076.171875	-140.425735
66082.031250	-135.144119
66087.890625	-121.743271
66093.750000	-116.632431
66099.609375	-118.407532
66105.468750	-127.018372
66111.328125	-140.747330
66117.187500	-141.693665
66123.046875	-141.126160
66128.906250	-134.613541
66134.765625	-130.665573
66140.625000	-133.795670
66146.484375	-137.160934
66152.343750	-135.511185
66158.203125	-133.877029
66164.062500	-130.499908
66169.921875	-132.255707
66175.781250	-139.234955
66181.640625	-142.725006
66187.500000	-142.877319
66193.359375	-130.761627
66199.218750	-119.594879
66205.078125	-116.165039
66210.937500	-119.390106
66216.796875	-129.784470
66222.656250	-141.232025
66228.515625	-138.434692
66234.375000	-136.353165
66240.234375	-130.855652
66246.093750	-129.042542
66251.953125	-132.233673
66257.812500	-135.875671
66263.671875	-135.443481
66269.531250	-131.615280
66275.390625	-129.568237
66281.250000	-133.198166
66287.109375	-139.193726
66292.968750	-139.847092
66298.828125	-139.077835
66304.687500	-127.615562
66310.546875	-118.764191
66316.406250	-117.086166
66322.265625	-122.362968
66328.125000	-134.924698
66333.984375	-138.749863
66339.843750	-138.557968
66345.703125	-136.001938
66351.562500	-130.344818
66357.421875	-129.858078
66363.281250	-134.795731
66369.140625	-138.492905
66375.000000	-137.219437
66380.859375	-130.743896
66386.718750	-129.356186
66392.578125	-133.692062
66398.437500	-141.131378
66404.296875	-142.559540
66410.156250	-139.764297
66416.015625	-125.390762
66421.875000	-117.913795
66427.734375	-117.501640
66433.593750	-123.586082
66439.453125	-134.461838
66445.312500	-138.461456
66451.171875	-139.036057
66457.031250	-135.510910
66462.890625	-131.703781
66468.750000	-133.819214
66474.609375	-139.802185
66480.468750	-138.205353
66486.328125	-135.611435
66492.187500	-131.413513
66498.046875	-130.913864
66503.906250	-134.022812
66509.765625	-136.794754
66515.625000	-138.609528
66521.484375	-135.572876
66527.343750	-122.576462
66533.203125	-116.932625
66539.062500	-118.151337
66544.921875	-126.498512
66550.781250	-138.614502
66556.640625	-140.562561
66562.500000	-138.597565
66568.359375	-132.214966
66574.218750	-129.224350
66580.078125	-132.121872
66585.937500	-138.659042
66591.796875	-135.782440
66597.656250	-134.282852
66603.515625	-130.621140
66609.375000	-131.703522
66615.234375	-136.858322
66621.093750	-139.641922
66626.953125	-140.752075
66632.812500	-130.777649
66638.671875	-120.627815
66644.531250	-117.124222
66650.390625	-120.220497
66656.250000	-130.661697
66662.109375	-138.352036
66667.968750	-138.290222
66673.828125	-139.186951
66679.687500	-132.750519
66685.546875	-129.719620
66691.406250	-133.265625
66697.265625	-140.880539
66703.125000	-137.495041
66708.984375	-132.085419
66714.843750	-130.171005
66720.703125	-134.099335
66726.562500	-144.651047
66732.421875	-141.170212
66738.281250	-139.762695
66744.140625	-130.531815
66750.000000	-119.826172
66755.859375	-117.173462
66761.718750	-121.422752
66767.578125	-133.138077
66773.437500	-142.115005
66779.296875	-138.179840
66785.156250	-136.191910
66791.015625	-132.161331
66796.875000	-131.560684
66802.734375	-136.983109
66808.593750	-138.249451
66814.453125	-137.592224
66820.312500	-133.371155
66826.171875	-131.263000
66832.031250	-134.172516
66837.890625	-140.423599
66843.750000	-139.581024
66849.609375	-137.497223
66855.468750	-127.369545
66861.328125	-118.914818
66867.187500	-117.829498
66873.046875	-123.418556
66878.906250	-134.485214
66884.765625	-137.926010
66890.625000	-139.430588
66896.484375	-136.493484
66902.343750	-130.939148
66908.203125	-131.399658
66914.062500	-135.868835
66919.921875	-134.125885
66925.781250	-133.974915
66931.640625	-132.181000
66937.500000	-132.178604
66943.359375	-135.799255
66949.218750	-139.301819
66955.078125	-141.594604
66960.937500	-137.458176
66966.796875	-123.893166
66972.656250	-117.684425
66978.515625	-118.248901
66984.375000	-125.582634
66990.234375	-137.544983
66996.093750	-140.982880
67001.953125	-141.333221
67007.812500	-133.636124
67013.671875	-129.200485
67019.531250	-130.326279
67025.390625	-136.292450
67031.250000	-137.996124
67037.109375	-134.633255
67042.968750	-130.864380
67048.828125	-131.714218
67054.687500	-137.262283
67060.546875	-140.339493
67066.406250	-141.349823
67072.265625	-133.747406
67078.125000	-121.812019
67083.984375	-117.390999
67089.843750	-119.700386
67095.703125	-129.100525
67101.562500	-137.877853
67107.421875	-137.719711
67113.281250	-141.144638
67119.140625	-133.314102
67125.000000	-129.723236
67130.859375	-132.969833
67136.718750	-139.285767
67142.578125	-139.302109
67148.437500	-135.773911
67154.296875	-132.917160
67160.156250	-135.703751
67166.015625	-139.242676
67171.875000	-137.735306
67177.734375	-138.840286
67183.593750	-129.471359
67189.453125	-120.082191
67195.312500	-117.271950
67201.171875	-120.928276
67207.031250	-131.622589
67212.890625	-141.319641
67218.750000	-143.841965
67224.609375	-140.930115
67230.468750	-132.353607
67236.328125	-130.536728
67242.187500	-134.617661
67248.046875	-139.424591
67253.906250	-139.641373
67259.765625	-135.065613
67265.625000	-133.389893
67271.484375	-139.149841
67277.343750	-145.805191
67283.203125	-143.232315
67289.062500	-142.216965
67294.921875	-128.204651
67300.781250	-119.190926
67306.640625	-117.689972
67312.500000	-123.065468
67318.359375	-134.644104
67324.218750	-140.843506
67330.078125	-143.038528
67335.937500	-137.038208
67341.796875	-130.038879
67347.656250	-129.602020
67353.515625	-134.748322
67359.375000	-135.999710
67365.234375	-134.632217
67371.093750	-131.387070
67376.953125	-130.638641
67382.812500	-134.837875
67388.671875	-139.809769
67394.531250	-139.708084
67400.390625	-140.933701
67406.250000	-125.444817
67412.109375	-118.374466
67417.968750	-118.392059
67423.828125	-125.286057
67429.687500	-138.617935
67435.546875	-139.948837
67441.406250	-139.220551
67447.265625	-135.365433
67453.125000	-129.047501
67458.984375	-128.923370
67464.843750	-132.924698
67470.703125	-136.055603
67476.562500	-135.584824
67482.421875	-131.705322
67488.281250	-131.636368
67494.140625	-136.440765
67500.000000	-142.639343
67505.859375	-141.146683
67511.718750	-134.864944
67517.578125	-123.201454
67523.437500	-118.021523
67529.296875	-119.520149
67535.156250	-127.822037
67541.015625	-139.210678
67546.875000	-137.889877
67552.734375	-136.911713
67558.593750	-133.081146
67564.453125	-129.864334
67570.312500	-133.010986
67576.171875	-136.388901
67582.031250	-133.278610
67587.890625	-132.136978
67593.750000	-130.239655
67599.609375	-132.081894
67605.468750	-137.153091
67611.328125	-139.619263
67617.187500	-140.393753
67623.046875	-131.912842
67628.906250	-121.083374
67634.765625	-117.604126
67640.625000	-120.964394
67646.484375	-132.799927
67652.343750	-143.007309
67658.203125	-141.164429
67664.062500	-140.449158
67669.921875	-133.374985
67675.781250	-131.442886
67681.640625	-135.561172
67687.500000	-135.774612
67693.359375	-134.682709
67699.218750	-132.911026
67705.078125	-130.627472
67710.937500	-133.134766
67716.796875	-138.562164
67722.656250	-140.862946
67728.515625	-140.935486
67734.375000	-129.573822
67740.234375	-120.195610
67746.093750	-117.997559
67751.953125	-122.469475
67757.812500	-133.080902
67763.671875	-138.300888
67769.531250	-142.126007
67775.390625	-138.087509
67781.250000	-131.585236
67787.109375	-130.615128
67792.968750	-134.906937
67798.828125	-137.295227
67804.687500	-136.443634
67810.546875	-133.004593
67816.406250	-132.422089
67822.265625	-139.173615
67828.125000	-141.804108
67833.984375	-144.116837
67839.843750	-140.817123
67845.703125	-126.400482
67851.562500	-118.909256
67857.421875	-118.257431
67863.281250	-124.280846
67869.140625	-136.189697
67875.000000	-144.706863
67880.859375	-145.447525
67886.718750	-135.946472
67892.578125	-129.958588
67898.437500	-130.231766
67904.296875	-135.435074
67910.156250	-137.014786
67916.015625	-139.448929
67921.875000	-134.367752
67927.734375	-134.554855
67933.593750	-142.024734
67939.453125	-140.131821
67945.312500	-140.121567
67951.171875	-136.818848
67957.031250	-124.108978
67962.890625	-118.405708
67968.750000	-119.402946
67974.609375	-127.436028
67980.468750	-136.970123
67986.328125	-136.723969
67992.187500	-137.927307
67998.046875	-135.285736
68003.906250	-131.331955
68009.765625	-133.207321
68015.625000	-137.768509
68021.484375	-137.238632
68027.343750	-136.115143
68033.203125	-132.052551
68039.062500	-132.462967
68044.921875	-137.344543
68050.781250	-139.968765
68056.640625	-138.526962
68062.500000	-132.434143
68068.359375	-122.123466
68074.218750	-118.043190
68080.078125	-120.565277
68085.937500	-130.308151
68091.796875	-141.188644
68097.656250	-139.369110
68103.515625	-136.420685
68109.375000	-130.764923
68115.234375	-128.368927
68121.093750	-131.739731
68126.953125	-137.622818
68132.812500	-137.238861
68138.671875	-135.677689
68144.531250	-132.796753
68150.390625	-134.070938
68156.250000	-140.490311
68162.109375	-140.518051
68167.968750	-139.196472
68173.828125	-131.082825
68179.687500	-120.909630
68185.546875	-118.089516
68191.406250	-121.808548
68197.265625	-131.406265
68203.125000	-138.253281
68208.984375	-138.108170
68214.843750	-137.211975
68220.703125	-132.490433
68226.562500	-131.259491
68232.421875	-136.176132
68238.281250	-139.141815
68244.140625	-138.334885
68250.000000	-132.944351
68255.859375	-130.775864
68261.718750	-134.791901
68267.578125	-140.739624
68273.437500	-140.538666
68279.296875	-142.269333
68285.156250	-127.875854
68291.015625	-119.718071
68296.875000	-118.631699
68302.734375	-124.474968
68308.593750	-137.492889
68314.453125	-139.417679
68320.312500	-139.198608
68326.171875	-133.584015
68332.031250	-128.644821
68337.890625	-129.366425
68343.750000	-137.539124
68349.609375	-138.296768
68355.468750	-136.297531
68361.328125	-133.947937
68367.187500	-133.507019
68373.046875	-136.010147
68378.906250	-138.053238
68384.765625	-140.427628
68390.625000	-139.363693
68396.484375	-125.503082
68402.343750	-118.868164
68408.203125	-119.056458
68414.062500	-125.797295
68419.921875	-136.575317
68425.781250	-139.451096
68431.640625	-139.098251
68437.500000	-134.197067
68443.359375	-130.103012
68449.218750	-131.881302
68455.078125	-137.378998
68460.937500	-138.161407
68466.796875	-136.096664
68472.656250	-132.950745
68478.515625	-134.424332
68484.375000	-141.564651
68490.234375	-143.623138
68496.093750	-140.717484
68501.953125	-134.280457
68507.812500	-123.118813
68513.671875	-118.197510
68519.531250	-120.012665
68525.390625	-128.903595
68531.250000	-140.826736
68537.109375	-142.710144
68542.968750	-140.333328
68548.828125	-132.107773
68554.687500	-128.446075
68560.546875	-131.484192
68566.406250	-138.760193
68572.265625	-137.096909
68578.125000	-135.078888
68583.984375	-133.192520
68589.843750	-135.402847
68595.703125	-141.129791
68601.562500	-142.839676
68607.421875	-142.543518
68613.281250	-131.772385
68619.140625	-121.675201
68625.000000	-118.421646
68630.859375	-121.855888
68636.718750	-133.296509
68642.578125	-140.643921
68648.437500	-139.042511
68654.296875	-139.238419
68660.156250	-133.250473
68666.015625	-131.117859
68671.875000	-133.694702
68677.734375	-132.881943
68683.593750	-132.456573
68689.453125	-132.466599
68695.312500	-132.341171
68701.171875	-136.757339
68707.031250	-148.142731
68712.890625	-143.782364
68718.750000	-141.795517
68724.609375	-129.923889
68730.468750	-120.437416
68736.328125	-118.490852
68742.187500	-123.381226
68748.046875	-135.445831
68753.906250	-139.122772
68759.765625	-139.436996
68765.625000	-134.872421
68771.484375	-130.518860
68777.343750	-130.668152
68783.203125	-137.010223
68789.062500	-138.842056
68794.921875	-136.686783
68800.781250	-133.262802
68806.640625	-132.216141
68812.500000	-135.919327
68818.359375	-138.679016
68824.218750	-138.326569
68830.078125	-135.607239
68835.937500	-125.723190
68841.796875	-119.503860
68847.656250	-119.341606
68853.515625	-125.587692
68859.375000	-136.993256
68865.234375	-139.710831
68871.093750	-138.483078
68876.953125	-134.119186
68882.812500	-130.404022
68888.671875	-131.720551
68894.531250	-135.722733
68900.390625	-135.041321
68906.250000	-135.129730
68912.109375	-132.142303
68917.968750	-132.768112
68923.828125	-139.754623
68929.687500	-144.118088
68935.546875	-140.978470
68941.406250	-136.057693
68947.265625	-124.305771
68953.125000	-118.782478
68958.984375	-120.024429
68964.843750	-128.462357
68970.703125	-142.019592
68976.562500	-141.406982
68982.421875	-139.383484
68988.281250	-134.224777
68994.140625	-130.487427
69000.000000	-132.972046
69005.859375	-139.279770
69011.718750	-137.541321
69017.578125	-135.285706
69023.437500	-132.965210
69029.296875	-135.216263
69035.156250	-141.568771
69041.015625	-140.553589
69046.875000	-142.841736
69052.734375	-134.039047
69058.593750	-122.721527
69064.453125	-118.844788
69070.312500	-121.598846
69076.171875	-131.505035
69082.031250	-143.704712
69087.890625	-144.959991
69093.750000	-143.165176
69099.609375	-134.779617
69105.468750	-130.573776
69111.328125	-132.924774
69117.187500	-136.249176
69123.046875	-135.915909
69128.906250	-134.260849
69134.765625	-133.146255
69140.625000	-136.743469
69146.484375	-141.923447
69152.343750	-144.370682
69158.203125	-143.716827
69164.062500	-131.066498
69169.921875	-121.290237
69175.781250	-118.789124
69181.640625	-123.264511
69187.500000	-135.129059
69193.359375	-139.059494
69199.218750	-143.174866
69205.078125	-138.152008
69210.937500	-131.492706
69216.796875	-130.571960
69222.656250	-136.303436
69228.515625	-138.156998
69234.375000	-137.565582
69240.234375	-135.812485
69246.093750	-133.488693
69251.953125	-134.872452
69257.812500	-138.770676
69263.671875	-139.851181
69269.531250	-137.044510
69275.390625	-127.103630
69281.250000	-119.939957
69287.109375	-119.177231
69292.968750	-125.110603
69298.828125	-137.064682
69304.687500	-138.778473
69310.546875	-141.761108
69316.406250	-136.847473
69322.265625	-130.640137
69328.125000	-131.003372
69333.984375	-135.839279
69339.843750	-135.342712
69345.703125	-135.490967
69351.562500	-133.124069
69357.421875	-132.567856
69363.281250	-135.837891
69369.140625	-138.109268
69375.000000	-138.862518
69380.859375	-136.841171
69386.718750	-125.065552
69392.578125	-119.065338
69398.437500	-119.735809
69404.296875	-127.191200
69410.156250	-139.507767
69416.015625	-140.596085
69421.875000	-140.950302
69427.734375	-135.973877
69433.593750	-130.918701
69439.453125	-132.064468
69445.312500	-134.723404
69451.171875	-134.299454
69457.031250	-136.087769
69462.890625	-135.148453
69468.750000	-136.279922
69474.609375	-138.185196
69480.468750	-137.892883
69486.328125	-138.750381
69492.187500	-134.437668
69498.046875	-123.368858
69503.906250	-118.796577
69509.765625	-120.951820
69515.625000	-130.156509
69521.484375	-144.097366
69527.343750	-145.202103
69533.203125	-141.429428
69539.062500	-133.929169
69544.921875	-130.571609
69550.781250	-132.980148
69556.640625	-136.851929
69562.500000	-135.392532
69568.359375	-134.384903
69574.218750	-134.057007
69580.078125	-137.180557
69585.937500	-141.108597
69591.796875	-139.862946
69597.656250	-139.922501
69603.515625	-133.739807
69609.375000	-122.283463
69615.234375	-118.931168
69621.093750	-122.360306
69626.953125	-131.772141
69632.812500	-137.395645
69638.671875	-139.808731
69644.531250	-138.072678
69650.390625	-131.830124
69656.250000	-129.834946
69662.109375	-133.802765
69667.968750	-137.629791
69673.828125	-138.349518
69679.687500	-135.871353
69685.546875	-133.796997
69691.406250	-138.070694
69697.265625	-145.170624
69703.125000	-144.748901
69708.984375	-139.991119
69714.843750	-129.477081
69720.703125	-121.127975
69726.562500	-119.598434
69732.421875	-124.913544
69738.281250	-137.449722
69744.140625	-141.593048
69750.000000	-140.452423
69755.859375	-135.711014
69761.718750	-130.597290
69767.578125	-130.277527
69773.437500	-133.331558
69779.296875	-134.606552
69785.156250	-137.316238
69791.015625	-137.389679
69796.875000	-136.391159
69802.734375	-137.154877
69808.593750	-137.702072
69814.453125	-138.298126
69820.312500	-136.064087
69826.171875	-126.230240
69832.031250	-119.737389
69837.890625	-119.657341
69843.750000	-126.461174
69849.609375	-141.156769
69855.468750	-140.791870
69861.328125	-144.982376
69867.187500	-137.294769
69873.046875	-130.727417
69878.906250	-131.381699
69884.765625	-136.366516
69890.625000	-137.162674
69896.484375	-136.917130
69902.343750	-133.820770
69908.203125	-134.133743
69914.062500	-138.161636
69919.921875	-139.127441
69925.781250	-138.799149
69931.640625	-134.960129
69937.500000	-124.131401
69943.359375	-119.060295
69949.218750	-120.489410
69955.078125	-128.314850
69960.937500	-138.070435
69966.796875	-139.971909
69972.656250	-138.778595
69978.515625	-133.395630
69984.375000	-130.144547
69990.234375	-133.077454
69996.093750	-138.852982
70001.953125	-137.397278
70007.812500	-136.793701
70013.671875	-134.376984
70019.531250	-135.635056
70025.390625	-139.865448
70031.250000	-139.908890
70037.109375	-138.246979
70042.968750	-131.461624
70048.828125	-122.399048
70054.687500	-119.158859
70060.546875	-122.448944
70066.406250	-133.044098
70072.265625	-141.666748
70078.125000	-143.481140
70083.984375	-138.486832
70089.843750	-132.871933
70095.703125	-131.312576
70101.562500	-134.741837
70107.421875	-138.001678
70113.281250	-138.100143
70119.140625	-135.789536
70125.000000	-134.327637
70130.859375	-136.533051
70136.718750	-141.287308
70142.578125	-142.207016
70148.437500	-141.543945
70154.296875	-130.274796
70160.156250	-120.734436
70166.015625	-118.518684
70171.875000	-123.098282
70177.734375	-135.612671
70183.593750	-144.842453
70189.453125	-142.213318
70195.312500	-137.330383
70201.171875	-131.784546
70207.031250	-131.324158
70212.890625	-136.143768
70218.750000	-134.926804
70224.609375	-133.969437
70230.468750	-133.209579
70236.328125	-133.321747
70242.187500	-138.061417
70248.046875	-141.301422
70253.906250	-140.999847
70259.765625	-139.429062
70265.625000	-127.620926
70271.484375	-120.325348
70277.343750	-119.946190
70283.203125	-127.272797
70289.062500	-145.860718
70294.921875	-141.676682
70300.781250	-142.038162
70306.640625	-135.830383
70312.500000	-130.552048
70318.359375	-130.645905
70324.218750	-134.523270
70330.078125	-135.684418
70335.937500	-135.708359
70341.796875	-134.170898
70347.656250	-135.060211
70353.515625	-141.097473
70359.375000	-141.008652
70365.234375	-140.092377
70371.093750	-134.794998
70376.953125	-124.771980
70382.812500	-119.401970
70388.671875	-120.456810
70394.531250	-128.608856
70400.390625	-140.099426
70406.250000	-139.225235
70412.109375	-138.462173
70417.968750	-134.230698
70423.828125	-131.046494
70429.687500	-132.438522
70435.546875	-134.645432
70441.406250	-134.769562
70447.265625	-135.722351
70453.125000	-134.013199
70458.984375	-135.265823
70464.843750	-137.866119
70470.703125	-138.223007
70476.562500	-140.122650
70482.421875	-134.146744
70488.281250	-123.155716
70494.140625	-119.032738
70500.000000	-121.655510
70505.859375	-131.891983
70511.718750	-139.234863
70517.578125	-139.746506
70523.437500	-139.442871
70529.296875	-132.890976
70535.156250	-130.258606
70541.015625	-134.094971
70546.875000	-135.179199
70552.734375	-134.479324
70558.593750	-135.033249
70564.453125	-133.243195
70570.312500	-136.754730
70576.171875	-143.116104
70582.031250	-140.916214
70587.890625	-141.497482
70593.750000	-130.731659
70599.609375	-121.584717
70605.468750	-118.933357
70611.328125	-122.840637
70617.187500	-133.622147
70623.046875	-140.911819
70628.906250	-143.236145
70634.765625	-137.916672
70640.625000	-131.484268
70646.484375	-129.638657
70652.343750	-133.128174
70658.203125	-135.977600
70664.062500	-135.670715
70669.921875	-134.970490
70675.781250	-134.216278
70681.640625	-137.262863
70687.500000	-139.790421
70693.359375	-138.491348
70699.218750	-136.458740
70705.078125	-127.792030
70710.937500	-120.465126
70716.796875	-119.430855
70722.656250	-125.213409
70728.515625	-137.265854
70734.375000	-139.375900
70740.234375	-141.575302
70746.093750	-135.953857
70751.953125	-130.436752
70757.812500	-130.438812
70763.671875	-135.505585
70769.531250	-138.727036
70775.390625	-138.359192
70781.250000	-135.954376
70787.109375	-135.572586
70792.968750	-138.575684
70798.828125	-142.408554
70804.687500	-143.159302
70810.546875	-138.220123
70816.406250	-126.802353
70822.265625	-120.421463
70828.125000	-120.696632
70833.984375	-128.041245
70839.843750	-140.552704
70845.703125	-139.555695
70851.562500	-139.735703
70857.421875	-133.669159
70863.281250	-128.746170
70869.140625	-129.716873
70875.000000	-135.270752
70880.859375	-136.489136
70886.718750	-136.729340
70892.578125	-135.771805
70898.437500	-135.866684
70904.296875	-137.358627
70910.156250	-138.476456
70916.015625	-137.417679
70921.875000	-133.358368
70927.734375	-124.150787
70933.593750	-119.505234
70939.453125	-121.312920
70945.312500	-129.989914
70951.171875	-138.002975
70957.031250	-140.244476
70962.890625	-142.921478
70968.750000	-134.888321
70974.609375	-131.132126
70980.468750	-133.771515
70986.328125	-137.805344
70992.187500	-137.067200
70998.046875	-137.051529
71003.906250	-133.820938
71009.765625	-133.807846
71015.625000	-135.890610
71021.484375	-137.716888
71027.343750	-137.809158
71033.203125	-131.266373
71039.062500	-122.213646
71044.921875	-118.985146
71050.781250	-122.100571
71056.640625	-131.482483
71062.500000	-138.495667
71068.359375	-139.298676
71074.218750	-138.206894
71080.078125	-132.019928
71085.937500	-130.126602
71091.796875	-134.562210
71097.656250	-138.542084
71103.515625	-138.734879
71109.375000	-136.025635
71115.234375	-133.671158
71121.093750	-135.403275
71126.953125	-139.686615
71132.812500	-141.549515
71138.671875	-140.704880
71144.531250	-130.088974
71150.390625	-121.430649
71156.250000	-119.550346
71162.109375	-124.374512
71167.968750	-136.073669
71173.828125	-141.155716
71179.687500	-142.580978
71185.546875	-136.079636
71191.406250	-131.348206
71197.265625	-131.227951
71203.125000	-135.988617
71208.984375	-136.037018
71214.843750	-137.168915
71220.703125	-136.283966
71226.562500	-135.001541
71232.421875	-137.961731
71238.281250	-142.007889
71244.140625	-141.075882
71250.000000	-137.672882
71255.859375	-127.145012
71261.718750	-120.474083
71267.578125	-120.149742
71273.437500	-126.359276
71279.296875	-139.871796
71285.156250	-140.084793
71291.015625	-139.443161
71296.875000	-135.876846
71302.734375	-131.040375
71308.593750	-130.746735
71314.453125	-134.584396
71320.312500	-139.346634
71326.171875	-139.338577
71332.031250	-135.335373
71337.890625	-135.430557
71343.750000	-139.843399
71349.609375	-140.902222
71355.468750	-139.541519
71361.328125	-137.277466
71367.187500	-126.035263
71373.046875	-120.100601
71378.906250	-121.340530
71384.765625	-130.239532
71390.625000	-141.837784
71396.484375	-140.158157
71402.343750	-138.560135
71408.203125	-132.131592
71414.062500	-128.521576
71419.921875	-130.770981
71425.781250	-138.466171
71431.640625	-139.374496
71437.500000	-138.034454
71443.359375	-134.949844
71449.218750	-136.662949
71455.078125	-139.658417
71460.937500	-139.568405
71466.796875	-139.095123
71472.656250	-136.631897
71478.515625	-124.172745
71484.375000	-119.600182
71490.234375	-122.029190
71496.093750	-131.445068
71501.953125	-142.517990
71507.812500	-142.839233
71513.671875	-140.557068
71519.531250	-132.914719
71525.390625	-130.503159
71531.250000	-134.731308
71537.109375	-137.809006
71542.968750	-137.572876
71548.828125	-137.321335
71554.687500	-134.827316
71560.546875	-137.598999
71566.406250	-141.255341
71572.265625	-142.013641
71578.125000	-142.738571
71583.984375	-133.506638
71589.843750	-122.609650
71595.703125	-119.809677
71601.562500	-124.008003
71607.421875	-135.720963
71613.281250	-142.480835
71619.140625	-143.947540
71625.000000	-135.896439
71630.859375	-130.239349
71636.718750	-129.647736
71642.578125	-133.464661
71648.437500	-134.823975
71654.296875	-136.815781
71660.156250	-136.348923
71666.015625	-135.522247
71671.875000	-138.915405
71677.734375	-138.136688
71683.593750	-137.723602
71689.453125	-138.686005
71695.312500	-129.256424
71701.171875	-121.518051
71707.031250	-120.509178
71712.890625	-126.402153
71718.750000	-138.098709
71724.609375	-140.492218
71730.468750	-141.013687
71736.328125	-136.788696
71742.187500	-130.996964
71748.046875	-131.329239
71753.906250	-137.376511
71759.765625	-136.881866
71765.625000	-135.413193
71771.484375	-133.560379
71777.343750	-133.979614
71783.203125	-137.862869
71789.062500	-136.712479
71794.921875	-137.574051
71800.781250	-135.763168
71806.640625	-126.128922
71812.500000	-120.007416
71818.359375	-120.591728
71824.218750	-128.449554
71830.078125	-142.030151
71835.937500	-141.335495
71841.796875	-140.615982
71847.656250	-133.641754
71853.515625	-129.649567
71859.375000	-131.140045
71865.234375	-135.013916
71871.093750	-135.510376
71876.953125	-138.117722
71882.812500	-135.819183
71888.671875	-135.927887
71894.531250	-140.396774
71900.390625	-141.328323
71906.250000	-141.213547
71912.109375	-136.390076
71917.968750	-124.506279
71923.828125	-119.902466
71929.687500	-121.976540
71935.546875	-131.233749
71941.406250	-141.615982
71947.265625	-140.801498
71953.125000	-137.647720
71958.984375	-131.700104
71964.843750	-129.274521
71970.703125	-132.443573
71976.562500	-137.171585
71982.421875	-136.299118
71988.281250	-134.883209
71994.140625	-132.685455
72000.000000	-133.940994
72005.859375	-138.433487
72011.718750	-143.285889
72017.578125	-145.093094
72023.437500	-133.533234
72029.296875	-122.940460
72035.156250	-119.798668
72041.015625	-123.469467
72046.875000	-134.594742
72052.734375	-142.500229
72058.593750	-139.998077
72064.453125	-135.520111
72070.312500	-130.280365
72076.171875	-128.741074
72082.031250	-131.987274
72087.890625	-135.217209
72093.750000	-136.263855
72099.609375	-136.221298
72105.468750	-135.110901
72111.328125	-137.562927
72117.187500	-139.065170
72123.046875	-139.422195
72128.906250	-138.866837
72134.765625	-130.224640
72140.625000	-121.632317
72146.484375	-119.883957
72152.343750	-124.764580
72158.203125	-135.603088
72164.062500	-140.333221
72169.921875	-138.547089
72175.781250	-134.911255
72181.640625	-130.582214
72187.500000	-130.430496
72193.359375	-135.807816
72199.218750	-136.096252
72205.078125	-135.785812
72210.937500	-134.508316
72216.796875	-132.994049
72222.656250	-135.058472
72228.515625	-139.032242
72234.375000	-141.107269
72240.234375	-138.138275
72246.093750	-127.378296
72251.953125	-120.563110
72257.812500	-120.505768
72263.671875	-127.320190
72269.531250	-139.546371
72275.390625	-142.217941
72281.250000	-142.960098
72287.109375	-135.505478
72292.968750	-130.648209
72298.828125	-131.608490
72304.687500	-136.913971
72310.546875	-135.496384
72316.406250	-134.824371
72322.265625	-133.970612
72328.125000	-135.126877
72333.984375	-138.399429
72339.843750	-139.649399
72345.703125	-141.494690
72351.562500	-136.081207
72357.421875	-124.740578
72363.281250	-119.688248
72369.140625	-121.054428
72375.000000	-128.826935
72380.859375	-138.261749
72386.718750	-140.629028
72392.578125	-139.346954
72398.437500	-132.536789
72404.296875	-128.890656
72410.156250	-131.441696
72416.015625	-138.131744
72421.875000	-139.764130
72427.734375	-136.859985
72433.593750	-133.778107
72439.453125	-133.890488
72445.312500	-136.037598
72451.171875	-138.224579
72457.031250	-140.475525
72462.890625	-136.503220
72468.750000	-124.077789
72474.609375	-119.799492
72480.468750	-122.489052
72486.328125	-130.933792
72492.187500	-136.435532
72498.046875	-139.800339
72503.906250	-137.693817
72509.765625	-132.322235
72515.625000	-130.272308
72521.484375	-133.039673
72527.343750	-134.207367
72533.203125	-135.936493
72539.062500	-137.334503
72544.921875	-134.627563
72550.781250	-135.598938
72556.640625	-138.505722
72562.500000	-140.374283
72568.359375	-141.062668
72574.218750	-130.967194
72580.078125	-122.406189
72585.937500	-120.307755
72591.796875	-124.730209
72597.656250	-136.065216
72603.515625	-142.229156
72609.375000	-140.062164
72615.234375	-135.511078
72621.093750	-130.544922
72626.953125	-130.535324
72632.812500	-137.559738
72638.671875	-140.203445
72644.531250	-138.128830
72650.390625	-135.988831
72656.250000	-134.464050
72662.109375	-136.323395
72667.968750	-139.789307
72673.828125	-141.101501
72679.687500	-139.555267
72685.546875	-129.101013
72691.406250	-121.276588
72697.265625	-120.315399
72703.125000	-125.793053
72708.984375	-135.554642
72714.843750	-141.100052
72720.703125	-142.137833
72726.562500	-137.262115
72732.421875	-130.375137
72738.281250	-129.795334
72744.140625	-133.027451
72750.000000	-132.987640
72755.859375	-134.087463
72761.718750	-133.555603
72767.578125	-133.271729
72773.437500	-136.605209
72779.296875	-140.009735
72785.156250	-142.007233
72791.015625	-139.191086
72796.875000	-126.599670
72802.734375	-120.600212
72808.593750	-121.393257
72814.453125	-129.559631
72820.312500	-143.038132
72826.171875	-143.768387
72832.031250	-141.273972
72837.890625	-134.825729
72843.750000	-130.134293
72849.609375	-130.586380
72855.468750	-133.552383
72861.328125	-135.382889
72867.187500	-135.760117
72873.046875	-131.941925
72878.906250	-132.396561
72884.765625	-136.410187
72890.625000	-138.495071
72896.484375	-140.606155
72902.343750	-137.673294
72908.203125	-124.782433
72914.062500	-120.024353
72919.921875	-121.948044
72925.781250	-130.093002
72931.640625	-137.279724
72937.500000	-137.996277
72943.359375	-138.359497
72949.218750	-132.341705
72955.078125	-129.296509
72960.937500	-132.770447
72966.796875	-141.546906
72972.656250	-137.768600
72978.515625	-136.144257
72984.375000	-134.870850
72990.234375	-138.565765
72996.093750	-142.414581
73001.953125	-144.232605
73007.812500	-144.171661
73013.671875	-134.359238
73019.531250	-123.889221
73025.390625	-120.884567
73031.250000	-124.532715
73037.109375	-133.962173
73042.968750	-141.343399
73048.828125	-140.751862
73054.687500	-136.204941
73060.546875	-131.433914
73066.406250	-130.442368
73072.265625	-134.668350
73078.125000	-137.453339
73083.984375	-137.538254
73089.843750	-137.385635
73095.703125	-137.727676
73101.562500	-140.709869
73107.421875	-142.219955
73113.281250	-140.891922
73119.140625	-140.191055
73125.000000	-130.720398
73130.859375	-122.333229
73136.718750	-120.895744
73142.578125	-126.231514
73148.437500	-136.983658
73154.296875	-138.073502
73160.156250	-136.974701
73166.015625	-132.680283
73171.875000	-128.638535
73177.734375	-129.199768
73183.593750	-135.175018
73189.453125	-137.712830
73195.312500	-138.649582
73201.171875	-136.560822
73207.031250	-135.140442
73212.890625	-137.262161
73218.750000	-139.799072
73224.609375	-139.824356
73230.468750	-137.891571
73236.328125	-126.865349
73242.187500	-120.684189
73248.046875	-120.948929
73253.906250	-127.939247
73259.765625	-139.726303
73265.625000	-140.482742
73271.484375	-139.013184
73277.343750	-133.875763
73283.203125	-129.757477
73289.062500	-131.166489
73294.921875	-134.824951
73300.781250	-133.457947
73306.640625	-134.408630
73312.500000	-135.077820
73318.359375	-137.330551
73324.218750	-142.154678
73330.078125	-142.247452
73335.937500	-140.174393
73341.796875	-137.952499
73347.656250	-125.914742
73353.515625	-120.323196
73359.375000	-121.849426
73365.234375	-130.510956
73371.093750	-140.104370
73376.953125	-141.949493
73382.812500	-139.552277
73388.671875	-131.673645
73394.531250	-128.445587
73400.390625	-131.379471
73406.250000	-137.498550
73412.109375	-136.035950
73417.968750	-137.820511
73423.828125	-138.939377
73429.687500	-139.559372
73435.546875	-140.277496
73441.406250	-141.227280
73447.265625	-141.840378
73453.125000	-134.084854
73458.984375	-123.955795
73464.843750	-120.525467
73470.703125	-123.598480
73476.562500	-133.151520
73482.421875	-139.604385
73488.281250	-138.374969
73494.140625	-136.615082
73500.000000	-131.916473
73505.859375	-129.676590
73511.718750	-131.614578
73517.578125	-135.334290
73523.437500	-136.782684
73529.296875	-136.077896
73535.156250	-136.389954
73541.015625	-138.322769
73546.875000	-138.883499
73552.734375	-138.936462
73558.593750	-138.533966
73564.453125	-130.430222
73570.312500	-122.459473
73576.171875	-120.811058
73582.031250	-125.908737
73587.890625	-137.445282
73593.750000	-142.606155
73599.609375	-146.942108
73605.468750	-138.425171
73611.328125	-130.588989
73617.187500	-129.518372
73623.046875	-134.254745
73628.906250	-134.418579
73634.765625	-136.463333
73640.625000	-141.140549
73646.484375	-138.332428
73652.343750	-140.345444
73658.203125	-144.134644
73664.062500	-144.082779
73669.921875	-140.173691
73675.781250	-129.786102
73681.640625	-122.156677
73687.500000	-121.567345
73693.359375	-127.861130
73699.218750	-138.701553
73705.078125	-139.067734
73710.937500	-138.277512
73716.796875	-134.054459
73722.656250	-129.242081
73728.515625	-129.733200
73734.375000	-135.011017
73740.234375	-138.056656
73746.093750	-139.160049
73751.953125	-137.468948
73757.812500	-137.164169
73763.671875	-140.984528
73769.531250	-141.743500
73775.390625	-139.828140
73781.250000	-139.425095
73787.109375	-127.184654
73792.968750	-121.047287
73798.828125	-122.088516
73804.687500	-130.540222
73810.546875	-138.193176
73816.406250	-138.780441
73822.265625	-137.718353
73828.125000	-133.651718
73833.984375	-131.038788
73839.843750	-133.063675
73845.703125	-137.747055
73851.562500	-138.970291
73857.421875	-139.644241
73863.281250	-136.048767
73869.140625	-135.792084
73875.000000	-137.346573
73880.859375	-137.729126
73886.718750	-138.426880
73892.578125	-134.323303
73898.437500	-124.414993
73904.296875	-120.393532
73910.156250	-122.839569
73916.015625	-132.147186
73921.875000	-142.834686
73927.734375	-142.005264
73933.593750	-139.829269
73939.453125	-132.368286
73945.312500	-129.121277
73951.171875	-131.575729
73957.031250	-136.510422
73962.890625	-138.986847
73968.750000	-142.971725
73974.609375	-138.481033
73980.468750	-139.769928
73986.328125	-140.262924
73992.187500	-138.239334
73998.046875	-137.783951
74003.906250	-131.633453
74009.765625	-123.295044
74015.625000	-120.943199
74021.484375	-125.128471
74027.343750	-135.884933
74033.203125	-139.121429
74039.062500	-138.705612
74044.921875	-138.467102
74050.781250	-133.762177
74056.640625	-132.104050
74062.500000	-136.415970
74068.359375	-135.122360
74074.218750	-134.742401
74080.078125	-136.251389
74085.937500	-136.709442
74091.796875	-140.133591
74097.656250	-141.557770
74103.515625	-142.820526
74109.375000	-141.938431
74115.234375	-129.817535
74121.093750	-122.191025
74126.953125	-121.124458
74132.812500	-126.445580
74138.671875	-136.302200
74144.531250	-138.465088
74150.390625	-138.478958
74156.250000	-135.598907
74162.109375	-130.537003
74167.968750	-130.689987
74173.828125	-135.489777
74179.687500	-135.917633
74185.546875	-137.652725
74191.406250	-139.571594
74197.265625	-140.519699
74203.125000	-142.269775
74208.984375	-142.252426
74214.843750	-140.322815
74220.703125	-137.303101
74226.562500	-128.633011
74232.421875	-121.893333
74238.281250	-122.086906
74244.140625	-128.622421
74250.000000	-137.344849
74255.859375	-143.268982
74261.718750	-140.926559
74267.578125	-137.713104
74273.437500	-132.538361
74279.296875	-133.651978
74285.156250	-137.694351
74291.015625	-136.742599
74296.875000	-136.251495
74302.734375	-135.396454
74308.593750	-137.745468
74314.453125	-143.070160
74320.312500	-144.915100
74326.171875	-139.344666
74332.031250	-134.515701
74337.890625	-125.598465
74343.750000	-121.162407
74349.609375	-123.009491
74355.468750	-130.880966
74361.328125	-138.475616
74367.187500	-139.958527
74373.046875	-140.073700
74378.906250	-133.715057
74384.765625	-129.680206
74390.625000	-133.243515
74396.484375	-137.973297
74402.343750	-135.476929
74408.203125	-138.397614
74414.062500	-138.101273
74419.921875	-139.677826
74425.781250	-142.384659
74431.640625	-144.384705
74437.500000	-144.654358
74443.359375	-133.511246
74449.218750	-124.278076
74455.078125	-121.206367
74460.937500	-124.448952
74466.796875	-133.429169
74472.656250	-139.692169
74478.515625	-140.004745
74484.375000	-137.771683
74490.234375	-133.176590
74496.093750	-131.898514
74501.953125	-136.110413
74507.812500	-139.475555
74513.671875	-139.990936
74519.531250	-139.148987
74525.390625	-137.809570
74531.250000	-139.275162
74537.109375	-139.316162
74542.968750	-139.721390
74548.828125	-138.968277
74554.687500	-130.723709
74560.546875	-122.079552
74566.406250	-120.133331
74572.265625	-124.379593
74578.125000	-133.436127
74583.984375	-138.559525
74589.843750	-139.859970
74595.703125	-139.339508
74601.562500	-133.175842
74607.421875	-132.701981
74613.281250	-136.906326
74619.140625	-136.437729
74625.000000	-135.939407
74630.859375	-136.936569
74636.718750	-138.362686
74642.578125	-138.928711
74648.437500	-140.190918
74654.296875	-142.520020
74660.156250	-141.746902
74666.015625	-130.427917
74671.875000	-122.264809
74677.734375	-121.760323
74683.593750	-128.043106
74689.453125	-137.939789
74695.312500	-138.994980
74701.171875	-139.211899
74707.031250	-134.575592
74712.890625	-129.680679
74718.750000	-130.505951
74724.609375	-136.406342
74730.468750	-136.516068
74736.328125	-138.015427
74742.187500	-139.488266
74748.046875	-139.712219
74753.906250	-141.525482
74759.765625	-142.685425
74765.625000	-143.030624
74771.484375	-136.330566
74777.343750	-126.290085
74783.203125	-121.284821
74789.062500	-122.643295
74794.921875	-130.468857
74800.781250	-140.687180
74806.640625	-145.912155
74812.500000	-142.577072
74818.359375	-133.091141
74824.218750	-129.181000
74830.078125	-131.156799
74835.937500	-135.788651
74841.796875	-136.886978
74847.656250	-139.296860
74853.515625	-138.263855
74859.375000	-139.962891
74865.234375	-142.781601
74871.093750	-142.948212
74876.953125	-141.890839
74882.812500	-135.686188
74888.671875	-124.848740
74894.531250	-120.931396
74900.390625	-123.408096
74906.250000	-131.779816
74912.109375	-139.810043
74917.968750	-138.890793
74923.828125	-138.572601
74929.687500	-132.701538
74935.546875	-130.342682
74941.406250	-134.423492
74947.265625	-138.228348
74953.125000	-136.951767
74958.984375	-135.809845
74964.843750	-134.620575
74970.703125	-136.915894
74976.562500	-140.571594
74982.421875	-140.456497
74988.281250	-141.004501
74994.140625	-133.438873
75000.000000	-124.018707
75005.859375	-121.674553
75011.718750	-126.335144
75017.578125	-137.817322
75023.437500	-140.115814
75029.296875	-141.617233
75035.156250	-137.673737
75041.015625	-132.670685
75046.875000	-132.148666
75052.734375	-137.788818
75058.593750	-142.845413
75064.453125	-141.595016
75070.312500	-140.083450
75076.171875	-138.525879
75082.031250	-139.800079
75087.890625	-141.102982
75093.750000	-139.671265
75099.609375	-137.498367
75105.468750	-130.391739
75111.328125	-122.944901
75117.187500	-122.103493
75123.046875	-128.033386
75128.906250	-138.128326
75134.765625	-138.188919
75140.625000	-138.520569
75146.484375	-135.213531
75152.343750	-130.495789
75158.203125	-131.089539
75164.062500	-137.263474
75169.921875	-137.208130
75175.781250	-136.453110
75181.640625	-135.882843
75187.500000	-136.794815
75193.359375	-140.683304
75199.218750	-144.826370
75205.078125	-142.306076
75210.937500	-136.697174
75216.796875	-127.208778
75222.656250	-121.402695
75228.515625	-122.060928
75234.375000	-129.384033
75240.234375	-140.774918
75246.093750	-144.312454
75251.953125	-138.514999
75257.812500	-131.879517
75263.671875	-128.927872
75269.531250	-131.718796
75275.390625	-138.484802
75281.250000	-137.526627
75287.109375	-136.242859
75292.968750	-133.095047
75298.828125	-134.236298
75304.687500	-140.256775
75310.546875	-144.752365
75316.406250	-140.471497
75322.265625	-135.059616
75328.125000	-125.769653
75333.984375	-121.493965
75339.843750	-123.917290
75345.703125	-134.301376
75351.562500	-139.503372
75357.421875	-137.773804
75363.281250	-137.672104
75369.140625	-133.954025
75375.000000	-131.636765
75380.859375	-135.192657
75386.718750	-138.940475
75392.578125	-139.482193
75398.437500	-139.201447
75404.296875	-135.753036
75410.156250	-136.926361
75416.015625	-139.616882
75421.875000	-140.404373
75427.734375	-140.817902
75433.593750	-134.100937
75439.453125	-124.049301
75445.312500	-121.030647
75451.171875	-124.987823
75457.031250	-136.827423
75462.890625	-139.795181
75468.750000	-139.376862
75474.609375	-137.548950
75480.468750	-131.136276
75486.328125	-129.157242
75492.187500	-133.205383
75498.046875	-136.989471
75503.906250	-138.151184
75509.765625	-140.460724
75515.625000	-137.280792
75521.484375	-135.511963
75527.343750	-135.930054
75533.203125	-137.861328
75539.062500	-140.330109
75544.921875	-131.471542
75550.781250	-122.965973
75556.640625	-121.430405
75562.500000	-126.679260
75568.359375	-136.720795
75574.218750	-138.456390
75580.078125	-141.929367
75585.937500	-138.646561
75591.796875	-131.490448
75597.656250	-131.060104
75603.515625	-136.022766
75609.375000	-139.459381
75615.234375	-142.615936
75621.093750	-139.852951
75626.953125	-136.725815
75632.812500	-137.334976
75638.671875	-138.681519
75644.531250	-139.662247
75650.390625	-138.587128
75656.250000	-128.015594
75662.109375	-121.776657
75667.968750	-122.179871
75673.828125	-129.718185
75679.687500	-141.154312
75685.546875	-141.084717
75691.406250	-138.412735
75697.265625	-132.349823
75703.125000	-128.899368
75708.984375	-130.286118
75714.843750	-135.549988
75720.703125	-138.663971
75726.562500	-138.874222
75732.421875	-135.810791
75738.281250	-135.174194
75744.140625	-137.652145
75750.000000	-140.732071
75755.859375	-142.494843
75761.718750	-137.981537
75767.578125	-127.529160
75773.437500	-122.557289
75779.296875	-124.259285
75785.156250	-133.311844
75791.015625	-140.104553
75796.875000	-138.871292
75802.734375	-139.437561
75808.593750	-135.101135
75814.453125	-130.742767
75820.312500	-132.915771
75826.171875	-135.631454
75832.031250	-135.191498
75837.890625	-136.082779
75843.750000	-135.629303
75849.609375	-136.222672
75855.468750	-140.067307
75861.328125	-141.884216
75867.187500	-141.137238
75873.046875	-135.988586
75878.906250	-125.548058
75884.765625	-121.858734
75890.625000	-124.878212
75896.484375	-134.312836
75902.343750	-139.248581
75908.203125	-138.901047
75914.062500	-139.326843
75919.921875	-131.850525
75925.781250	-129.334579
75931.640625	-134.043640
75937.500000	-138.168549
75943.359375	-137.659286
75949.218750	-139.273239
75955.078125	-138.591278
75960.937500	-140.633286
75966.796875	-142.014282
75972.656250	-140.395340
75978.515625	-140.510223
75984.375000	-131.830444
75990.234375	-123.460037
75996.093750	-121.509239
76001.953125	-125.959312
76007.812500	-136.456573
76013.671875	-141.367050
76019.531250	-138.935410
76025.390625	-134.573410
76031.250000	-130.002304
76037.109375	-130.103912
76042.968750	-136.888779
76048.828125	-142.799744
76054.687500	-139.834076
76060.546875	-138.470367
76066.406250	-139.526825
76072.265625	-139.828659
76078.125000	-137.345367
76083.984375	-137.804123
76089.843750	-139.094467
76095.703125	-130.517975
76101.562500	-122.804237
76107.421875	-122.211243
76113.281250	-128.746307
76119.140625	-142.191376
76125.000000	-142.944077
76130.859375	-142.229095
76136.718750	-136.874603
76142.578125	-131.550156
76148.437500	-132.091522
76154.296875	-137.364670
76160.156250	-137.112137
76166.015625	-137.934570
76171.875000	-139.276886
76177.734375	-142.085968
76183.593750	-140.741577
76189.453125	-137.512070
76195.312500	-137.327499
76201.171875	-135.614487
76207.031250	-127.257820
76212.890625	-122.090546
76218.750000	-122.860413
76224.609375	-129.491760
76230.468750	-137.514832
76236.328125	-140.112259
76242.187500	-145.167480
76248.046875	-133.828201
76253.906250	-128.343277
76259.765625	-130.175430
76265.625000	-136.558151
76271.484375	-137.219482
76277.343750	-137.334045
76283.203125	-134.261414
76289.062500	-135.494049
76294.921875	-138.168228
76300.781250	-138.080582
76306.640625	-138.125015
76312.500000	-135.495422
76318.359375	-126.290520
76324.218750	-122.172615
76330.078125	-124.263458
76335.937500	-132.238586
76341.796875	-140.371735
76347.656250	-140.957489
76353.515625	-135.838562
76359.375000	-130.592331
76365.234375	-128.742004
76371.093750	-132.449478
76376.953125	-137.415085
76382.812500	-136.793320
76388.671875	-136.018814
76394.531250	-135.148773
76400.390625	-139.018417
76406.250000	-142.626617
76412.109375	-138.238800
76417.968750	-137.670532
76423.828125	-133.508682
76429.687500	-124.580338
76435.546875	-121.803909
76441.406250	-125.184326
76447.265625	-133.448639
76453.125000	-138.639023
76458.984375	-138.070374
76464.843750	-140.497772
76470.703125	-133.569305
76476.562500	-131.801529
76482.421875	-137.161774
76488.281250	-140.098007
76494.140625	-138.396240
76500.000000	-135.960938
76505.859375	-134.907654
76511.718750	-135.786209
76517.578125	-137.912720
76523.437500	-141.747116
76529.296875	-139.828720
76535.156250	-129.993164
76541.015625	-122.694244
76546.875000	-121.736427
76552.734375	-127.238152
76558.593750	-136.730560
76564.453125	-138.894180
76570.312500	-140.003281
76576.171875	-135.738998
76582.031250	-129.925613
76587.890625	-130.120438
76593.750000	-136.762878
76599.609375	-140.394867
76605.468750	-139.722412
76611.328125	-138.586487
76617.187500	-139.312714
76623.046875	-141.015961
76628.906250	-142.340408
76634.765625	-141.553436
76640.625000	-137.159607
76646.484375	-128.170532
76652.343750	-122.344093
76658.203125	-122.800697
76664.062500	-129.512360
76669.921875	-138.558975
76675.781250	-143.283295
76681.640625	-140.747925
76687.500000	-131.624390
76693.359375	-127.443405
76699.218750	-129.819641
76705.078125	-139.781067
76710.937500	-141.394623
76716.796875	-141.297028
76722.656250	-140.428192
76728.515625	-140.840088
76734.375000	-141.727417
76740.234375	-143.884949
76746.093750	-144.441895
76751.953125	-138.700867
76757.812500	-126.956451
76763.671875	-122.021515
76769.531250	-123.795677
76775.390625	-132.199295
76781.250000	-138.603348
76787.109375	-139.228729
76792.968750	-140.040619
76798.828125	-133.270508
76804.687500	-129.877457
76810.546875	-133.301590
76816.406250	-140.516434
76822.265625	-138.707047
76828.125000	-137.527481
76833.984375	-136.520874
76839.843750	-138.032227
76845.703125	-137.907791
76851.562500	-137.545624
76857.421875	-140.699951
76863.281250	-136.240524
76869.140625	-125.267487
76875.000000	-121.934433
76880.859375	-125.256233
76886.718750	-134.955200
76892.578125	-140.965469
76898.437500	-143.529633
76904.296875	-137.665451
76910.156250	-131.145920
76916.015625	-129.114288
76921.875000	-132.501892
76927.734375	-137.710220
76933.593750	-139.323212
76939.453125	-139.019653
76945.312500	-138.028030
76951.171875	-139.598511
76957.031250	-141.408386
76962.890625	-146.316727
76968.750000	-144.247620
76974.609375	-134.642120
76980.468750	-124.391975
76986.328125	-122.294373
76992.187500	-127.286346
76998.046875	-139.469315
77003.906250	-140.648911
77009.765625	-139.863129
77015.625000	-137.128769
77021.484375	-130.425873
77027.343750	-130.001282
77033.203125	-136.052887
77039.062500	-139.910507
77044.921875	-139.026718
77050.781250	-137.309830
77056.640625	-135.642517
77062.500000	-137.523285
77068.359375	-141.949738
77074.218750	-142.600571
77080.078125	-138.851013
77085.937500	-130.572876
77091.796875	-123.389359
77097.656250	-123.017799
77103.515625	-129.294052
77109.375000	-137.341278
77115.234375	-139.416107
77121.093750	-138.853745
77126.953125	-135.589401
77132.812500	-131.112778
77138.671875	-131.855377
77144.531250	-138.708832
77150.390625	-141.332840
77156.250000	-138.524658
77162.109375	-135.914688
77167.968750	-136.334808
77173.828125	-138.043320
77179.687500	-138.636841
77185.546875	-138.173355
77191.406250	-136.158615
77197.265625	-127.928673
77203.125000	-123.017143
77208.984375	-124.153191
77214.843750	-131.297470
77220.703125	-139.623871
77226.562500	-142.964371
77232.421875	-139.056274
77238.281250	-132.860565
77244.140625	-129.565094
77250.000000	-131.870941
77255.859375	-137.070679
77261.718750	-137.193771
77267.578125	-138.049042
77273.437500	-137.575623
77279.296875	-138.960434
77285.156250	-140.938278
77291.015625	-139.223175
77296.875000	-139.367584
77302.734375	-138.784714
77308.593750	-126.977501
77314.453125	-122.611404
77320.312500	-125.421066
77326.171875	-135.008774
77332.031250	-140.474182
77337.890625	-142.022446
77343.750000	-136.949585
77349.609375	-130.542572
77355.468750	-128.806747
77361.328125	-133.431168
77367.187500	-142.500061
77373.046875	-142.954193
77378.906250	-141.614807
77384.765625	-138.857605
77390.625000	-140.844040
77396.484375	-138.436920
77402.343750	-137.117447
77408.203125	-139.026245
77414.062500	-136.138168
77419.921875	-124.788185
77425.781250	-122.235588
77431.640625	-126.955978
77437.500000	-139.111313
77443.359375	-144.939941
77449.218750	-144.128174
77455.078125	-136.529541
77460.937500	-129.751266
77466.796875	-128.597946
77472.656250	-132.961761
77478.515625	-135.902512
77484.375000	-138.633057
77490.234375	-138.009171
77496.093750	-135.250824
77501.953125	-135.876404
77507.812500	-138.674255
77513.671875	-140.173447
77519.531250	-140.113235
77525.390625	-131.338806
77531.250000	-123.861008
77537.109375	-122.917847
77542.968750	-128.321182
77548.828125	-138.661392
77554.687500	-143.259720
77560.546875	-138.999924
77566.406250	-133.143768
77572.265625	-129.219147
77578.125000	-130.324707
77583.984375	-139.082718
77589.843750	-140.361435
77595.703125	-138.059784
77601.562500	-138.172836
77607.421875	-139.291916
77613.281250	-140.735489
77619.140625	-142.421967
77625.000000	-140.679306
77630.859375	-136.200836
77636.718750	-127.929314
77642.578125	-122.416183
77648.437500	-123.144905
77654.296875	-129.945709
77660.156250	-137.355408
77666.015625	-136.690292
77671.875000	-136.083801
77677.734375	-133.639206
77683.593750	-129.442825
77689.453125	-130.475693
77695.312500	-135.767014
77701.171875	-137.049103
77707.031250	-137.065399
77712.890625	-137.750198
77718.750000	-140.090515
77724.609375	-141.057480
77730.468750	-140.485626
77736.328125	-143.146484
77742.187500	-136.284180
77748.046875	-126.555702
77753.906250	-122.485352
77759.765625	-124.697525
77765.625000	-133.709808
77771.484375	-138.683823
77777.343750	-136.985489
77783.203125	-136.040985
77789.062500	-130.940567
77794.921875	-128.767883
77800.781250	-132.120911
77806.640625	-136.944626
77812.500000	-137.039230
77818.359375	-139.539230
77824.218750	-138.204773
77830.078125	-138.500046
77835.937500	-140.322205
77841.796875	-143.447815
77847.656250	-142.502319
77853.515625	-138.447952
77859.375000	-127.197517
77865.234375	-123.543114
77871.093750	-126.752258
77876.953125	-135.532455
77882.812500	-137.785416
77888.671875	-139.127350
77894.531250	-137.904190
77900.390625	-131.780182
77906.250000	-130.270691
77912.109375	-134.217484
77917.968750	-139.140656
77923.828125	-141.832382
77929.687500	-141.826050
77935.546875	-137.956070
77941.406250	-137.132111
77947.265625	-137.730103
77953.125000	-139.573456
77958.984375	-140.815567
77964.843750	-131.632202
77970.703125	-123.902496
77976.562500	-122.389381
77982.421875	-127.117165
77988.281250	-136.543259
77994.140625	-140.406372
78000.000000	-140.424744
78005.859375	-136.316086
78011.718750	-129.912140
78017.578125	-129.210434
78023.437500	-133.907181
78029.296875	-137.405350
78035.156250	-139.193573
78041.015625	-138.898666
78046.875000	-138.583954
78052.734375	-141.879929
78058.593750	-141.157150
78064.453125	-139.498489
78070.312500	-139.630997
78076.171875	-130.922684
78082.031250	-124.045235
78087.890625	-124.033463
78093.750000	-130.768646
78099.609375	-139.277954
78105.468750	-139.472244
78111.328125	-139.213364
78117.187500	-133.955597
78123.046875	-129.467316
78128.906250	-130.573135
78134.765625	-136.820663
78140.625000	-142.644882
78146.484375	-139.874008
78152.343750	-135.950455
78158.203125	-137.685135
78164.062500	-142.869843
78169.921875	-141.373871
78175.781250	-138.001785
78181.640625	-136.260574
78187.500000	-128.427505
78193.359375	-123.253944
78199.218750	-124.491264
78205.078125	-131.962448
78210.937500	-139.386230
78216.796875	-140.626099
78222.656250	-140.305588
78228.515625	-133.010193
78234.375000	-129.411240
78240.234375	-131.410202
78246.093750	-136.825745
78251.953125	-137.997253
78257.812500	-137.513184
78263.671875	-138.396225
78269.531250	-140.231903
78275.390625	-142.150345
78281.250000	-143.826294
78287.109375	-141.579880
78292.968750	-135.396912
78298.828125	-126.324928
78304.687500	-123.004852
78310.546875	-126.479225
78316.406250	-137.655289
78322.265625	-142.865997
78328.125000	-140.075134
78333.984375	-138.152206
78339.843750	-132.232773
78345.703125	-130.064194
78351.562500	-134.784149
78357.421875	-144.095245
78363.281250	-144.111359
78369.140625	-141.551788
78375.000000	-140.042358
78380.859375	-139.778015
78386.718750	-138.651566
78392.578125	-138.697220
78398.437500	-139.846466
78404.296875	-134.899384
78410.156250	-124.875366
78416.015625	-122.690590
78421.875000	-127.852295
78427.734375	-142.261337
78433.593750	-143.961197
78439.453125	-140.054428
78445.312500	-137.080048
78451.171875	-131.789902
78457.031250	-130.734039
78462.890625	-134.900177
78468.750000	-136.093124
78474.609375	-137.274612
78480.468750	-136.569748
78486.328125	-133.938019
78492.187500	-135.405518
78498.046875	-139.131012
78503.906250	-141.983444
78509.765625	-140.938675
78515.625000	-132.708740
78521.484375	-124.003693
78527.343750	-123.035332
78533.203125	-128.917496
78539.062500	-140.771927
78544.921875	-140.667908
78550.781250	-139.907486
78556.640625	-133.967590
78562.500000	-128.784760
78568.359375	-129.691055
78574.218750	-138.046097
78580.078125	-141.627853
78585.937500	-141.264908
78591.796875	-140.599350
78597.656250	-137.989105
78603.515625	-137.344849
78609.375000	-138.387039
78615.234375	-139.165802
78621.093750	-137.357758
78626.953125	-128.794693
78632.812500	-123.349922
78638.671875	-124.241837
78644.531250	-131.633652
78650.390625	-139.282959
78656.250000	-139.139023
78662.109375	-139.959427
78667.968750	-136.046265
78673.828125	-130.595062
78679.687500	-131.829102
78685.546875	-136.884888
78691.406250	-137.952286
78697.265625	-137.945877
78703.125000	-136.533035
78708.984375	-136.197601
78714.843750	-137.425964
78720.703125	-137.878693
78726.562500	-138.324554
78732.421875	-139.214783
78738.281250	-127.417854
78744.140625	-122.556190
78750.000000	-124.306618
78755.859375	-131.359406
78761.718750	-136.607773
78767.578125	-138.764679
78773.437500	-141.563919
78779.296875	-132.430344
78785.156250	-129.174240
78791.015625	-132.817413
78796.875000	-139.462189
78802.734375	-138.734818
78808.593750	-137.798492
78814.453125	-138.683182
78820.312500	-138.812302
78826.171875	-139.438965
78832.031250	-141.211334
78837.890625	-140.992752
78843.750000	-134.445663
78849.609375	-125.196190
78855.468750	-122.326340
78861.328125	-126.242371
78867.187500	-136.736206
78873.046875	-140.709747
78878.906250	-140.054855
78884.765625	-136.272202
78890.625000	-130.052963
78896.484375	-128.694122
78902.343750	-134.096634
78908.203125	-142.746094
78914.062500	-140.163589
78919.921875	-137.915298
78925.781250	-136.913193
78931.640625	-138.138840
78937.500000	-140.255539
78943.359375	-141.999161
78949.218750	-138.091309
78955.078125	-130.687744
78960.937500	-123.734184
78966.796875	-122.446930
78972.656250	-127.291992
78978.515625	-136.497437
78984.375000	-137.542648
78990.234375	-137.041794
78996.093750	-134.325897
79001.953125	-130.123154
79007.812500	-131.027100
79013.671875	-137.168060
79019.531250	-138.962250
79025.390625	-140.797806
79031.250000	-143.475967
79037.109375	-144.020401
79042.968750	-140.874695
79048.828125	-140.063126
79054.687500	-143.480820
79060.546875	-140.118332
79066.406250	-128.825989
79072.265625	-123.125038
79078.125000	-123.455238
79083.984375	-130.024124
79089.843750	-139.175247
79095.703125	-140.832901
79101.562500	-140.831390
79107.421875	-134.337189
79113.281250	-129.733032
79119.140625	-131.310471
79125.000000	-137.065643
79130.859375	-139.318604
79136.718750	-142.698868
79142.578125	-141.482590
79148.437500	-141.430435
79154.296875	-143.433426
79160.156250	-144.118820
79166.015625	-140.403778
79171.875000	-136.011795
79177.734375	-127.306511
79183.593750	-123.026962
79189.453125	-125.098396
79195.312500	-133.546036
79201.171875	-138.202194
79207.031250	-140.407928
79212.890625	-139.539780
79218.750000	-130.826721
79224.609375	-127.245247
79230.468750	-130.254791
79236.328125	-138.093033
79242.187500	-138.909653
79248.046875	-138.267426
79253.906250	-138.252579
79259.765625	-139.540146
79265.625000	-140.431259
79271.484375	-142.129410
79277.343750	-142.515457
79283.203125	-137.915344
79289.062500	-126.618729
79294.921875	-122.896782
79300.781250	-125.585938
79306.640625	-133.743774
79312.500000	-139.036133
79318.359375	-137.035049
79324.218750	-137.303650
79330.078125	-130.094208
79335.937500	-127.689293
79341.796875	-132.518478
79347.656250	-140.685181
79353.515625	-140.415497
79359.375000	-144.026321
79365.234375	-140.741226
79371.093750	-140.021729
79376.953125	-141.309296
79382.812500	-139.074539
79388.671875	-139.365311
79394.531250	-133.679520
79400.390625	-124.508240
79406.250000	-122.459785
79412.109375	-126.920204
79417.968750	-136.762085
79423.828125	-140.333786
79429.687500	-140.940857
79435.546875	-135.084000
79441.406250	-129.052216
79447.265625	-128.387421
79453.125000	-133.009369
79458.984375	-139.411850
79464.843750	-144.745789
79470.703125	-142.319885
79476.562500	-142.010010
79482.421875	-142.232788
79488.281250	-140.015015
79494.140625	-139.905273
79500.000000	-139.188568
79505.859375	-130.974899
79511.718750	-123.932137
79517.578125	-123.441902
79523.437500	-129.615845
79529.296875	-139.220337
79535.156250	-139.947235
79541.015625	-139.586868
79546.875000	-134.882599
79552.734375	-129.755798
79558.593750	-130.029236
79564.453125	-135.198959
79570.312500	-140.303329
79576.171875	-142.914917
79582.031250	-139.195450
79587.890625	-138.024765
79593.750000	-140.766571
79599.609375	-143.466278
79605.468750	-139.868622
79611.328125	-137.794312
79617.187500	-129.271317
79623.046875	-123.881798
79628.906250	-125.196518
79634.765625	-133.594131
79640.625000	-143.254044
79646.484375	-142.523483
79652.343750	-140.508575
79658.203125	-132.327927
79664.062500	-128.356995
79669.921875	-130.918396
79675.781250	-139.400970
79681.640625	-139.777328
79687.500000	-142.146667
79693.359375	-143.245392
79699.218750	-141.701981
79705.078125	-140.527954
79710.937500	-139.684448
79716.796875	-140.625595
79722.656250	-136.734558
79728.515625	-127.185081
79734.375000	-123.360191
79740.234375	-126.099884
79746.093750	-135.136124
79751.953125	-138.691818
79757.812500	-142.909302
79763.671875	-139.957718
79769.531250	-129.997971
79775.390625	-127.356079
79781.250000	-131.464783
79787.109375	-137.837509
79792.968750	-136.759583
79798.828125	-138.287109
79804.687500	-139.905548
79810.546875	-139.108002
79816.406250	-139.894653
79822.265625	-145.024445
79828.125000	-145.477264
79833.984375	-134.634201
79839.843750	-125.421898
79845.703125	-122.950272
79851.562500	-127.086403
79857.421875	-137.438751
79863.281250	-140.689575
79869.140625	-138.531784
79875.000000	-134.127899
79880.859375	-128.858810
79886.718750	-128.101562
79892.578125	-132.649750
79898.437500	-138.656219
79904.296875	-142.775452
79910.156250	-140.026764
79916.015625	-137.783096
79921.875000	-138.431488
79927.734375	-140.146606
79933.593750	-141.108994
79939.453125	-141.735397
79945.312500	-133.576431
79951.171875	-124.699295
79957.031250	-123.406586
79962.890625	-128.536835
79968.750000	-138.442230
79974.609375	-143.739426
79980.468750	-144.977188
79986.328125	-134.771606
79992.187500	-128.627457
79998.046875	-128.795563
80003.906250	-134.758926
80009.765625	-136.750763
80015.625000	-136.446411
80021.484375	-137.050232
80027.343750	-139.319931
80033.203125	-144.072250
80039.062500	-144.110580
80044.921875	-142.596191
80050.781250	-138.762619
80056.640625	-129.763458
80062.500000	-124.092651
80068.359375	-124.603661
80074.218750	-131.323212
80080.078125	-138.888870
80085.937500	-139.116058
80091.796875	-138.494919
80097.656250	-133.452881
80103.515625	-129.070786
80109.375000	-130.660751
80115.234375	-138.188446
80121.093750	-145.007858
80126.953125	-141.521118
80132.812500	-139.257004
80138.671875	-139.329529
80144.531250	-139.554077
80150.390625	-141.013199
80156.250000	-139.994537
80162.109375	-136.554199
80167.968750	-127.283386
80173.828125	-123.083900
80179.687500	-125.414192
80185.546875	-135.452866
80191.406250	-138.889008
80197.265625	-137.393372
80203.125000	-138.363342
80208.984375	-131.569229
80214.843750	-127.965569
80220.703125	-131.375946
80226.562500	-138.954315
80232.421875	-138.574158
80238.281250	-140.812469
80244.140625	-139.671555
80250.000000	-139.681549
80255.859375	-139.490479
80261.718750	-138.721817
80267.578125	-139.740372
80273.437500	-135.511475
80279.296875	-126.841454
80285.156250	-123.552864
80291.015625	-126.704285
80296.875000	-136.024063
80302.734375	-144.103073
80308.593750	-141.006500
80314.453125	-134.604156
80320.312500	-128.876144
80326.171875	-127.754044
80332.031250	-132.963745
80337.890625	-141.468414
80343.750000	-140.827866
80349.609375	-140.422043
80355.468750	-138.998444
80361.328125	-141.803726
80367.187500	-142.850815
80373.046875	-137.601608
80378.906250	-137.365692
80384.765625	-135.065170
80390.625000	-125.387726
80396.484375	-123.413429
80402.343750	-127.755516
80408.203125	-135.470520
80414.062500	-138.964386
80419.921875	-140.903351
80425.781250	-137.052628
80431.640625	-129.679306
80437.500000	-128.506866
80443.359375	-133.043228
80449.218750	-136.122467
80455.078125	-137.554306
80460.937500	-139.202682
80466.796875	-138.609238
80472.656250	-140.066147
80478.515625	-140.576447
80484.375000	-140.066956
80490.234375	-139.941818
80496.093750	-130.781082
80501.953125	-123.905281
80507.812500	-123.670273
80513.671875	-130.137085
80519.531250	-138.697281
80525.390625	-139.738571
80531.250000	-138.634308
80537.109375	-131.879379
80542.968750	-127.240364
80548.828125	-128.435349
80554.687500	-135.079239
80560.546875	-139.036423
80566.406250	-139.930771
80572.265625	-138.019943
80578.125000	-139.775345
80583.984375	-140.245270
80589.843750	-137.234924
80595.703125	-138.577972
80601.562500	-138.345520
80607.421875	-128.456848
80613.281250	-123.046333
80619.140625	-124.439552
80625.000000	-132.838531
80630.859375	-139.743210
80636.718750	-138.971024
80642.578125	-136.636520
80648.437500	-130.193817
80654.296875	-127.260994
80660.156250	-129.540497
80666.015625	-133.946533
80671.875000	-134.991211
80677.734375	-138.122360
80683.593750	-139.495178
80689.453125	-138.417892
80695.312500	-138.886505
80701.171875	-139.408905
80707.031250	-140.926163
80712.890625	-138.703110
80718.750000	-127.537697
80724.609375	-123.687965
80730.468750	-126.879837
80736.328125	-137.041611
80742.187500	-143.481216
80748.046875	-143.888840
80753.906250	-137.983276
80759.765625	-130.413361
80765.625000	-127.632378
80771.484375	-132.045898
80777.343750	-139.951431
80783.203125	-141.082855
80789.062500	-138.846725
80794.921875	-135.527878
80800.781250	-136.491837
80806.640625	-138.600128
80812.500000	-139.109940
80818.359375	-140.317169
80824.218750	-136.066071
80830.078125	-125.980141
80835.937500	-123.293121
80841.796875	-127.309280
80847.656250	-137.129974
80853.515625	-143.066788
80859.375000	-142.077408
80865.234375	-136.318039
80871.093750	-129.162857
80876.953125	-127.853386
80882.812500	-133.429779
80888.671875	-142.714447
80894.531250	-140.675232
80900.390625	-142.255936
80906.250000	-145.571304
80912.109375	-143.037613
80917.968750	-141.349258
80923.828125	-143.983749
80929.687500	-137.473160
80935.546875	-129.617584
80941.406250	-124.054230
80947.265625	-123.866501
80953.125000	-129.991013
80958.984375	-137.963394
80964.843750	-137.824707
80970.703125	-138.643890
80976.562500	-133.111969
80982.421875	-127.123497
80988.281250	-127.902084
80994.140625	-136.344818
81000.000000	-137.452240
81005.859375	-136.960251
81011.718750	-139.120102
81017.578125	-139.112778
81023.437500	-139.482559
81029.296875	-141.678558
81035.156250	-142.384491
81041.015625	-141.432938
81046.875000	-130.083298
81052.734375	-123.715820
81058.593750	-124.251747
81064.453125	-131.344894
81070.312500	-138.179840
81076.171875	-136.929855
81082.031250	-135.841080
81087.890625	-129.314209
81093.750000	-125.274734
81099.609375	-127.373665
81105.468750	-134.167603
81111.328125	-135.054855
81117.187500	-137.083710
81123.046875	-138.599747
81128.906250	-138.905182
81134.765625	-139.334717
81140.625000	-138.741226
81146.484375	-137.907104
81152.343750	-135.843491
81158.203125	-127.770248
81164.062500	-123.684929
81169.921875	-125.815872
81175.781250	-133.621674
81181.640625	-139.132614
81187.500000	-143.082016
81193.359375	-137.571732
81199.218750	-129.603958
81205.078125	-126.985809
81210.937500	-130.246460
81216.796875	-138.008713
81222.656250	-143.648621
81228.515625	-144.394531
81234.375000	-140.825607
81240.234375	-140.112747
81246.093750	-139.010483
81251.953125	-140.003677
81257.812500	-138.969467
81263.671875	-134.344208
81269.531250	-126.356583
81275.390625	-123.630898
81281.250000	-127.313629
81287.109375	-137.474503
81292.968750	-144.643784
81298.828125	-146.376694
81304.687500	-136.880463
81310.546875	-127.865768
81316.406250	-125.878433
81322.265625	-130.236755
81328.125000	-138.659882
81333.984375	-139.984116
81339.843750	-140.923706
81345.703125	-140.252335
81351.562500	-140.980515
81357.421875	-142.169495
81363.281250	-140.953674
81369.140625	-141.503021
81375.000000	-135.116623
81380.859375	-126.427872
81386.718750	-124.791870
81392.578125	-129.934631
81398.437500	-139.750656
81404.296875	-139.183334
81410.156250	-139.176178
81416.015625	-134.196915
81421.875000	-127.269241
81427.734375	-127.363144
81433.593750	-134.422226
81439.453125	-137.165497
81445.312500	-137.677643
81451.171875	-139.165451
81457.031250	-140.567383
81462.890625	-142.249283
81468.750000	-142.079865
81474.609375	-142.363037
81480.468750	-139.998230
81486.328125	-130.443954
81492.187500	-124.307892
81498.046875	-124.410645
81503.906250	-131.303528
81509.765625	-141.341125
81515.625000	-139.462997
81521.484375	-138.613968
81527.343750	-131.398895
81533.203125	-126.507820
81539.062500	-127.999741
81544.921875	-135.392044
81550.781250	-136.078308
81556.640625	-135.299561
81562.500000	-136.083557
81568.359375	-139.647125
81574.218750	-142.991608
81580.078125	-142.125259
81585.937500	-138.466171
81591.796875	-135.137207
81597.656250	-127.527954
81603.515625	-123.039734
81609.375000	-124.738953
81615.234375	-132.513702
81621.093750	-136.510162
81626.953125	-136.694626
81632.812500	-139.224426
81638.671875	-131.741684
81644.531250	-127.424446
81650.390625	-129.486008
81656.250000	-135.583847
81662.109375	-137.147461
81667.968750	-139.389465
81673.828125	-140.289383
81679.687500	-139.600128
81685.546875	-137.811569
81691.406250	-137.420425
81697.265625	-139.336639
81703.125000	-135.815674
81708.984375	-126.917747
81714.843750	-123.636162
81720.703125	-126.963226
81726.562500	-136.352188
81732.421875	-141.013382
81738.281250	-143.426147
81744.140625	-137.165436
81750.000000	-127.681435
81755.859375	-125.394051
81761.718750	-130.052765
81767.578125	-141.347824
81773.437500	-143.723938
81779.296875	-141.231888
81785.156250	-140.564774
81791.015625	-142.269852
81796.875000	-143.300323
81802.734375	-142.422684
81808.593750	-141.765976
81814.453125	-134.421768
81820.312500	-126.547401
81826.171875	-124.623154
81832.031250	-129.111694
81837.890625	-137.110168
81843.750000	-137.981506
81849.609375	-138.315918
81855.468750	-132.814087
81861.328125	-126.418571
81867.187500	-125.669243
81873.046875	-131.090118
81878.906250	-137.255020
81884.765625	-137.231674
81890.625000	-137.821472
81896.484375	-138.445251
81902.343750	-139.706055
81908.203125	-139.865723
81914.062500	-142.294556
81919.921875	-142.670944
81925.781250	-132.334869
81931.640625	-124.624748
81937.500000	-123.929001
81943.359375	-129.646896
81949.218750	-139.434082
81955.078125	-141.283539
81960.937500	-140.341125
81966.796875	-132.672195
81972.656250	-126.805870
81978.515625	-127.542419
81984.375000	-135.231079
81990.234375	-142.642029
81996.093750	-139.744431
82001.953125	-138.241333
82007.812500	-137.341858
82013.671875	-138.856216
82019.531250	-140.872635
82025.390625	-139.911987
82031.250000	-138.211197
82037.109375	-129.711578
82042.968750	-124.278168
82048.828125	-125.286346
82054.687500	-132.788544
82060.546875	-141.973190
82066.406250	-142.327286
82072.265625	-141.142960
82078.125000	-130.540161
82083.984375	-125.854759
82089.843750	-127.914368
82095.703125	-136.327713
82101.562500	-140.410843
82107.421875	-141.320541
82113.281250	-138.470779
82119.140625	-138.390244
82125.000000	-140.998795
82130.859375	-142.388885
82136.718750	-144.618225
82142.578125	-138.070190
82148.437500	-128.881393
82154.296875	-125.063980
82160.156250	-127.504364
82166.015625	-135.541428
82171.875000	-141.649094
82177.734375	-144.556305
82183.593750	-138.604691
82189.453125	-128.406830
82195.312500	-125.190788
82201.171875	-128.148041
82207.031250	-134.514130
82212.890625	-135.391998
82218.750000	-136.699814
82224.609375	-139.052933
82230.468750	-141.174881
82236.328125	-141.392334
82242.187500	-141.507568
82248.046875	-139.578201
82253.906250	-134.221512
82259.765625	-126.644974
82265.625000	-124.201103
82271.484375	-128.001999
82277.343750	-138.303558
82283.203125	-142.031754
82289.062500	-140.814682
82294.921875	-135.642731
82300.781250	-127.488136
82306.640625	-126.300659
82312.500000	-131.998703
82318.359375	-142.170166
82324.218750	-143.097961
82330.078125	-139.590088
82335.937500	-137.917542
82341.796875	-140.267410
82347.656250	-141.385345
82353.515625	-140.553329
82359.375000	-140.892975
82365.234375	-134.055725
82371.093750	-126.162117
82376.953125	-125.056427
82382.812500	-130.978439
82388.671875	-142.300797
82394.531250	-141.190689
82400.390625	-138.701309
82406.250000	-131.408295
82412.109375	-125.604668
82417.968750	-126.024712
82423.828125	-133.183853
82429.687500	-139.902557
82435.546875	-138.130997
82441.406250	-136.344666
82447.265625	-138.041656
82453.125000	-138.911911
82458.984375	-140.934708
82464.843750	-143.161545
82470.703125	-139.872940
82476.562500	-130.479050
82482.421875	-124.708061
82488.281250	-125.181274
82494.140625	-132.034744
82500.000000	-141.436096
82505.859375	-142.926514
82511.718750	-140.266479
82517.578125	-130.506989
82523.437500	-124.946884
82529.296875	-126.244125
82535.156250	-134.595291
82541.015625	-143.604004
82546.875000	-140.012573
82552.734375	-138.004791
82558.593750	-138.246658
82564.453125	-138.163284
82570.312500	-138.526367
82576.171875	-141.631058
82582.031250	-143.189682
82587.890625	-128.753876
82593.750000	-123.857162
82599.609375	-125.571556
82605.468750	-132.851105
82611.328125	-137.707077
82617.187500	-137.999161
82623.046875	-140.439102
82628.906250	-129.213287
82634.765625	-124.843338
82640.625000	-128.098434
82646.484375	-137.619522
82652.343750	-136.646729
82658.203125	-135.470963
82664.062500	-136.128754
82669.921875	-139.978836
82675.781250	-141.990646
82681.640625	-137.962875
82687.500000	-137.095291
82693.359375	-134.092926
82699.218750	-126.601067
82705.078125	-123.762077
82710.937500	-127.767273
82716.796875	-140.462997
82722.656250	-140.923645
82728.515625	-137.737213
82734.375000	-132.764786
82740.234375	-126.614525
82746.093750	-125.213028
82751.953125	-130.429550
82757.812500	-140.346085
82763.671875	-138.551926
82769.531250	-136.288971
82775.390625	-135.141800
82781.250000	-135.706360
82787.109375	-137.003265
82792.968750	-139.864212
82798.828125	-141.035461
82804.687500	-134.590240
82810.546875	-126.665726
82816.406250	-125.164154
82822.265625	-130.331116
82828.125000	-140.318039
82833.984375	-143.161819
82839.843750	-143.702286
82845.703125	-133.100967
82851.562500	-125.447563
82857.421875	-124.744919
82863.281250	-131.098511
82869.140625	-143.217667
82875.000000	-142.351944
82880.859375	-142.877060
82886.718750	-145.187805
82892.578125	-144.060455
82898.437500	-141.644196
82904.296875	-141.267761
82910.156250	-142.701035
82916.015625	-132.040100
82921.875000	-125.214523
82927.734375	-124.980537
82933.593750	-130.886292
82939.453125	-140.848602
82945.312500	-141.514496
82951.171875	-137.484848
82957.031250	-129.398376
82962.890625	-124.023674
82968.750000	-124.858734
82974.609375	-131.728683
82980.468750	-139.507401
82986.328125	-140.617996
82992.187500	-139.211258
82998.046875	-137.633286
83003.906250	-138.063889
83009.765625	-139.235672
83015.625000	-139.674469
83021.484375	-137.685074
83027.343750	-129.662537
83033.203125	-124.977173
83039.062500	-126.170036
83044.921875	-132.817505
83050.781250	-139.285858
83056.640625	-138.133942
83062.500000	-134.820419
83068.359375	-127.319618
83074.218750	-123.618607
83080.078125	-126.182220
83085.937500	-133.672455
83091.796875	-136.555832
83097.656250	-139.556595
83103.515625	-141.970734
83109.375000	-142.545715
83115.234375	-142.450470
83121.093750	-143.073929
83126.953125	-141.679932
83132.812500	-136.168137
83138.671875	-127.487785
83144.531250	-123.735573
83150.390625	-126.538460
83156.250000	-135.920502
83162.109375	-139.861832
83167.968750	-140.313202
83173.828125	-134.917389
83179.687500	-126.176674
83185.546875	-123.612534
83191.406250	-128.104233
83197.265625	-139.686462
83203.125000	-141.121460
83208.984375	-140.801041
83214.843750	-139.256744
83220.703125	-138.747406
83226.562500	-138.290894
83232.421875	-137.397446
83238.281250	-138.608582
83244.140625	-135.506409
83250.000000	-126.878479
83255.859375	-124.413269
83261.718750	-127.882401
83267.578125	-135.656555
83273.437500	-139.228378
83279.296875	-138.082001
83285.156250	-132.022354
83291.015625	-124.962265
83296.875000	-124.044464
83302.734375	-129.636078
83308.593750	-137.085861
83314.453125	-139.813431
83320.312500	-142.274780
83326.171875	-140.879715
83332.031250	-140.421417
83337.890625	-140.699554
83343.750000	-141.569473
83349.609375	-141.368652
83355.468750	-131.702301
83361.328125	-124.746010
83367.187500	-123.867149
83373.046875	-129.137436
83378.906250	-137.294662
83384.765625	-139.101501
83390.625000	-136.781601
83396.484375	-128.997421
83402.343750	-123.484962
83408.203125	-124.101761
83414.062500	-131.389114
83419.921875	-139.972107
83425.781250	-140.080795
83431.640625	-139.175400
83437.500000	-138.591263
83443.359375	-138.096878
83449.218750	-138.661743
83455.078125	-139.669571
83460.937500	-137.901108
83466.796875	-129.810379
83472.656250	-124.524376
83478.515625	-125.204048
83484.375000	-131.999191
83490.234375	-139.296326
83496.093750	-141.451294
83501.953125	-139.643066
83507.812500	-127.737610
83513.671875	-122.509254
83519.531250	-124.164375
83525.390625	-132.402527
83531.250000	-140.435822
83537.109375	-143.115356
83542.968750	-141.377151
83548.828125	-139.604904
83554.687500	-140.001007
83560.546875	-137.823227
83566.406250	-136.003555
83572.265625	-135.646759
83578.125000	-129.014709
83583.984375	-124.848763
83589.843750	-127.134567
83595.703125	-136.202850
83601.562500	-139.592102
83607.421875	-139.270950
83613.281250	-134.793396
83619.140625	-126.103310
83625.000000	-123.080666
83630.859375	-126.361938
83636.718750	-134.965988
83642.578125	-137.816910
83648.437500	-139.660141
83654.296875	-140.649063
83660.156250	-141.352676
83666.015625	-140.809525
83671.875000	-140.490570
83677.734375	-142.740692
83683.593750	-137.087463
83689.453125	-128.050858
83695.312500	-125.297569
83701.171875	-129.306625
83707.031250	-139.046249
83712.890625	-141.631607
83718.750000	-143.530762
83724.609375	-133.677261
83730.468750	-124.018188
83736.328125	-121.892044
83742.187500	-126.030075
83748.046875	-134.583771
83753.906250	-140.022751
83759.765625	-143.713577
83765.625000	-141.777435
83771.484375	-140.435272
83777.343750	-141.972275
83783.203125	-143.480652
83789.062500	-142.296844
83794.921875	-134.259323
83800.781250	-126.367775
83806.640625	-124.987503
83812.500000	-130.266098
83818.359375	-138.785553
83824.218750	-138.882889
83830.078125	-136.249161
83835.937500	-128.403976
83841.796875	-122.409554
83847.656250	-122.359711
83853.515625	-129.259933
83859.375000	-140.984253
83865.234375	-140.783005
83871.093750	-140.848938
83876.953125	-140.450455
83882.812500	-140.511093
83888.671875	-141.332565
83894.531250	-141.101547
83900.390625	-141.267395
83906.250000	-133.055679
83912.109375	-126.147911
83917.968750	-126.195168
83923.828125	-132.847244
83929.687500	-140.624939
83935.546875	-140.620560
83941.406250	-138.777130
83947.265625	-128.031174
83953.125000	-122.500786
83958.984375	-123.925140
83964.843750	-133.148911
83970.703125	-142.665176
83976.562500	-140.503952
83982.421875	-138.482513
83988.281250	-138.527252
83994.140625	-140.611877
84000.000000	-142.951736
84005.859375	-142.886261
84011.718750	-141.000427
84017.578125	-131.004028
84023.437500	-125.660675
84029.296875	-127.203461
84035.156250	-135.293762
84041.015625	-142.702942
84046.875000	-140.294495
84052.734375	-134.542618
84058.593750	-124.889595
84064.453125	-120.912315
84070.312500	-123.406364
84076.171875	-132.748169
84082.031250	-141.938736
84087.890625	-139.336487
84093.750000	-138.298752
84099.609375	-139.868164
84105.468750	-145.101089
84111.328125	-142.848206
84117.187500	-141.124557
84123.046875	-137.979065
84128.906250	-128.730255
84134.765625	-125.487625
84140.625000	-128.644318
84146.484375	-136.832703
84152.343750	-138.709946
84158.203125	-138.212585
84164.062500	-131.584030
84169.921875	-122.895180
84175.781250	-120.495529
84181.640625	-124.450493
84187.500000	-133.725647
84193.359375	-139.096527
84199.218750	-140.951401
84205.078125	-141.792648
84210.937500	-140.541718
84216.796875	-141.144928
84222.656250	-143.694687
84228.515625	-141.808319
84234.375000	-134.214127
84240.234375	-126.788261
84246.093750	-124.972008
84251.953125	-129.151672
84257.812500	-136.690643
84263.671875	-139.040604
84269.531250	-138.224213
84275.390625	-128.974228
84281.250000	-121.276917
84287.109375	-120.439240
84292.968750	-126.646828
84298.828125	-139.530136
84304.687500	-140.320694
84310.546875	-140.781189
84316.406250	-141.457047
84322.265625	-143.995270
84328.125000	-143.502991
84333.984375	-140.900101
84339.843750	-139.237274
84345.703125	-133.575714
84351.562500	-126.453796
84357.421875	-125.931419
84363.281250	-132.625122
84369.140625	-141.073196
84375.000000	-142.566269
84380.859375	-138.289154
84386.718750	-126.680313
84392.578125	-120.478210
84398.437500	-121.066704
84404.296875	-128.466949
84410.156250	-136.690140
84416.015625	-136.785507
84421.875000	-136.388855
84427.734375	-136.630951
84433.593750	-137.283142
84439.453125	-137.953094
84445.312500	-138.336594
84451.171875	-138.525894
84457.031250	-131.166916
84462.890625	-125.831261
84468.750000	-126.215645
84474.609375	-131.612823
84480.468750	-137.600204
84486.328125	-140.319641
84492.187500	-134.911530
84498.046875	-123.654327
84503.906250	-119.159920
84509.765625	-121.376938
84515.625000	-131.018234
84521.484375	-140.691986
84527.343750	-141.532593
84533.203125	-141.153854
84539.062500	-138.882385
84544.921875	-137.762619
84550.781250	-139.260010
84556.640625	-142.679733
84562.500000	-140.327423
84568.359375	-129.923538
84574.218750	-125.356079
84580.078125	-127.862625
84585.937500	-137.468994
84591.796875	-143.452362
84597.656250	-140.876144
84603.515625	-132.245529
84609.375000	-121.653915
84615.234375	-118.427818
84621.093750	-122.035271
84626.953125	-132.808365
84632.812500	-138.091385
84638.671875	-139.995285
84644.531250	-142.479111
84650.390625	-141.820648
84656.250000	-141.071869
84662.109375	-141.374649
84667.968750	-141.213516
84673.828125	-138.206467
84679.687500	-128.367401
84685.546875	-125.165962
84691.406250	-128.466782
84697.265625	-135.897247
84703.125000	-139.139938
84708.984375	-136.438766
84714.843750	-125.749184
84720.703125	-118.315208
84726.562500	-117.018044
84732.421875	-122.192062
84738.281250	-134.699173
84744.140625	-141.098831
84750.000000	-139.194000
84755.859375	-139.952896
84761.718750	-142.102280
84767.578125	-139.686478
84773.437500	-139.142258
84779.296875	-140.091248
84785.156250	-133.099396
84791.015625	-126.406624
84796.875000	-125.697075
84802.734375	-131.702393
84808.593750	-140.832764
84814.453125	-138.713684
84820.312500	-138.239563
84826.171875	-124.264046
84832.031250	-116.957237
84837.890625	-116.800774
84843.750000	-123.710220
84849.609375	-137.670471
84855.468750	-137.771362
84861.328125	-138.429138
84867.187500	-139.875870
84873.046875	-138.733231
84878.906250	-138.942123
84884.765625	-140.344757
84890.625000	-140.291443
84896.484375	-134.497086
84902.343750	-127.441650
84908.203125	-127.505630
84914.062500	-134.427231
84919.921875	-142.461624
84925.781250	-141.403778
84931.640625	-132.124680
84937.500000	-118.924301
84943.359375	-113.608902
84949.218750	-115.189438
84955.078125	-124.634224
84960.937500	-142.036392
84966.796875	-139.946945
84972.656250	-141.975220
84978.515625	-140.405457
84984.375000	-140.501999
84990.234375	-139.805298
84996.093750	-136.503601
85001.953125	-135.318420
85007.812500	-130.126160
85013.671875	-125.868698
85019.531250	-127.706955
85025.390625	-135.123154
85031.250000	-141.975311
85037.109375	-142.507019
85042.968750	-127.563385
85048.828125	-116.941666
85054.687500	-113.294785
85060.546875	-116.085388
85066.406250	-125.496246
85072.265625	-139.865158
85078.125000	-139.747192
85083.984375	-137.280334
85089.843750	-136.577209
85095.703125	-137.424835
85101.562500	-139.761353
85107.421875	-142.336151
85113.281250	-135.361526
85119.140625	-127.944160
85125.000000	-125.607521
85130.859375	-129.404953
85136.718750	-139.699860
85142.578125	-142.148987
85148.437500	-137.889786
85154.296875	-126.272995
85160.156250	-117.595078
85166.015625	-115.554527
85171.875000	-120.127113
85177.734375	-132.104553
85183.593750	-141.613647
85189.453125	-141.237991
85195.312500	-141.072601
85201.171875	-138.341385
85207.031250	-136.787842
85212.890625	-138.322754
85218.750000	-142.913818
85224.609375	-135.346283
85230.468750	-126.812637
85236.328125	-124.885307
85242.187500	-129.285278
85248.046875	-138.089478
85253.906250	-141.171997
85259.765625	-137.442322
85265.625000	-124.713623
85271.484375	-117.559448
85277.343750	-116.949921
85283.203125	-122.885147
85289.062500	-135.127365
85294.921875	-138.997955
85300.781250	-139.644928
85306.640625	-142.408813
85312.500000	-142.755478
85318.359375	-139.795822
85324.218750	-139.185303
85330.078125	-139.383743
85335.937500	-133.960907
85341.796875	-127.881683
85347.656250	-127.597389
85353.515625	-133.545059
85359.375000	-140.432526
85365.234375	-141.404785
85371.093750	-135.241394
85376.953125	-123.877434
85382.812500	-118.193832
85388.671875	-119.213120
85394.531250	-127.694450
85400.390625	-141.699753
85406.250000	-140.608795
85412.109375	-140.834320
85417.968750	-141.154404
85423.828125	-142.610535
85429.687500	-143.196365
85435.546875	-140.377686
85441.406250	-137.604614
85447.265625	-131.131180
85453.125000	-126.617783
85458.984375	-127.905701
85464.843750	-135.350555
85470.703125	-141.232010
85476.562500	-142.430771
85482.421875	-132.789642
85488.281250	-122.085396
85494.140625	-117.922867
85500.000000	-120.238869
85505.859375	-129.225052
85511.718750	-139.002151
85517.578125	-140.851715
85523.437500	-141.182068
85529.296875	-141.745682
85535.156250	-144.127213
85541.015625	-143.781830
85546.875000	-141.039505
85552.734375	-137.724777
85558.593750	-129.581299
85564.453125	-126.087212
85570.312500	-128.687531
85576.171875	-136.665390
85582.031250	-141.245499
85587.890625	-141.745117
85593.750000	-131.138367
85599.609375	-121.234955
85605.468750	-118.537224
85611.328125	-122.815628
85617.187500	-135.551346
85623.046875	-139.290115
85628.906250	-137.242310
85634.765625	-135.992889
85640.625000	-136.795441
85646.484375	-138.218643
85652.343750	-140.119766
85658.203125	-142.366196
85664.062500	-138.844101
85669.921875	-128.745468
85675.781250	-125.920280
85681.640625	-130.190628
85687.500000	-141.793304
85693.359375	-141.763412
85699.218750	-138.553909
85705.078125	-128.097321
85710.937500	-120.512108
85716.796875	-119.334953
85722.656250	-124.760979
85728.515625	-134.939224
85734.375000	-138.290268
85740.234375	-137.832123
85746.093750	-139.155869
85751.953125	-140.314789
85757.812500	-141.049057
85763.671875	-142.609192
85769.531250	-139.411972
85775.390625	-133.147995
85781.250000	-126.835274
85787.109375	-126.385620
85792.968750	-133.428238
85798.828125	-141.141739
85804.687500	-141.376144
85810.546875	-140.980438
85816.406250	-126.927170
85822.265625	-120.315598
85828.125000	-120.633636
85833.984375	-128.223419
85839.843750	-140.173584
85845.703125	-141.504791
85851.562500	-139.040451
85857.421875	-140.568542
85863.281250	-144.909058
85869.140625	-140.903381
85875.000000	-139.633957
85880.859375	-141.050476
85886.718750	-134.307129
85892.578125	-126.937683
85898.437500	-126.611412
85904.296875	-131.772522
85910.156250	-137.701172
85916.015625	-139.076431
85921.875000	-133.727432
85927.734375	-123.984673
85933.593750	-119.627495
85939.453125	-121.278862
85945.312500	-129.141159
85951.171875	-139.380508
85957.031250	-140.617859
85962.890625	-138.671173
85968.750000	-137.973297
85974.609375	-139.455795
85980.468750	-141.115158
85986.328125	-141.190933
85992.187500	-139.556976
85998.046875	-131.560654
86003.906250	-126.815224
86009.765625	-128.670822
86015.625000	-136.142014
86021.484375	-140.337875
86027.343750	-139.925491
86033.203125	-132.201569
86039.062500	-122.439735
86044.921875	-119.175064
86050.781250	-122.561783
86056.640625	-132.968857
86062.500000	-140.813171
86068.359375	-149.223999
86074.218750	-140.510590
86080.078125	-138.229675
86085.937500	-138.824677
86091.796875	-141.990341
86097.656250	-141.893127
86103.515625	-136.615677
86109.375000	-129.104980
86115.234375	-126.277145
86121.093750	-130.718201
86126.953125	-144.164612
86132.812500	-140.953156
86138.671875	-138.529877
86144.531250	-131.133698
86150.390625	-122.284134
86156.250000	-120.292923
86162.109375	-124.906120
86167.968750	-134.899445
86173.828125	-141.521759
86179.687500	-143.310013
86185.546875	-141.048355
86191.406250	-141.467010
86197.265625	-142.863007
86203.125000	-144.156631
86208.984375	-139.772476
86214.843750	-133.455261
86220.703125	-127.736145
86226.562500	-126.581383
86232.421875	-130.624573
86238.281250	-135.861298
86244.140625	-137.628021
86250.000000	-138.624329
86255.859375	-128.778442
86261.718750	-121.737030
86267.578125	-121.374260
86273.437500	-127.781891
86279.296875	-140.211548
86285.156250	-141.819016
86291.015625	-143.276459
86296.875000	-142.291138
86302.734375	-140.155045
86308.593750	-140.451645
86314.453125	-144.354813
86320.312500	-143.976852
86326.171875	-132.360123
86332.031250	-126.192146
86337.890625	-126.334808
86343.750000	-132.812790
86349.609375	-140.903381
86355.468750	-142.762985
86361.328125	-138.619217
86367.187500	-126.419563
86373.046875	-120.692978
86378.906250	-121.769051
86384.765625	-129.760178
86390.625000	-140.584457
86396.484375	-139.789169
86402.343750	-139.707687
86408.203125	-138.757233
86414.062500	-138.536499
86419.921875	-139.056854
86425.781250	-140.646500
86431.640625	-139.885742
86437.500000	-131.524002
86443.359375	-127.071449
86449.218750	-129.027237
86455.078125	-137.454330
86460.937500	-139.820084
86466.796875	-139.987869
86472.656250	-134.642502
86478.515625	-124.640984
86484.375000	-120.842400
86490.234375	-123.553802
86496.093750	-133.167572
86501.953125	-139.520752
86507.812500	-140.007050
86513.671875	-141.186951
86519.531250	-142.611938
86525.390625	-142.756927
86531.250000	-139.712372
86537.109375	-138.547119
86542.968750	-136.629333
86548.828125	-129.790649
86554.687500	-126.806633
86560.546875	-129.554886
86566.406250	-135.587296
86572.265625	-138.151733
86578.125000	-138.605972
86583.984375	-131.124176
86589.843750	-123.445541
86595.703125	-121.302963
86601.562500	-125.530464
86607.421875	-136.635330
86613.281250	-143.031036
86619.140625	-140.196411
86625.000000	-139.849350
86630.859375	-142.815796
86636.718750	-143.198746
86642.578125	-142.713242
86648.437500	-144.410965
86654.296875	-137.481857
86660.156250	-129.487976
86666.015625	-127.300217
86671.875000	-131.427414
86677.734375	-140.217209
86683.593750	-144.055267
86689.453125	-143.863251
86695.312500	-130.902756
86701.171875	-122.843155
86707.031250	-121.951775
86712.890625	-128.466537
86718.750000	-140.551453
86724.609375	-140.445282
86730.468750	-139.197205
86736.328125	-137.646194
86742.187500	-137.604919
86748.046875	-139.587357
86753.906250	-141.469513
86759.765625	-137.849411
86765.625000	-132.780777
86771.484375	-127.474945
86777.343750	-127.372070
86783.203125	-134.025803
86789.062500	-142.020813
86794.921875	-142.292130
86800.781250	-143.643738
86806.640625	-127.996490
86812.500000	-121.355286
86818.359375	-121.870323
86824.218750	-129.723999
86830.078125	-138.600540
86835.937500	-139.752396
86841.796875	-140.547363
86847.656250	-140.903137
86853.515625	-143.270676
86859.375000	-145.712509
86865.234375	-138.338760
86871.093750	-136.139999
86876.953125	-132.799011
86882.812500	-127.877533
86888.671875	-129.080093
86894.531250	-137.107132
86900.390625	-142.486511
86906.250000	-140.677475
86912.109375	-135.503220
86917.968750	-126.514343
86923.828125	-122.230858
86929.687500	-124.356773
86935.546875	-133.439194
86941.406250	-138.582001
86947.265625	-137.000702
86953.125000	-137.773514
86958.984375	-141.945969
86964.843750	-144.345566
86970.703125	-142.118301
86976.562500	-140.082214
86982.421875	-136.268311
86988.281250	-129.955078
86994.140625	-126.817398
87000.000000	-129.830353
87005.859375	-140.535400
87011.718750	-143.469238
87017.578125	-140.475021
87023.437500	-134.329010
87029.296875	-124.859581
87035.156250	-121.662270
87041.015625	-124.884819
87046.875000	-133.266602
87052.734375	-137.730927
87058.593750	-141.371262
87064.453125	-144.899109
87070.312500	-143.332199
87076.171875	-140.417877
87082.031250	-140.470840
87087.890625	-141.764389
87093.750000	-138.619614
87099.609375	-130.144241
87105.468750	-127.209694
87111.328125	-131.106567
87117.187500	-138.101257
87123.046875	-140.805405
87128.906250	-145.610397
87134.765625	-132.905014
87140.625000	-124.001259
87146.484375	-122.401337
87152.343750	-127.931221
87158.203125	-142.025040
87164.062500	-141.327454
87169.921875	-139.125061
87175.781250	-138.250320
87181.640625	-140.045563
87187.500000	-142.487640
87193.359375	-141.531097
87199.218750	-139.417923
87205.078125	-134.130005
87210.937500	-127.879883
87216.796875	-126.953789
87222.656250	-131.705963
87228.515625	-137.842987
87234.375000	-139.295090
87240.234375	-136.266846
87246.093750	-127.894135
87251.953125	-122.345543
87257.812500	-122.602654
87263.671875	-129.673737
87269.531250	-141.500656
87275.390625	-142.267319
87281.250000	-139.877228
87287.109375	-138.471054
87292.968750	-137.727646
87298.828125	-136.870712
87304.687500	-138.134460
87310.546875	-140.959671
87316.406250	-134.877716
87322.265625	-128.436798
87328.125000	-128.612335
87333.984375	-135.055984
87339.843750	-138.071671
87345.703125	-137.353378
87351.562500	-134.951477
87357.421875	-127.534134
87363.281250	-123.017250
87369.140625	-124.691925
87375.000000	-133.680298
87380.859375	-147.449600
87386.718750	-140.978928
87392.578125	-137.898621
87398.437500	-139.331573
87404.296875	-141.259811
87410.156250	-140.974930
87416.015625	-140.945511
87421.875000	-137.036179
87427.734375	-131.895111
87433.593750	-128.018509
87439.453125	-129.394760
87445.312500	-135.341797
87451.171875	-137.283752
87457.031250	-136.959259
87462.890625	-135.459106
87468.750000	-125.910034
87474.609375	-122.164955
87480.468750	-125.128372
87486.328125	-134.213791
87492.187500	-139.473877
87498.046875	-141.913818
87503.906250	-143.044647
87509.765625	-141.854324
87515.625000	-139.984512
87521.484375	-138.029953
87527.343750	-137.349472
87533.203125	-135.655304
87539.062500	-129.615723
87544.921875	-127.154678
87550.781250	-131.193024
87556.640625	-140.863281
87562.500000	-142.484192
87568.359375	-141.214081
87574.218750	-133.763687
87580.078125	-124.765984
87585.937500	-122.199226
87591.796875	-125.794373
87597.656250	-134.645065
87603.515625	-141.174500
87609.375000	-142.349396
87615.234375	-143.039886
87621.093750	-145.228470
87626.953125	-145.531967
87632.812500	-140.938766
87638.671875	-140.708298
87644.531250	-136.423218
87650.390625	-128.756943
87656.250000	-127.219276
87662.109375	-132.287094
87667.968750	-140.966919
87673.828125	-140.556305
87679.687500	-137.859009
87685.546875	-129.484375
87691.406250	-123.200829
87697.265625	-122.806602
87703.125000	-128.943344
87708.984375	-139.831665
87714.843750	-141.478516
87720.703125	-139.789505
87726.562500	-139.593018
87732.421875	-140.611664
87738.281250	-140.524612
87744.140625	-140.913101
87750.000000	-140.612747
87755.859375	-135.242874
87761.718750	-129.309906
87767.578125	-128.978973
87773.437500	-134.403320
87779.296875	-137.121841
87785.156250	-137.561264
87791.015625	-137.764847
87796.875000	-129.654755
87802.734375	-123.205360
87808.593750	-123.558197
87814.453125	-129.972626
87820.312500	-136.455215
87826.171875	-138.358185
87832.031250	-138.383789
87837.890625	-139.076599
87843.750000	-140.659332
87849.609375	-138.730362
87855.468750	-139.283630
87861.328125	-141.931183
87867.187500	-133.710739
87873.046875	-128.997345
87878.906250	-130.581604
87884.765625	-138.363922
87890.625000	-141.367538
87896.484375	-141.620590
87902.343750	-137.683105
87908.203125	-127.140915
87914.062500	-122.752075
87919.921875	-125.082794
87925.781250	-134.322754
87931.640625	-141.841553
87937.500000	-142.150223
87943.359375	-143.902618
87949.218750	-139.908051
87955.078125	-138.099899
87960.937500	-140.842438
87966.796875	-139.930008
87972.656250	-137.604980
87978.515625	-131.644516
87984.375000	-128.425369
87990.234375	-130.916794
87996.093750	-138.393295
88001.953125	-141.825409
88007.812500	-139.311584
88013.671875	-133.296463
88019.531250	-125.618431
88025.390625	-123.100204
88031.250000	-126.661484
88037.109375	-136.267975
88042.968750	-140.555450
88048.828125	-137.485794
88054.687500	-137.109955
88060.546875	-138.621811
88066.406250	-140.285934
88072.265625	-140.313400
88078.125000	-141.315216
88083.984375	-137.886032
88089.843750	-130.925201
88095.703125	-129.185806
88101.562500	-133.869156
88107.421875	-141.122849
88113.281250	-140.172455
88119.140625	-139.221054
88125.000000	-132.820831
88130.859375	-125.665146
88136.718750	-124.469193
88142.578125	-129.893616
88148.437500	-138.862183
88154.296875	-139.154404
88160.156250	-138.936691
88166.015625	-138.822571
88171.875000	-139.748444
88177.734375	-141.927490
88183.593750	-140.767883
88189.453125	-140.662415
88195.312500	-137.052521
88201.171875	-129.713333
88207.031250	-129.182785
88212.890625	-135.995132
88218.750000	-138.457184
88224.609375	-139.508575
88230.468750	-141.262009
88236.328125	-131.186371
88242.187500	-124.357819
88248.046875	-124.585770
88253.906250	-131.745239
88259.765625	-142.139313
88265.625000	-142.111816
88271.484375	-141.189056
88277.343750	-143.914398
88283.203125	-145.681396
88289.062500	-143.591614
88294.921875	-140.846024
88300.781250	-139.592300
88306.640625	-135.327789
88312.500000	-129.621811
88318.359375	-129.832520
88324.218750	-135.145264
88330.078125	-137.574387
88335.937500	-136.303558
88341.796875	-134.420151
88347.656250	-128.349335
88353.515625	-124.285576
88359.375000	-125.889183
88365.234375	-132.806473
88371.093750	-137.848160
88376.953125	-140.159775
88382.812500	-141.670151
88388.671875	-141.947952
88394.531250	-141.035263
88400.390625	-140.040527
88406.250000	-140.471558
88412.109375	-139.254211
88417.968750	-131.401810
88423.828125	-127.215767
88429.687500	-129.337708
88435.546875	-137.337219
88441.406250	-139.740494
88447.265625	-139.112534
88453.125000	-134.866730
88458.984375	-126.565033
88464.843750	-123.323479
88470.703125	-126.523155
88476.562500	-134.778580
88482.421875	-136.961227
88488.281250	-136.983002
88494.140625	-137.217407
88500.000000	-139.972565
88505.859375	-142.718521
88511.718750	-140.318359
88517.578125	-138.896912
88523.437500	-138.074219
88529.296875	-131.547272
88535.156250	-128.633011
88541.015625	-131.429108
88546.875000	-139.739395
88552.734375	-144.926407
88558.593750	-140.368835
88564.453125	-134.756180
88570.312500	-126.339546
88576.171875	-124.137932
88582.031250	-128.280136
88587.890625	-136.804352
88593.750000	-141.108963
88599.609375	-140.755539
88605.468750	-139.694321
88611.328125	-139.094330
88617.187500	-137.309143
88623.046875	-135.962830
88628.906250	-137.101669
88634.765625	-137.277878
88640.625000	-129.783417
88646.484375	-127.753723
88652.343750	-132.134949
88658.203125	-138.133438
88664.062500	-138.262604
88669.921875	-139.125687
88675.781250	-132.064041
88681.640625	-125.661697
88687.500000	-125.424194
88693.359375	-131.260864
88699.218750	-138.071243
88705.078125	-140.954178
88710.937500	-141.197784
88716.796875	-139.307739
88722.656250	-137.625809
88728.515625	-137.027405
88734.375000	-138.047485
88740.234375	-140.049057
88746.093750	-136.614853
88751.953125	-129.041229
88757.812500	-128.396622
88763.671875	-133.842560
88769.531250	-138.351669
88775.390625	-139.468948
88781.250000	-138.569626
88787.109375	-128.782822
88792.968750	-123.570038
88798.828125	-124.806129
88804.687500	-132.065918
88810.546875	-137.123535
88816.406250	-142.357391
88822.265625	-141.683411
88828.125000	-139.081116
88833.984375	-139.145370
88839.843750	-140.134705
88845.703125	-142.306763
88851.562500	-142.742249
88857.421875	-133.587936
88863.281250	-128.641602
88869.140625	-129.810379
88875.000000	-136.671616
88880.859375	-143.448441
88886.718750	-141.503113
88892.578125	-140.006577
88898.437500	-127.917435
88904.296875	-123.373169
88910.156250	-125.827774
88916.015625	-134.489044
88921.875000	-139.589157
88927.734375	-140.385712
88933.593750	-141.790710
88939.453125	-139.351044
88945.312500	-137.654648
88951.171875	-139.562531
88957.031250	-141.699585
88962.890625	-139.600052
88968.750000	-133.363770
88974.609375	-129.908432
88980.468750	-132.315079
88986.328125	-137.555923
88992.187500	-137.830063
88998.046875	-139.811935
89003.906250	-136.433304
89009.765625	-127.311295
89015.625000	-124.393166
89021.484375	-127.735367
89027.343750	-136.453781
89033.203125	-141.140991
89039.062500	-140.601257
89044.921875	-140.638596
89050.781250	-140.233963
89056.640625	-141.866959
89062.500000	-140.946915
89068.359375	-141.620468
89074.218750	-138.590424
89080.078125	-131.063950
89085.937500	-129.165375
89091.796875	-133.624100
89097.656250	-139.275909
89103.515625	-139.372253
89109.375000	-140.484436
89115.234375	-131.960632
89121.093750	-125.184875
89126.953125	-124.411636
89132.812500	-130.036407
89138.671875	-137.320679
89144.531250	-139.923889
89150.390625	-140.491638
89156.250000	-140.127686
89162.109375	-141.498062
89167.968750	-140.542175
89173.828125	-139.413559
89179.687500	-140.804581
89185.546875	-139.232254
89191.406250	-131.322891
89197.265625	-130.426315
89203.125000	-136.055023
89208.984375	-141.125580
89214.843750	-142.062531
89220.703125	-140.108612
89226.562500	-130.821655
89232.421875	-124.956848
89238.281250	-125.358765
89244.140625	-131.514389
89250.000000	-137.635635
89255.859375	-141.269058
89261.718750	-141.683365
89267.578125	-139.407211
89273.437500	-139.452255
89279.296875	-141.390640
89285.156250	-143.162079
89291.015625	-142.062759
89296.875000	-134.525177
89302.734375	-128.919800
89308.593750	-129.180725
89314.453125	-134.118805
89320.312500	-138.905106
89326.171875	-140.471252
89332.031250	-137.982376
89337.890625	-128.319244
89343.750000	-123.208260
89349.609375	-125.373741
89355.468750	-135.095383
89361.328125	-139.736710
89367.187500	-142.312012
89373.046875	-141.444412
89378.906250	-138.897766
89384.765625	-138.757721
89390.625000	-139.515152
89396.484375	-140.588257
89402.343750	-138.315109
89408.203125	-130.882401
89414.062500	-127.292885
89419.921875	-129.274841
89425.781250	-136.850296
89431.640625	-147.230652
89437.500000	-141.980637
89443.359375	-135.625870
89449.218750	-127.220222
89455.078125	-124.092331
89460.937500	-127.518463
89466.796875	-137.748489
89472.656250	-140.592865
89478.515625	-139.328232
89484.375000	-137.220154
89490.234375	-136.815323
89496.093750	-138.624451
89501.953125	-143.426270
89507.812500	-141.811523
89513.671875	-136.736877
89519.531250	-130.506958
89525.390625	-127.883842
89531.250000	-130.439331
89537.109375	-136.948608
89542.968750	-141.549179
89548.828125	-140.985291
89554.687500	-134.560257
89560.546875	-126.229172
89566.406250	-124.486542
89572.265625	-129.795441
89578.125000	-139.436096
89583.984375	-138.962708
89589.843750	-138.160614
89595.703125	-138.963806
89601.562500	-138.320297
89607.421875	-138.500580
89613.281250	-140.594635
89619.140625	-139.376556
89625.000000	-140.332230
89630.859375	-132.499771
89636.718750	-130.350616
89642.578125	-135.950256
89648.437500	-138.511429
89654.296875	-137.553162
89660.156250	-139.355515
89666.015625	-131.562500
89671.875000	-124.728485
89677.734375	-124.611397
89683.593750	-131.222321
89689.453125	-136.928970
89695.312500	-136.668442
89701.171875	-136.627716
89707.031250	-138.136749
89712.890625	-140.914520
89718.750000	-142.748383
89724.609375	-144.170395
89730.468750	-140.564102
89736.328125	-133.115234
89742.187500	-128.633270
89748.046875	-129.377151
89753.906250	-135.516434
89759.765625	-138.836365
89765.625000	-139.656616
89771.484375	-138.164932
89777.343750	-129.501373
89783.203125	-124.815445
89789.062500	-126.581917
89794.921875	-136.092499
89800.781250	-141.861069
89806.640625	-142.620758
89812.500000	-139.485626
89818.359375	-137.233551
89824.218750	-138.346878
89830.078125	-140.802551
89835.937500	-141.466324
89841.796875	-140.322250
89847.656250	-134.246399
89853.515625	-129.446579
89859.375000	-130.295563
89865.234375	-135.396927
89871.093750	-140.177887
89876.953125	-140.874146
89882.812500	-138.389267
89888.671875	-127.907204
89894.531250	-123.824135
89900.390625	-126.685638
89906.250000	-136.263779
89912.109375	-141.914337
89917.968750	-143.895309
89923.828125	-141.621918
89929.687500	-139.539093
89935.546875	-138.704010
89941.406250	-138.675949
89947.265625	-137.992203
89953.125000	-136.191833
89958.984375	-130.380203
89964.843750	-127.535797
89970.703125	-129.913589
89976.562500	-135.404404
89982.421875	-139.169449
89988.281250	-139.751831
89994.140625	-135.136902
90000.000000	-127.061714
90005.859375	-124.801865
90011.718750	-129.198898
90017.578125	-139.098358
90023.437500	-141.035385
90029.296875	-139.615387
90035.156250	-140.919250
90041.015625	-142.483292
90046.875000	-141.239929
90052.734375	-142.984467
90058.593750	-144.192795
90064.453125	-137.068451
90070.312500	-130.313980
90076.171875	-128.931976
90082.031250	-133.969101
90087.890625	-139.554764
90093.750000	-136.027985
90099.609375	-135.227661
90105.468750	-131.308289
90111.328125	-125.730568
90117.187500	-125.305550
90123.046875	-131.572708
90128.906250	-139.714920
90134.765625	-139.206192
90140.625000	-139.015060
90146.484375	-138.705505
90152.343750	-139.090317
90158.203125	-138.596283
90164.062500	-137.738754
90169.921875	-137.388077
90175.781250	-133.839035
90181.640625	-128.997223
90187.500000	-128.631638
90193.359375	-133.453430
90199.218750	-139.388962
90205.078125	-138.125839
90210.937500	-136.924896
90216.796875	-130.820480
90222.656250	-125.008141
90228.515625	-125.621841
90234.375000	-132.414810
90240.234375	-139.127869
90246.093750	-141.200623
90251.953125	-140.608948
90257.812500	-139.222260
90263.671875	-137.081223
90269.531250	-137.115189
90275.390625	-138.921082
90281.250000	-137.719284
90287.109375	-132.263733
90292.968750	-128.310516
90298.828125	-129.244492
90304.687500	-135.095657
90310.546875	-140.899384
90316.406250	-139.350128
90322.265625	-135.501022
90328.125000	-127.548393
90333.984375	-123.568954
90339.843750	-125.766960
90345.703125	-134.659988
90351.562500	-141.786942
90357.421875	-140.223389
90363.281250	-138.087250
90369.140625	-139.093628
90375.000000	-140.094467
90380.859375	-139.384628
90386.718750	-142.261108
90392.578125	-141.327393
90398.437500	-133.805649
90404.296875	-129.408173
90410.156250	-131.685944
90416.015625	-139.448425
90421.875000	-144.416122
90427.734375	-142.102264
90433.593750	-134.636383
90439.453125	-127.948807
90445.312500	-125.964119
90451.171875	-129.789474
90457.031250	-135.315048
90462.890625	-134.935959
90468.750000	-136.672821
90474.609375	-140.426407
90480.468750	-142.580048
90486.328125	-141.025208
90492.187500	-140.497391
90498.046875	-140.940659
90503.906250	-141.115540
90509.765625	-132.582428
90515.625000	-129.323471
90521.484375	-132.800888
90527.343750	-138.786163
90533.203125	-140.934784
90539.062500	-140.402374
90544.921875	-134.017288
90550.781250	-126.842674
90556.640625	-125.751892
90562.500000	-131.612030
90568.359375	-140.642838
90574.218750	-141.611038
90580.078125	-139.137390
90585.937500	-136.503708
90591.796875	-136.666046
90597.656250	-139.351089
90603.515625	-140.114670
90609.375000	-140.147202
90615.234375	-136.821060
90621.093750	-130.692642
90626.953125	-130.077286
90632.812500	-135.119904
90638.671875	-138.726669
90644.531250	-142.653397
90650.390625	-142.488190
90656.250000	-132.235031
90662.109375	-125.036316
90667.968750	-124.681534
90673.828125	-130.817413
90679.687500	-140.753815
90685.546875	-141.140106
90691.406250	-140.478119
90697.265625	-140.644958
90703.125000	-140.884399
90708.984375	-140.148300
90714.843750	-140.572861
90720.703125	-142.450287
90726.562500	-136.556534
90732.421875	-130.694321
90738.281250	-131.065689
90744.140625	-136.913361
90750.000000	-139.586563
90755.859375	-138.519699
90761.718750	-136.983627
90767.578125	-129.698685
90773.437500	-124.612366
90779.296875	-126.292336
90785.156250	-134.708694
90791.015625	-137.766022
90796.875000	-137.928162
90802.734375	-139.794388
90808.593750	-141.695374
90814.453125	-142.021179
90820.312500	-139.855301
90826.171875	-138.923798
90832.031250	-139.076019
90837.890625	-134.244827
90843.750000	-130.249207
90849.609375	-132.316010
90855.468750	-139.167679
90861.328125	-142.546860
90867.187500	-144.750900
90873.046875	-138.563965
90878.906250	-128.303040
90884.765625	-124.556213
90890.625000	-127.387985
90896.484375	-136.108566
90902.343750	-139.263260
90908.203125	-137.574127
90914.062500	-136.962494
90919.921875	-138.385239
90925.781250	-142.545212
90931.640625	-146.060715
90937.500000	-144.979553
90943.359375	-141.008499
90949.218750	-132.838654
90955.078125	-130.228607
90960.937500	-133.861633
90966.796875	-140.603912
90972.656250	-140.564758
90978.515625	-141.011734
90984.375000	-136.072662
90990.234375	-127.292717
90996.093750	-125.217209
91001.953125	-130.116730
91007.812500	-136.423050
91013.671875	-136.878403
91019.531250	-138.185989
91025.390625	-140.047791
91031.250000	-141.918655
91037.109375	-143.992386
91042.968750	-146.192200
91048.828125	-144.725235
91054.687500	-139.696716
91060.546875	-131.321136
91066.406250	-129.511826
91072.265625	-134.542145
91078.125000	-143.478897
91083.984375	-141.785416
91089.843750	-140.186310
91095.703125	-132.305206
91101.562500	-125.726547
91107.421875	-125.133430
91113.281250	-130.636429
91119.140625	-138.065079
91125.000000	-139.085007
91130.859375	-140.746338
91136.718750	-143.000519
91142.578125	-142.599518
91148.437500	-139.054916
91154.296875	-138.034424
91160.156250	-138.529694
91166.015625	-135.547638
91171.875000	-130.914871
91177.734375	-131.068283
91183.593750	-136.975388
91189.453125	-140.944931
91195.312500	-142.723999
91201.171875	-141.588013
91207.031250	-131.158279
91212.890625	-126.075989
91218.750000	-127.309998
91224.609375	-134.552612
91230.468750	-138.849854
91236.328125	-139.874741
91242.187500	-138.510254
91248.046875	-137.957611
91253.906250	-139.056519
91259.765625	-139.737671
91265.625000	-142.135406
91271.484375	-145.189514
91277.343750	-137.502609
91283.203125	-130.408981
91289.062500	-130.478928
91294.921875	-134.522385
91300.781250	-136.109085
91306.640625	-137.478394
91312.500000	-136.597748
91318.359375	-128.551498
91324.218750	-124.522881
91330.078125	-127.187843
91335.937500	-135.268661
91341.796875	-135.838593
91347.656250	-136.266342
91353.515625	-137.860138
91359.375000	-140.774811
91365.234375	-143.294281
91371.093750	-140.790497
91376.953125	-138.696472
91382.812500	-137.644180
91388.671875	-132.968887
91394.531250	-130.056030
91400.390625	-132.297104
91406.250000	-137.912491
91412.109375	-138.481201
91417.968750	-138.088776
91423.828125	-137.918381
91429.687500	-129.043762
91435.546875	-126.097595
91441.406250	-130.154922
91447.265625	-137.222916
91453.125000	-138.051315
91458.984375	-138.721237
91464.843750	-139.211792
91470.703125	-140.091568
91476.562500	-138.588196
91482.421875	-138.928650
91488.281250	-143.135269
91494.140625	-141.612122
91500.000000	-131.939606
91505.859375	-129.586182
91511.718750	-133.460205
91517.578125	-138.889450
91523.437500	-141.372299
91529.296875	-141.589203
91535.156250	-134.883621
91541.015625	-127.840797
91546.875000	-126.804756
91552.734375	-131.731613
91558.593750	-137.780869
91564.453125	-138.908844
91570.312500	-140.481400
91576.171875	-142.081833
91582.031250	-139.823029
91587.890625	-138.959061
91593.750000	-139.923965
91599.609375	-141.339981
91605.468750	-135.875214
91611.328125	-129.387970
91617.187500	-128.074997
91623.046875	-131.795105
91628.906250	-138.646286
91634.765625	-144.779907
91640.625000	-140.022903
91646.484375	-131.493851
91652.343750	-125.635643
91658.203125	-126.169441
91664.062500	-133.855591
91669.921875	-142.112900
91675.781250	-142.442551
91681.640625	-144.183578
91687.500000	-145.535065
91693.359375	-146.666824
91699.218750	-146.654587
91705.078125	-144.111313
91710.937500	-146.404831
91716.796875	-141.448410
91722.656250	-133.084839
91728.515625	-133.215622
91734.375000	-139.050064
91740.234375	-143.061432
91746.093750	-142.381104
91751.953125	-140.881042
91757.812500	-132.052536
91763.671875	-126.246933
91769.531250	-127.477585
91775.390625	-134.474106
91781.250000	-140.303024
91787.109375	-140.187927
91792.968750	-140.236069
91798.828125	-140.951675
91804.687500	-140.081253
91810.546875	-141.070572
91816.406250	-142.858734
91822.265625	-141.043625
91828.125000	-134.999588
91833.984375	-130.744659
91839.843750	-132.242706
91845.703125	-137.377426
91851.562500	-140.137527
91857.421875	-140.212936
91863.281250	-138.730637
91869.140625	-129.587112
91875.000000	-126.282974
91880.859375	-129.232162
91886.718750	-136.353821
91892.578125	-140.513458
91898.437500	-140.755936
91904.296875	-140.276291
91910.156250	-140.915329
91916.015625	-140.988556
91921.875000	-140.152252
91927.734375	-138.814102
91933.593750	-139.914429
91939.453125	-133.750946
91945.312500	-130.213867
91951.171875	-133.123032
91957.031250	-138.503281
91962.890625	-140.177765
91968.750000	-139.287827
91974.609375	-134.587967
91980.468750	-127.665916
91986.328125	-125.842957
91992.187500	-130.218414
91998.046875	-137.582596
92003.906250	-140.546906
92009.765625	-143.004120
92015.625000	-142.300171
92021.484375	-138.542694
92027.343750	-138.647491
92033.203125	-141.206268
92039.062500	-140.600739
92044.921875	-137.771973
92050.781250	-132.755554
92056.640625	-131.612366
92062.500000	-134.753464
92068.359375	-138.650253
92074.218750	-138.537445
92080.078125	-139.032227
92085.937500	-134.454330
92091.796875	-126.763664
92097.656250	-126.060669
92103.515625	-131.746872
92109.375000	-138.113739
92115.234375	-141.891235
92121.093750	-144.140854
92126.953125	-141.475571
92132.812500	-139.830795
92138.671875	-138.323807
92144.531250	-138.339508
92150.390625	-141.728073
92156.250000	-138.034302
92162.109375	-131.196716
92167.968750	-131.197174
92173.828125	-138.597061
92179.687500	-141.830368
92185.546875	-138.172668
92191.406250	-135.538788
92197.265625	-130.364258
92203.125000	-126.409805
92208.984375	-128.592621
92214.843750	-138.665924
92220.703125	-138.392578
92226.562500	-138.312256
92232.421875	-138.664322
92238.281250	-139.927139
92244.140625	-142.434357
92250.000000	-144.324005
92255.859375	-146.018478
92261.718750	-143.101578
92267.578125	-135.555832
92273.437500	-131.813583
92279.296875	-134.482193
92285.156250	-143.046997
92291.015625	-142.823746
92296.875000	-141.864975
92302.734375	-137.394211
92308.593750	-129.665802
92314.453125	-126.398506
92320.312500	-129.614838
92326.171875	-139.852524
92332.031250	-141.320908
92337.890625	-141.616669
92343.750000	-143.124176
92349.609375	-142.646057
92355.468750	-144.363022
92361.328125	-146.362915
92367.187500	-141.831833
92373.046875	-138.157288
92378.906250	-132.849686
92384.765625	-129.854401
92390.625000	-132.331909
92396.484375	-138.885406
92402.343750	-142.163940
92408.203125	-140.756622
92414.062500	-134.844437
92419.921875	-127.286934
92425.781250	-125.183334
92431.640625	-129.588181
92437.500000	-137.943039
92443.359375	-139.036118
92449.218750	-139.387192
92455.078125	-139.556046
92460.937500	-141.933029
92466.796875	-141.305313
92472.656250	-138.740646
92478.515625	-138.098907
92484.375000	-138.450150
92490.234375	-132.607697
92496.093750	-130.587326
92501.953125	-133.954361
92507.812500	-139.219025
92513.671875	-142.706818
92519.531250	-145.103577
92525.390625	-133.681870
92531.250000	-126.300369
92537.109375	-125.337761
92542.968750	-130.273727
92548.828125	-139.093338
92554.687500	-141.019394
92560.546875	-139.053696
92566.406250	-139.014008
92572.265625	-139.063995
92578.125000	-140.912369
92583.984375	-142.797287
92589.843750	-140.493378
92595.703125	-139.299042
92601.562500	-133.661652
92607.421875	-133.081573
92613.281250	-138.765167
92619.140625	-142.157196
92625.000000	-141.681442
92630.859375	-142.854675
92636.718750	-133.703537
92642.578125	-127.086487
92648.437500	-127.887619
92654.296875	-136.075729
92660.156250	-140.442413
92666.015625	-142.295746
92671.875000	-143.878967
92677.734375	-141.161972
92683.593750	-139.659103
92689.453125	-140.901108
92695.312500	-141.323242
92701.171875	-140.417526
92707.031250	-135.456985
92712.890625	-131.554688
92718.750000	-132.384125
92724.609375	-137.647736
92730.468750	-140.367966
92736.328125	-140.233871
92742.187500	-138.056015
92748.046875	-129.244568
92753.906250	-124.910065
92759.765625	-127.260300
92765.625000	-137.189499
92771.484375	-143.541016
92777.343750	-142.348236
92783.203125	-140.229721
92789.062500	-140.102112
92794.921875	-141.650208
92800.781250	-144.471436
92806.640625	-142.850372
92812.500000	-141.796738
92818.359375	-134.995346
92824.218750	-130.931503
92830.078125	-132.666153
92835.937500	-138.555984
92841.796875	-142.741302
92847.656250	-143.219635
92853.515625	-141.680603
92859.375000	-129.599930
92865.234375	-125.841995
92871.093750	-128.591492
92876.953125	-134.290146
92882.812500	-135.389969
92888.671875	-137.676163
92894.531250	-139.769745
92900.390625	-140.591766
92906.250000	-139.761993
92912.109375	-138.358826
92917.968750	-139.714722
92923.828125	-139.156006
92929.687500	-133.337311
92935.546875	-131.166626
92941.406250	-134.377029
92947.265625	-140.977310
92953.125000	-142.028122
92958.984375	-141.075134
92964.843750	-134.352325
92970.703125	-127.306992
92976.562500	-125.941803
92982.421875	-130.868851
92988.281250	-139.448730
92994.140625	-140.902740
93000.000000	-139.350327
93005.859375	-137.203842
93011.718750	-137.342667
93017.578125	-139.930038
93023.437500	-140.363571
93029.296875	-140.563293
93035.156250	-139.331726
93041.015625	-131.487503
93046.875000	-129.862244
93052.734375	-134.460617
93058.593750	-144.547455
93064.453125	-143.377182
93070.312500	-139.362473
93076.171875	-131.608429
93082.031250	-126.436043
93087.890625	-126.562347
93093.750000	-132.494156
93099.609375	-141.733475
93105.468750	-145.924011
93111.328125	-144.945770
93117.187500	-143.250122
93123.046875	-141.687210
93128.906250	-141.147141
93134.765625	-139.290451
93140.625000	-137.371735
93146.484375	-134.570023
93152.343750	-130.631866
93158.203125	-131.479599
93164.062500	-137.060089
93169.921875	-140.635956
93175.781250	-141.638107
93181.640625	-139.962936
93187.500000	-131.018753
93193.359375	-126.083923
93199.218750	-127.667107
93205.078125	-136.440628
93210.937500	-141.114410
93216.796875	-139.824493
93222.656250	-139.672867
93228.515625	-140.753342
93234.375000	-139.514038
93240.234375	-138.548767
93246.093750	-139.243301
93251.953125	-139.481079
93257.812500	-134.699875
93263.671875	-130.631271
93269.531250	-132.358200
93275.390625	-138.562836
93281.250000	-138.869400
93287.109375	-138.403885
93292.968750	-138.698547
93298.828125	-129.502106
93304.687500	-125.546562
93310.546875	-127.780815
93316.406250	-133.822388
93322.265625	-137.818710
93328.125000	-141.991989
93333.984375	-141.648193
93339.843750	-139.851944
93345.703125	-139.114334
93351.562500	-139.207336
93357.421875	-138.933441
93363.281250	-136.531357
93369.140625	-133.186356
93375.000000	-131.863525
93380.859375	-134.325012
93386.718750	-138.430954
93392.578125	-139.927490
93398.437500	-142.036774
93404.296875	-137.603241
93410.156250	-128.385757
93416.015625	-126.091843
93421.875000	-129.955139
93427.734375	-138.561859
93433.593750	-140.788025
93439.453125	-139.720367
93445.312500	-140.772156
93451.171875	-141.592270
93457.031250	-139.902435
93462.890625	-137.596741
93468.750000	-137.837616
93474.609375	-138.102753
93480.468750	-133.355057
93486.328125	-132.792099
93492.187500	-138.710953
93498.046875	-140.859085
93503.906250	-140.595795
93509.765625	-142.925507
93515.625000	-135.893860
93521.484375	-128.219055
93527.343750	-127.406616
93533.203125	-132.866425
93539.062500	-139.979141
93544.921875	-140.188095
93550.781250	-139.917679
93556.640625	-141.165314
93562.500000	-143.990540
93568.359375	-142.815094
93574.218750	-142.521240
93580.078125	-141.927643
93585.937500	-140.153732
93591.796875	-134.548386
93597.656250	-133.953903
93603.515625	-137.392410
93609.375000	-137.838974
93615.234375	-137.612152
93621.093750	-138.201218
93626.953125	-132.415588
93632.812500	-126.598297
93638.671875	-127.406425
93644.531250	-134.556381
93650.390625	-141.227158
93656.250000	-141.906799
93662.109375	-143.494934
93667.968750	-142.604858
93673.828125	-141.534058
93679.687500	-141.526474
93685.546875	-141.029037
93691.406250	-139.378494
93697.265625	-134.230515
93703.125000	-131.151230
93708.984375	-133.574890
93714.843750	-141.128998
93720.703125	-143.630997
93726.562500	-142.692535
93732.421875	-139.944046
93738.281250	-130.491318
93744.140625	-125.982750
93750.000000	-128.450073
93755.859375	-137.255554
93761.718750	-139.750931
93767.578125	-142.410217
93773.437500	-139.689377
93779.296875	-137.509552
93785.156250	-138.055313
93791.015625	-138.563019
93796.875000	-139.163544
93802.734375	-140.100739
93808.593750	-136.903687
93814.453125	-133.224670
93820.312500	-136.049606
93826.171875	-142.922668
93832.031250	-143.262878
93837.890625	-143.685822
93843.750000	-136.282516
93849.609375	-127.677200
93855.468750	-125.095917
93861.328125	-128.686890
93867.187500	-137.470596
93873.046875	-142.730515
93878.906250	-142.624542
93884.765625	-142.401627
93890.625000	-142.437042
93896.484375	-141.231155
93902.343750	-139.229874
93908.203125	-139.329300
93914.062500	-139.509811
93919.921875	-134.888504
93925.781250	-133.102264
93931.640625	-137.517258
93937.500000	-142.303497
93943.359375	-141.343277
93949.218750	-141.286148
93955.078125	-140.003159
93960.937500	-129.361206
93966.796875	-127.823555
93972.656250	-133.758484
93978.515625	-136.339905
93984.375000	-135.971603
93990.234375	-137.531509
93996.093750	-139.412369
94001.953125	-142.669861
94007.812500	-144.085587
94013.671875	-140.082016
94019.531250	-139.835052
94025.390625	-140.447601
94031.250000	-133.557236
94037.109375	-131.699448
94042.968750	-134.651398
94048.828125	-137.676956
94054.687500	-137.597321
94060.546875	-136.860641
94066.406250	-131.028717
94072.265625	-126.095764
94078.125000	-126.933388
94083.984375	-134.703796
94089.843750	-139.347382
94095.703125	-139.829697
94101.562500	-140.878021
94107.421875	-140.752319
94113.281250	-141.190659
94119.140625	-142.087448
94125.000000	-141.567886
94130.859375	-140.170822
94136.718750	-138.234131
94142.578125	-134.453857
94148.437500	-135.088272
94154.296875	-139.697174
94160.156250	-142.048294
94166.015625	-142.609146
94171.875000	-140.828888
94177.734375	-131.200394
94183.593750	-125.972679
94189.453125	-127.211967
94195.312500	-133.989731
94201.171875	-140.085693
94207.031250	-140.580643
94212.890625	-142.036209
94218.750000	-142.280792
94224.609375	-144.211349
94230.468750	-142.839600
94236.328125	-139.643723
94242.187500	-139.258148
94248.046875	-134.403061
94253.906250	-130.782578
94259.765625	-131.742722
94265.625000	-134.743118
94271.484375	-136.469177
94277.343750	-138.552628
94283.203125	-137.506073
94289.062500	-129.579544
94294.921875	-126.246651
94300.781250	-129.698135
94306.640625	-139.348328
94312.500000	-137.998093
94318.359375	-137.729538
94324.218750	-137.654999
94330.078125	-139.492783
94335.937500	-142.707870
94341.796875	-144.871658
94347.656250	-144.009277
94353.515625	-141.659607
94359.375000	-137.796585
94365.234375	-135.796982
94371.093750	-137.464401
94376.953125	-141.757065
94382.812500	-140.924194
94388.671875	-139.284622
94394.531250	-135.489304
94400.390625	-128.150696
94406.250000	-126.300148
94412.109375	-131.404343
94417.968750	-141.723969
94423.828125	-143.158844
94429.687500	-140.650467
94435.546875	-139.821152
94441.406250	-139.086044
94447.265625	-138.955200
94453.125000	-140.312195
94458.984375	-140.067566
94464.843750	-136.747162
94470.703125	-132.247620
94476.562500	-131.429504
94482.421875	-135.733963
94488.281250	-139.718842
94494.140625	-139.643784
94500.000000	-141.801102
94505.859375	-134.821304
94511.718750	-127.234924
94517.578125	-126.453575
94523.437500	-131.781799
94529.296875	-137.337341
94535.156250	-137.697342
94541.015625	-139.689438
94546.875000	-139.802734
94552.734375	-140.113464
94558.593750	-140.393188
94564.453125	-138.864395
94570.312500	-138.040955
94576.171875	-135.345581
94582.031250	-130.628143
94587.890625	-130.179901
94593.750000	-134.020233
94599.609375	-139.764664
94605.468750	-143.897919
94611.328125	-141.200394
94617.187500	-131.073792
94623.046875	-126.212532
94628.906250	-127.712906
94634.765625	-136.481659
94640.625000	-142.919800
94646.484375	-143.515900
94652.343750	-143.183746
94658.203125	-138.900574
94664.062500	-137.332611
94669.921875	-138.298569
94675.781250	-139.776672
94681.640625	-139.365112
94687.500000	-134.357269
94693.359375	-130.929337
94699.218750	-132.534058
94705.078125	-137.911713
94710.937500	-141.072098
94716.796875	-142.870239
94722.656250	-140.198532
94728.515625	-130.014679
94734.375000	-125.814232
94740.234375	-127.959801
94746.093750	-134.968018
94751.953125	-138.077057
94757.812500	-136.489166
94763.671875	-137.063004
94769.531250	-137.899582
94775.390625	-140.103882
94781.250000	-140.296310
94787.109375	-138.922287
94792.968750	-141.439682
94798.828125	-136.789062
94804.687500	-131.754120
94810.546875	-132.815353
94816.406250	-137.311356
94822.265625	-140.417084
94828.125000	-141.696747
94833.984375	-137.477600
94839.843750	-129.515839
94845.703125	-127.013695
94851.562500	-131.584976
94857.421875	-139.956589
94863.281250	-139.315048
94869.140625	-139.914047
94875.000000	-139.797791
94880.859375	-140.341599
94886.718750	-142.408997
94892.578125	-142.723938
94898.437500	-140.361206
94904.296875	-138.858612
94910.156250	-134.605103
94916.015625	-133.108627
94921.875000	-137.886063
94927.734375	-142.797134
94933.593750	-141.731720
94939.453125	-141.460251
94945.312500	-136.341919
94951.171875	-128.198578
94957.031250	-126.820885
94962.890625	-132.291290
94968.750000	-144.800507
94974.609375	-141.302490
94980.468750	-138.931961
94986.328125	-138.565186
94992.187500	-139.464493
94998.046875	-139.934250
95003.906250	-140.272125
95009.765625	-140.734024
95015.625000	-140.331711
95021.484375	-135.815964
95027.343750	-135.001205
95033.203125	-139.596497
95039.062500	-142.000549
95044.921875	-141.299026
95050.781250	-141.694519
95056.640625	-135.718246
95062.500000	-128.085678
95068.359375	-128.252441
95074.218750	-134.619034
95080.078125	-137.201126
95085.937500	-139.148514
95091.796875	-141.076263
95097.656250	-142.320312
95103.515625	-141.554413
95109.375000	-139.796967
95115.234375	-138.617508
95121.093750	-138.595428
95126.953125	-135.811829
95132.812500	-131.929382
95138.671875	-132.580719
95144.531250	-136.186050
95150.390625	-138.287201
95156.250000	-139.482605
95162.109375	-137.806458
95167.968750	-131.036194
95173.828125	-127.014587
95179.687500	-129.087677
95185.546875	-137.497116
95191.406250	-142.881332
95197.265625	-143.113861
95203.125000	-140.187683
95208.984375	-138.986588
95214.843750	-139.237228
95220.703125	-139.443985
95226.562500	-140.228210
95232.421875	-140.108734
95238.281250	-135.562622
95244.140625	-131.748291
95250.000000	-132.958115
95255.859375	-139.109665
95261.718750	-148.022781
95267.578125	-143.809937
95273.437500	-141.344147
95279.296875	-131.315826
95285.156250	-127.620834
95291.015625	-130.498810
95296.875000	-137.817413
95302.734375	-140.145309
95308.593750	-138.444016
95314.453125	-138.540100
95320.312500	-140.758133
95326.171875	-140.818970
95332.031250	-141.819565
95337.890625	-142.665588
95343.750000	-144.897034
95349.609375	-136.887054
95355.468750	-133.234573
95361.328125	-135.009842
95367.187500	-137.877731
95373.046875	-139.396851
95378.906250	-139.863388
95384.765625	-135.378937
95390.625000	-128.453827
95396.484375	-126.803017
95402.343750	-130.724274
95408.203125	-137.556931
95414.062500	-143.362976
95419.921875	-145.286835
95425.781250	-142.315170
95431.640625	-143.677551
95437.500000	-140.959229
95443.359375	-139.713608
95449.218750	-140.973312
95455.078125	-140.646378
95460.937500	-136.118561
95466.796875	-135.179932
95472.656250	-141.620010
95478.515625	-141.090836
95484.375000	-139.222946
95490.234375	-138.264267
95496.093750	-132.909470
95501.953125	-128.151321
95507.812500	-128.164917
95513.671875	-132.133820
95519.531250	-137.590271
95525.390625	-141.609100
95531.250000	-140.245285
95537.109375	-139.015335
95542.968750	-138.520279
95548.828125	-138.887375
95554.687500	-140.017853
95560.546875	-140.931427
95566.406250	-138.188644
95572.265625	-133.591583
95578.125000	-134.220551
95583.984375	-139.840973
95589.843750	-144.910873
95595.703125	-144.105545
95601.562500	-142.570419
95607.421875	-136.136505
95613.281250	-130.112976
95619.140625	-131.401154
95625.000000	-138.985962
95630.859375	-142.085129
95636.718750	-142.477310
95642.578125	-140.125092
95648.437500	-138.246384
95654.296875	-137.409134
95660.156250	-136.727890
95666.015625	-138.389465
95671.875000	-140.869705
95677.734375	-138.138153
95683.593750	-135.196793
95689.453125	-137.322464
95695.312500	-143.757675
95701.171875	-147.905350
95707.031250	-143.426529
95712.890625	-138.490112
95718.750000	-130.640152
95724.609375	-127.459770
95730.468750	-130.842453
95736.328125	-138.834564
95742.187500	-139.424622
95748.046875	-141.008270
95753.906250	-142.576889
95759.765625	-141.909744
95765.625000	-139.997849
95771.484375	-140.869888
95777.343750	-141.249069
95783.203125	-140.706879
95789.062500	-135.499374
95794.921875	-132.325867
95800.781250	-135.374664
95806.640625	-142.715576
95812.500000	-144.853531
95818.359375	-143.813965
95824.218750	-138.777954
95830.078125	-130.942825
95835.937500	-129.018387
95841.796875	-134.311951
95847.656250	-139.731094
95853.515625	-138.753204
95859.375000	-140.426865
95865.234375	-140.515488
95871.093750	-140.581940
95876.953125	-138.991776
95882.812500	-137.397720
95888.671875	-138.454453
95894.531250	-138.453476
95900.390625	-133.876755
95906.250000	-132.727783
95912.109375	-136.420822
95917.968750	-140.072235
95923.828125	-141.871811
95929.687500	-140.659286
95935.546875	-135.277237
95941.406250	-128.804062
95947.265625	-128.079025
95953.125000	-133.478363
95958.984375	-142.170197
95964.843750	-148.231094
95970.703125	-144.405151
95976.562500	-142.433395
95982.421875	-140.947357
95988.281250	-140.630661
95994.140625	-138.179657
96000.000000	-136.685623
96005.859375	-135.216614
96011.718750	-132.339218
96017.578125	-133.044952
96023.437500	-139.107269
96029.296875	-140.176575
96035.156250	-139.972412
96041.015625	-137.470581
96046.875000	-133.381027
96052.734375	-129.173569
96058.593750	-130.225510
96064.453125	-136.949295
96070.312500	-139.506317
96076.171875	-139.322922
96082.031250	-139.348282
96087.890625	-138.781754
96093.750000	-139.541275
96099.609375	-140.589157
96105.468750	-140.218277
96111.328125	-139.405899
96117.187500	-136.128830
96123.046875	-133.430542
96128.906250	-134.708710
96134.765625	-139.121948
96140.625000	-141.990097
96146.484375	-140.763580
96152.343750	-138.289810
96158.203125	-134.517746
96164.062500	-129.615662
96169.921875	-131.134628
96175.781250	-136.652573
96181.640625	-138.104492
96187.500000	-138.137421
96193.359375	-138.538147
96199.218750	-138.514862
96205.078125	-138.810043
96210.937500	-138.532837
96216.796875	-137.731812
96222.656250	-136.493546
96228.515625	-133.252380
96234.375000	-131.700134
96240.234375	-134.401154
96246.093750	-137.707306
96251.953125	-138.606064
96257.812500	-140.374390
96263.671875	-138.663208
96269.531250	-132.137848
96275.390625	-129.296005
96281.250000	-132.277328
96287.109375	-138.919617
96292.968750	-140.531982
96298.828125	-139.146118
96304.687500	-140.505447
96310.546875	-141.174988
96316.406250	-138.489746
96322.265625	-136.458603
96328.125000	-137.878098
96333.984375	-138.889664
96339.843750	-134.048065
96345.703125	-132.117508
96351.562500	-134.816025
96357.421875	-138.990540
96363.281250	-140.875000
96369.140625	-140.670135
96375.000000	-135.944733
96380.859375	-129.669571
96386.718750	-128.768478
96392.578125	-133.964111
96398.437500	-138.706482
96404.296875	-138.557114
96410.156250	-138.246490
96416.015625	-137.629379
96421.875000	-138.244034
96427.734375	-139.430054
96433.593750	-139.979889
96439.453125	-140.468201
96445.312500	-137.189331
96451.171875	-132.796310
96457.031250	-132.400803
96462.890625	-136.511612
96468.750000	-141.129868
96474.609375	-142.596695
96480.468750	-142.457993
96486.328125	-135.604462
96492.187500	-129.195709
96498.046875	-128.798355
96503.906250	-133.056732
96509.765625	-136.429840
96515.625000	-139.103745
96521.484375	-141.276749
96527.343750	-139.602661
96533.203125	-139.624542
96539.062500	-140.563492
96544.921875	-139.700363
96550.781250	-138.623215
96556.640625	-136.072922
96562.500000	-132.166656
96568.359375	-132.700623
96574.218750	-137.942795
96580.078125	-141.491745
96585.937500	-139.401978
96591.796875	-136.812439
96597.656250	-131.302856
96603.515625	-127.453690
96609.375000	-128.873657
96615.234375	-134.910492
96621.093750	-139.127655
96626.953125	-138.125458
96632.812500	-138.266846
96638.671875	-141.504013
96644.531250	-140.024124
96650.390625	-137.546814
96656.250000	-138.436920
96662.109375	-138.134216
96667.968750	-133.821762
96673.828125	-131.375534
96679.687500	-133.090973
96685.546875	-136.545227
96691.406250	-137.893723
96697.265625	-139.304840
96703.125000	-141.308487
96708.984375	-132.744003
96714.843750	-128.731934
96720.703125	-131.337402
96726.562500	-139.361435
96732.421875	-144.851181
96738.281250	-142.952423
96744.140625	-142.287292
96750.000000	-140.252640
96755.859375	-139.303574
96761.718750	-139.974670
96767.578125	-139.631454
96773.437500	-138.811462
96779.296875	-135.805435
96785.156250	-133.265549
96791.015625	-136.247238
96796.875000	-141.365677
96802.734375	-140.359985
96808.593750	-139.924072
96814.453125	-137.188080
96820.312500	-130.886490
96826.171875	-129.306961
96832.031250	-133.011078
96837.890625	-137.309341
96843.750000	-139.393280
96849.609375	-140.908356
96855.468750	-142.325012
96861.328125	-139.116318
96867.187500	-137.209045
96873.046875	-138.658463
96878.906250	-138.801865
96884.765625	-137.936142
96890.625000	-134.327194
96896.484375	-132.678848
96902.343750	-135.330170
96908.203125	-139.803848
96914.062500	-141.885559
96919.921875	-140.637955
96925.781250	-134.856583
96931.640625	-128.985794
96937.500000	-128.326172
96943.359375	-132.917572
96949.218750	-138.316879
96955.078125	-139.242722
96960.937500	-139.471649
96966.796875	-140.675598
96972.656250	-140.286346
96978.515625	-139.984833
96984.375000	-140.170654
96990.234375	-140.073029
96996.093750	-138.227005
97001.953125	-134.525986
97007.812500	-134.329803
97013.671875	-138.058975
97019.531250	-140.622406
97025.390625	-139.474655
97031.250000	-139.125351
97037.109375	-133.854630
97042.968750	-128.764297
97048.828125	-129.371109
97054.687500	-134.672821
97060.546875	-139.297852
97066.406250	-141.356522
97072.265625	-140.793716
97078.125000	-138.850342
97083.984375	-139.554077
97089.843750	-140.371384
97095.703125	-136.460953
97101.562500	-136.240784
97107.421875	-135.328491
97113.281250	-132.117950
97119.140625	-133.235519
97125.000000	-138.857498
97130.859375	-141.798889
97136.718750	-140.358551
97142.578125	-138.626633
97148.437500	-132.607544
97154.296875	-129.246826
97160.156250	-132.137512
97166.015625	-140.012817
97171.875000	-140.207687
97177.734375	-141.004471
97183.593750	-143.823532
97189.453125	-140.106827
97195.312500	-138.210236
97201.171875	-137.541626
97207.031250	-137.565598
97212.890625	-138.811523
97218.750000	-137.412521
97224.609375	-135.138641
97230.468750	-136.700531
97236.328125	-140.002579
97242.187500	-140.507339
97248.046875	-142.719574
97253.906250	-138.948105
97259.765625	-130.062607
97265.625000	-127.476601
97271.484375	-131.175018
97277.343750	-139.987061
97283.203125	-142.087097
97289.062500	-140.639587
97294.921875	-139.414383
97300.781250	-139.965378
97306.640625	-140.794556
97312.500000	-139.753098
97318.359375	-140.020172
97324.218750	-138.865112
97330.078125	-133.125793
97335.937500	-131.493896
97341.796875	-136.168442
97347.656250	-140.940948
97353.515625	-141.967453
97359.375000	-143.293701
97365.234375	-135.883575
97371.093750	-128.945328
97376.953125	-127.793442
97382.812500	-132.009735
97388.671875	-136.801254
97394.531250	-138.653244
97400.390625	-141.323181
97406.250000	-139.781250
97412.109375	-138.550446
97417.968750	-140.110153
97423.828125	-141.686325
97429.687500	-140.547165
97435.546875	-139.196640
97441.406250	-136.096268
97447.265625	-135.314713
97453.125000	-138.372620
97458.984375	-140.489700
97464.843750	-138.481628
97470.703125	-137.514282
97476.562500	-132.859879
97482.421875	-127.710060
97488.281250	-128.066040
97494.140625	-134.209625
97500.000000	-139.917572
97505.859375	-139.429596
97511.718750	-138.896622
97517.578125	-139.588013
97523.437500	-141.760101
97529.296875	-140.900009
97535.156250	-141.024734
97541.015625	-142.253967
97546.875000	-138.261002
97552.734375	-133.258591
97558.593750	-133.045746
97564.453125	-135.778687
97570.312500	-136.089417
97576.171875	-136.043152
97582.031250	-139.035263
97587.890625	-133.142532
97593.750000	-128.466553
97599.609375	-130.761963
97605.468750	-140.605865
97611.328125	-142.590134
97617.187500	-140.339081
97623.046875	-141.981216
97628.906250	-145.294739
97634.765625	-144.017471
97640.625000	-143.681870
97646.484375	-142.436722
97652.343750	-139.713547
97658.203125	-136.666153
97664.062500	-133.912109
97669.921875	-135.744125
97675.781250	-141.191666
97681.640625	-140.306412
97687.500000	-138.182556
97693.359375	-140.315842
97699.218750	-132.875076
97705.078125	-128.741241
97710.937500	-131.346649
97716.796875	-137.349884
97722.656250	-140.669724
97728.515625	-141.424469
97734.375000	-139.129105
97740.234375	-138.517822
97746.093750	-139.265808
97751.953125	-138.681671
97757.812500	-138.379776
97763.671875	-138.213455
97769.531250	-134.143997
97775.390625	-132.407059
97781.250000	-135.685211
97787.109375	-141.374191
97792.968750	-144.657700
97798.828125	-140.934265
97804.687500	-136.700531
97810.546875	-129.603424
97816.406250	-128.028046
97822.265625	-133.468658
97828.125000	-141.130707
97833.984375	-142.584991
97839.843750	-137.315720
97845.703125	-137.071304
97851.562500	-138.605209
97857.421875	-139.614609
97863.281250	-138.309189
97869.140625	-139.370071
97875.000000	-138.305862
97880.859375	-133.047943
97886.718750	-132.783905
97892.578125	-138.387924
97898.437500	-142.235886
97904.296875	-141.537216
97910.156250	-140.769089
97916.015625	-132.992081
97921.875000	-127.834175
97927.734375	-128.483643
97933.593750	-135.554459
97939.453125	-140.467682
97945.312500	-139.699326
97951.171875	-139.707748
97957.031250	-141.630402
97962.890625	-141.135986
97968.750000	-141.133575
97974.609375	-140.201691
97980.468750	-138.834167
97986.328125	-137.636642
97992.187500	-134.121811
97998.046875	-133.345749
98003.906250	-136.302338
98009.765625	-139.669449
98015.625000	-140.160400
98021.484375	-139.230835
98027.343750	-131.653488
98033.203125	-126.682312
98039.062500	-127.820091
98044.921875	-134.050964
98050.781250	-136.201233
98056.640625	-135.968231
98062.500000	-135.939560
98068.359375	-136.951355
98074.218750	-139.569016
98080.078125	-140.183685
98085.937500	-140.409317
98091.796875	-139.671432
98097.656250	-135.156677
98103.515625	-132.562378
98109.375000	-134.085449
98115.234375	-138.250946
98121.093750	-140.594254
98126.953125	-144.360901
98132.812500	-140.413498
98138.671875	-131.983337
98144.531250	-128.605545
98150.390625	-131.148422
98156.250000	-137.639587
98162.109375	-140.154861
98167.968750	-141.840973
98173.828125	-140.560135
98179.687500	-137.946915
98185.546875	-137.783630
98191.406250	-140.522293
98197.265625	-140.835556
98203.125000	-139.420135
98208.984375	-135.603851
98214.843750	-132.418259
98220.703125	-134.388443
98226.562500	-138.442291
98232.421875	-138.251038
98238.281250	-138.134735
98244.140625	-135.912781
98250.000000	-129.256638
98255.859375	-127.346809
98261.718750	-132.130386
98267.578125	-137.045792
98273.437500	-136.908157
98279.296875	-138.139420
98285.156250	-138.185806
98291.015625	-140.810303
98296.875000	-141.678131
98302.734375	-138.540771
98308.593750	-138.431519
98314.453125	-138.367355
98320.312500	-135.098038
98326.171875	-133.956161
98332.031250	-137.239990
98337.890625	-142.901474
98343.750000	-141.951752
98349.609375	-137.712296
98355.468750	-133.893997
98361.328125	-128.410095
98367.187500	-128.028946
98373.046875	-134.599533
98378.906250	-140.765945
98384.765625	-139.933029
98390.625000	-141.189072
98396.484375	-140.928070
98402.343750	-141.674164
98408.203125	-143.807205
98414.062500	-143.270798
98419.921875	-142.640335
98425.781250	-139.012283
98431.640625	-133.734421
98437.500000	-133.524750
98443.359375	-139.015335
98449.218750	-142.743607
98455.078125	-142.879745
98460.937500	-140.961746
98466.796875	-132.751541
98472.656250	-127.149246
98478.515625	-127.742340
98484.375000	-134.599014
98490.234375	-142.307159
98496.093750	-145.010345
98501.953125	-145.343369
98507.812500	-141.494431
98513.671875	-140.437134
98519.531250	-141.474121
98525.390625	-139.341415
98531.250000	-136.910858
98537.109375	-137.272491
98542.968750	-134.621994
98548.828125	-135.116257
98554.687500	-138.304962
98560.546875	-138.227280
98566.406250	-138.370804
98572.265625	-137.464554
98578.125000	-131.128067
98583.984375	-127.604027
98589.843750	-130.476974
98595.703125	-140.369202
98601.562500	-140.083786
98607.421875	-141.335968
98613.281250	-144.878571
98619.140625	-139.593170
98625.000000	-137.555588
98630.859375	-137.382919
98636.718750	-137.672943
98642.578125	-141.007538
98648.437500	-138.470810
98654.296875	-135.199524
98660.156250	-139.513992
98666.015625	-142.790375
98671.875000	-140.084595
98677.734375	-143.298035
98683.593750	-138.800842
98689.453125	-129.898499
98695.312500	-127.124420
98701.171875	-129.998550
98707.031250	-134.081879
98712.890625	-135.237900
98718.750000	-138.556747
98724.609375	-138.280701
98730.468750	-135.278763
98736.328125	-135.582428
98742.187500	-138.920471
98748.046875	-141.596786
98753.906250	-141.941315
98759.765625	-138.789627
98765.625000	-135.902786
98771.484375	-138.239288
98777.343750	-140.286011
98783.203125	-139.613663
98789.062500	-139.167252
98794.921875	-134.620605
98800.781250	-128.760971
98806.640625	-127.963760
98812.500000	-133.313675
98818.359375	-143.802338
98824.218750	-141.995438
98830.078125	-139.370132
98835.937500	-136.729980
98841.796875	-134.226425
98847.656250	-133.848892
98853.515625	-135.464920
98859.375000	-137.750000
98865.234375	-138.279510
98871.093750	-134.154083
98876.953125	-134.053055
98882.812500	-139.424301
98888.671875	-141.645035
98894.531250	-142.087891
98900.390625	-139.444595
98906.250000	-132.243912
98912.109375	-127.248535
98917.968750	-127.658386
98923.828125	-133.826309
98929.687500	-141.176224
98935.546875	-141.609863
98941.406250	-142.876190
98947.265625	-145.711853
98953.125000	-141.509140
98958.984375	-138.872910
98964.843750	-140.277405
98970.703125	-140.576752
98976.562500	-137.995560
98982.421875	-133.843460
98988.281250	-134.641418
98994.140625	-141.490402
99000.000000	-143.901871
99005.859375	-139.635101
99011.718750	-136.230850
99017.578125	-129.305954
99023.437500	-125.344566
99029.296875	-127.120789
99035.156250	-134.676300
99041.015625	-140.878265
99046.875000	-140.858383
99052.734375	-138.409241
99058.593750	-140.056824
99064.453125	-140.697418
99070.312500	-138.132141
99076.171875	-139.391327
99082.031250	-137.708527
99087.890625	-133.675049
99093.750000	-131.778275
99099.609375	-133.591309
99105.468750	-137.970673
99111.328125	-138.500732
99117.187500	-137.652313
99123.046875	-134.948212
99128.906250	-129.332291
99134.765625	-126.828697
99140.625000	-129.443359
99146.484375	-135.670944
99152.343750	-139.351105
99158.203125	-139.388428
99164.062500	-138.160553
99169.921875	-139.709625
99175.781250	-140.798798
99181.640625	-141.123428
99187.500000	-140.871353
99193.359375	-139.754196
99199.218750	-136.725861
99205.078125	-135.151276
99210.937500	-138.068344
99216.796875	-141.577560
99222.656250	-141.588043
99228.515625	-142.751755
99234.375000	-138.774017
99240.234375	-130.156311
99246.093750	-128.130051
99251.953125	-133.934311
99257.812500	-143.815414
99263.671875	-139.454315
99269.531250	-139.763702
99275.390625	-140.645950
99281.250000	-140.496323
99287.109375	-141.138916
99292.968750	-142.152924
99298.828125	-139.548615
99304.687500	-138.436310
99310.546875	-135.490982
99316.406250	-134.081100
99322.265625	-136.060684
99328.125000	-136.812363
99333.984375	-137.145508
99339.843750	-136.692276
99345.703125	-135.171021
99351.562500	-129.531693
99357.421875	-128.900406
99363.281250	-134.200943
99369.140625	-139.407455
99375.000000	-140.308060
99380.859375	-138.641296
99386.718750	-137.281448
99392.578125	-140.230118
99398.437500	-144.123322
99404.296875	-141.642578
99410.156250	-141.473480
99416.015625	-140.260529
99421.875000	-137.943985
99427.734375	-138.427979
99433.593750	-142.447464
99439.453125	-146.833908
99445.312500	-143.678833
99451.171875	-140.071243
99457.031250	-133.810898
99462.890625	-128.780533
99468.750000	-129.979416
99474.609375	-137.077881
99480.468750	-138.022263
99486.328125	-138.027802
99492.187500	-141.704407
99498.046875	-144.461884
99503.906250	-142.930450
99509.765625	-141.695908
99515.625000	-142.837936
99521.484375	-145.901413
99527.343750	-139.135696
99533.203125	-133.645233
99539.062500	-134.809616
99544.921875	-141.638321
99550.781250	-143.807587
99556.640625	-142.823593
99562.500000	-141.011826
99568.359375	-131.522736
99574.218750	-126.854683
99580.078125	-128.633606
99585.937500	-134.053192
99591.796875	-135.896912
99597.656250	-139.346970
99603.515625	-140.488632
99609.375000	-140.705841
99615.234375	-139.985489
99621.093750	-140.463409
99626.953125	-141.052414
99632.812500	-138.895462
99638.671875	-134.844208
99644.531250	-132.597717
99650.390625	-135.439606
99656.250000	-139.994461
99662.109375	-138.934586
99667.968750	-138.837509
99673.828125	-137.175980
99679.687500	-130.278320
99685.546875	-127.467438
99691.406250	-130.774368
99697.265625	-138.691681
99703.125000	-146.009399
99708.984375	-145.595581
99714.843750	-142.123459
99720.703125	-141.780823
99726.562500	-141.372772
99732.421875	-143.519196
99738.281250	-142.428055
99744.140625	-139.366043
99750.000000	-135.251770
99755.859375	-133.704376
99761.718750	-136.799057
99767.578125	-141.095245
99773.437500	-140.589386
99779.296875	-138.878525
99785.156250	-133.960587
99791.015625	-127.813965
99796.875000	-126.723610
99802.734375	-131.221191
99808.593750	-140.018799
99814.453125	-142.117462
99820.312500	-139.146896
99826.171875	-138.537643
99832.031250	-140.018127
99837.890625	-141.756683
99843.750000	-142.304901
99849.609375	-141.127579
99855.468750	-138.007812
99861.328125	-135.458771
99867.187500	-135.757370
99873.046875	-138.202179
99878.906250	-140.055222
99884.765625	-141.499008
99890.625000	-143.903336
99896.484375	-133.857361
99902.343750	-127.146866
99908.203125	-126.952133
99914.062500	-132.290283
99919.921875	-141.222473
99925.781250	-140.341980
99931.640625	-138.000305
99937.500000	-139.968140
99943.359375	-141.055359
99949.218750	-138.806610
99955.078125	-137.489578
99960.937500	-137.887283
99966.796875	-139.567291
99972.656250	-135.706055
99978.515625	-134.351761
99984.375000	-137.257553
99990.234375	-140.361923
99996.093750	-139.276367
100001.953125	-137.377121
100007.812500	-132.346039
100013.671875	-128.345581
100019.531250	-130.587891
100025.390625	-137.086258
100031.250000	-137.194366
100037.109375	-139.078690
100042.968750	-138.916351
100048.828125	-137.482254
100054.687500	-138.291733
100060.546875	-140.123657
100066.406250	-137.774368
100072.265625	-137.118195
100078.125000	-139.213013
100083.984375	-135.718704
100089.843750	-136.759186
100095.703125	-142.747131
100101.562500	-144.048660
100107.421875	-142.287582
100113.281250	-139.068314
100119.140625	-131.099854
100125.000000	-127.967598
100130.859375	-131.226562
100136.718750	-137.830475
100142.578125	-138.503372
100148.437500	-141.634964
100154.296875	-143.216675
100160.156250	-141.504898
100166.015625	-142.013794
100171.875000	-141.263977
100177.734375	-141.133209
100183.593750	-139.603897
100189.453125	-134.394760
100195.312500	-132.791809
100201.171875	-136.096176
100207.031250	-141.667877
100212.890625	-143.247803
100218.750000	-141.946655
100224.609375	-136.908234
100230.468750	-129.426117
100236.328125	-127.729637
100242.187500	-132.919800
100248.046875	-139.652954
100253.906250	-140.867203
100259.765625	-142.554779
100265.625000	-141.896545
100271.484375	-139.519363
100277.343750	-139.887955
100283.203125	-141.687943
100289.062500	-140.253006
100294.921875	-136.927658
100300.781250	-135.283905
100306.640625	-135.477722
100312.500000	-136.834427
100318.359375	-136.924774
100324.218750	-138.542770
100330.078125	-139.968857
100335.937500	-133.773849
100341.796875	-127.450401
100347.656250	-126.751869
100353.515625	-131.399277
100359.375000	-136.671707
100365.234375	-139.893265
100371.093750	-141.253738
100376.953125	-139.783890
100382.812500	-140.633850
100388.671875	-141.263885
100394.531250	-139.678177
100400.390625	-139.248550
100406.250000	-137.267731
100412.109375	-133.689423
100417.968750	-133.581909
100423.828125	-137.768677
100429.687500	-141.026810
100435.546875	-138.799881
100441.406250	-137.604279
100447.265625	-131.150620
100453.125000	-126.329910
100458.984375	-127.165634
100464.843750	-133.409088
100470.703125	-140.219162
100476.562500	-142.700073
100482.421875	-143.230042
100488.281250	-139.572876
100494.140625	-140.556641
100500.000000	-141.155853
100505.859375	-143.254303
100511.718750	-143.990982
100517.578125	-139.370087
100523.437500	-135.926849
100529.296875	-136.448746
100535.156250	-139.859558
100541.015625	-141.545090
100546.875000	-139.653549
100552.734375	-137.204712
100558.593750	-130.812393
100564.453125	-126.976990
100570.312500	-129.494125
100576.171875	-136.854950
100582.031250	-137.824921
100587.890625	-137.714859
100593.750000	-137.546783
100599.609375	-138.641739
100605.468750	-140.490295
100611.328125	-140.063858
100617.187500	-140.028015
100623.046875	-140.622635
100628.906250	-137.513901
100634.765625	-134.178726
100640.625000	-135.451355
100646.484375	-138.313034
100652.343750	-138.789169
100658.203125	-141.079926
100664.062500	-140.565628
100669.921875	-129.830994
100675.781250	-127.101471
100681.640625	-132.308548
100687.500000	-142.829483
100693.359375	-140.914490
100699.218750	-142.233688
100705.078125	-140.652054
100710.937500	-140.514008
100716.796875	-142.738586
100722.656250	-142.166412
100728.515625	-139.447876
100734.375000	-137.882660
100740.234375	-135.127243
100746.093750	-134.344299
100751.953125	-138.003250
100757.812500	-138.664062
100763.671875	-138.179825
100769.531250	-139.150009
100775.390625	-133.604935
100781.250000	-126.677139
100787.109375	-125.839363
100792.968750	-131.188141
100798.828125	-137.399063
100804.687500	-138.106705
100810.546875	-140.161621
100816.406250	-141.100357
100822.265625	-139.990143
100828.125000	-139.746292
100833.984375	-139.726196
100839.843750	-139.874039
100845.703125	-138.622849
100851.562500	-135.017227
100857.421875	-135.743210
100863.281250	-143.468292
100869.140625	-144.391525
100875.000000	-143.073715
100880.859375	-140.938171
100886.718750	-133.173965
100892.578125	-126.831390
100898.437500	-127.437782
100904.296875	-134.092438
100910.156250	-140.280121
100916.015625	-140.638412
100921.875000	-142.154785
100927.734375	-142.268356
100933.593750	-140.716171
100939.453125	-141.827240
100945.312500	-141.922989
100951.171875	-141.613983
100957.031250	-140.771454
100962.890625	-138.445099
100968.750000	-138.781509
100974.609375	-141.679016
100980.468750	-141.505280
100986.328125	-140.906143
100992.187500	-141.659317
100998.046875	-131.357071
101003.906250	-126.860123
101009.765625	-129.199585
101015.625000	-137.997375
101021.484375	-140.000320
101027.343750	-141.911377
101033.203125	-141.228897
101039.062500	-138.389343
101044.921875	-137.806625
101050.781250	-141.379456
101056.640625	-143.794281
101062.500000	-139.581848
101068.359375	-135.557709
101074.218750	-133.220581
101080.078125	-133.899338
101085.937500	-135.391037
101091.796875	-136.869690
101097.656250	-137.939728
101103.515625	-134.852539
101109.375000	-128.791763
101115.234375	-126.377151
101121.093750	-129.565323
101126.953125	-137.137939
101132.812500	-141.218643
101138.671875	-142.380966
101144.531250	-141.277237
101150.390625	-140.303452
101156.250000	-137.542969
101162.109375	-137.808578
101167.968750	-138.921494
101173.828125	-139.275482
101179.687500	-136.993423
101185.546875	-135.395782
101191.406250	-138.992752
101197.265625	-142.304977
101203.125000	-140.620682
101208.984375	-141.999802
101214.843750	-136.881683
101220.703125	-129.064728
101226.562500	-127.587341
101232.421875	-132.707596
101238.281250	-139.741486
101244.140625	-139.060928
101250.000000	-139.160492
101255.859375	-141.075012
101261.718750	-140.947617
101267.578125	-141.195084
101273.437500	-140.706268
101279.296875	-140.752899
101285.156250	-140.074539
101291.015625	-136.495117
101296.875000	-135.557404
101302.734375	-137.288437
101308.593750	-138.515427
101314.453125	-139.159271
101320.312500	-140.080048
101326.171875	-133.928101
101332.031250	-128.090729
101337.890625	-128.074738
101343.750000	-133.633759
101349.609375	-140.275146
101355.468750	-140.902008
101361.328125	-140.972198
101367.187500	-143.276413
101373.046875	-141.788940
101378.906250	-139.645966
101384.765625	-139.813202
101390.625000	-139.958267
101396.484375	-139.284760
101402.343750	-136.644989
101408.203125	-136.553665
101414.062500	-140.485138
101419.921875	-140.336288
101425.781250	-139.229355
101431.640625	-139.542465
101437.500000	-132.085220
101443.359375	-126.686790
101449.218750	-128.039078
101455.078125	-136.411346
101460.937500	-141.128021
101466.796875	-141.457916
101472.656250	-142.755295
101478.515625	-140.345062
101484.375000	-138.348373
101490.234375	-137.776291
101496.093750	-140.137451
101501.953125	-145.244064
101507.812500	-137.658478
101513.671875	-133.875443
101519.531250	-135.053665
101525.390625	-138.600174
101531.250000	-140.993011
101537.109375	-137.622314
101542.968750	-136.390549
101548.828125	-130.812164
101554.687500	-126.501518
101560.546875	-129.227722
101566.406250	-136.846237
101572.265625	-140.613708
101578.125000	-140.766327
101583.984375	-138.542603
101589.843750	-138.288910
101595.703125	-140.165222
101601.562500	-140.849533
101607.421875	-140.387955
101613.281250	-140.542328
101619.140625	-139.054138
101625.000000	-137.291977
101630.859375	-137.995453
101636.718750	-139.212250
101642.578125	-139.999908
101648.437500	-141.305435
101654.296875	-136.058716
101660.156250	-128.564224
101666.015625	-126.797478
101671.875000	-131.853333
101677.734375	-140.220963
101683.593750	-140.850266
101689.453125	-143.417419
101695.312500	-139.374359
101701.171875	-138.245605
101707.031250	-140.897003
101712.890625	-143.152023
101718.750000	-140.747452
101724.609375	-140.551498
101730.468750	-142.195129
101736.328125	-140.493729
101742.187500	-142.167160
101748.046875	-141.489456
101753.906250	-140.799896
101759.765625	-140.769226
101765.625000	-135.093414
101771.484375	-128.382797
101777.343750	-127.615036
101783.203125	-132.973358
101789.062500	-139.371643
101794.921875	-140.639084
101800.781250	-141.054108
101806.640625	-139.574051
101812.500000	-141.008972
101818.359375	-141.759720
101824.218750	-142.538162
101830.078125	-143.592239
101835.937500	-142.066483
101841.796875	-136.956207
101847.656250	-135.704315
101853.515625	-138.272919
101859.375000	-141.472610
101865.234375	-142.516754
101871.093750	-138.124222
101876.953125	-130.171356
101882.812500	-125.543526
101888.671875	-126.528168
101894.531250	-133.535660
101900.390625	-143.679550
101906.250000	-145.102905
101912.109375	-145.298416
101917.968750	-143.031113
101923.828125	-142.131241
101929.687500	-142.123413
101935.546875	-140.648804
101941.406250	-139.222946
101947.265625	-137.778152
101953.125000	-136.608536
101958.984375	-138.145111
101964.843750	-139.142441
101970.703125	-141.325516
101976.562500	-140.951447
101982.421875	-140.198105
101988.281250	-132.242523
101994.140625	-127.363022
102000.000000	-129.180862
102005.859375	-135.556061
102011.718750	-138.176376
102017.578125	-138.794724
102023.437500	-139.231064
102029.296875	-138.443314
102035.156250	-139.051437
102041.015625	-138.860153
102046.875000	-137.348373
102052.734375	-137.647369
102058.593750	-137.186951
102064.453125	-135.737213
102070.312500	-136.396057
102076.171875	-138.870773
102082.031250	-140.684616
102087.890625	-139.451324
102093.750000	-134.571198
102099.609375	-128.111343
102105.468750	-125.872765
102111.328125	-129.151871
102117.187500	-136.968933
102123.046875	-139.048065
102128.906250	-137.516830
102134.765625	-138.849380
102140.625000	-138.038834
102146.484375	-136.944672
102152.343750	-138.642654
102158.203125	-139.724518
102164.062500	-140.364059
102169.921875	-137.849686
102175.781250	-137.223831
102181.640625	-139.333176
102187.500000	-140.085709
102193.359375	-139.746277
102199.218750	-140.083694
102205.078125	-135.244858
102210.937500	-127.727097
102216.796875	-126.258675
102222.656250	-130.730209
102228.515625	-137.151077
102234.375000	-140.542114
102240.234375	-141.023392
102246.093750	-139.042664
102251.953125	-138.335281
102257.812500	-138.004822
102263.671875	-138.649460
102269.531250	-138.107910
102275.390625	-137.946091
102281.250000	-137.968491
102287.109375	-139.279251
102292.968750	-141.229935
102298.828125	-140.018158
102304.687500	-139.612961
102310.546875	-139.723129
102316.406250	-134.308075
102322.265625	-128.205841
102328.125000	-128.115540
102333.984375	-133.416260
102339.843750	-136.933884
102345.703125	-140.357162
102351.562500	-139.539825
102357.421875	-136.941116
102363.281250	-136.880981
102369.140625	-138.721207
102375.000000	-139.371780
102380.859375	-138.270859
102386.718750	-138.446976
102392.578125	-136.454651
102398.437500	-136.349854
102404.296875	-138.693069
102410.156250	-139.218948
102416.015625	-137.508865
102421.875000	-136.540237
102427.734375	-130.273026
102433.593750	-125.594078
102439.453125	-127.181786
102445.312500	-135.067062
102451.171875	-139.061447
102457.031250	-138.153549
102462.890625	-139.840897
102468.750000	-140.541260
102474.609375	-138.793259
102480.468750	-140.832062
102486.328125	-141.446030
102492.187500	-140.084763
102498.046875	-138.420349
102503.906250	-136.019211
102509.765625	-137.134079
102515.625000	-142.705246
102521.484375	-145.065399
102527.343750	-142.796417
102533.203125	-142.007385
102539.062500	-130.649902
102544.921875	-126.688866
102550.781250	-129.332901
102556.640625	-136.810532
102562.500000	-140.376205
102568.359375	-139.104721
102574.218750	-140.832840
102580.078125	-143.714813
102585.937500	-141.543472
102591.796875	-141.612350
102597.656250	-143.388626
102603.515625	-143.231323
102609.375000	-137.880371
102615.234375	-134.706345
102621.093750	-136.264755
102626.953125	-139.852295
102632.812500	-139.683380
102638.671875	-137.993988
102644.531250	-135.463593
102650.390625	-128.405731
102656.250000	-126.826836
102662.109375	-132.013763
102667.968750	-141.998657
102673.828125	-142.764709
102679.687500	-142.344681
102685.546875	-141.207474
102691.406250	-140.255188
102697.265625	-139.542282
102703.125000	-139.242126
102708.984375	-137.189880
102714.843750	-136.897888
102720.703125	-137.047852
102726.562500	-138.379379
102732.421875	-144.624390
102738.281250	-144.425018
102744.140625	-143.099106
102750.000000	-142.843201
102755.859375	-135.796021
102761.718750	-128.198105
102767.578125	-127.358147
102773.437500	-132.530151
102779.296875	-140.270325
102785.156250	-142.741959
102791.015625	-141.731598
102796.875000	-138.506210
102802.734375	-136.818207
102808.593750	-139.138184
102814.453125	-142.505707
102820.312500	-138.315628
102826.171875	-136.044998
102832.031250	-134.720779
102837.890625	-134.933090
102843.750000	-136.917419
102849.609375	-140.348083
102855.468750	-143.388214
102861.328125	-140.331360
102867.187500	-133.717392
102873.046875	-127.439743
102878.906250	-127.897919
102884.765625	-134.111603
102890.625000	-139.080292
102896.484375	-138.836487
102902.343750	-139.387711
102908.203125	-142.563324
102914.062500	-142.626953
102919.921875	-139.115646
102925.781250	-139.054794
102931.640625	-139.481354
102937.500000	-138.163727
102943.359375	-135.186813
102949.218750	-136.021698
102955.078125	-141.290161
102960.937500	-142.967178
102966.796875	-141.781494
102972.656250	-140.643829
102978.515625	-129.736053
102984.375000	-125.532372
102990.234375	-128.162994
102996.093750	-137.592072
103001.953125	-143.232208
103007.812500	-143.553085
103013.671875	-142.902161
103019.531250	-138.425278
103025.390625	-137.101517
103031.250000	-138.631302
103037.109375	-138.346024
103042.968750	-139.432205
103048.828125	-140.250656
103054.687500	-137.140167
103060.546875	-138.647888
103066.406250	-141.328659
103072.265625	-140.504486
103078.125000	-139.353577
103083.984375	-138.334106
103089.843750	-129.140106
103095.703125	-126.120018
103101.562500	-130.286804
103107.421875	-136.627838
103113.281250	-135.904694
103119.140625	-136.114426
103125.000000	-135.342316
103130.859375	-134.948898
103136.718750	-136.637421
103142.578125	-138.718689
103148.437500	-137.097366
103154.296875	-136.549774
103160.156250	-136.060638
103166.015625	-135.362869
103171.875000	-137.633392
103177.734375	-139.504410
103183.593750	-140.010635
103189.453125	-140.305008
103195.312500	-133.215866
103201.171875	-126.939003
103207.031250	-126.105309
103212.890625	-131.057358
103218.750000	-139.273499
103224.609375	-142.657547
103230.468750	-139.804077
103236.328125	-136.853989
103242.187500	-135.410278
103248.046875	-135.930893
103253.906250	-137.676422
103259.765625	-137.768570
103265.625000	-138.947845
103271.484375	-135.654434
103277.343750	-134.936813
103283.203125	-138.875671
103289.062500	-143.291168
103294.921875	-142.367172
103300.781250	-138.955109
103306.640625	-132.217117
103312.500000	-127.010391
103318.359375	-127.503944
103324.218750	-133.783997
103330.078125	-142.124908
103335.937500	-143.718262
103341.796875	-141.203156
103347.656250	-141.231689
103353.515625	-138.857147
103359.375000	-138.894241
103365.234375	-140.407410
103371.093750	-142.248306
103376.953125	-138.801544
103382.812500	-134.085968
103388.671875	-135.089554
103394.531250	-142.565811
103400.390625	-144.402161
103406.250000	-142.209198
103412.109375	-140.608810
103417.968750	-131.264130
103423.828125	-126.690231
103429.687500	-128.617157
103435.546875	-136.522232
103441.406250	-141.311920
103447.265625	-139.415787
103453.125000	-138.682693
103458.984375	-138.341965
103464.843750	-138.768936
103470.703125	-139.522537
103476.562500	-138.647339
103482.421875	-138.752426
103488.281250	-136.515640
103494.140625	-133.972336
103500.000000	-135.243500
103505.859375	-139.864868
103511.718750	-141.653900
103517.578125	-142.414902
103523.437500	-137.349503
103529.296875	-129.701065
103535.156250	-127.131958
103541.015625	-131.220688
103546.875000	-138.623550
103552.734375	-138.137375
103558.593750	-140.774918
103564.453125	-144.655762
103570.312500	-142.445633
103576.171875	-140.885742
103582.031250	-141.633621
103587.890625	-140.906036
103593.750000	-139.805298
103599.609375	-136.683975
103605.468750	-135.046143
103611.328125	-135.996490
103617.187500	-138.248413
103623.046875	-139.957428
103628.906250	-139.909454
103634.765625	-135.907639
103640.625000	-127.477463
103646.484375	-125.491966
103652.343750	-129.918243
103658.203125	-139.847000
103664.062500	-141.186508
103669.921875	-138.981125
103675.781250	-137.225555
103681.640625	-137.649460
103687.500000	-141.762741
103693.359375	-142.510712
103699.218750	-138.899338
103705.078125	-139.800232
103710.937500	-138.122513
103716.796875	-136.630447
103722.656250	-139.683395
103728.515625	-142.011017
103734.375000	-144.682846
103740.234375	-141.248993
103746.093750	-133.637375
103751.953125	-127.105080
103757.812500	-127.101463
103763.671875	-133.614594
103769.531250	-139.480087
103775.390625	-140.484207
103781.250000	-142.733093
103787.109375	-140.241486
103792.968750	-137.649002
103798.828125	-140.533890
103804.687500	-144.436386
103810.546875	-139.787460
103816.406250	-138.959534
103822.265625	-138.635269
103828.125000	-137.163956
103833.984375	-137.170898
103839.843750	-139.039291
103845.703125	-141.583313
103851.562500	-138.477081
103857.421875	-130.869385
103863.281250	-125.427925
103869.140625	-126.296448
103875.000000	-132.458221
103880.859375	-137.407227
103886.718750	-137.435272
103892.578125	-138.775696
103898.437500	-141.996994
103904.296875	-141.057678
103910.156250	-139.236816
103916.015625	-137.963181
103921.875000	-137.591843
103927.734375	-137.926819
103933.593750	-137.680496
103939.453125	-138.978058
103945.312500	-139.430695
103951.171875	-137.409073
103957.031250	-137.084702
103962.890625	-135.709702
103968.750000	-129.013321
103974.609375	-125.820290
103980.468750	-128.923477
103986.328125	-136.850250
103992.187500	-139.266403
103998.046875	-138.436386
104003.906250	-137.076080
104009.765625	-135.566940
104015.625000	-135.936951
104021.484375	-140.381607
104027.343750	-141.263290
104033.203125	-138.767242
104039.062500	-136.077789
104044.921875	-135.413605
104050.781250	-139.330917
104056.640625	-143.274933
104062.500000	-143.954849
104068.359375	-143.905991
104074.218750	-139.724487
104080.078125	-129.412949
104085.937500	-126.645233
104091.796875	-130.573303
104097.656250	-138.427658
104103.515625	-140.023621
104109.375000	-142.689926
104115.234375	-142.593628
104121.093750	-140.460632
104126.953125	-141.613510
104132.812500	-141.414352
104138.671875	-140.569260
104144.531250	-139.122406
104150.390625	-135.790436
104156.250000	-135.462708
104162.109375	-137.353424
104167.968750	-139.549072
104173.828125	-141.407425
104179.687500	-139.239090
104185.546875	-132.809753
104191.406250	-126.525299
104197.265625	-125.857872
104203.125000	-131.166016
104208.984375	-139.971085
104214.843750	-141.091339
104220.703125	-140.239716
104226.562500	-142.680466
104232.421875	-142.468491
104238.281250	-140.805038
104244.140625	-140.722458
104250.000000	-143.597015
104255.859375	-141.933075
104261.718750	-135.385040
104267.578125	-134.930237
104273.437500	-140.378464
104279.296875	-141.725693
104285.156250	-139.349411
104291.015625	-137.711761
104296.875000	-131.383041
104302.734375	-126.883423
104308.593750	-128.133270
104314.453125	-136.333267
104320.312500	-143.229721
104326.171875	-144.179642
104332.031250	-146.993240
104337.890625	-143.946518
104343.750000	-142.728470
104349.609375	-142.826599
104355.468750	-142.525452
104361.328125	-140.183167
104367.187500	-137.121780
104373.046875	-136.033951
104378.906250	-137.356079
104384.765625	-139.216293
104390.625000	-140.052383
104396.484375	-142.219482
104402.343750	-139.070419
104408.203125	-129.450089
104414.062500	-125.066414
104419.921875	-127.409584
104425.781250	-137.309723
104431.640625	-143.663757
104437.500000	-141.434402
104443.359375	-138.003845
104449.218750	-135.332687
104455.078125	-134.453201
104460.937500	-135.337372
104466.796875	-137.917496
104472.656250	-140.981232
104478.515625	-140.953583
104484.375000	-137.153870
104490.234375	-140.025803
104496.093750	-144.305557
104501.953125	-138.924500
104507.812500	-138.325897
104513.671875	-138.019363
104519.531250	-127.756348
104525.390625	-124.557671
104531.250000	-128.869736
104537.109375	-142.530106
104542.968750	-143.031189
104548.828125	-143.168076
104554.687500	-140.929230
104560.546875	-137.455673
104566.406250	-136.976303
104572.265625	-139.232788
104578.125000	-139.268417
104583.984375	-138.808640
104589.843750	-137.658676
104595.703125	-136.270828
104601.562500	-138.081726
104607.421875	-140.520218
104613.281250	-140.451416
104619.140625	-139.925140
104625.000000	-135.302841
104630.859375	-127.394684
104636.718750	-126.043442
104642.578125	-131.130264
104648.437500	-138.354721
104654.296875	-137.645844
104660.156250	-138.325867
104666.015625	-141.901077
104671.875000	-143.275726
104677.734375	-144.534866
104683.593750	-141.227539
104689.453125	-141.604080
104695.312500	-143.165436
104701.171875	-137.331375
104707.031250	-136.034805
104712.890625	-139.013596
104718.750000	-139.117050
104724.609375	-139.615921
104730.468750	-138.790939
104736.328125	-130.502686
104742.187500	-125.006424
104748.046875	-125.316605
104753.906250	-131.711838
104759.765625	-139.291901
104765.625000	-140.017715
104771.484375	-141.480286
104777.343750	-139.732315
104783.203125	-137.017944
104789.062500	-139.062531
104794.921875	-140.442505
104800.781250	-140.434738
104806.640625	-138.350021
104812.500000	-135.760223
104818.359375	-135.536636
104824.218750	-136.997360
104830.078125	-137.397842
104835.937500	-138.561005
104841.796875	-138.345367
104847.656250	-130.531784
104853.515625	-126.047729
104859.375000	-127.616554
104865.234375	-134.746277
104871.093750	-142.160660
104876.953125	-143.055862
104882.812500	-140.496155
104888.671875	-139.682663
104894.531250	-138.771301
104900.390625	-137.850418
104906.250000	-141.043320
104912.109375	-144.186447
104917.968750	-141.370850
104923.828125	-137.155182
104929.687500	-137.657181
104935.546875	-139.405807
104941.406250	-140.610229
104947.265625	-143.259766
104953.125000	-136.583649
104958.984375	-127.788857
104964.843750	-124.625923
104970.703125	-128.150650
104976.562500	-138.204926
104982.421875	-139.483459
104988.281250	-139.928146
104994.140625	-141.222565
105000.000000	-141.761444
105005.859375	-140.327148
105011.718750	-140.839203
105017.578125	-143.330597
105023.437500	-142.442215
105029.296875	-139.319611
105035.156250	-136.177826
105041.015625	-136.202896
105046.875000	-137.607452
105052.734375	-139.008804
105058.593750	-140.595749
105064.453125	-135.861221
105070.312500	-126.417229
105076.171875	-124.267433
105082.031250	-129.059631
105087.890625	-139.585037
105093.750000	-143.775940
105099.609375	-142.557053
105105.468750	-138.417847
105111.328125	-137.251389
105117.187500	-138.379044
105123.046875	-140.066956
105128.906250	-142.079224
105134.765625	-143.937347
105140.625000	-139.261276
105146.484375	-137.036331
105152.343750	-139.271255
105158.203125	-141.903610
105164.062500	-142.098206
105169.921875	-139.011169
105175.781250	-131.640274
105181.640625	-125.305786
105187.500000	-124.977928
105193.359375	-131.519424
105199.218750	-142.890213
105205.078125	-142.238419
105210.937500	-142.498840
105216.796875	-139.087112
105222.656250	-137.420258
105228.515625	-137.164902
105234.375000	-137.112991
105240.234375	-137.144485
105246.093750	-137.100754
105251.953125	-137.010727
105257.812500	-137.923248
105263.671875	-140.429810
105269.531250	-142.408493
105275.390625	-143.657120
105281.250000	-141.587341
105287.109375	-131.059509
105292.968750	-124.963997
105298.828125	-126.036613
105304.687500	-134.479080
105310.546875	-140.335327
105316.406250	-141.333176
105322.265625	-142.445099
105328.125000	-141.673569
105333.984375	-138.599304
105339.843750	-136.701965
105345.703125	-137.865662
105351.562500	-141.423615
105357.421875	-141.836823
105363.281250	-140.958939
105369.140625	-145.004272
105375.000000	-143.065567
105380.859375	-140.685974
105386.718750	-142.578415
105392.578125	-141.746063
105398.437500	-129.570282
105404.296875	-124.812889
105410.156250	-127.541122
105416.015625	-138.357422
105421.875000	-144.793060
105427.734375	-143.009033
105433.593750	-142.639267
105439.453125	-141.221924
105445.312500	-138.507233
105451.171875	-139.849075
105457.031250	-141.655182
105462.890625	-140.175095
105468.750000	-137.181244
105474.609375	-137.544876
105480.468750	-139.699997
105486.328125	-139.726166
105492.187500	-139.844574
105498.046875	-139.377502
105503.906250	-134.054474
105509.765625	-125.622681
105515.625000	-123.014381
105521.484375	-126.821892
105527.343750	-136.260284
105533.203125	-139.900040
105539.062500	-141.997467
105544.921875	-141.573730
105550.781250	-139.730255
105556.640625	-140.540985
105562.500000	-143.385345
105568.359375	-149.159668
105574.218750	-144.418411
105580.078125	-139.283661
105585.937500	-137.247025
105591.796875	-138.435150
105597.656250	-140.023087
105603.515625	-140.807663
105609.375000	-141.017181
105615.234375	-133.151474
105621.093750	-125.256432
105626.953125	-123.970070
105632.812500	-129.090546
105638.671875	-137.207291
105644.531250	-138.459671
105650.390625	-140.678314
105656.250000	-146.202652
105662.109375	-143.562943
105667.968750	-139.549866
105673.828125	-138.075195
105679.687500	-137.328903
105685.546875	-139.219879
105691.406250	-140.955734
105697.265625	-139.493301
105703.125000	-141.775085
105708.984375	-142.838562
105714.843750	-140.713699
105720.703125	-139.381195
105726.562500	-130.670761
105732.421875	-124.600693
105738.281250	-124.892479
105744.140625	-131.264587
105750.000000	-139.361008
105755.859375	-142.455734
105761.718750	-138.320663
105767.578125	-136.799744
105773.437500	-139.251312
105779.296875	-138.815292
105785.156250	-138.140503
105791.015625	-140.327759
105796.875000	-141.448593
105802.734375	-140.392532
105808.593750	-139.440170
105814.453125	-139.887939
105820.312500	-142.712006
105826.171875	-143.857819
105832.031250	-137.218903
105837.890625	-128.032089
105843.750000	-123.863533
105849.609375	-126.020004
105855.468750	-135.095688
105861.328125	-142.588837
105867.187500	-143.188354
105873.046875	-141.213821
105878.906250	-139.439545
105884.765625	-138.540344
105890.625000	-138.878372
105896.484375	-139.553253
105902.343750	-139.028152
105908.203125	-137.691513
105914.062500	-136.345047
105919.921875	-139.082413
105925.781250	-144.532333
105931.640625	-142.312729
105937.500000	-140.569656
105943.359375	-135.035065
105949.218750	-126.416641
105955.078125	-123.356941
105960.937500	-127.009010
105966.796875	-137.159409
105972.656250	-139.758926
105978.515625	-140.553497
105984.375000	-139.815277
105990.234375	-138.101730
105996.093750	-137.665192
106001.953125	-138.609634
106007.812500	-141.051025
106013.671875	-139.823013
106019.531250	-138.029633
106025.390625	-136.812912
106031.250000	-139.270157
106037.109375	-141.399734
106042.968750	-142.103912
106048.828125	-137.962402
106054.687500	-131.586273
106060.546875	-124.752739
106066.406250	-123.395805
106072.265625	-128.573059
106078.125000	-139.165070
106083.984375	-139.755295
106089.843750	-138.153580
106095.703125	-141.423935
106101.562500	-142.923340
106107.421875	-143.713120
106113.281250	-142.380478
106119.140625	-142.117020
106125.000000	-145.594070
106130.859375	-138.719101
106136.718750	-137.074509
106142.578125	-142.170959
106148.437500	-144.355118
106154.296875	-139.679443
106160.156250	-138.148605
106166.015625	-130.491043
106171.875000	-123.782333
106177.734375	-123.830177
106183.593750	-131.214630
106189.453125	-139.188538
106195.312500	-138.186447
106201.171875	-137.970306
106207.031250	-138.880280
106212.890625	-138.176865
106218.750000	-138.736847
106224.609375	-143.538300
106230.468750	-143.805038
106236.328125	-138.547165
106242.187500	-135.160309
106248.046875	-136.141159
106253.906250	-137.976685
106259.765625	-137.842331
106265.625000	-137.737488
106271.484375	-136.914230
106277.343750	-127.799126
106283.203125	-122.661644
106289.062500	-124.082108
106294.921875	-132.328598
106300.781250	-138.914902
106306.640625	-139.022995
106312.500000	-139.401337
106318.359375	-140.702148
106324.218750	-139.924515
106330.078125	-140.975159
106335.937500	-139.939041
106341.796875	-139.019699
106347.656250	-138.338120
106353.515625	-137.176514
106359.375000	-139.367783
106365.234375	-143.060944
106371.093750	-141.701385
106376.953125	-142.847855
106382.812500	-135.167587
106388.671875	-125.521721
106394.531250	-121.866562
106400.390625	-124.838829
106406.250000	-134.548492
106412.109375	-142.384872
106417.968750	-140.095734
106423.828125	-139.563599
106429.687500	-142.161407
106435.546875	-141.174301
106441.406250	-139.062485
106447.265625	-138.299637
106453.125000	-139.043350
106458.984375	-140.366959
106464.843750	-138.978836
106470.703125	-139.344803
106476.562500	-138.155701
106482.421875	-137.349915
106488.281250	-138.933716
106494.140625	-134.275513
106500.000000	-123.776619
106505.859375	-121.045677
106511.718750	-124.906136
106517.578125	-134.314804
106523.437500	-139.954468
106529.296875	-139.887955
106535.156250	-139.906525
106541.015625	-139.689301
106546.875000	-139.308655
106552.734375	-142.217239
106558.593750	-141.752045
106564.453125	-143.127747
106570.312500	-142.574493
106576.171875	-140.314804
106582.031250	-142.781418
106587.890625	-144.121155
106593.750000	-145.783005
106599.609375	-143.517914
106605.468750	-129.812286
106611.328125	-121.980278
106617.187500	-121.267036
106623.046875	-127.665634
106628.906250	-138.473206
106634.765625	-140.680420
106640.625000	-142.073334
106646.484375	-140.461609
106652.343750	-137.171661
106658.203125	-136.539795
106664.062500	-137.963593
106669.921875	-141.072952
106675.781250	-142.553741
106681.640625	-138.810608
106687.500000	-138.427902
106693.359375	-141.144592
106699.218750	-141.540176
106705.078125	-140.323822
106710.937500	-137.372879
106716.796875	-126.498894
106722.656250	-120.421745
106728.515625	-121.211807
106734.375000	-129.591446
106740.234375	-138.583328
106746.093750	-137.617737
106751.953125	-137.813492
106757.812500	-136.823624
106763.671875	-137.420471
106769.531250	-139.697952
106775.390625	-143.827744
106781.250000	-143.854645
106787.109375	-140.103775
106792.968750	-138.562912
106798.828125	-140.355774
106804.687500	-143.542542
106810.546875	-145.476151
106816.406250	-146.468018
106822.265625	-136.168762
106828.125000	-123.491501
106833.984375	-118.792252
106839.843750	-120.908958
106845.703125	-130.188446
106851.562500	-141.697342
106857.421875	-142.145233
106863.281250	-139.544708
106869.140625	-137.660873
106875.000000	-137.958557
106880.859375	-138.166275
106886.718750	-140.080933
106892.578125	-140.860123
106898.437500	-137.803970
106904.296875	-137.583115
106910.156250	-139.325699
106916.015625	-140.821411
106921.875000	-142.919296
106927.734375	-140.773438
106933.593750	-128.904922
106939.453125	-119.267555
106945.312500	-116.310829
106951.171875	-119.690254
106957.031250	-128.813217
106962.890625	-137.091797
106968.750000	-139.627563
106974.609375	-140.540009
106980.468750	-138.027191
106986.328125	-137.442276
106992.187500	-139.975189
106998.046875	-138.983704
107003.906250	-138.513672
107009.765625	-137.801666
107015.625000	-137.376968
107021.484375	-139.122131
107027.343750	-139.597931
107033.203125	-139.881439
107039.062500	-137.937561
107044.921875	-126.294289
107050.781250	-117.714218
107056.640625	-116.162628
107062.500000	-121.413719
107068.359375	-134.023148
107074.218750	-140.871017
107080.078125	-143.654343
107085.937500	-142.537003
107091.796875	-142.930969
107097.656250	-145.383301
107103.515625	-147.674850
107109.375000	-143.054764
107115.234375	-139.493912
107121.093750	-138.313416
107126.953125	-137.970566
107132.812500	-140.638580
107138.671875	-141.116272
107144.531250	-141.950684
107150.390625	-139.548248
107156.250000	-126.778992
107162.109375	-119.951630
107167.968750	-119.986336
107173.828125	-126.669312
107179.687500	-137.495773
107185.546875	-139.173889
107191.406250	-139.283676
107197.265625	-139.486237
107203.125000	-138.963776
107208.984375	-140.582169
107214.843750	-147.213028
107220.703125	-142.774780
107226.562500	-138.658112
107232.421875	-136.725357
107238.281250	-137.720612
107244.140625	-141.842804
107250.000000	-141.569489
107255.859375	-140.858292
107261.718750	-135.207718
107267.578125	-124.712151
107273.437500	-119.913361
107279.296875	-121.390022
107285.156250	-129.375305
107291.015625	-141.172272
107296.875000	-139.543427
107302.734375	-138.801468
107308.593750	-140.412415
107314.453125	-136.987503
107320.312500	-136.505264
107326.171875	-137.497360
107332.031250	-139.638809
107337.890625	-139.916107
107343.750000	-139.916428
107349.609375	-142.014755
107355.468750	-143.860443
107361.328125	-142.381927
107367.187500	-140.185257
107373.046875	-134.143860
107378.906250	-124.498955
107384.765625	-121.060562
107390.625000	-124.114944
107396.484375	-133.517242
107402.343750	-140.761810
107408.203125	-138.737976
107414.062500	-136.589951
107419.921875	-137.108475
107425.781250	-138.437088
107431.640625	-139.836060
107437.500000	-142.211807
107443.359375	-143.290710
107449.218750	-140.628418
107455.078125	-136.728638
107460.937500	-138.100113
107466.796875	-142.309036
107472.656250	-144.307938
107478.515625	-142.449463
107484.375000	-131.667450
107490.234375	-123.372803
107496.093750	-121.422455
107501.953125	-125.819786
107507.812500	-134.945084
107513.671875	-137.647797
107519.531250	-139.028336
107525.390625	-138.775650
107531.250000	-136.839066
107537.109375	-136.191772
107542.968750	-137.212585
107548.828125	-141.069534
107554.687500	-143.061920
107560.546875	-137.945862
107566.406250	-135.755692
107572.265625	-136.812592
107578.125000	-139.553009
107583.984375	-141.981430
107589.843750	-140.711411
107595.703125	-131.235062
107601.562500	-124.284294
107607.421875	-123.752396
107613.281250	-129.816818
107619.140625	-140.198486
107625.000000	-141.500809
107630.859375	-144.004761
107636.718750	-143.890793
107642.578125	-140.071625
107648.437500	-138.981766
107654.296875	-139.888168
107660.156250	-141.695114
107666.015625	-140.970352
107671.875000	-139.420181
107677.734375	-139.794647
107683.593750	-141.576691
107689.453125	-141.295563
107695.312500	-139.487366
107701.171875	-137.034866
107707.031250	-129.310822
107712.890625	-123.703171
107718.750000	-124.470871
107724.609375	-131.529022
107730.468750	-138.245804
107736.328125	-139.936798
107742.187500	-143.101196
107748.046875	-140.320404
107753.906250	-139.316467
107759.765625	-141.688034
107765.625000	-143.852722
107771.484375	-144.727859
107777.343750	-140.554596
107783.203125	-137.872116
107789.062500	-137.314758
107794.921875	-138.983627
107800.781250	-139.254181
107806.640625	-139.429047
107812.500000	-138.604645
107818.359375	-127.082474
107824.218750	-122.645981
107830.078125	-125.113960
107835.937500	-134.068878
107841.796875	-137.329697
107847.656250	-137.942062
107853.515625	-136.025330
107859.375000	-136.041794
107865.234375	-137.453735
107871.093750	-138.125778
107876.953125	-139.595261
107882.812500	-140.203613
107888.671875	-139.603683
107894.531250	-136.861893
107900.390625	-138.949326
107906.250000	-144.029022
107912.109375	-142.649811
107917.968750	-142.699860
107923.828125	-135.462448
107929.687500	-126.334915
107935.546875	-123.796860
107941.406250	-128.115875
107947.265625	-138.119400
107953.125000	-138.771118
107958.984375	-138.033768
107964.843750	-138.193344
107970.703125	-140.448486
107976.562500	-144.381271
107982.421875	-144.483093
107988.281250	-138.810928
107994.140625	-138.048950
108000.000000	-137.520752
108005.859375	-138.119080
108011.718750	-141.001907
108017.578125	-140.403183
108023.437500	-139.914261
108029.296875	-138.858932
108035.156250	-132.523575
108041.015625	-125.290779
108046.875000	-123.959908
108052.734375	-128.872772
108058.593750	-138.571747
108064.453125	-141.745514
108070.312500	-142.977524
108076.171875	-141.196152
108082.031250	-140.163666
108087.890625	-139.509598
108093.750000	-139.936356
108099.609375	-138.697952
108105.468750	-137.535736
108111.328125	-136.849762
108117.187500	-136.580292
108123.046875	-138.064087
108128.906250	-139.162582
108134.765625	-140.743408
108140.625000	-138.976212
108146.484375	-130.457291
108152.343750	-124.934906
108158.203125	-125.268143
108164.062500	-131.377335
108169.921875	-138.367050
108175.781250	-139.662354
108181.640625	-138.881531
108187.500000	-138.509796
108193.359375	-138.733826
108199.218750	-139.022491
108205.078125	-141.126953
108210.937500	-143.982513
108216.796875	-141.782120
108222.656250	-136.658096
108228.515625	-136.768143
108234.375000	-140.644272
108240.234375	-142.288681
108246.093750	-140.833206
108251.953125	-136.883926
108257.812500	-129.186172
108263.671875	-124.967010
108269.531250	-127.056740
108275.390625	-135.890884
108281.250000	-141.687927
108287.109375	-138.702972
108292.968750	-137.621384
108298.828125	-139.567596
108304.687500	-141.744598
108310.546875	-140.512650
108316.406250	-142.013443
108322.265625	-144.236038
108328.125000	-143.412018
108333.984375	-139.062973
108339.843750	-136.941010
108345.703125	-138.339630
108351.562500	-141.136108
108357.421875	-144.743240
108363.281250	-137.851776
108369.140625	-127.594116
108375.000000	-124.402199
108380.859375	-127.627975
108386.718750	-136.089264
108392.578125	-139.034912
108398.437500	-138.961044
108404.296875	-140.857452
108410.156250	-139.724686
108416.015625	-137.870178
108421.875000	-139.720505
108427.734375	-141.830322
108433.593750	-139.207367
108439.453125	-138.010086
108445.312500	-138.201065
108451.171875	-139.197098
108457.031250	-140.848053
108462.890625	-139.670822
108468.750000	-139.009659
108474.609375	-134.231934
108480.468750	-127.644707
108486.328125	-126.483414
108492.187500	-132.042404
108498.046875	-142.564224
108503.906250	-141.187576
108509.765625	-141.176971
108515.625000	-140.088974
108521.484375	-139.978363
108527.343750	-141.120239
108533.203125	-142.665176
108539.062500	-141.274231
108544.921875	-141.946747
108550.781250	-141.838501
108556.640625	-140.646851
108562.500000	-145.338394
108568.359375	-146.562317
108574.218750	-140.720398
108580.078125	-140.255081
108585.937500	-135.490295
108591.796875	-127.914330
108597.656250	-127.348122
108603.515625	-133.127502
108609.375000	-138.715744
108615.234375	-140.097260
108621.093750	-140.090134
108626.953125	-137.563171
108632.812500	-137.022308
108638.671875	-138.568100
108644.531250	-141.540100
108650.390625	-141.519424
108656.250000	-140.866531
108662.109375	-138.919907
108667.968750	-137.450882
108673.828125	-138.254196
108679.687500	-142.213882
108685.546875	-144.505630
108691.406250	-139.675629
108697.265625	-130.962402
108703.125000	-126.224518
108708.984375	-127.421402
108714.843750	-134.912262
108720.703125	-140.796677
108726.562500	-139.236267
108732.421875	-139.950897
108738.281250	-140.295120
108744.140625	-140.223984
108750.000000	-141.295853
108755.859375	-141.274261
108761.718750	-140.743317
108767.578125	-141.790268
108773.437500	-142.937546
108779.296875	-141.794891
108785.156250	-139.167206
108791.015625	-137.337219
108796.875000	-138.071564
108802.734375	-142.111404
108808.593750	-131.422043
108814.453125	-126.360443
108820.312500	-128.826019
108826.171875	-136.518295
108832.031250	-139.679428
108837.890625	-142.944275
108843.750000	-143.923218
108849.609375	-140.382446
108855.468750	-139.338959
108861.328125	-142.517349
108867.187500	-139.470795
108873.046875	-140.588684
108878.906250	-145.315186
108884.765625	-144.065277
108890.625000	-145.665894
108896.484375	-140.568329
108902.343750	-138.224380
108908.203125	-138.668686
108914.062500	-136.557327
108919.921875	-129.191467
108925.781250	-126.413933
108931.640625	-129.450317
108937.500000	-136.662231
108943.359375	-138.728012
108949.218750	-139.535370
108955.078125	-138.737625
108960.937500	-138.411453
108966.796875	-139.211243
108972.656250	-140.312317
108978.515625	-141.132889
108984.375000	-139.649582
108990.234375	-138.925201
108996.093750	-138.432037
109001.953125	-140.037231
109007.812500	-142.824768
109013.671875	-140.882538
109019.531250	-141.048004
109025.390625	-137.010239
109031.250000	-128.464798
109037.109375	-127.028152
109042.968750	-132.344955
109048.828125	-138.970978
109054.687500	-141.915375
109060.546875	-143.878372
109066.406250	-141.931793
109072.265625	-139.324707
109078.125000	-139.620239
109083.984375	-141.156647
109089.843750	-138.891937
109095.703125	-139.205582
109101.562500	-137.639160
109107.421875	-136.402130
109113.281250	-138.236526
109119.140625	-139.939606
109125.000000	-140.091812
109130.859375	-137.857483
109136.718750	-131.795166
109142.578125	-127.233200
109148.437500	-127.999771
109154.296875	-134.321350
109160.156250	-141.890060
109166.015625	-141.553879
109171.875000	-139.385452
109177.734375	-138.960846
109183.593750	-139.980286
109189.453125	-142.490524
109195.312500	-146.322647
109201.171875	-143.031677
109207.031250	-140.268509
109212.890625	-137.276230
109218.750000	-136.858658
109224.609375	-137.787323
109230.468750	-137.746429
109236.328125	-137.399841
109242.187500	-135.558990
109248.046875	-130.080917
109253.906250	-127.216209
109259.765625	-129.908997
109265.625000	-138.131836
109271.484375	-141.533798
109277.343750	-142.749161
109283.203125	-144.615723
109289.062500	-143.029282
109294.921875	-141.698181
109300.781250	-142.324600
109306.640625	-143.135330
109312.500000	-142.194794
109318.359375	-139.945618
109324.218750	-138.766617
109330.078125	-141.379196
109335.937500	-139.601242
109341.796875	-138.612610
109347.656250	-140.850204
109353.515625	-140.072311
109359.375000	-129.902512
109365.234375	-126.405418
109371.093750	-129.027084
109376.953125	-135.158508
109382.812500	-140.415161
109388.671875	-141.389420
109394.531250	-141.272125
109400.390625	-141.024078
109406.250000	-139.695969
109412.109375	-139.794601
109417.968750	-141.412186
109423.828125	-141.242905
109429.687500	-139.213745
109435.546875	-139.064575
109441.406250	-139.117203
109447.265625	-142.201248
109453.125000	-145.423477
109458.984375	-143.169067
109464.843750	-136.135391
109470.703125	-129.042679
109476.562500	-127.745056
109482.421875	-133.189087
109488.281250	-141.155685
109494.140625	-143.544800
109500.000000	-143.666733
109505.859375	-138.670197
109511.718750	-137.696243
109517.578125	-140.581543
109523.437500	-143.927231
109529.296875	-141.276566
109535.156250	-139.399826
109541.015625	-138.481995
109546.875000	-138.914185
109552.734375	-138.802048
109558.593750	-138.175461
109564.453125	-139.992737
109570.312500	-141.615982
109576.171875	-136.049408
109582.031250	-128.813950
109587.890625	-128.203491
109593.750000	-133.259918
109599.609375	-138.030975
109605.468750	-137.205765
109611.328125	-138.710251
109617.187500	-140.694885
109623.046875	-141.023453
109628.906250	-139.800797
109634.765625	-138.589569
109640.625000	-138.357758
109646.484375	-138.756271
109652.343750	-136.742264
109658.203125	-136.503128
109664.062500	-138.285416
109669.921875	-139.444443
109675.781250	-139.536957
109681.640625	-138.606094
109687.500000	-131.493637
109693.359375	-127.254692
109699.218750	-129.069168
109705.078125	-137.028412
109710.937500	-138.733856
109716.796875	-138.747375
109722.656250	-140.532928
109728.515625	-139.479950
109734.375000	-137.843719
109740.234375	-138.958527
109746.093750	-142.277679
109751.953125	-144.513214
109757.812500	-142.019760
109763.671875	-137.535645
109769.531250	-138.560715
109775.390625	-143.059631
109781.250000	-142.752075
109787.109375	-142.477112
109792.968750	-140.088104
109798.828125	-132.059235
109804.687500	-128.446060
109810.546875	-131.172150
109816.406250	-138.315247
109822.265625	-142.216476
109828.125000	-141.326538
109833.984375	-140.163559
109839.843750	-136.649765
109845.703125	-134.562180
109851.562500	-137.148819
109857.421875	-142.242401
109863.281250	-143.125793
109869.140625	-139.354034
109875.000000	-138.345535
109880.859375	-138.382523
109886.718750	-139.836136
109892.578125	-143.166641
109898.437500	-145.541077
109904.296875	-139.848770
109910.156250	-130.749420
109916.015625	-128.403809
109921.875000	-132.768997
109927.734375	-141.903854
109933.593750	-140.670303
109939.453125	-138.740295
109945.312500	-138.688385
109951.171875	-138.526672
109957.031250	-140.391525
109962.890625	-142.196854
109968.750000	-141.170044
109974.609375	-141.395477
109980.468750	-140.357147
109986.328125	-140.260223
109992.187500	-140.633820
109998.046875	-138.794098
110003.906250	-138.704071
110009.765625	-140.075165
110015.625000	-134.467072
110021.484375	-127.554192
110027.343750	-126.753838
110033.203125	-131.919662
110039.062500	-139.371201
110044.921875	-140.662018
110050.781250	-143.225143
110056.640625	-143.611862
110062.500000	-140.269531
110068.359375	-140.763367
110074.218750	-141.667801
110080.078125	-139.201752
110085.937500	-140.000061
110091.796875	-141.533615
110097.656250	-140.629547
110103.515625	-141.301254
110109.375000	-142.036194
110115.234375	-139.465744
110121.093750	-136.083298
110126.953125	-132.147110
110132.812500	-129.083298
110138.671875	-130.320679
110144.531250	-136.497803
110150.390625	-141.296234
110156.250000	-139.525574
110162.109375	-139.328903
110167.968750	-137.884094
110173.828125	-135.512665
110179.687500	-135.959747
110185.546875	-137.823761
110191.406250	-138.880066
110197.265625	-140.935165
110203.125000	-140.323685
110208.984375	-139.500824
110214.843750	-141.455032
110220.703125	-141.914932
110226.562500	-141.121918
110232.421875	-139.841568
110238.281250	-132.022629
110244.140625	-128.111160
110250.000000	-130.509598
110255.859375	-138.613968
110261.718750	-140.463150
110267.578125	-138.936295
110273.437500	-138.031555
110279.296875	-137.214874
110285.156250	-137.939774
110291.015625	-138.876831
110296.875000	-139.479462
110302.734375	-139.720581
110308.593750	-138.205032
110314.453125	-140.382111
110320.312500	-143.703476
110326.171875	-139.546036
110332.031250	-137.930328
110337.890625	-139.748688
110343.750000	-138.156601
110349.609375	-130.391678
110355.468750	-127.911926
110361.328125	-131.440125
110367.187500	-137.184692
110373.046875	-138.701767
110378.906250	-139.367950
110384.765625	-139.930435
110390.625000	-138.803177
110396.484375	-136.559601
110402.343750	-137.525131
110408.203125	-140.042419
110414.062500	-141.392960
110419.921875	-138.515060
110425.781250	-136.641464
110431.640625	-138.439163
110437.500000	-141.298386
110443.359375	-141.183151
110449.218750	-142.394104
110455.078125	-138.566238
110460.937500	-130.240768
110466.796875	-128.709412
110472.656250	-132.974960
110478.515625	-136.789352
110484.375000	-137.658447
110490.234375	-140.244431
110496.093750	-142.362640
110501.953125	-139.819260
110507.812500	-137.813004
110513.671875	-139.281754
110519.531250	-142.222916
110525.390625	-141.712753
110531.250000	-141.867035
110537.109375	-144.912033
110542.968750	-144.467758
110548.828125	-140.760605
110554.687500	-138.753250
110560.546875	-140.464920
110566.406250	-135.796524
110572.265625	-129.046188
110578.125000	-129.760483
110583.984375	-138.548126
110589.843750	-141.320984
110595.703125	-142.166534
110601.562500	-142.899612
110607.421875	-140.052765
110613.281250	-138.239075
110619.140625	-139.147400
110625.000000	-140.082993
110630.859375	-142.040161
110636.718750	-142.177124
110642.578125	-138.716049
110648.437500	-139.022888
110654.296875	-144.770844
110660.156250	-144.956711
110666.015625	-142.538895
110671.875000	-139.402130
110677.734375	-132.775620
110683.593750	-128.848846
110689.453125	-131.022842
110695.312500	-139.516418
110701.171875	-138.834122
110707.031250	-136.956619
110712.890625	-137.288879
110718.750000	-138.162003
110724.609375	-138.986649
110730.468750	-140.975189
110736.328125	-142.707397
110742.187500	-141.472412
110748.046875	-140.034134
110753.906250	-138.328033
110759.765625	-138.157227
110765.625000	-141.266510
110771.484375	-143.702347
110777.343750	-141.313110
110783.203125	-138.602081
110789.062500	-130.776459
110794.921875	-127.581375
110800.781250	-130.961868
110806.640625	-140.907166
110812.500000	-141.951263
110818.359375	-141.190567
110824.218750	-139.012329
110830.078125	-136.966507
110835.937500	-137.150345
110841.796875	-139.903702
110847.656250	-141.456589
110853.515625	-140.519775
110859.375000	-140.110107
110865.234375	-140.766678
110871.093750	-140.932037
110876.953125	-139.067001
110882.812500	-137.297836
110888.671875	-136.040207
110894.531250	-134.916992
110900.390625	-130.946640
110906.250000	-129.622360
110912.109375	-134.192932
110917.968750	-138.743683
110923.828125	-139.168579
110929.687500	-139.025208
110935.546875	-139.449493
110941.406250	-138.200500
110947.265625	-138.260147
110953.125000	-138.811752
110958.984375	-138.510345
110964.843750	-140.095627
110970.703125	-140.242767
110976.562500	-138.908203
110982.421875	-139.164566
110988.281250	-142.276871
110994.140625	-143.003479
111000.000000	-138.701599
111005.859375	-133.288208
111011.718750	-128.993637
111017.578125	-129.031403
111023.437500	-133.925980
111029.296875	-140.102859
111035.156250	-142.351471
111041.015625	-141.454880
111046.875000	-139.741623
111052.734375	-138.670319
111058.593750	-139.300797
111064.453125	-139.339630
111070.312500	-139.338379
111076.171875	-141.485367
111082.031250	-140.507706
111087.890625	-140.117264
111093.750000	-141.583984
111099.609375	-143.107544
111105.468750	-144.961258
111111.328125	-144.510635
111117.187500	-137.292496
111123.046875	-131.728302
111128.906250	-132.010422
111134.765625	-136.166229
111140.625000	-140.553238
111146.484375	-140.788895
111152.343750	-140.873154
111158.203125	-139.750336
111164.062500	-139.017303
111169.921875	-140.417725
111175.781250	-141.664444
111181.640625	-140.263763
111187.500000	-136.638855
111193.359375	-135.089432
111199.218750	-137.394821
111205.078125	-141.402817
111210.937500	-138.983994
111216.796875	-138.132126
111222.656250	-140.619171
111228.515625	-132.185852
111234.375000	-128.123413
111240.234375	-130.610443
111246.093750	-139.703720
111251.953125	-145.379807
111257.812500	-144.623657
111263.671875	-143.224289
111269.531250	-140.941483
111275.390625	-139.464981
111281.250000	-140.822388
111287.109375	-140.558029
111292.968750	-140.352341
111298.828125	-139.843903
111304.687500	-136.081558
111310.546875	-135.445435
111316.406250	-136.824890
111322.265625	-138.295654
111328.125000	-140.034973
111333.984375	-139.367950
111339.843750	-131.286957
111345.703125	-128.497803
111351.562500	-131.933075
111357.421875	-138.431885
111363.281250	-142.738846
111369.140625	-146.124313
111375.000000	-144.454376
111380.859375	-138.648361
111386.718750	-137.375198
111392.578125	-140.155746
111398.437500	-140.161545
111404.296875	-141.102570
111410.156250	-140.435837
111416.015625	-137.497391
111421.875000	-139.214142
111427.734375	-145.748688
111433.593750	-142.911621
111439.453125	-140.211838
111445.312500	-136.486130
111451.171875	-130.468552
111457.031250	-129.531769
111462.890625	-135.291016
111468.750000	-141.974472
111474.609375	-143.487000
111480.468750	-141.129547
111486.328125	-138.557693
111492.187500	-138.189224
111498.046875	-139.856430
111503.906250	-141.349625
111509.765625	-137.377609
111515.625000	-136.278549
111521.484375	-138.082535
111527.343750	-138.385010
111533.203125	-140.053711
111539.062500	-141.362915
111544.921875	-142.422043
111550.781250	-142.245956
111556.640625	-135.639053
111562.500000	-130.333817
111568.359375	-131.069183
111574.218750	-136.949982
111580.078125	-140.381790
111585.937500	-141.757141
111591.796875	-144.880142
111597.656250	-148.253250
111603.515625	-141.099457
111609.375000	-142.270233
111615.234375	-142.181641
111621.093750	-138.940140
111626.953125	-138.140015
111632.812500	-139.195663
111638.671875	-143.172134
111644.531250	-143.335999
111650.390625	-139.637222
111656.250000	-139.312027
111662.109375	-140.098618
111667.968750	-133.924225
111673.828125	-130.270615
111679.687500	-132.257874
111685.546875	-139.099136
111691.406250	-141.050156
111697.265625	-140.236755
111703.125000	-138.388123
111708.984375	-137.993759
111714.843750	-139.566666
111720.703125	-141.181015
111726.562500	-141.608215
111732.421875	-143.127426
111738.281250	-144.006577
111744.140625	-141.606735
111750.000000	-141.482895
111755.859375	-143.168228
111761.718750	-145.075195
111767.578125	-143.088043
111773.437500	-140.180618
111779.296875	-133.274292
111785.156250	-130.686172
111791.015625	-134.424042
111796.875000	-144.084641
111802.734375	-145.418488
111808.593750	-143.880707
111814.453125	-145.084000
111820.312500	-141.454285
111826.171875	-138.056488
111832.031250	-139.492279
111837.890625	-140.519150
111843.750000	-140.941315
111849.609375	-139.831039
111855.468750	-137.971130
111861.328125	-139.294525
111867.187500	-142.173767
111873.046875	-140.268417
111878.906250	-138.344147
111884.765625	-136.618195
111890.625000	-131.909790
111896.484375	-130.531097
111902.343750	-133.925537
111908.203125	-137.768478
111914.062500	-140.780487
111919.921875	-140.586426
111925.781250	-137.089249
111931.640625	-135.875946
111937.500000	-137.686829
111943.359375	-140.388763
111949.218750	-140.064514
111955.078125	-139.544250
111960.937500	-136.629700
111966.796875	-136.856689
111972.656250	-142.961243
111978.515625	-143.385956
111984.375000	-142.549179
111990.234375	-142.647278
111996.093750	-138.969925
112001.953125	-131.455948
112007.812500	-130.347702
112013.671875	-133.243790
112019.531250	-137.415573
112025.390625	-140.986267
112031.250000	-140.986588
112037.109375	-142.384506
112042.968750	-142.405548
112048.828125	-139.341766
112054.687500	-139.453384
112060.546875	-142.278687
112066.406250	-140.694107
112072.265625	-138.113922
112078.125000	-139.547165
112083.984375	-142.953064
112089.843750	-141.526031
112095.703125	-140.310104
112101.562500	-137.709900
112107.421875	-132.853485
112113.281250	-129.078232
112119.140625	-130.408737
112125.000000	-137.107178
112130.859375	-141.846802
112136.718750	-139.999268
112142.578125	-139.498596
112148.437500	-141.616623
112154.296875	-143.405777
112160.156250	-142.666229
112166.015625	-140.703766
112171.875000	-141.187729
112177.734375	-142.327774
112183.593750	-139.845795
112189.453125	-140.329254
112195.312500	-140.700867
112201.171875	-139.953629
112207.031250	-138.197021
112212.890625	-137.655136
112218.750000	-134.812912
112224.609375	-131.366470
112230.468750	-134.611282
112236.328125	-140.918762
112242.187500	-138.097076
112248.046875	-139.014923
112253.906250	-139.762634
112259.765625	-135.533157
112265.625000	-135.026428
112271.484375	-140.451508
112277.343750	-147.935989
112283.203125	-144.020859
112289.062500	-140.657013
112294.921875	-138.824631
112300.781250	-138.964828
112306.640625	-140.889832
112312.500000	-139.377136
112318.359375	-138.242767
112324.218750	-137.703186
112330.078125	-132.571442
112335.937500	-130.667801
112341.796875	-135.564743
112347.656250	-141.665298
112353.515625	-139.892975
112359.375000	-140.400803
112365.234375	-141.017014
112371.093750	-140.978256
112376.953125	-141.870255
112382.812500	-142.909805
112388.671875	-140.955338
112394.531250	-139.455032
112400.390625	-137.662445
112406.250000	-136.930145
112412.109375	-138.278549
112417.968750	-141.246185
112423.828125	-144.219650
112429.687500	-143.978653
112435.546875	-136.641602
112441.406250	-131.578598
112447.265625	-131.547043
112453.125000	-137.216797
112458.984375	-141.167923
112464.843750	-146.411163
112470.703125	-143.696823
112476.562500	-137.378632
112482.421875	-135.887024
112488.281250	-138.262222
112494.140625	-142.461212
112500.000000	-141.347183
112505.859375	-139.780670
112511.718750	-138.539383
112517.578125	-138.483093
112523.437500	-139.585815
112529.296875	-141.074768
112535.156250	-142.162415
112541.015625	-145.404633
112546.875000	-137.074280
112552.734375	-131.073105
112558.593750	-131.703308
112564.453125	-137.036011
112570.312500	-139.677353
112576.171875	-139.043228
112582.031250	-138.953445
112587.890625	-141.360336
112593.750000	-143.843277
112599.609375	-142.614227
112605.468750	-140.653961
112611.328125	-139.351654
112617.187500	-139.568253
112623.046875	-140.176834
112628.906250	-140.506485
112634.765625	-140.579025
112640.625000	-140.926575
112646.484375	-139.978394
112652.343750	-136.866241
112658.203125	-131.698868
112664.062500	-129.421707
112669.921875	-132.531494
112675.781250	-141.337448
112681.640625	-141.459183
112687.500000	-139.407562
112693.359375	-139.358185
112699.218750	-140.610916
112705.078125	-141.918930
112710.937500	-138.518021
112716.796875	-138.189560
112722.656250	-142.017578
112728.515625	-145.667953
112734.375000	-142.698029
112740.234375	-142.111969
112746.093750	-142.636353
112751.953125	-143.612076
112757.812500	-145.390930
112763.671875	-140.400589
112769.531250	-132.725998
112775.390625	-130.276520
112781.250000	-134.095459
112787.109375	-142.701004
112792.968750	-143.543488
112798.828125	-144.986450
112804.687500	-143.959000
112810.546875	-138.448532
112816.406250	-137.520157
112822.265625	-140.543076
112828.125000	-143.021652
112833.984375	-141.528717
112839.843750	-139.192627
112845.703125	-138.983459
112851.562500	-142.071609
112857.421875	-142.210785
112863.281250	-140.313721
112869.140625	-140.400909
112875.000000	-137.069626
112880.859375	-132.035889
112886.718750	-131.207687
112892.578125	-136.568985
112898.437500	-144.934845
112904.296875	-141.687454
112910.156250	-138.573303
112916.015625	-135.745026
112921.875000	-134.878525
112927.734375	-136.793182
112933.593750	-139.030594
112939.453125	-139.972778
112945.312500	-142.456467
112951.171875	-141.024323
112957.031250	-139.768188
112962.890625	-139.595123
112968.750000	-140.084015
112974.609375	-141.122849
112980.468750	-137.984482
112986.328125	-134.307846
112992.187500	-130.254074
112998.046875	-130.558289
113003.906250	-135.136063
113009.765625	-137.969284
113015.625000	-140.400620
113021.484375	-141.497742
113027.343750	-138.832657
113033.203125	-136.456146
113039.062500	-136.712738
113044.921875	-138.270767
113050.781250	-139.016846
113056.640625	-138.275620
113062.500000	-137.174026
113068.359375	-137.636780
113074.218750	-139.280273
113080.078125	-141.576431
113085.937500	-145.937775
113091.796875	-144.910324
113097.656250	-133.661133
113103.515625	-129.337845
113109.375000	-130.915512
113115.234375	-136.998459
113121.093750	-140.628189
113126.953125	-142.318405
113132.812500	-143.557327
113138.671875	-141.702347
113144.531250	-140.801270
113150.390625	-143.122375
113156.250000	-146.540909
113162.109375	-142.225143
113167.968750	-138.970108
113173.828125	-137.853119
113179.687500	-137.801849
113185.546875	-137.948730
113191.406250	-137.412735
113197.265625	-137.683746
113203.125000	-137.684677
113208.984375	-132.455032
113214.843750	-129.554779
113220.703125	-132.377274
113226.562500	-138.201035
113232.421875	-139.834030
113238.281250	-141.606537
113244.140625	-140.167618
113250.000000	-137.673462
113255.859375	-136.589844
113261.718750	-137.544403
113267.578125	-137.812698
113273.437500	-138.813385
113279.296875	-141.987045
113285.156250	-141.055878
113291.015625	-141.163376
113296.875000	-142.139297
113302.734375	-141.281448
113308.593750	-141.728119
113314.453125	-139.638367
113320.312500	-133.356186
113326.171875	-131.958282
113332.031250	-135.757217
113337.890625	-138.759064
113343.750000	-140.375168
113349.609375	-143.186813
113355.468750	-142.758759
113361.328125	-138.306030
113367.187500	-137.347351
113373.046875	-138.811737
113378.906250	-140.584229
113384.765625	-138.497284
113390.625000	-137.331268
113396.484375	-138.322037
113402.343750	-141.572556
113408.203125	-140.612442
113414.062500	-138.883240
113419.921875	-139.388458
113425.781250	-136.766830
113431.640625	-132.028656
113437.500000	-132.206879
113443.359375	-138.034271
113449.218750	-142.460037
113455.078125	-142.213181
113460.937500	-140.331772
113466.796875	-139.596817
113472.656250	-138.496048
113478.515625	-137.400940
113484.375000	-138.582550
113490.234375	-139.784180
113496.093750	-137.799561
113501.953125	-138.516495
113507.812500	-141.353439
113513.671875	-142.498123
113519.531250	-141.021133
113525.390625	-141.459366
113531.250000	-140.714371
113537.109375	-136.179260
113542.968750	-132.124908
113548.828125	-134.174866
113554.687500	-140.333084
113560.546875	-142.010727
113566.406250	-144.544220
113572.265625	-140.706375
113578.125000	-138.666977
113583.984375	-138.281616
113589.843750	-138.984283
113595.703125	-139.698578
113601.562500	-139.815201
113607.421875	-140.696350
113613.281250	-141.933685
113619.140625	-143.115540
113625.000000	-141.683853
113630.859375	-138.117401
113636.718750	-136.683441
113642.578125	-136.841599
113648.437500	-134.220215
113654.296875	-131.164993
113660.156250	-133.513229
113666.015625	-137.365753
113671.875000	-138.492081
113677.734375	-142.228195
113683.593750	-141.500992
113689.453125	-139.929291
113695.312500	-137.696274
113701.171875	-139.375336
113707.031250	-140.010971
113712.890625	-137.930740
113718.750000	-137.953659
113724.609375	-137.802902
113730.468750	-139.068542
113736.328125	-140.406525
113742.187500	-143.326767
113748.046875	-141.263046
113753.906250	-139.118927
113759.765625	-133.937637
113765.625000	-131.670166
113771.484375	-134.928116
113777.343750	-140.477463
113783.203125	-142.199814
113789.062500	-143.471375
113794.921875	-142.756119
113800.781250	-140.038376
113806.640625	-139.423691
113812.500000	-138.768616
113818.359375	-139.800888
113824.218750	-143.217911
113830.078125	-140.775375
113835.937500	-138.466156
113841.796875	-138.666168
113847.656250	-137.773148
113853.515625	-138.039948
113859.375000	-142.464905
113865.234375	-140.787155
113871.093750	-133.716476
113876.953125	-133.480484
113882.812500	-140.134277
113888.671875	-140.385147
113894.531250	-139.873413
113900.390625	-138.576309
113906.250000	-138.887970
113912.109375	-138.019775
113917.968750	-137.201248
113923.828125	-141.461105
113929.687500	-145.595734
113935.546875	-142.794998
113941.406250	-139.555481
113947.265625	-139.609802
113953.125000	-138.270874
113958.984375	-138.790222
113964.843750	-140.487427
113970.703125	-140.038010
113976.562500	-137.356812
113982.421875	-133.214081
113988.281250	-133.606766
113994.140625	-138.060928
114000.000000	-139.835281
114005.859375	-140.230087
114011.718750	-141.088348
114017.578125	-142.889542
114023.437500	-141.062393
114029.296875	-138.861664
114035.156250	-137.671860
114041.015625	-136.892532
114046.875000	-136.904831
114052.734375	-137.214645
114058.593750	-139.929459
114064.453125	-141.986511
114070.312500	-138.286224
114076.171875	-138.038803
114082.031250	-137.959167
114087.890625	-135.121582
114093.750000	-131.861282
114099.609375	-132.571991
114105.468750	-136.973557
114111.328125	-142.922134
114117.187500	-138.179214
114123.046875	-137.194321
114128.906250	-140.780914
114134.765625	-142.101257
114140.625000	-139.332962
114146.484375	-137.799759
114152.343750	-137.240860
114158.203125	-136.887512
114164.062500	-137.965363
114169.921875	-140.051346
114175.781250	-139.803162
114181.640625	-140.602478
114187.500000	-142.657608
114193.359375	-141.783035
114199.218750	-134.389420
114205.078125	-131.011276
114210.937500	-133.695816
114216.796875	-139.687912
114222.656250	-141.791168
114228.515625	-141.797424
114234.375000	-140.602127
114240.234375	-138.439209
114246.093750	-137.713013
114251.953125	-138.885208
114257.812500	-140.864120
114263.671875	-142.341827
114269.531250	-143.740677
114275.390625	-140.871719
114281.250000	-140.740631
114287.109375	-141.214447
114292.968750	-143.426163
114298.828125	-143.408966
114304.687500	-141.026474
114310.546875	-134.917160
114316.406250	-132.789963
114322.265625	-136.396530
114328.125000	-138.702499
114333.984375	-140.579575
114339.843750	-143.190460
114345.703125	-141.528290
114351.562500	-139.006622
114357.421875	-139.527283
114363.281250	-140.199295
114369.140625	-140.314423
114375.000000	-141.182266
114380.859375	-139.540634
114386.718750	-138.145630
114392.578125	-137.576080
114398.437500	-137.909012
114404.296875	-140.856003
114410.156250	-143.617264
114416.015625	-138.262970
114421.875000	-132.689453
114427.734375	-132.330643
114433.593750	-137.161545
114439.453125	-139.639069
114445.312500	-139.048477
114451.171875	-139.688126
114457.031250	-140.791687
114462.890625	-139.003647
114468.750000	-139.613266
114474.609375	-144.310211
114480.468750	-146.474640
114486.328125	-140.733276
114492.187500	-138.853455
114498.046875	-139.923340
114503.906250	-141.534882
114509.765625	-137.769623
114515.625000	-136.205765
114521.484375	-135.783112
114527.343750	-132.356155
114533.203125	-129.931488
114539.062500	-132.096466
114544.921875	-139.182785
114550.781250	-140.777695
114556.640625	-139.443314
114562.500000	-140.120209
114568.359375	-139.356628
114574.218750	-138.468674
114580.078125	-140.598007
114585.937500	-142.066574
114591.796875	-140.071823
114597.656250	-140.665436
114603.515625	-142.858643
114609.375000	-145.035538
114615.234375	-149.977310
114621.093750	-147.463943
114626.953125	-144.913727
114632.812500	-144.453751
114638.671875	-138.147491
114644.531250	-134.135956
114650.390625	-136.134598
114656.250000	-139.312851
114662.109375	-139.611679
114667.968750	-140.811829
114673.828125	-140.046906
114679.687500	-140.755096
114685.546875	-141.704178
114691.406250	-142.032547
114697.265625	-142.731674
114703.125000	-145.583038
114708.984375	-140.666183
114714.843750	-138.615570
114720.703125	-139.996658
114726.562500	-140.675232
114732.421875	-141.210251
114738.281250	-142.584213
114744.140625	-140.717316
114750.000000	-134.025436
114755.859375	-131.891861
114761.718750	-135.598740
114767.578125	-142.597366
114773.437500	-140.672943
114779.296875	-138.457092
114785.156250	-137.167114
114791.015625	-137.327652
114796.875000	-137.385239
114802.734375	-141.348190
114808.593750	-144.376205
114814.453125	-142.391830
114820.312500	-139.082932
114826.171875	-138.418015
114832.031250	-141.972794
114837.890625	-144.469833
114843.750000	-143.019836
114849.609375	-140.451981
114855.468750	-137.089645
114861.328125	-132.834534
114867.187500	-132.040543
114873.046875	-135.453568
114878.906250	-140.812424
114884.765625	-144.259567
114890.625000	-140.082840
114896.484375	-137.824142
114902.343750	-137.898361
114908.203125	-140.912537
114914.062500	-144.681229
114919.921875	-142.772507
114925.781250	-140.174423
114931.640625	-137.003342
114937.500000	-135.900146
114943.359375	-137.721954
114949.218750	-138.356674
114955.078125	-138.048065
114960.937500	-139.994263
114966.796875	-138.130890
114972.656250	-133.665054
114978.515625	-135.226639
114984.375000	-141.712585
114990.234375	-138.919586
114996.093750	-139.094070
115001.953125	-140.405975
115007.812500	-140.735168
115013.671875	-137.293182
115019.531250	-136.119064
115025.390625	-137.251678
115031.250000	-141.082794
115037.109375	-142.249359
115042.968750	-142.608902
115048.828125	-141.912933
115054.687500	-139.699081
115060.546875	-139.893448
115066.406250	-141.822754
115072.265625	-140.551147
115078.125000	-135.170563
115083.984375	-132.211639
115089.843750	-134.999100
115095.703125	-141.937225
115101.562500	-139.303802
115107.421875	-137.975342
115113.281250	-138.593597
115119.140625	-139.160004
115125.000000	-138.862640
115130.859375	-141.864899
115136.718750	-140.037491
115142.578125	-140.013168
115148.437500	-140.514801
115154.296875	-138.884399
115160.156250	-140.798340
115166.015625	-140.492310
115171.875000	-139.730820
115177.734375	-139.816956
115183.593750	-141.152893
115189.453125	-137.435242
115195.312500	-133.708679
115201.171875	-136.253510
115207.031250	-141.265457
115212.890625	-143.202301
115218.750000	-142.756638
115224.609375	-140.844635
115230.468750	-137.173920
115236.328125	-135.153793
115242.187500	-136.818588
115248.046875	-140.748459
115253.906250	-141.727051
115259.765625	-141.950912
115265.625000	-143.630585
115271.484375	-141.779510
115277.343750	-140.477325
115283.203125	-140.395981
115289.062500	-139.133667
115294.921875	-136.982620
115300.781250	-132.292587
115306.640625	-131.072830
115312.500000	-135.107101
115318.359375	-141.985336
115324.218750	-141.501236
115330.078125	-140.142487
115335.937500	-139.166855
115341.796875	-136.908737
115347.656250	-137.529633
115353.515625	-138.731110
115359.375000	-137.788406
115365.234375	-138.276413
115371.093750	-139.684540
115376.953125	-143.573563
115382.812500	-144.482635
115388.671875	-141.272934
115394.531250	-140.548477
115400.390625	-138.333755
115406.250000	-135.064362
115412.109375	-131.408569
115417.968750	-131.695312
115423.828125	-134.676392
115429.687500	-136.538177
115435.546875	-138.612457
115441.406250	-139.881104
115447.265625	-139.171341
115453.125000	-138.239136
115458.984375	-137.913147
115464.843750	-137.388336
115470.703125	-137.626099
115476.562500	-138.837875
115482.421875	-139.532471
115488.281250	-139.708771
115494.140625	-141.527176
115500.000000	-142.987320
115505.859375	-142.351517
115511.718750	-141.526413
115517.578125	-137.474060
115523.437500	-134.066772
115529.296875	-136.387070
115535.156250	-141.743668
115541.015625	-140.215485
115546.875000	-140.005478
115552.734375	-139.566727
115558.593750	-139.345154
115564.453125	-140.116211
115570.312500	-142.115036
115576.171875	-144.734863
115582.031250	-146.987610
115587.890625	-141.333176
115593.750000	-138.993774
115599.609375	-142.578796
115605.468750	-144.046051
115611.328125	-140.816406
115617.187500	-139.422974
115623.046875	-139.646011
115628.906250	-135.837509
115634.765625	-132.309357
115640.625000	-133.274323
115646.484375	-136.691422
115652.343750	-137.359573
115658.203125	-137.486450
115664.062500	-139.352509
115669.921875	-138.875809
115675.781250	-138.645813
115681.640625	-141.343933
115687.500000	-142.327057
115693.359375	-142.884216
115699.218750	-141.894241
115705.078125	-140.315262
115710.937500	-140.655701
115716.796875	-140.526138
115722.656250	-140.462555
115728.515625	-141.316376
115734.375000	-141.118454
115740.234375	-133.116089
115746.093750	-130.492447
115751.953125	-133.455185
115757.812500	-136.913712
115763.671875	-140.024261
115769.531250	-142.880844
115775.390625	-141.162796
115781.250000	-137.880966
115787.109375	-137.072037
115792.968750	-139.575104
115798.828125	-141.799072
115804.687500	-141.050018
115810.546875	-138.904770
115816.406250	-137.715836
115822.265625	-139.292572
115828.125000	-141.412125
115833.984375	-143.054016
115839.843750	-143.350372
115845.703125	-137.231400
115851.562500	-132.538300
115857.421875	-132.595551
115863.281250	-138.194366
115869.140625	-142.335358
115875.000000	-144.071030
115880.859375	-142.658890
115886.718750	-140.173309
115892.578125	-140.312256
115898.437500	-139.321396
115904.296875	-137.856995
115910.156250	-138.438858
115916.015625	-140.721024
115921.875000	-138.845398
115927.734375	-136.179108
115933.593750	-136.945709
115939.453125	-140.800232
115945.312500	-143.940292
115951.171875	-143.176636
115957.031250	-136.485718
115962.890625	-131.865204
115968.750000	-132.590775
115974.609375	-139.654648
115980.468750	-143.549713
115986.328125	-141.280228
115992.187500	-140.938644
115998.046875	-140.736435
116003.906250	-141.236496
116009.765625	-139.854568
116015.625000	-138.273529
116021.484375	-136.933914
116027.343750	-136.648636
116033.203125	-138.626755
116039.062500	-140.746109
116044.921875	-140.866791
116050.781250	-140.476227
116056.640625	-139.805450
116062.500000	-140.044083
116068.359375	-136.090347
116074.218750	-131.901062
116080.078125	-133.259521
116085.937500	-137.590149
116091.796875	-139.523117
116097.656250	-140.218033
116103.515625	-138.912842
116109.375000	-136.473938
116115.234375	-137.519424
116121.093750	-139.932907
116126.953125	-138.956772
116132.812500	-140.973068
116138.671875	-142.082352
116144.531250	-141.175949
116150.390625	-140.239349
116156.250000	-140.567551
116162.109375	-140.144516
116167.968750	-139.191422
116173.828125	-136.698029
116179.687500	-133.417130
116185.546875	-132.322037
116191.406250	-135.457687
116197.265625	-137.479141
116203.125000	-137.785629
116208.984375	-138.985138
116214.843750	-140.078735
116220.703125	-139.030594
116226.562500	-137.708221
116232.421875	-137.360596
116238.281250	-139.705658
116244.140625	-142.147781
116250.000000	-138.606628
116255.859375	-137.500198
116261.718750	-141.273407
116267.578125	-142.302063
116273.437500	-140.978683
116279.296875	-144.048279
116285.156250	-142.021973
116291.015625	-134.341858
116296.875000	-133.021622
116302.734375	-136.666580
116308.593750	-141.434937
116314.453125	-139.047470
116320.312500	-136.388992
116326.171875	-136.346924
116332.031250	-135.223221
116337.890625	-134.949966
116343.750000	-138.124863
116349.609375	-138.722855
116355.468750	-139.086075
116361.328125	-138.451141
116367.187500	-138.347839
116373.046875	-139.926437
116378.906250	-139.565781
116384.765625	-139.266190
116390.625000	-139.964279
116396.484375	-137.657425
116402.343750	-134.024292
116408.203125	-134.891388
116414.062500	-141.161011
116419.921875	-145.240234
116425.781250	-143.560059
116431.640625	-141.291229
116437.500000	-139.049805
116443.359375	-136.567108
116449.218750	-135.565750
116455.078125	-135.446045
116460.937500	-136.932892
116466.796875	-138.087646
116472.656250	-138.733139
116478.515625	-138.733765
116484.375000	-137.891373
116490.234375	-136.775467
116496.093750	-137.951187
116501.953125	-138.850525
116507.812500	-134.996048
116513.671875	-131.061584
116519.531250	-132.291016
116525.390625	-137.104843
116531.250000	-141.379364
116537.109375	-141.395187
116542.968750	-140.558136
116548.828125	-140.617432
116554.687500	-140.369659
116560.546875	-139.669800
116566.406250	-139.004486
116572.265625	-141.319366
116578.125000	-141.571503
116583.984375	-140.233215
116589.843750	-140.718781
116595.703125	-140.705688
116601.562500	-138.299088
116607.421875	-136.909241
116613.281250	-137.383591
116619.140625	-134.716568
116625.000000	-132.575500
116630.859375	-135.617325
116636.718750	-141.125290
116642.578125	-141.366272
116648.437500	-143.065918
116654.296875	-143.764511
116660.156250	-141.021255
116666.015625	-140.420334
116671.875000	-142.137222
116677.734375	-142.433121
116683.593750	-139.791962
116689.453125	-139.098083
116695.312500	-139.726227
116701.171875	-140.028763
116707.031250	-140.001266
116712.890625	-139.263702
116718.750000	-139.613907
116724.609375	-139.277023
116730.468750	-134.893234
116736.328125	-133.853638
116742.187500	-138.531281
116748.046875	-141.242493
116753.906250	-139.203003
116759.765625	-138.761154
116765.625000	-140.238968
116771.484375	-139.703979
116777.343750	-136.465485
116783.203125	-135.922180
116789.062500	-137.433167
116794.921875	-139.215637
116800.781250	-138.886002
116806.640625	-138.624146
116812.500000	-139.479507
116818.359375	-139.517075
116824.218750	-142.703125
116830.078125	-143.537064
116835.937500	-140.432373
116841.796875	-134.641357
116847.656250	-134.241806
116853.515625	-137.915268
116859.375000	-138.673355
116865.234375	-140.656219
116871.093750	-144.052750
116876.953125	-142.351898
116882.812500	-140.504578
116888.671875	-140.079956
116894.531250	-141.295776
116900.390625	-139.184967
116906.250000	-138.155258
116912.109375	-138.813782
116917.968750	-139.766815
116923.828125	-139.075226
116929.687500	-140.794556
116935.546875	-143.728653
116941.406250	-143.082443
116947.265625	-138.966385
116953.125000	-134.147308
116958.984375	-135.289749
116964.843750	-140.030029
116970.703125	-142.504028
116976.562500	-143.476166
116982.421875	-140.073044
116988.281250	-137.080475
116994.140625	-135.968536
117000.000000	-137.381088
117005.859375	-140.486328
117011.718750	-142.059509
117017.578125	-140.827896
117023.437500	-138.676880
117029.296875	-139.550797
117035.156250	-141.785751
117041.015625	-139.958923
117046.875000	-139.007599
117052.734375	-138.856674
117058.593750	-135.986603
117064.453125	-133.497818
117070.312500	-136.332764
117076.171875	-141.751160
117082.031250	-138.564697
117087.890625	-138.445786
117093.750000	-140.168854
117099.609375	-143.304733
117105.468750	-144.612564
117111.328125	-141.909546
117117.187500	-139.833878
117123.046875	-139.707748
117128.906250	-139.666016
117134.765625	-139.546387
117140.625000	-138.876892
117146.484375	-137.717453
117152.343750	-136.558197
117158.203125	-137.460815
117164.062500	-139.199585
117169.921875	-135.986740
117175.781250	-132.881622
117181.640625	-135.644196
117187.500000	-141.636200
117193.359375	-143.226273
117199.218750	-141.663727
117205.078125	-139.523651
117210.937500	-139.200760
117216.796875	-140.404785
117222.656250	-141.899658
117228.515625	-140.870316
117234.375000	-141.687714
117240.234375	-139.659515
117246.093750	-138.972076
117251.953125	-139.055588
117257.812500	-139.776642
117263.671875	-140.288177
117269.531250	-141.442642
117275.390625	-137.369125
117281.250000	-133.117737
117287.109375	-132.920868
117292.968750	-137.526291
117298.828125	-141.328476
117304.687500	-140.915405
117310.546875	-140.611542
117316.406250	-139.504425
117322.265625	-138.319519
117328.125000	-138.856400
117333.984375	-137.815872
117339.843750	-136.488297
117345.703125	-137.598236
117351.562500	-139.838181
117357.421875	-139.998276
117363.281250	-139.881104
117369.140625	-139.295425
117375.000000	-138.969406
117380.859375	-137.692184
117386.718750	-135.206253
117392.578125	-132.900757
117398.437500	-133.655319
117404.296875	-138.654846
117410.156250	-144.870834
117416.015625	-148.981461
117421.875000	-145.002579
117427.734375	-141.062531
117433.593750	-141.481628
117439.453125	-142.646667
117445.312500	-140.892868
117451.171875	-138.913437
117457.031250	-140.559662
117462.890625	-143.458359
117468.750000	-141.088547
117474.609375	-139.206268
117480.468750	-139.424042
117486.328125	-143.901352
117492.187500	-148.692459
117498.046875	-139.055450
117503.906250	-134.785278
117509.765625	-135.816513
117515.625000	-139.586411
117521.484375	-140.584900
117527.343750	-139.439316
117533.203125	-139.385635
117539.062500	-139.327042
117544.921875	-141.661743
117550.781250	-144.678619
117556.640625	-141.735046
117562.500000	-141.612106
117568.359375	-141.302811
117574.218750	-139.572250
117580.078125	-139.221329
117585.937500	-140.226410
117591.796875	-141.023026
117597.656250	-141.159134
117603.515625	-139.200241
117609.375000	-137.185547
117615.234375	-135.789658
117621.093750	-139.665527
117626.953125	-141.065735
117632.812500	-140.624878
117638.671875	-141.476547
117644.531250	-140.837112
117650.390625	-138.391800
117656.250000	-138.240723
117662.109375	-139.185562
117667.968750	-139.618637
117673.828125	-139.739929
117679.687500	-140.821625
117685.546875	-139.814087
117691.406250	-141.621109
117697.265625	-142.616394
117703.125000	-140.361969
117708.984375	-142.156403
117714.843750	-141.576660
117720.703125	-136.386734
117726.562500	-134.571167
117732.421875	-136.276199
117738.281250	-137.718994
117744.140625	-141.139603
117750.000000	-144.120163
117755.859375	-145.060715
117761.718750	-139.690414
117767.578125	-137.745224
117773.437500	-137.658539
117779.296875	-139.223083
117785.156250	-139.507462
117791.015625	-138.216568
117796.875000	-138.691620
117802.734375	-140.682556
117808.593750	-138.690292
117814.453125	-137.856705
117820.312500	-139.257736
117826.171875	-139.584503
117832.031250	-135.141983
117837.890625	-134.647171
117843.750000	-139.136139
117849.609375	-140.240234
117855.468750	-139.277893
117861.328125	-139.648743
117867.187500	-138.917709
117873.046875	-138.195648
117878.906250	-139.166992
117884.765625	-139.344543
117890.625000	-139.405670
117896.484375	-141.971848
117902.343750	-139.378967
117908.203125	-138.554916
117914.062500	-140.207642
117919.921875	-140.486145
117925.781250	-140.064240
117931.640625	-138.350494
117937.500000	-134.640656
117943.359375	-132.308899
117949.218750	-133.996582
117955.078125	-139.817688
117960.937500	-142.746841
117966.796875	-140.913666
117972.656250	-140.775558
117978.515625	-138.553268
117984.375000	-136.248642
117990.234375	-138.851105
117996.093750	-144.870178
118001.953125	-142.358566
118007.812500	-140.031540
118013.671875	-139.185410
118019.531250	-140.062622
118025.390625	-140.892685
118031.250000	-140.788437
118037.109375	-140.909210
118042.968750	-142.318695
118048.828125	-138.176010
118054.687500	-133.965912
118060.546875	-135.303467
118066.406250	-139.701614
118072.265625	-140.957214
118078.125000	-139.344284
118083.984375	-139.054382
118089.843750	-138.809677
118095.703125	-138.690979
118101.562500	-138.602158
118107.421875	-138.793564
118113.281250	-139.395172
118119.140625	-137.936401
118125.000000	-136.407669
118130.859375	-135.495941
118136.718750	-137.249603
118142.578125	-138.337479
118148.437500	-138.721390
118154.296875	-139.150192
118160.156250	-134.069687
118166.015625	-132.206863
118171.875000	-136.439682
118177.734375	-142.235596
118183.593750	-141.880081
118189.453125	-142.768341
118195.312500	-142.064804
118201.171875	-144.423187
118207.031250	-145.739807
118212.890625	-142.091995
118218.750000	-141.130264
118224.609375	-141.294189
118230.468750	-138.233612
118236.328125	-137.407532
118242.187500	-139.838669
118248.046875	-142.457031
118253.906250	-143.895157
118259.765625	-143.371155
118265.625000	-139.368271
118271.484375	-134.432831
118277.343750	-134.551849
118283.203125	-138.372375
118289.062500	-141.067093
118294.921875	-144.509033
118300.781250	-142.996918
118306.640625	-142.852219
118312.500000	-139.737885
118318.359375	-138.339493
118324.218750	-139.649628
118330.078125	-140.657211
118335.937500	-140.957489
118341.796875	-140.839371
118347.656250	-142.315842
118353.515625	-141.137283
118359.375000	-138.553680
118365.234375	-138.446320
118371.093750	-141.560135
118376.953125	-139.653564
118382.812500	-134.482681
118388.671875	-134.368500
118394.531250	-138.624344
118400.390625	-141.581070
118406.250000	-140.546783
118412.109375	-139.612946
118417.968750	-140.266235
118423.828125	-140.147385
118429.687500	-140.263840
118435.546875	-141.959641
118441.406250	-140.526184
118447.265625	-139.530075
118453.125000	-139.503067
118458.984375	-140.972397
118464.843750	-141.599655
118470.703125	-140.575043
118476.562500	-141.305603
118482.421875	-140.718796
118488.281250	-133.497345
118494.140625	-130.410889
118500.000000	-133.356186
118505.859375	-140.029846
118511.718750	-139.965439
118517.578125	-139.220505
118523.437500	-138.357117
118529.296875	-138.594620
118535.156250	-140.316940
118541.015625	-139.661438
118546.875000	-138.207825
118552.734375	-137.976379
118558.593750	-138.724991
118564.453125	-140.362564
118570.312500	-142.178192
118576.171875	-140.681137
118582.031250	-138.415176
118587.890625	-137.332657
118593.750000	-137.576935
118599.609375	-135.477921
118605.468750	-133.958740
118611.328125	-137.912170
118617.187500	-144.350998
118623.046875	-141.718307
118628.906250	-139.626938
118634.765625	-138.826675
118640.625000	-137.194870
118646.484375	-137.174515
118652.343750	-142.817688
118658.203125	-142.287094
118664.062500	-141.090088
118669.921875	-140.755478
118675.781250	-140.767502
118681.640625	-143.567917
118687.500000	-140.855087
118693.359375	-138.912567
118699.218750	-138.530426
118705.078125	-136.452927
118710.937500	-132.218384
118716.796875	-132.162506
118722.656250	-138.765182
118728.515625	-142.525421
118734.375000	-142.539612
118740.234375	-140.221176
118746.093750	-140.268127
118751.953125	-138.894501
118757.812500	-138.400940
118763.671875	-142.356537
118769.531250	-144.851257
118775.390625	-143.433838
118781.250000	-142.188599
118787.109375	-141.559525
118792.968750	-143.596436
118798.828125	-143.231201
118804.687500	-142.358200
118810.546875	-141.939377
118816.406250	-140.006622
118822.265625	-133.306076
118828.125000	-133.205978
118833.984375	-138.785950
118839.843750	-142.666519
118845.703125	-141.697098
118851.562500	-141.902115
118857.421875	-141.897369
118863.281250	-139.051758
118869.140625	-139.920319
118875.000000	-141.188873
118880.859375	-140.266983
118886.718750	-136.017181
118892.578125	-134.006683
118898.437500	-135.825836
118904.296875	-138.253113
118910.156250	-138.242630
118916.015625	-139.610260
118921.875000	-140.682800
118927.734375	-139.556534
118933.593750	-134.866425
118939.453125	-135.976334
118945.312500	-140.013275
118951.171875	-140.808136
118957.031250	-143.787292
118962.890625	-143.514771
118968.750000	-144.654419
118974.609375	-139.789398
118980.468750	-135.433868
118986.328125	-134.966797
118992.187500	-136.950775
118998.046875	-140.699997
119003.906250	-142.466751
119009.765625	-140.145279
119015.625000	-137.453659
119021.484375	-137.207352
119027.343750	-139.127319
119033.203125	-138.419434
119039.062500	-134.528442
119044.921875	-132.289658
119050.781250	-135.028076
119056.640625	-140.073990
119062.500000	-137.691360
119068.359375	-136.075638
119074.218750	-138.147720
119080.078125	-140.454758
119085.937500	-139.526520
119091.796875	-139.898331
119097.656250	-142.122498
119103.515625	-142.079819
119109.375000	-140.763672
119115.234375	-141.393509
119121.093750	-140.997284
119126.953125	-139.399384
119132.812500	-140.595261
119138.671875	-142.794037
119144.531250	-139.351791
119150.390625	-133.844757
119156.250000	-132.955093
119162.109375	-137.486771
119167.968750	-142.447495
119173.828125	-141.096939
119179.687500	-140.497391
119185.546875	-139.068710
119191.406250	-136.837296
119197.265625	-136.431808
119203.125000	-139.044815
119208.984375	-140.171844
119214.843750	-140.969818
119220.703125	-141.623413
119226.562500	-138.785538
119232.421875	-137.944565
119238.281250	-138.563400
119244.140625	-140.602753
119250.000000	-141.094971
119255.859375	-139.111969
119261.718750	-135.148895
119267.578125	-134.346985
119273.437500	-135.749207
119279.296875	-137.168869
119285.156250	-139.631012
119291.015625	-142.376007
119296.875000	-143.188110
119302.734375	-140.476379
119308.593750	-139.255676
119314.453125	-138.326447
119320.312500	-138.420944
119326.171875	-139.269699
119332.031250	-139.244370
119337.890625	-140.400421
119343.750000	-140.458588
119349.609375	-137.221008
119355.468750	-137.787125
119361.328125	-139.809479
119367.187500	-135.965302
119373.046875	-132.533920
119378.906250	-133.373703
119384.765625	-137.590698
119390.625000	-142.652283
119396.484375	-143.395523
119402.343750	-140.706833
119408.203125	-138.415298
119414.062500	-137.761078
119419.921875	-140.182266
119425.781250	-143.561462
119431.640625	-143.256943
119437.500000	-142.689941
119443.359375	-141.705475
119449.218750	-140.908203
119455.078125	-140.691406
119460.937500	-141.711243
119466.796875	-140.637482
119472.656250	-137.764221
119478.515625	-134.660400
119484.375000	-133.429840
119490.234375	-136.694763
119496.093750	-139.560120
119501.953125	-139.214050
119507.812500	-141.683258
119513.671875	-140.164703
119519.531250	-137.463974
119525.390625	-137.310669
119531.250000	-138.743622
119537.109375	-140.006638
119542.968750	-141.209305
119548.828125	-139.595810
119554.687500	-139.669586
119560.546875	-140.993225
119566.406250	-140.355270
119572.265625	-139.939255
119578.125000	-138.713562
119583.984375	-136.137314
119589.843750	-132.965042
119595.703125	-132.226852
119601.562500	-136.806580
119607.421875	-140.954269
119613.281250	-138.239777
119619.140625	-138.207687
119625.000000	-140.212479
119630.859375	-139.323273
119636.718750	-137.116699
119642.578125	-138.379639
119648.437500	-138.927887
119654.296875	-138.923813
119660.156250	-137.677368
119666.015625	-137.122955
119671.875000	-138.721054
119677.734375	-139.507584
119683.593750	-141.545975
119689.453125	-142.739975
119695.312500	-139.997314
119701.171875	-134.687042
119707.031250	-133.890091
119712.890625	-138.768188
119718.750000	-142.629364
119724.609375	-139.929977
119730.468750	-140.425278
119736.328125	-143.838089
119742.187500	-143.395355
119748.046875	-143.245026
119753.906250	-142.421036
119759.765625	-140.159363
119765.625000	-141.589142
119771.484375	-138.010635
119777.343750	-138.471664
119783.203125	-141.748260
119789.062500	-141.223495
119794.921875	-140.100845
119800.781250	-138.137558
119806.640625	-136.947525
119812.500000	-133.600281
119818.359375	-133.688019
119824.218750	-137.738083
119830.078125	-140.272659
119835.937500	-138.930008
119841.796875	-138.892563
119847.656250	-140.384552
119853.515625	-138.875320
119859.375000	-137.838364
119865.234375	-138.569214
119871.093750	-140.430054
119876.953125	-141.087708
119882.812500	-140.896561
119888.671875	-139.077423
119894.531250	-139.168121
119900.390625	-141.214096
119906.250000	-140.340042
119912.109375	-138.694962
119917.968750	-135.859726
119923.828125	-132.528183
119929.687500	-133.041458
119935.546875	-137.006012
119941.406250	-141.503281
119947.265625	-142.408539
119953.125000	-140.848984
119958.984375	-137.365936
119964.843750	-136.132126
119970.703125	-139.403122
119976.562500	-142.378052
119982.421875	-142.175034
119988.281250	-145.346039
119994.140625	-142.776123
120000.000000	-141.598984
120005.859375	-140.361374
120011.718750	-139.099884
120017.578125	-138.795609
120023.437500	-136.194733
120029.296875	-133.469055
120035.156250	-132.458694
120041.015625	-135.013214
120046.875000	-138.629044
120052.734375	-139.456680
120058.593750	-140.095566
120064.453125	-141.649216
120070.312500	-140.833755
120076.171875	-139.109863
120082.031250	-139.124374
120087.890625	-141.686615
120093.750000	-145.299011
120099.609375	-141.355606
120105.468750	-142.938049
120111.328125	-143.380234
120117.187500	-140.545258
120123.046875	-141.272095
120128.906250	-141.599167
120134.765625	-139.935257
120140.625000	-135.166122
120146.484375	-133.991379
120152.343750	-137.033234
120158.203125	-138.530502
120164.062500	-138.173553
120169.921875	-138.715363
120175.781250	-137.835663
120181.640625	-137.093353
120187.500000	-138.771164
120193.359375	-139.957565
120199.218750	-138.780075
120205.078125	-140.066849
120210.937500	-139.884613
120216.796875	-140.302246
120222.656250	-140.401474
120228.515625	-138.079895
120234.375000	-136.606216
120240.234375	-137.085785
120246.093750	-136.769196
120251.953125	-133.697662
120257.812500	-133.644180
120263.671875	-137.537613
120269.531250	-139.348557
120275.390625	-139.916000
120281.250000	-139.640686
120287.109375	-137.387268
120292.968750	-137.005936
120298.828125	-139.430588
120304.687500	-141.881851
120310.546875	-139.346863
120316.406250	-138.221939
120322.265625	-139.246048
120328.125000	-140.522202
120333.984375	-141.251831
120339.843750	-140.168213
120345.703125	-139.105682
120351.562500	-139.018402
120357.421875	-137.578674
120363.281250	-133.671738
120369.140625	-133.901474
120375.000000	-137.403290
120380.859375	-139.949829
120386.718750	-141.168427
120392.578125	-140.451706
120398.437500	-138.007309
120404.296875	-136.230469
120410.156250	-138.768768
120416.015625	-139.533569
120421.875000	-137.915985
120427.734375	-138.762405
120433.593750	-139.549149
120439.453125	-138.589111
120445.312500	-137.878494
120451.171875	-139.094696
120457.031250	-140.938980
120462.890625	-140.632034
120468.750000	-136.678345
120474.609375	-134.472321
120480.468750	-138.207184
120486.328125	-141.945648
120492.187500	-139.461746
120498.046875	-140.144760
120503.906250	-141.594360
120509.765625	-141.589401
120515.625000	-140.182938
120521.484375	-138.357269
120527.343750	-138.563965
120533.203125	-139.929993
120539.062500	-141.214615
120544.921875	-141.178314
120550.781250	-141.240311
120556.640625	-139.901505
120562.500000	-139.707520
120568.359375	-140.010162
120574.218750	-139.126755
120580.078125	-134.723938
120585.937500	-132.602509
120591.796875	-135.120346
120597.656250	-139.740646
120603.515625	-140.791794
120609.375000	-141.298904
120615.234375	-142.210632
120621.093750	-141.065918
120626.953125	-141.167160
120632.812500	-139.664413
120638.671875	-138.332947
120644.531250	-140.864212
120650.390625	-146.695282
120656.250000	-141.630676
120662.109375	-138.648911
120667.968750	-138.925827
120673.828125	-141.036316
120679.687500	-140.270645
120685.546875	-139.409958
120691.406250	-135.445709
120697.265625	-134.507645
120703.125000	-138.255844
120708.984375	-137.723129
120714.843750	-136.759705
120720.703125	-137.698807
120726.562500	-138.487015
120732.421875	-137.114517
120738.281250	-136.286453
120744.140625	-137.546005
120750.000000	-138.210846
120755.859375	-138.377808
120761.718750	-140.022919
120767.578125	-141.085602
120773.437500	-140.406830
120779.296875	-141.137619
120785.156250	-141.715439
120791.015625	-140.325150
120796.875000	-135.703888
120802.734375	-132.101135
120808.593750	-132.938538
120814.453125	-137.597794
120820.312500	-141.087708
120826.171875	-141.244629
120832.031250	-141.283600
120837.890625	-139.249557
120843.750000	-136.718918
120849.609375	-137.065918
120855.468750	-139.782028
120861.328125	-141.764206
120867.187500	-142.770020
120873.046875	-141.675278
120878.906250	-141.604843
120884.765625	-140.938263
120890.625000	-140.487335
120896.484375	-139.574112
120902.343750	-139.927017
120908.203125	-140.784958
120914.062500	-137.334366
120919.921875	-138.717377
120925.781250	-143.491577
120931.640625	-144.827805
120937.500000	-143.404999
120943.359375	-142.494995
120949.218750	-138.611542
120955.078125	-135.573914
120960.937500	-137.868500
120966.796875	-144.910141
120972.656250	-144.924179
120978.515625	-140.308365
120984.375000	-137.926056
120990.234375	-136.932007
120996.093750	-137.368607
121001.953125	-136.809753
121007.812500	-137.284515
121013.671875	-139.279358
121019.531250	-134.685181
121025.390625	-132.764587
121031.250000	-136.675674
121037.109375	-139.682251
121042.968750	-138.099121
121048.828125	-138.586304
121054.687500	-139.371613
121060.546875	-138.859894
121066.406250	-138.823990
121072.265625	-141.180466
121078.125000	-140.741257
121083.984375	-139.187012
121089.843750	-140.935150
121095.703125	-140.626358
121101.562500	-140.438232
121107.421875	-140.188889
121113.281250	-140.203445
121119.140625	-142.186401
121125.000000	-138.920883
121130.859375	-133.302063
121136.718750	-132.766861
121142.578125	-137.914841
121148.437500	-140.953308
121154.296875	-139.164688
121160.156250	-138.843674
121166.015625	-139.974594
121171.875000	-140.322556
121177.734375	-141.516220
121183.593750	-142.902344
121189.453125	-144.966156
121195.312500	-148.350098
121201.171875	-143.402771
121207.031250	-140.682877
121212.890625	-141.360748
121218.750000	-140.210129
121224.609375	-139.743744
121230.468750	-139.799500
121236.328125	-137.165573
121242.187500	-134.281433
121248.046875	-135.347931
121253.906250	-140.417938
121259.765625	-141.415237
121265.625000	-142.268829
121271.484375	-141.918976
121277.343750	-142.712341
121283.203125	-139.723816
121289.062500	-138.449280
121294.921875	-141.165726
121300.781250	-140.226700
121306.640625	-138.815170
121312.500000	-141.647491
121318.359375	-142.318100
121324.218750	-140.819748
121330.078125	-141.015915
121335.937500	-141.095749
121341.796875	-142.916931
121347.656250	-138.724579
121353.515625	-134.660522
121359.375000	-136.227921
121365.234375	-142.333572
121371.093750	-141.627274
121376.953125	-140.563034
121382.812500	-143.482498
121388.671875	-141.573730
121394.531250	-140.643097
121400.390625	-139.580826
121406.250000	-139.316513
121412.109375	-142.039566
121417.968750	-147.816132
121423.828125	-144.600174
121429.687500	-143.066330
121435.546875	-143.558289
121441.406250	-142.771240
121447.265625	-141.509155
121453.125000	-140.138565
121458.984375	-137.525513
121464.843750	-135.341202
121470.703125	-138.065460
121476.562500	-142.009338
121482.421875	-145.617325
121488.281250	-143.595261
121494.140625	-138.458374
121500.000000	-136.556763
121505.859375	-137.707977
121511.718750	-142.032257
121517.578125	-142.269592
121523.437500	-140.188568
121529.296875	-140.818359
121535.156250	-141.727875
121541.015625	-140.919586
121546.875000	-139.254532
121552.734375	-137.477417
121558.593750	-139.124435
121564.453125	-139.226761
121570.312500	-136.427368
121576.171875	-135.549759
121582.031250	-138.485214
121587.890625	-142.451385
121593.750000	-141.012512
121599.609375	-138.980392
121605.468750	-140.098282
121611.328125	-139.877121
121617.187500	-140.700821
121623.046875	-143.860504
121628.906250	-143.408051
121634.765625	-143.088867
121640.625000	-141.826233
121646.484375	-138.184677
121652.343750	-137.442627
121658.203125	-139.707748
121664.062500	-140.372757
121669.921875	-140.062332
121675.781250	-136.987839
121681.640625	-132.738892
121687.500000	-133.366745
121693.359375	-138.680527
121699.218750	-139.334778
121705.078125	-139.311905
121710.937500	-143.653961
121716.796875	-145.171982
121722.656250	-140.060333
121728.515625	-138.936707
121734.375000	-138.478012
121740.234375	-138.581253
121746.093750	-140.521057
121751.953125	-144.628204
121757.812500	-144.859650
121763.671875	-140.954773
121769.531250	-138.806290
121775.390625	-138.344116
121781.250000	-140.860825
121787.109375	-138.978851
121792.968750	-134.235001
121798.828125	-134.500412
121804.687500	-138.862350
121810.546875	-141.836105
121816.406250	-143.350052
121822.265625	-145.147064
121828.125000	-138.704620
121833.984375	-135.430511
121839.843750	-136.291092
121845.703125	-138.071411
121851.562500	-139.693741
121857.421875	-141.421280
121863.281250	-143.716553
121869.140625	-144.844910
121875.000000	-141.636948
121880.859375	-138.258286
121886.718750	-138.285141
121892.578125	-138.507690
121898.437500	-135.047241
121904.296875	-132.792114
121910.156250	-135.548874
121916.015625	-143.578156
121921.875000	-142.871201
121927.734375	-139.793167
121933.593750	-139.133377
121939.453125	-137.453476
121945.312500	-136.352310
121951.171875	-138.033463
121957.031250	-141.484650
121962.890625	-145.775482
121968.750000	-144.105042
121974.609375	-141.605011
121980.468750	-141.282822
121986.328125	-142.199387
121992.187500	-141.102859
121998.046875	-138.754272
122003.906250	-137.439819
122009.765625	-134.983078
122015.625000	-132.979950
122021.484375	-135.624939
122027.343750	-138.080795
122033.203125	-138.231750
122039.062500	-140.647797
122044.921875	-143.227585
122050.781250	-139.064163
122056.640625	-139.593063
122062.500000	-143.861893
122068.359375	-145.937622
122074.218750	-140.598236
122080.078125	-138.430954
122085.937500	-139.779633
122091.796875	-143.777740
122097.656250	-140.954376
122103.515625	-141.066681
122109.375000	-142.595078
122115.234375	-139.803558
122121.093750	-134.710938
122126.953125	-134.197769
122132.812500	-138.212357
122138.671875	-139.697311
122144.531250	-138.364136
122150.390625	-138.578293
122156.250000	-138.834457
122162.109375	-137.474487
122167.968750	-138.636444
122173.828125	-141.190903
122179.687500	-141.694992
122185.546875	-143.395813
122191.406250	-143.192032
122197.265625	-140.317673
122203.125000	-140.364502
122208.984375	-141.439117
122214.843750	-141.485962
122220.703125	-144.909851
122226.562500	-139.792664
122232.421875	-135.870010
122238.281250	-136.491791
122244.140625	-140.865631
122250.000000	-143.555954
122255.859375	-142.918930
122261.718750	-140.700516
122267.578125	-137.474014
122273.437500	-137.235413
122279.296875	-140.450806
122285.156250	-138.760208
122291.015625	-136.579056
122296.875000	-138.470490
122302.734375	-141.423691
122308.593750	-144.871643
122314.453125	-147.326996
122320.312500	-143.612808
122326.171875	-140.815903
122332.031250	-138.494385
122337.890625	-135.304245
122343.750000	-132.772186
122349.609375	-133.826645
122355.468750	-136.849152
122361.328125	-139.343246
122367.187500	-141.582047
122373.046875	-143.415649
122378.906250	-142.781113
122384.765625	-143.007904
122390.625000	-142.628418
122396.484375	-140.749878
122402.343750	-140.797745
122408.203125	-139.715561
122414.062500	-139.432419
122419.921875	-140.088333
122425.781250	-139.621597
122431.640625	-139.327438
122437.500000	-139.519943
122443.359375	-139.067581
122449.218750	-134.347504
122455.078125	-132.436340
122460.937500	-135.476288
122466.796875	-137.784805
122472.656250	-138.279404
122478.515625	-139.720230
122484.375000	-140.081848
122490.234375	-139.177856
122496.093750	-139.385468
122501.953125	-139.578049
122507.812500	-140.305283
122513.671875	-140.958618
122519.531250	-140.982590
122525.390625	-140.951721
122531.250000	-139.758667
122537.109375	-138.681778
122542.968750	-137.157700
122548.828125	-138.326065
122554.687500	-139.991913
122560.546875	-136.954803
122566.406250	-135.525177
122572.265625	-137.728058
122578.125000	-139.299210
122583.984375	-138.781418
122589.843750	-139.470581
122595.703125	-140.073303
122601.562500	-137.284973
122607.421875	-138.176483
122613.281250	-142.793930
122619.140625	-143.570648
122625.000000	-142.896973
122630.859375	-142.068176
122636.718750	-141.877686
122642.578125	-141.297455
122648.437500	-139.769760
122654.296875	-140.376511
122660.156250	-141.343109
122666.015625	-139.648376
122671.875000	-135.075897
122677.734375	-134.210831
122683.593750	-137.739807
122689.453125	-139.176285
122695.312500	-139.191345
122701.171875	-140.265823
122707.031250	-141.759430
122712.890625	-139.817886
122718.750000	-140.617249
122724.609375	-142.244980
122730.468750	-144.316101
122736.328125	-143.286789
122742.187500	-140.078644
122748.046875	-140.315659
122753.906250	-141.123322
122759.765625	-140.091583
122765.625000	-138.675613
122771.484375	-138.880875
122777.343750	-138.040176
122783.203125	-134.069183
122789.062500	-134.763275
122794.921875	-139.568146
122800.781250	-141.677383
122806.640625	-141.746033
122812.500000	-140.304886
122818.359375	-136.952911
122824.218750	-136.709213
122830.078125	-140.256882
122835.937500	-140.224319
122841.796875	-140.226318
122847.656250	-139.108307
122853.515625	-137.302643
122859.375000	-139.346359
122865.234375	-138.471954
122871.093750	-136.673416
122876.953125	-138.569855
122882.812500	-142.804688
122888.671875	-137.287537
122894.531250	-133.425278
122900.390625	-135.326309
122906.250000	-137.670868
122912.109375	-137.144913
122917.968750	-138.587891
122923.828125	-141.681290
122929.687500	-140.339096
122935.546875	-138.787689
122941.406250	-140.344482
122947.265625	-140.837509
122953.125000	-139.761581
122958.984375	-139.360245
122964.843750	-138.921829
122970.703125	-140.703232
122976.562500	-140.999222
122982.421875	-139.949066
122988.281250	-139.935745
122994.140625	-141.337265
123000.000000	-137.480286
123005.859375	-134.856949
123011.718750	-137.570984
123017.578125	-141.487717
123023.437500	-140.439743
123029.296875	-139.281174
123035.156250	-137.777298
123041.015625	-135.678284
123046.875000	-135.131409
123052.734375	-138.205002
123058.593750	-144.588470
123064.453125	-145.101929
123070.312500	-138.982529
123076.171875	-137.766266
123082.031250	-140.743103
123087.890625	-141.438278
123093.750000	-140.761215
123099.609375	-142.316040
123105.468750	-139.709290
123111.328125	-136.305206
123117.187500	-136.985764
123123.046875	-139.883087
123128.906250	-141.447388
123134.765625	-144.990509
123140.625000	-141.293167
123146.484375	-142.628296
123152.343750	-140.020615
123158.203125	-137.193024
123164.062500	-138.563553
123169.921875	-143.845413
123175.781250	-143.924850
123181.640625	-142.355118
123187.500000	-142.251587
123193.359375	-142.273117
123199.218750	-140.675400
123205.078125	-142.193848
123210.937500	-143.603165
123216.796875	-141.491821
123222.656250	-138.756851
123228.515625	-139.025452
123234.375000	-141.436661
123240.234375	-144.474457
123246.093750	-142.989517
123251.953125	-139.355881
123257.812500	-137.906250
123263.671875	-137.127975
123269.531250	-137.611206
123275.390625	-138.842026
123281.250000	-140.465820
123287.109375	-141.792847
123292.968750	-139.207199
123298.828125	-138.069916
123304.687500	-141.033783
123310.546875	-140.382507
123316.406250	-138.654846
123322.265625	-138.531067
123328.125000	-136.635132
123333.984375	-134.022873
123339.843750	-134.902634
123345.703125	-137.562531
123351.562500	-139.073837
123357.421875	-141.468460
123363.281250	-140.976288
123369.140625	-138.710526
123375.000000	-137.851929
123380.859375	-138.461716
123386.718750	-140.783356
123392.578125	-141.486908
123398.437500	-138.042587
123404.296875	-137.013184
123410.156250	-137.621674
123416.015625	-139.429504
123421.875000	-140.290543
123427.734375	-137.332993
123433.593750	-135.967133
123439.453125	-135.134277
123445.312500	-134.988770
123451.171875	-138.775177
123457.031250	-143.263824
123462.890625	-142.968643
123468.750000	-139.278519
123474.609375	-138.626694
123480.468750	-140.012787
123486.328125	-140.151779
123492.187500	-140.085587
123498.046875	-140.395920
123503.906250	-141.583618
123509.765625	-142.144516
123515.625000	-139.870956
123521.484375	-139.571518
123527.343750	-139.541428
123533.203125	-137.544159
123539.062500	-138.309357
123544.921875	-140.191101
123550.781250	-136.243347
123556.640625	-134.153976
123562.500000	-137.170410
123568.359375	-141.024292
123574.218750	-141.800812
123580.078125	-139.271805
123585.937500	-138.238708
123591.796875	-137.479950
123597.656250	-138.011169
123603.515625	-141.850037
123609.375000	-143.989944
123615.234375	-140.383408
123621.093750	-139.238419
123626.953125	-141.953781
123632.812500	-145.418686
123638.671875	-144.690063
123644.531250	-142.960709
123650.390625	-141.399734
123656.250000	-140.220581
123662.109375	-134.592422
123667.968750	-133.367355
123673.828125	-135.698303
123679.687500	-138.176178
123685.546875	-139.057297
123691.406250	-139.826187
123697.265625	-139.306656
123703.125000	-135.268234
123708.984375	-134.976730
123714.843750	-139.235809
123720.703125	-145.862701
123726.562500	-141.301788
123732.421875	-139.938141
123738.281250	-139.130096
123744.140625	-138.803909
123750.000000	-139.606247
123755.859375	-139.894119
123761.718750	-140.267365
123767.578125	-138.416489
123773.437500	-134.748398
123779.296875	-135.772552
123785.156250	-139.838379
123791.015625	-142.318146
123796.875000	-142.690231
123802.734375	-139.963776
123808.593750	-137.627686
123814.453125	-135.587219
123820.312500	-136.058182
123826.171875	-139.623199
123832.031250	-141.630371
123837.890625	-138.209702
123843.750000	-137.207321
123849.609375	-139.634888
123855.468750	-141.114380
123861.328125	-141.358856
123867.187500	-144.701447
123873.046875	-146.252411
123878.906250	-142.661346
123884.765625	-138.529999
123890.625000	-137.584030
123896.484375	-137.819138
123902.343750	-138.730057
123908.203125	-138.523392
123914.062500	-138.409622
123919.921875	-137.712799
123925.781250	-137.432816
123931.640625	-142.361160
123937.500000	-145.063522
123943.359375	-142.985229
123949.218750	-142.479919
123955.078125	-139.141785
123960.937500	-139.533676
123966.796875	-142.731339
123972.656250	-142.690918
123978.515625	-140.617096
123984.375000	-139.832474
123990.234375	-134.385300
123996.093750	-132.701050
124001.953125	-136.165268
124007.812500	-139.130188
124013.671875	-138.060715
124019.531250	-137.261642
124025.390625	-137.469986
124031.250000	-136.086029
124037.109375	-135.644760
124042.968750	-137.840561
124048.828125	-139.974197
124054.687500	-142.229004
124060.546875	-141.200073
124066.406250	-139.674316
124072.265625	-139.032288
124078.125000	-141.840744
124083.984375	-143.317551
124089.843750	-141.213425
124095.703125	-139.325806
124101.562500	-136.252655
124107.421875	-136.395966
124113.281250	-140.768967
124119.140625	-141.168076
124125.000000	-141.773849
124130.859375	-140.186768
124136.718750	-137.525650
124142.578125	-137.835495
124148.437500	-140.382477
124154.296875	-141.643066
124160.156250	-138.632095
124166.015625	-137.249954
124171.875000	-137.763809
124177.734375	-139.827591
124183.593750	-141.743179
124189.453125	-139.938736
124195.312500	-139.270905
124201.171875	-139.849167
124207.031250	-138.435196
124212.890625	-137.041397
124218.750000	-138.311737
124224.609375	-142.382919
124230.468750	-142.906464
124236.328125	-141.910690
124242.187500	-143.019882
124248.046875	-140.133026
124253.906250	-137.060410
124259.765625	-138.285736
124265.625000	-142.835007
124271.484375	-142.855972
124277.343750	-142.309616
124283.203125	-145.822586
124289.062500	-143.141663
124294.921875	-140.011444
124300.781250	-137.772949
124306.640625	-138.110046
124312.500000	-141.746613
124318.359375	-140.344696
124324.218750	-135.319489
124330.078125	-136.422150
124335.937500	-141.625504
124341.796875	-141.928268
124347.656250	-139.371841
124353.515625	-139.782425
124359.375000	-137.016861
124365.234375	-135.675568
124371.093750	-138.284912
124376.953125	-141.538757
124382.812500	-140.393936
124388.671875	-137.940338
124394.531250	-137.916687
124400.390625	-138.005600
124406.250000	-137.242233
124412.109375	-136.769348
124417.968750	-137.500763
124423.828125	-137.706833
124429.687500	-135.162476
124435.546875	-133.392700
124441.406250	-136.373108
124447.265625	-141.529327
124453.125000	-141.151428
124458.984375	-140.612549
124464.843750	-139.679718
124470.703125	-139.608917
124476.562500	-139.107254
124482.421875	-138.530502
124488.281250	-139.625427
124494.140625	-140.699783
124500.000000	-140.114853
124505.859375	-140.360748
124511.718750	-141.339371
124517.578125	-140.379578
124523.437500	-141.399612
124529.296875	-143.110519
124535.156250	-143.105789
124541.015625	-139.791901
124546.875000	-137.307953
124552.734375	-137.020096
124558.593750	-137.505692
124564.453125	-139.919632
124570.312500	-140.220367
124576.171875	-137.475876
124582.031250	-136.451996
124587.890625	-137.196747
124593.750000	-140.448593
124599.609375	-141.950989
124605.468750	-140.285614
124611.328125	-140.002441
124617.187500	-141.359802
124623.046875	-145.304169
124628.906250	-145.498154
124634.765625	-143.583008
124640.625000	-141.225967
124646.484375	-140.123642
124652.343750	-134.497360
124658.203125	-133.896683
124664.062500	-137.082367
124669.921875	-139.000366
124675.781250	-142.979172
124681.640625	-145.123688
124687.500000	-141.094238
124693.359375	-140.252335
124699.218750	-141.157928
124705.078125	-139.777588
124710.937500	-139.463516
124716.796875	-144.361603
124722.656250	-140.965439
124728.515625	-137.946609
124734.375000	-137.188004
124740.234375	-139.086258
124746.093750	-141.968765
124751.953125	-140.737778
124757.812500	-136.805908
124763.671875	-132.673965
124769.531250	-134.172440
124775.390625	-138.409103
124781.250000	-138.924713
124787.109375	-139.695847
124792.968750	-138.147308
124798.828125	-136.521698
124804.687500	-135.623505
124810.546875	-137.094330
124816.406250	-138.935806
124822.265625	-139.691528
124828.125000	-141.734253
124833.984375	-141.729324
124839.843750	-143.272354
124845.703125	-141.320816
124851.562500	-138.162811
124857.421875	-139.202316
124863.281250	-140.157822
124869.140625	-138.564789
124875.000000	-136.384949
124880.859375	-136.915283
124886.718750	-138.864655
124892.578125	-141.544220
124898.437500	-141.399567
124904.296875	-138.300568
124910.156250	-138.136810
124916.015625	-136.947693
124921.875000	-135.657242
124927.734375	-136.045258
124933.593750	-136.934692
124939.453125	-137.847000
124945.312500	-139.841888
124951.171875	-140.763901
124957.031250	-141.124954
124962.890625	-144.632721
124968.750000	-138.519287
124974.609375	-136.087891
124980.468750	-134.767700
124986.328125	-134.792236
124992.187500	-137.469452
124998.046875	-141.202957
125003.906250	-143.983459
125009.765625	-145.978424
125015.625000	-141.188843
125021.484375	-139.875366
125027.343750	-139.623154
125033.203125	-137.335175
125039.062500	-137.504745
125044.921875	-138.026901
125050.781250	-137.992233
125056.640625	-138.424072
125062.500000	-141.090729
125068.359375	-142.609436
125074.218750	-141.674973
125080.078125	-139.810593
125085.937500	-136.777679
125091.796875	-135.012604
125097.656250	-135.650116
125103.515625	-138.864807
125109.375000	-140.360474
125115.234375	-138.926117
125121.093750	-140.296875
125126.953125	-139.993301
125132.812500	-138.254196
125138.671875	-138.256775
125144.531250	-139.028915
125150.390625	-141.429657
125156.250000	-145.205276
125162.109375	-142.964645
125167.968750	-139.486771
125173.828125	-139.829880
125179.687500	-142.545685
125185.546875	-142.818802
125191.406250	-142.211258
125197.265625	-138.897736
125203.125000	-134.674683
125208.984375	-134.905365
125214.843750	-138.745483
125220.703125	-140.139221
125226.562500	-140.464325
125232.421875	-141.385025
125238.281250	-139.753967
125244.140625	-138.568512
125250.000000	-137.810226
125255.859375	-138.882507
125261.718750	-139.121262
125267.578125	-138.682922
125273.437500	-140.403458
125279.296875	-140.731140
125285.156250	-139.463165
125291.015625	-139.204758
125296.875000	-138.588959
125302.734375	-136.886032
125308.593750	-134.550629
125314.453125	-133.226379
125320.312500	-135.720917
125326.171875	-138.040482
125332.031250	-136.915024
125337.890625	-137.139252
125343.750000	-139.152298
125349.609375	-138.937469
125355.468750	-138.278824
125361.328125	-140.185928
125367.187500	-140.543869
125373.046875	-140.072205
125378.906250	-139.657227
125384.765625	-139.332916
125390.625000	-139.353348
125396.484375	-140.407440
125402.343750	-143.045486
125408.203125	-140.916656
125414.062500	-136.761002
125419.921875	-133.573547
125425.781250	-132.694138
125431.640625	-135.712830
125437.500000	-140.414902
125443.359375	-141.039413
125449.218750	-143.241776
125455.078125	-146.667206
125460.937500	-143.223038
125466.796875	-141.446609
125472.656250	-142.389328
125478.515625	-142.307739
125484.375000	-141.047180
125490.234375	-141.008728
125496.093750	-141.885712
125501.953125	-143.437088
125507.812500	-145.148834
125513.671875	-143.609268
125519.531250	-141.609680
125525.390625	-138.629623
125531.250000	-135.529266
125537.109375	-135.056870
125542.968750	-137.380707
125548.828125	-139.099564
125554.687500	-141.204422
125560.546875	-142.581238
125566.406250	-141.951431
125572.265625	-140.524216
125578.125000	-138.495514
125583.984375	-139.791489
125589.843750	-143.492096
125595.703125	-142.380280
125601.562500	-140.664688
125607.421875	-140.039581
125613.281250	-141.341949
125619.140625	-141.151505
125625.000000	-139.177277
125630.859375	-138.098801
125636.718750	-135.243652
125642.578125	-132.798416
125648.437500	-134.689606
125654.296875	-138.645477
125660.156250	-140.069336
125666.015625	-145.266617
125671.875000	-142.939941
125677.734375	-137.253769
125683.593750	-135.110474
125689.453125	-137.010086
125695.312500	-139.666443
125701.171875	-138.378098
125707.031250	-138.324051
125712.890625	-140.192490
125718.750000	-141.273956
125724.609375	-140.156174
125730.468750	-140.548492
125736.328125	-141.071350
125742.187500	-140.645050
125748.046875	-136.641800
125753.906250	-133.652893
125759.765625	-135.138153
125765.625000	-138.976746
125771.484375	-139.988586
125777.343750	-139.463013
125783.203125	-139.750961
125789.062500	-137.123978
125794.921875	-134.401566
125800.781250	-136.221786
125806.640625	-141.326797
125812.500000	-141.986282
125818.359375	-140.065186
125824.218750	-139.413025
125830.078125	-140.535248
125835.937500	-142.189621
125841.796875	-141.552795
125847.656250	-141.122284
125853.515625	-138.498184
125859.375000	-135.460449
125865.234375	-134.257004
125871.093750	-137.459961
125876.953125	-143.317413
125882.812500	-142.559311
125888.671875	-141.369019
125894.531250	-140.046631
125900.390625	-138.154205
125906.250000	-137.719055
125912.109375	-138.434494
125917.968750	-138.471283
125923.828125	-139.108047
125929.687500	-138.901077
125935.546875	-139.109955
125941.406250	-141.119354
125947.265625	-142.869659
125953.125000	-142.555222
125958.984375	-140.451416
125964.843750	-138.334381
125970.703125	-135.600784
125976.562500	-135.167923
125982.421875	-138.459885
125988.281250	-139.781540
125994.140625	-139.721024
126000.000000	-141.370377
126005.859375	-138.761124
126011.718750	-135.588776
126017.578125	-136.607834
126023.437500	-142.547882
126029.296875	-140.753250
126035.156250	-138.086136
126041.015625	-138.622864
126046.875000	-138.022217
126052.734375	-139.098206
126058.593750	-140.804993
126064.453125	-138.570435
126070.312500	-136.948654
126076.171875	-136.576645
126082.031250	-136.710602
126087.890625	-138.469254
126093.750000	-140.155304
126099.609375	-139.364456
126105.468750	-140.156372
126111.328125	-142.747421
126117.187500	-143.236023
126123.046875	-139.113586
126128.906250	-138.513107
126134.765625	-138.645355
126140.625000	-139.036346
126146.484375	-140.744766
126152.343750	-139.894562
126158.203125	-140.218124
126164.062500	-141.324722
126169.921875	-140.998947
126175.781250	-140.690765
126181.640625	-139.128098
126187.500000	-136.773682
126193.359375	-135.198990
126199.218750	-136.670471
126205.078125	-139.049988
126210.937500	-139.495224
126216.796875	-138.633484
126222.656250	-140.054871
126228.515625	-140.723495
126234.375000	-136.878998
126240.234375	-136.414124
126246.093750	-138.041656
126251.953125	-139.972534
126257.812500	-139.124466
126263.671875	-136.264801
126269.531250	-136.455627
126275.390625	-139.385849
126281.250000	-141.252502
126287.109375	-140.867599
126292.968750	-140.471375
126298.828125	-135.473785
126304.687500	-132.610031
126310.546875	-133.983002
126316.406250	-137.858536
126322.265625	-141.896851
126328.125000	-142.019379
126333.984375	-140.944092
126339.843750	-138.541946
126345.703125	-136.097153
126351.562500	-137.446411
126357.421875	-139.266632
126363.281250	-137.328232
126369.140625	-137.218353
126375.000000	-139.094345
126380.859375	-142.266144
126386.718750	-147.524765
126392.578125	-147.756042
126398.437500	-145.586945
126404.296875	-139.798264
126410.156250	-135.691086
126416.015625	-135.564224
126421.875000	-138.520264
126427.734375	-137.210907
126433.593750	-138.301636
126439.453125	-141.090439
126445.312500	-139.442902
126451.171875	-136.602753
126457.031250	-135.798569
126462.890625	-136.929779
126468.750000	-137.618729
126474.609375	-138.447037
126480.468750	-138.860565
126486.328125	-138.600143
126492.187500	-138.758316
126498.046875	-138.584686
126503.906250	-138.106995
126509.765625	-139.245758
126515.625000	-137.111862
126521.484375	-133.085098
126527.343750	-133.886032
126533.203125	-140.775223
126539.062500	-142.990829
126544.921875	-140.287460
126550.781250	-140.544479
126556.640625	-139.572632
126562.500000	-136.646057
126568.359375	-135.986725
126574.218750	-137.194641
126580.078125	-139.275818
126585.937500	-142.417664
126591.796875	-141.963211
126597.656250	-140.243011
126603.515625	-138.141068
126609.375000	-136.423721
126615.234375	-138.954727
126621.093750	-142.697861
126626.953125	-142.009567
126632.812500	-138.727631
126638.671875	-138.902298
126644.531250	-142.118423
126650.390625	-143.615448
126656.250000	-141.357803
126662.109375	-141.000198
126667.968750	-140.651443
126673.828125	-138.610138
126679.687500	-138.838623
126685.546875	-139.172073
126691.406250	-139.049454
126697.265625	-141.548416
126703.125000	-138.881134
126708.984375	-137.210236
126714.843750	-138.106827
126720.703125	-140.356216
126726.562500	-138.434341
126732.421875	-137.521927
126738.281250	-137.366119
126744.140625	-135.287323
126750.000000	-136.892654
126755.859375	-140.986725
126761.718750	-139.884369
126767.578125	-138.557083
126773.437500	-138.316711
126779.296875	-137.807495
126785.156250	-138.846405
126791.015625	-142.075867
126796.875000	-141.743866
126802.734375	-139.406525
126808.593750	-140.426880
126814.453125	-139.289322
126820.312500	-139.008026
126826.171875	-139.520493
126832.031250	-139.601425
126837.890625	-140.891968
126843.750000	-139.649872
126849.609375	-136.076340
126855.468750	-134.651382
126861.328125	-135.721054
126867.187500	-139.561462
126873.046875	-147.235229
126878.906250	-144.913498
126884.765625	-142.620056
126890.625000	-139.456802
126896.484375	-139.214157
126902.343750	-143.005493
126908.203125	-144.857864
126914.062500	-140.879105
126919.921875	-139.363495
126925.781250	-140.466110
126931.640625	-143.382767
126937.500000	-143.116898
126943.359375	-141.682449
126949.218750	-140.811188
126955.078125	-138.682632
126960.937500	-134.164810
126966.796875	-132.902161
126972.656250	-135.854965
126978.515625	-140.026321
126984.375000	-141.186966
126990.234375	-141.165100
126996.093750	-138.786804
127001.953125	-137.041855
127007.812500	-138.063599
127013.671875	-140.006271
127019.531250	-140.198074
127025.390625	-139.992844
127031.250000	-140.342361
127037.109375	-142.075745
127042.968750	-142.379898
127048.828125	-140.411591
127054.687500	-140.307159
127060.546875	-141.372345
127066.406250	-141.552414
127072.265625	-136.717606
127078.125000	-135.158600
127083.984375	-136.336563
127089.843750	-136.928925
127095.703125	-137.574738
127101.562500	-138.303192
127107.421875	-137.223007
127113.281250	-135.438263
127119.140625	-136.044449
127125.000000	-138.313126
127130.859375	-139.932434
127136.718750	-139.229996
127142.578125	-138.429977
127148.437500	-138.885147
127154.296875	-140.581360
127160.156250	-142.314255
127166.015625	-141.157181
127171.875000	-137.915833
127177.734375	-134.710648
127183.593750	-132.770584
127189.453125	-134.365540
127195.312500	-138.021072
127201.171875	-139.796677
127207.031250	-141.395081
127212.890625	-140.286682
127218.750000	-137.212708
127224.609375	-135.168747
127230.468750	-137.211746
127236.328125	-140.420258
127242.187500	-141.827728
127248.046875	-142.814117
127253.906250	-143.290222
127259.765625	-140.700302
127265.625000	-139.549500
127271.484375	-141.572922
127277.343750	-141.312195
127283.203125	-140.061142
127289.062500	-136.557465
127294.921875	-133.502045
127300.781250	-134.288086
127306.640625	-137.492432
127312.500000	-141.926956
127318.359375	-145.958694
127324.218750	-145.936981
127330.078125	-138.181366
127335.937500	-135.298050
127341.796875	-138.934097
127347.656250	-141.670715
127353.515625	-142.105728
127359.375000	-144.018234
127365.234375	-144.527359
127371.093750	-141.470612
127376.953125	-140.654709
127382.812500	-143.196259
127388.671875	-140.937286
127394.531250	-136.835236
127400.390625	-134.156281
127406.250000	-134.364441
127412.109375	-139.145111
127417.968750	-143.058014
127423.828125	-144.390060
127429.687500	-143.425690
127435.546875	-141.172012
127441.406250	-136.136078
127447.265625	-134.714981
127453.125000	-137.089600
127458.984375	-137.695663
127464.843750	-138.700500
127470.703125	-141.564163
127476.562500	-141.346985
127482.421875	-139.493607
127488.281250	-138.394257
127494.140625	-139.049088
127500.000000	-139.523010
127505.859375	-137.346344
127511.718750	-135.788971
127517.578125	-137.653198
127523.437500	-141.053680
127529.296875	-140.106064
127535.156250	-138.985840
127541.015625	-137.603745
127546.875000	-136.490585
127552.734375	-136.940659
127558.593750	-139.944168
127564.453125	-141.327667
127570.312500	-139.793060
127576.171875	-139.532532
127582.031250	-140.539597
127587.890625	-141.227402
127593.750000	-142.608490
127599.609375	-143.302277
127605.468750	-143.113129
127611.328125	-144.797150
127617.187500	-142.691269
127623.046875	-139.556763
127628.906250	-139.855316
127634.765625	-141.029266
127640.625000	-140.991867
127646.484375	-141.596390
127652.343750	-138.374985
127658.203125	-135.657028
127664.062500	-135.334579
127669.921875	-138.911911
127675.781250	-142.235992
127681.640625	-140.360504
127687.500000	-140.280594
127693.359375	-142.119781
127699.218750	-141.486984
127705.078125	-138.326294
127710.937500	-138.376190
127716.796875	-143.246384
127722.656250	-142.228455
127728.515625	-136.776794
127734.375000	-133.485199
127740.234375	-134.427719
127746.093750	-137.318771
127751.953125	-140.063019
127757.812500	-139.948380
127763.671875	-139.116379
127769.531250	-137.472366
127775.390625	-137.472961
127781.250000	-140.113785
127787.109375	-142.850540
127792.968750	-144.393829
127798.828125	-145.744400
127804.687500	-143.494125
127810.546875	-142.195816
127816.406250	-141.750992
127822.265625	-142.369141
127828.125000	-144.565521
127833.984375	-142.655685
127839.843750	-135.932739
127845.703125	-133.863464
127851.562500	-136.557114
127857.421875	-141.741913
127863.281250	-144.111710
127869.140625	-138.458862
127875.000000	-136.113129
127880.859375	-136.223068
127886.718750	-138.041336
127892.578125	-141.086945
127898.437500	-141.437317
127904.296875	-139.945038
127910.156250	-140.367126
127916.015625	-141.609528
127921.875000	-141.911346
127927.734375	-141.855591
127933.593750	-141.653671
127939.453125	-142.697067
127945.312500	-141.027847
127951.171875	-135.849609
127957.031250	-135.327194
127962.890625	-139.370209
127968.750000	-140.103165
127974.609375	-140.811111
127980.468750	-141.895157
127986.328125	-138.781097
127992.187500	-135.745758
127998.046875	-136.088394
128003.906250	-138.850708
128009.765625	-138.179871
128015.625000	-138.112976
128021.484375	-140.901810
128027.343750	-140.386963
128033.203125	-136.446152
128039.062500	-136.104416
128044.921875	-138.123154
128050.781250	-139.284042
128056.640625	-136.946899
128062.500000	-132.945496
128068.359375	-133.120514
128074.218750	-137.808044
128080.078125	-143.821609
128085.937500	-142.463409
128091.796875	-140.583450
128097.656250	-139.271164
128103.515625	-139.109512
128109.375000	-142.354340
128115.234375	-141.729172
128121.093750	-143.442551
128126.953125	-142.007080
128132.812500	-141.474731
128138.671875	-141.705460
128144.531250	-140.330597
128150.390625	-139.554474
128156.250000	-139.333725
128162.109375	-138.783859
128167.968750	-137.727295
128173.828125	-135.570129
128179.687500	-137.886703
128185.546875	-141.039246
128191.406250	-141.701462
128197.265625	-142.269028
128203.125000	-141.876968
128208.984375	-138.689453
128214.843750	-137.128769
128220.703125	-137.844955
128226.562500	-137.416656
128232.421875	-138.748306
128238.281250	-139.639038
128244.140625	-140.808197
128250.000000	-144.289673
128255.859375	-143.171112
128261.718750	-140.121323
128267.578125	-139.116898
128273.437500	-140.367538
128279.296875	-137.775101
128285.156250	-135.230438
128291.015625	-136.258133
128296.875000	-138.272491
128302.734375	-140.677368
128308.593750	-140.933975
128314.453125	-140.216263
128320.312500	-139.010529
128326.171875	-137.955933
128332.031250	-139.290695
128337.890625	-140.579514
128343.750000	-141.385681
128349.609375	-142.504166
128355.468750	-143.439804
128361.328125	-144.206146
128367.187500	-142.919998
128373.046875	-139.632919
128378.906250	-139.149017
128384.765625	-140.293747
128390.625000	-138.784180
128396.484375	-136.281494
128402.343750	-138.423904
128408.203125	-142.155182
128414.062500	-144.676208
128419.921875	-143.620834
128425.781250	-141.837021
128431.640625	-140.296356
128437.500000	-140.432800
128443.359375	-137.779465
128449.218750	-137.238327
128455.078125	-139.276596
128460.937500	-140.024292
128466.796875	-140.072388
128472.656250	-140.767593
128478.515625	-145.753540
128484.375000	-142.072556
128490.234375	-140.562195
128496.093750	-142.349319
128501.953125	-138.549866
128507.812500	-138.720932
128513.671875	-141.461502
128519.531250	-138.312439
128525.390625	-136.625076
128531.250000	-136.398621
128537.109375	-137.647781
128542.968750	-136.310303
128548.828125	-137.951233
128554.687500	-140.426483
128560.546875	-140.514618
128566.406250	-142.153259
128572.265625	-141.246704
128578.125000	-140.689499
128583.984375	-141.077377
128589.843750	-138.462997
128595.703125	-137.645081
128601.562500	-141.359497
128607.421875	-142.300308
128613.281250	-136.460999
128619.140625	-136.883118
128625.000000	-139.848877
128630.859375	-139.468307
128636.718750	-138.170593
128642.578125	-138.683289
128648.437500	-138.601059
128654.296875	-138.114761
128660.156250	-142.048599
128666.015625	-143.683899
128671.875000	-141.337891
128677.734375	-140.663895
128683.593750	-140.349640
128689.453125	-141.473770
128695.312500	-142.656052
128701.171875	-142.360535
128707.031250	-141.895599
128712.890625	-141.429169
128718.750000	-137.535889
128724.609375	-135.245834
128730.468750	-138.596619
128736.328125	-140.747330
128742.187500	-139.873093
128748.046875	-140.895782
128753.906250	-140.924881
128759.765625	-138.433975
128765.625000	-137.284958
128771.484375	-139.468597
128777.343750	-140.562317
128783.203125	-139.911484
128789.062500	-140.671692
128794.921875	-140.973846
128800.781250	-139.783386
128806.640625	-139.883865
128812.500000	-141.408173
128818.359375	-142.733887
128824.218750	-141.117569
128830.078125	-137.103500
128835.937500	-135.671341
128841.796875	-138.029755
128847.656250	-140.557281
128853.515625	-141.665192
128859.375000	-142.860275
128865.234375	-142.453369
128871.093750	-137.944412
128876.953125	-137.172485
128882.812500	-140.732101
128888.671875	-140.892349
128894.531250	-138.214584
128900.390625	-137.462234
128906.250000	-139.542068
128912.109375	-142.284851
128917.968750	-142.078262
128923.828125	-140.654099
128929.687500	-139.870331
128935.546875	-140.784714
128941.406250	-136.547760
128947.265625	-136.730972
128953.125000	-142.042496
128958.984375	-141.650146
128964.843750	-141.426636
128970.703125	-142.039536
128976.562500	-138.272827
128982.421875	-135.866302
128988.281250	-137.531479
128994.140625	-138.785370
129000.000000	-137.974411
129005.859375	-140.814331
129011.718750	-142.178970
129017.578125	-137.750351
129023.437500	-136.560806
129029.296875	-138.814728
129035.156250	-142.008850
129041.015625	-141.731689
129046.875000	-138.462875
129052.734375	-135.470078
129058.593750	-137.502060
129064.453125	-141.689407
129070.312500	-140.671158
129076.171875	-141.000885
129082.031250	-139.248566
129087.890625	-135.095566
129093.750000	-132.963135
129099.609375	-135.400909
129105.468750	-143.360733
129111.328125	-146.545212
129117.187500	-143.956436
129123.046875	-142.877518
129128.906250	-143.203964
129134.765625	-145.488113
129140.625000	-140.888779
129146.484375	-139.234680
129152.343750	-141.387772
129158.203125	-142.163345
129164.062500	-136.427643
129169.921875	-137.246445
129175.781250	-141.000061
129181.640625	-141.461487
129187.500000	-140.536484
129193.359375	-139.766312
129199.218750	-137.393021
129205.078125	-136.301620
129210.937500	-138.450623
129216.796875	-141.776627
129222.656250	-141.894943
129228.515625	-143.000458
129234.375000	-144.560760
129240.234375	-144.316589
129246.093750	-145.576477
129251.953125	-140.545380
129257.812500	-137.964523
129263.671875	-138.389191
129269.531250	-136.689423
129275.390625	-134.935623
129281.250000	-138.618301
129287.109375	-143.473801
129292.968750	-143.936890
129298.828125	-142.037949
129304.687500	-138.017883
129310.546875	-135.685654
129316.406250	-137.382202
129322.265625	-143.248718
129328.125000	-141.767502
129333.984375	-141.431778
129339.843750	-142.080475
129345.703125	-141.218842
129351.562500	-138.238403
129357.421875	-137.268463
129363.281250	-138.609970
129369.140625	-138.885193
129375.000000	-138.580795
129380.859375	-135.305435
129386.718750	-134.778214
129392.578125	-138.411911
129398.437500	-140.171188
129404.296875	-140.675079
129410.156250	-141.765472
129416.015625	-138.299927
129421.875000	-136.600754
129427.734375	-138.155472
129433.593750	-143.259628
129439.453125	-142.192688
129445.312500	-141.961334
129451.171875	-139.898026
129457.031250	-138.966766
129462.890625	-139.801270
129468.750000	-140.988525
129474.609375	-142.186493
129480.468750	-139.802368
129486.328125	-139.676743
129492.187500	-137.097610
129498.046875	-135.834259
129503.906250	-138.040222
129509.765625	-141.345917
129515.625000	-144.486938
129521.484375	-142.034363
129527.343750	-137.918961
129533.203125	-135.571442
129539.062500	-136.326920
129544.921875	-138.701935
129550.781250	-138.414581
129556.640625	-137.281647
129562.500000	-137.468384
129568.359375	-136.574432
129574.218750	-136.375610
129580.078125	-140.386856
129585.937500	-143.520554
129591.796875	-140.410965
129597.656250	-138.814148
129603.515625	-136.436813
129609.375000	-138.188644
129615.234375	-140.755554
129621.093750	-138.598251
129626.953125	-139.321838
129632.812500	-139.264282
129638.671875	-137.648621
129644.531250	-135.561005
129650.390625	-135.324982
129656.250000	-136.226700
129662.109375	-137.148605
129667.968750	-137.788010
129673.828125	-138.210846
129679.687500	-139.419739
129685.546875	-138.459061
129691.406250	-138.758759
129697.265625	-140.283218
129703.125000	-140.510666
129708.984375	-136.793823
129714.843750	-134.613861
129720.703125	-138.104706
129726.562500	-141.708359
129732.421875	-140.779449
129738.281250	-142.127609
129744.140625	-142.262817
129750.000000	-137.473984
129755.859375	-135.561676
129761.718750	-138.250793
129767.578125	-140.761597
129773.437500	-141.549759
129779.296875	-142.476959
129785.156250	-141.220276
129791.015625	-141.588623
129796.875000	-141.799149
129802.734375	-139.957321
129808.593750	-141.315567
129814.453125	-142.230042
129820.312500	-136.306961
129826.171875	-134.765854
129832.031250	-137.769592
129837.890625	-140.407684
129843.750000	-139.906494
129849.609375	-140.204163
129855.468750	-140.980194
129861.328125	-137.978210
129867.187500	-136.405716
129873.046875	-137.770386
129878.906250	-139.957275
129884.765625	-140.103943
129890.625000	-139.924133
129896.484375	-139.960693
129902.343750	-141.156174
129908.203125	-140.606140
129914.062500	-138.283234
129919.921875	-136.426315
129925.781250	-138.277542
129931.640625	-135.840073
129937.500000	-134.497086
129943.359375	-138.907822
129949.218750	-139.480591
129955.078125	-138.319962
129960.937500	-140.488846
129966.796875	-141.146530
129972.656250	-137.881195
129978.515625	-138.139023
129984.375000	-141.255188
129990.234375	-142.541428
129996.093750	-142.166504
130001.953125	-139.686050
130007.812500	-138.314850
130013.671875	-139.712555
130019.531250	-143.115921
130025.390625	-144.095673
130031.250000	-143.384354
130037.109375	-143.092026
130042.968750	-136.999649
130048.828125	-136.415344
130054.687500	-139.229034
130060.546875	-139.694839
130066.406250	-140.351746
130072.265625	-143.251236
130078.125000	-139.530258
130083.984375	-135.531723
130089.843750	-136.159332
130095.703125	-139.416031
130101.562500	-141.529709
130107.421875	-141.841980
130113.281250	-142.518097
130119.140625	-141.893982
130125.000000	-140.216309
130130.859375	-138.325882
130136.718750	-138.273865
130142.578125	-140.016373
130148.437500	-136.084152
130154.296875	-133.184586
130160.156250	-135.410141
130166.015625	-138.159027
130171.875000	-138.746704
130177.734375	-141.487778
130183.593750	-141.290436
130189.453125	-134.579117
130195.312500	-132.093567
130201.171875	-134.502289
130207.031250	-139.087402
130212.890625	-140.193497
130218.750000	-140.219498
130224.609375	-141.194977
130230.468750	-140.525589
130236.328125	-139.886444
130242.187500	-140.059052
130248.046875	-139.675674
130253.906250	-140.305740
130259.765625	-138.734131
130265.625000	-136.393951
130271.484375	-138.703003
130277.343750	-140.815765
130283.203125	-140.906082
130289.062500	-141.242615
130294.921875	-140.940063
130300.781250	-137.505142
130306.640625	-135.220627
130312.500000	-136.684006
130318.359375	-139.001129
130324.218750	-139.925140
130330.078125	-140.067520
130335.937500	-139.954269
130341.796875	-140.053024
130347.656250	-140.358521
130353.515625	-140.586777
130359.375000	-139.790054
130365.234375	-138.006348
130371.093750	-135.687866
130376.953125	-134.774170
130382.812500	-136.418427
130388.671875	-139.379578
130394.531250	-142.751007
130400.390625	-142.608932
130406.250000	-139.308899
130412.109375	-135.623947
130417.968750	-135.368439
130423.828125	-136.910599
130429.687500	-138.267441
130435.546875	-141.814774
130441.406250	-143.461594
130447.265625	-142.309280
130453.125000	-142.681458
130458.984375	-141.430038
130464.843750	-140.013794
130470.703125	-139.209763
130476.562500	-138.739029
130482.421875	-136.284897
130488.281250	-137.701233
130494.140625	-141.053665
130500.000000	-139.365540
130505.859375	-141.317749
130511.718750	-141.537445
130517.578125	-139.424652
130523.437500	-136.067154
130529.296875	-137.164017
130535.156250	-139.787430
130541.015625	-138.840607
130546.875000	-139.322906
130552.734375	-140.339600
130558.593750	-139.146484
130564.453125	-138.063293
130570.312500	-138.227371
130576.171875	-140.214600
130582.031250	-141.532928
130587.890625	-139.005920
130593.750000	-136.923874
130599.609375	-138.517181
130605.468750	-140.940506
130611.328125	-140.638611
130617.187500	-139.866699
130623.046875	-138.657608
130628.906250	-135.890244
130634.765625	-133.689468
130640.625000	-135.168030
130646.484375	-137.839920
130652.343750	-138.504486
130658.203125	-139.518265
130664.062500	-139.782730
130669.921875	-138.796265
130675.781250	-139.155914
130681.640625	-139.964737
130687.500000	-139.278809
130693.359375	-140.319458
130699.218750	-138.467972
130705.078125	-135.463089
130710.937500	-136.083206
130716.796875	-139.338043
130722.656250	-140.859375
130728.515625	-141.747070
130734.375000	-140.246780
130740.234375	-137.203201
130746.093750	-136.456055
130751.953125	-138.953522
130757.812500	-139.246796
130763.671875	-140.927383
130769.531250	-142.081329
130775.390625	-140.438873
130781.250000	-140.790955
130787.109375	-141.204544
130792.968750	-140.691223
130798.828125	-142.922607
130804.687500	-143.887924
130810.546875	-138.738235
130816.406250	-137.420822
130822.265625	-139.451965
130828.125000	-140.399277
130833.984375	-141.920288
130839.843750	-141.412231
130845.703125	-138.915756
130851.562500	-134.370743
130857.421875	-133.770615
130863.281250	-138.022064
130869.140625	-142.227463
130875.000000	-138.430435
130880.859375	-136.718597
130886.718750	-137.929367
130892.578125	-140.865128
130898.437500	-142.490204
130904.296875	-142.382843
130910.156250	-142.705017
130916.015625	-141.094910
130921.875000	-136.153015
130927.734375	-135.182129
130933.593750	-139.094604
130939.453125	-142.849075
130945.312500	-142.696533
130951.171875	-141.346680
130957.031250	-137.605453
130962.890625	-135.290466
130968.750000	-136.572769
130974.609375	-139.565384
130980.468750	-139.426285
130986.328125	-141.959106
130992.187500	-142.764603
130998.046875	-140.209000
131003.906250	-138.825928
131009.765625	-140.443207
131015.625000	-141.711914
131021.484375	-139.383453
131027.343750	-137.505569
131033.203125	-135.056870
131039.062500	-136.359955
131044.921875	-139.420242
131050.781250	-140.244675
131056.640625	-140.677429
131062.500000	-140.769272
131068.359375	-137.253021
131074.218750	-133.785538
131080.078125	-134.969254
131085.937500	-139.671066
131091.796875	-141.668488
131097.656250	-144.474670
131103.515625	-144.321487
131109.375000	-141.209595
131115.234375	-141.556137
131121.093750	-143.291809
131126.953125	-143.008362
131132.812500	-141.740189
131138.671875	-140.865982
131144.531250	-140.944199
131150.390625	-141.235794
131156.250000	-139.312546
131162.109375	-138.841629
131167.968750	-138.749023
131173.828125	-138.484451
131179.687500	-136.159042
131185.546875	-135.142563
131191.406250	-139.781815
131197.265625	-143.662994
131203.125000	-142.600189
131208.984375	-141.257233
131214.843750	-140.738358
131220.703125	-140.883072
131226.562500	-138.249756
131232.421875	-140.857452
131238.281250	-142.414810
131244.140625	-139.822556
131250.000000	-136.744568
131255.859375	-134.535126
131261.718750	-137.145264
131267.578125	-141.099716
131273.437500	-143.182602
131279.296875	-143.036606
131285.156250	-139.004929
131291.015625	-135.678513
131296.875000	-135.306442
131302.734375	-139.307663
131308.593750	-142.132660
131314.453125	-143.931641
131320.312500	-143.107758
131326.171875	-139.612045
131332.031250	-140.893234
131337.890625	-143.393066
131343.750000	-143.723953
131349.609375	-140.257553
131355.468750	-137.974213
131361.328125	-135.872421
131367.187500	-136.445587
131373.046875	-141.312393
131378.906250	-146.832779
131384.765625	-147.055679
131390.625000	-141.804230
131396.484375	-137.913544
131402.343750	-134.456039
131408.203125	-135.130600
131414.062500	-140.261597
131419.921875	-142.679382
131425.781250	-140.897583
131431.640625	-139.903870
131437.500000	-141.680191
131443.359375	-140.882446
131449.218750	-139.673737
131455.078125	-139.708771
131460.937500	-140.459686
131466.796875	-144.826553
131472.656250	-139.162628
131478.515625	-136.066101
131484.375000	-136.621384
131490.234375	-138.911545
131496.093750	-141.846390
131501.953125	-143.101639
131507.812500	-136.138153
131513.671875	-130.977203
131519.531250	-131.973526
131525.390625	-136.417419
131531.250000	-137.261948
131537.109375	-136.859116
131542.968750	-138.186600
131548.828125	-140.050262
131554.687500	-142.260193
131560.546875	-143.786789
131566.406250	-143.828949
131572.265625	-141.712280
131578.125000	-138.264786
131583.984375	-136.905243
131589.843750	-138.531830
131595.703125	-142.144272
131601.562500	-141.665436
131607.421875	-140.737213
131613.281250	-139.115860
131619.140625	-134.307922
131625.000000	-131.890274
131630.859375	-134.450882
131636.718750	-139.222504
131642.578125	-139.625900
131648.437500	-140.157288
131654.296875	-141.834457
131660.156250	-141.742203
131666.015625	-138.711548
131671.875000	-139.037048
131677.734375	-142.273743
131683.593750	-143.629486
131689.453125	-139.534286
131695.312500	-137.710785
131701.171875	-140.294128
131707.031250	-144.126389
131712.890625	-140.895599
131718.750000	-138.833160
131724.609375	-137.773743
131730.468750	-134.475525
131736.328125	-133.512527
131742.187500	-137.516144
131748.046875	-139.657928
131753.906250	-138.109711
131759.765625	-136.762222
131765.625000	-136.533203
131771.484375	-136.902390
131777.343750	-137.501129
131783.203125	-139.646729
131789.062500	-145.315536
131794.921875	-142.277878
131800.781250	-140.911957
131806.640625	-143.417175
131812.500000	-143.129929
131818.359375	-139.206177
131824.218750	-138.754166
131830.078125	-141.370407
131835.937500	-139.120712
131841.796875	-134.831146
131847.656250	-134.613831
131853.515625	-139.026611
131859.375000	-139.791412
131865.234375	-140.311554
131871.093750	-144.986786
131876.953125	-147.044601
131882.812500	-143.270813
131888.671875	-140.970276
131894.531250	-141.043655
131900.390625	-143.192032
131906.250000	-143.540924
131912.109375	-141.210876
131917.968750	-141.745193
131923.828125	-143.448929
131929.687500	-141.870926
131935.546875	-141.361099
131941.406250	-142.706253
131947.265625	-138.330963
131953.125000	-132.914459
131958.984375	-132.245422
131964.843750	-135.262177
131970.703125	-137.574295
131976.562500	-137.553986
131982.421875	-139.118057
131988.281250	-140.991287
131994.140625	-141.715195
132000.000000	-145.468964
132005.859375	-144.627075
132011.718750	-143.866302
132017.578125	-141.719666
132023.437500	-136.350098
132029.296875	-136.060715
132035.156250	-138.197159
132041.015625	-139.226654
132046.875000	-140.241791
132052.734375	-138.992111
132058.593750	-133.947693
132064.453125	-131.470551
132070.312500	-133.777527
132076.171875	-137.942459
132082.031250	-138.884872
132087.890625	-139.493622
132093.750000	-139.559982
132099.609375	-140.545639
132105.468750	-139.746887
132111.328125	-140.466431
132117.187500	-141.590988
132123.046875	-140.303833
132128.906250	-138.549438
132134.765625	-136.494858
132140.625000	-139.127853
132146.484375	-143.489441
132152.343750	-143.339417
132158.203125	-142.220825
132164.062500	-137.026093
132169.921875	-131.863602
132175.781250	-130.684067
132181.640625	-135.768234
132187.500000	-138.567230
132193.359375	-137.067154
132199.218750	-139.272919
132205.078125	-142.145172
132210.937500	-139.038605
132216.796875	-138.356018
132222.656250	-140.446320
132228.515625	-141.466934
132234.375000	-140.492081
132240.234375	-137.452637
132246.093750	-135.860519
132251.953125	-137.228653
132257.812500	-139.349823
132263.671875	-140.519852
132269.531250	-139.029572
132275.390625	-137.755295
132281.250000	-131.653046
132287.109375	-130.184555
132292.968750	-134.069122
132298.828125	-138.002274
132304.687500	-138.371017
132310.546875	-139.652435
132316.406250	-141.549133
132322.265625	-142.322571
132328.125000	-142.203918
132333.984375	-142.444611
132339.843750	-142.871353
132345.703125	-136.921524
132351.562500	-132.761169
132357.421875	-133.109207
132363.281250	-137.870987
132369.140625	-140.528610
132375.000000	-138.569733
132380.859375	-138.513718
132386.718750	-134.430817
132392.578125	-129.807831
132398.437500	-129.690216
132404.296875	-133.216553
132410.156250	-138.100128
132416.015625	-139.415115
132421.875000	-138.635391
132427.734375	-139.048645
132433.593750	-140.532684
132439.453125	-143.820923
132445.312500	-143.804703
132451.171875	-143.087357
132457.031250	-143.765961
132462.890625	-141.169876
132468.750000	-140.399399
132474.609375	-142.324463
132480.468750	-142.798721
132486.328125	-142.969193
132492.187500	-142.239288
132498.046875	-136.253693
132503.906250	-131.333755
132509.765625	-133.546204
132515.625000	-141.310104
132521.484375	-143.231720
132527.343750	-140.512863
132533.203125	-138.804672
132539.062500	-138.281036
132544.921875	-135.584595
132550.781250	-135.332657
132556.640625	-137.589233
132562.500000	-139.398453
132568.359375	-137.507782
132574.218750	-135.756470
132580.078125	-137.235855
132585.937500	-139.828064
132591.796875	-142.310516
132597.656250	-145.452637
132603.515625	-139.773026
132609.375000	-131.240875
132615.234375	-128.509720
132621.093750	-131.882080
132626.953125	-138.657959
132632.812500	-139.553253
132638.671875	-139.157974
132644.531250	-140.115311
132650.390625	-142.080765
132656.250000	-143.179108
132662.109375	-141.541962
132667.968750	-139.275955
132673.828125	-138.526703
132679.687500	-137.916702
132685.546875	-137.591949
132691.406250	-142.000839
132697.265625	-139.646164
132703.125000	-135.729019
132708.984375	-136.116089
132714.843750	-139.970444
132720.703125	-132.522690
132726.562500	-130.141785
132732.421875	-133.566437
132738.281250	-137.916504
132744.140625	-142.631805
132750.000000	-142.514175
132755.859375	-143.593582
132761.718750	-141.039246
132767.578125	-140.098465
132773.437500	-141.505753
132779.296875	-141.686111
132785.156250	-140.025635
132791.015625	-137.141144
132796.875000	-136.203812
132802.734375	-137.946991
132808.593750	-139.174286
132814.453125	-138.920303
132820.312500	-138.134979
132826.171875	-133.725540
132832.031250	-128.637527
132837.890625	-128.277618
132843.750000	-132.670395
132849.609375	-137.418640
132855.468750	-139.150513
132861.328125	-140.445343
132867.187500	-141.628387
132873.046875	-141.835587
132878.906250	-141.556458
132884.765625	-140.814590
132890.625000	-139.825638
132896.484375	-137.788651
132902.343750	-135.589722
132908.203125	-136.191833
132914.062500	-140.568619
132919.921875	-143.848541
132925.781250	-140.177261
132931.640625	-135.842361
132937.500000	-128.677322
132943.359375	-124.566711
132949.218750	-126.201424
132955.078125	-133.438293
132960.937500	-139.364243
132966.796875	-140.287933
132972.656250	-141.066589
132978.515625	-141.660492
132984.375000	-140.582886
132990.234375	-140.233810
132996.093750	-141.423447
133001.953125	-141.906021
133007.812500	-138.063202
133013.671875	-136.849930
133019.531250	-137.250122
133025.390625	-139.481781
133031.250000	-139.320663
133037.109375	-138.492188
133042.968750	-138.590317
133048.828125	-128.796127
133054.687500	-124.923531
133060.546875	-127.680580
133066.406250	-136.141052
133072.265625	-138.719757
133078.125000	-141.048706
133083.984375	-144.464920
133089.843750	-143.903275
133095.703125	-142.801071
133101.562500	-143.028275
133107.421875	-143.982635
133113.281250	-141.741058
133119.140625	-137.207062
133125.000000	-133.448883
133130.859375	-134.782852
133136.718750	-138.372055
133142.578125	-138.690033
133148.437500	-137.770050
133154.296875	-135.057571
133160.156250	-128.580582
133166.015625	-126.600662
133171.875000	-130.048492
133177.734375	-136.238007
133183.593750	-139.345016
133189.453125	-140.056839
133195.312500	-138.843735
133201.171875	-141.219666
133207.031250	-142.296204
133212.890625	-141.108292
133218.750000	-139.612030
133224.609375	-138.660812
133230.468750	-136.486511
133236.328125	-136.313873
133242.187500	-140.568710
133248.046875	-146.374237
133253.906250	-141.070908
133259.765625	-138.726990
133265.625000	-133.933228
133271.484375	-128.756546
133277.343750	-128.573685
133283.203125	-134.618530
133289.062500	-143.292725
133294.921875	-145.183151
133300.781250	-144.058929
133306.640625	-142.315857
133312.500000	-140.568069
133318.359375	-140.556534
133324.218750	-143.263275
133330.078125	-145.304688
133335.937500	-139.840195
133341.796875	-137.247787
133347.656250	-138.506424
133353.515625	-141.112762
133359.375000	-142.471024
133365.234375	-142.944489
133371.093750	-143.296906
133376.953125	-134.865967
133382.812500	-129.299850
133388.671875	-130.185074
133394.531250	-137.447128
133400.390625	-147.719666
133406.250000	-140.439240
133412.109375	-137.008606
133417.968750	-138.158936
133423.828125	-139.346939
133429.687500	-139.256882
133435.546875	-138.883820
133441.406250	-138.852692
133447.265625	-138.326416
133453.125000	-136.879990
133458.984375	-138.226746
133464.843750	-138.201752
133470.703125	-136.529007
133476.562500	-138.113785
133482.421875	-140.059845
133488.281250	-133.293045
133494.140625	-129.348068
133500.000000	-132.001694
133505.859375	-140.370682
133511.718750	-142.287170
133517.578125	-142.706284
133523.437500	-141.127029
133529.296875	-139.142563
133535.156250	-138.842010
133541.015625	-139.931076
133546.875000	-141.788712
133552.734375	-141.470734
133558.593750	-140.887436
133564.453125	-139.801483
133570.312500	-142.466614
133576.171875	-144.956619
133582.031250	-144.478973
133587.890625	-141.580704
133593.750000	-136.511856
133599.609375	-130.947662
133605.468750	-128.951218
133611.328125	-131.734848
133617.187500	-137.301392
133623.046875	-141.141846
133628.906250	-141.507553
133634.765625	-140.415665
133640.625000	-139.589691
133646.484375	-139.372574
133652.343750	-140.753860
133658.203125	-141.185852
133664.062500	-140.163574
133669.921875	-138.295517
133675.781250	-137.090973
133681.640625	-140.411560
133687.500000	-139.324142
133693.359375	-137.672333
133699.218750	-138.436401
133705.078125	-137.836990
133710.937500	-134.573914
133716.796875	-134.944031
133722.656250	-141.133926
133728.515625	-139.006821
133734.375000	-137.484833
133740.234375	-138.311188
133746.093750	-139.062332
133751.953125	-138.669800
133757.812500	-138.697876
133763.671875	-138.850235
133769.531250	-140.275681
133775.390625	-141.120880
133781.250000	-138.593369
133787.109375	-138.973419
133792.968750	-141.846451
133798.828125	-144.683273
133804.687500	-144.062744
133810.546875	-139.952744
133816.406250	-136.287109
133822.265625	-133.308853
133828.125000	-133.526978
133833.984375	-137.432083
133839.843750	-139.251053
133845.703125	-141.575150
133851.562500	-144.989120
133857.421875	-140.039429
133863.281250	-139.051819
133869.140625	-138.748978
133875.000000	-137.438751
133880.859375	-138.994766
133886.718750	-139.697784
133892.578125	-139.115143
133898.437500	-140.086044
133904.296875	-139.750610
133910.156250	-141.274582
133916.015625	-141.117447
133921.875000	-137.434250
133927.734375	-133.040192
133933.593750	-130.041397
133939.453125	-131.341736
133945.312500	-136.212906
133951.171875	-140.294342
133957.031250	-144.601791
133962.890625	-142.350967
133968.750000	-142.696457
133974.609375	-148.601700
133980.468750	-142.372086
133986.328125	-138.919998
133992.187500	-139.634857
133998.046875	-137.743103
134003.906250	-134.659790
134009.765625	-137.320877
134015.625000	-142.706772
134021.484375	-142.705475
134027.343750	-141.817993
134033.203125	-139.560516
134039.062500	-134.238022
134044.921875	-131.788483
134050.781250	-135.172272
134056.640625	-140.381485
134062.500000	-141.919052
134068.359375	-145.234894
134074.218750	-141.760056
134080.078125	-141.214539
134085.937500	-140.569809
134091.796875	-140.144791
134097.656250	-139.915848
134103.515625	-140.251022
134109.375000	-138.729599
134115.234375	-136.609436
134121.093750	-137.959396
134126.953125	-141.111008
134132.812500	-142.096466
134138.671875	-141.536667
134144.531250	-137.908112
134150.390625	-133.102707
134156.250000	-132.208389
134162.109375	-137.153427
134167.968750	-141.567169
134173.828125	-141.385071
134179.687500	-141.410873
134185.546875	-140.406845
134191.406250	-141.276962
134197.265625	-141.891754
134203.125000	-141.545975
134208.984375	-142.841354
134214.843750	-140.227493
134220.703125	-136.301193
134226.562500	-135.335342
134232.421875	-136.972809
134238.281250	-137.575104
134244.140625	-138.746719
134250.000000	-139.518845
134255.859375	-136.089157
134261.718750	-131.758026
134267.578125	-132.190918
134273.437500	-137.615906
134279.296875	-140.456772
134285.156250	-140.999786
134291.015625	-143.362732
134296.875000	-143.495499
134302.734375	-140.760818
134308.593750	-139.811218
134314.453125	-140.161209
134320.312500	-139.922760
134326.171875	-139.267761
134332.031250	-137.029144
134337.890625	-135.976685
134343.750000	-136.333847
134349.609375	-137.732498
134355.468750	-140.409973
134361.328125	-140.609009
134367.187500	-135.524338
134373.046875	-131.616135
134378.906250	-132.557617
134384.765625	-137.046600
134390.625000	-138.482040
134396.484375	-139.281403
134402.343750	-141.115402
134408.203125	-141.200012
134414.062500	-141.362213
134419.921875	-139.445496
134425.781250	-139.436111
134431.640625	-139.218033
134437.500000	-136.797958
134443.359375	-134.939117
134449.218750	-137.587524
134455.078125	-145.143265
134460.937500	-143.459000
134466.796875	-140.753372
134472.656250	-139.752899
134478.515625	-134.445023
134484.375000	-131.084015
134490.234375	-133.234924
134496.093750	-137.928772
134501.953125	-139.546341
134507.812500	-142.239716
134513.671875	-140.304489
134519.531250	-138.040268
134525.390625	-139.285767
134531.250000	-139.949600
134537.109375	-140.048859
134542.968750	-140.578140
134548.828125	-136.859497
134554.687500	-135.160019
134560.546875	-137.228134
134566.406250	-139.696304
134572.265625	-140.590439
134578.125000	-139.292007
134583.984375	-137.122284
134589.843750	-134.298538
134595.703125	-133.425446
134601.562500	-137.349548
134607.421875	-142.980377
134613.281250	-142.893951
134619.140625	-142.257828
134625.000000	-141.377121
134630.859375	-138.954819
134636.718750	-137.879578
134642.578125	-139.204605
134648.437500	-141.627686
134654.296875	-142.563614
134660.156250	-139.804260
134666.015625	-137.808044
134671.875000	-140.474243
134677.734375	-141.632660
134683.593750	-141.725235
134689.453125	-139.617737
134695.312500	-135.740067
134701.171875	-132.189285
134707.031250	-131.703644
134712.890625	-134.532089
134718.750000	-137.869522
134724.609375	-140.719101
134730.468750	-143.968430
134736.328125	-143.750488
134742.187500	-140.372604
134748.046875	-137.960022
134753.906250	-137.018097
134759.765625	-136.723007
134765.625000	-136.830185
134771.484375	-137.781830
134777.343750	-138.684860
134783.203125	-141.173920
134789.062500	-142.927399
134794.921875	-142.725037
134800.781250	-140.810089
134806.640625	-136.244858
134812.500000	-132.026642
134818.359375	-132.570801
134824.218750	-138.362030
134830.078125	-142.618301
134835.937500	-138.625702
134841.796875	-136.528397
134847.656250	-138.140244
134853.515625	-141.464966
134859.375000	-143.796753
134865.234375	-141.676743
134871.093750	-139.176590
134876.953125	-136.585709
134882.812500	-135.504272
134888.671875	-136.788635
134894.531250	-140.517532
134900.390625	-141.494263
134906.250000	-140.216400
134912.109375	-142.280228
134917.968750	-138.844940
134923.828125	-133.961884
134929.687500	-134.198532
134935.546875	-138.488922
134941.406250	-142.186859
134947.265625	-137.524796
134953.125000	-137.856094
134958.984375	-139.734024
134964.843750	-139.481628
134970.703125	-137.952423
134976.562500	-136.423859
134982.421875	-135.807648
134988.281250	-135.156387
134994.140625	-135.510727
135000.000000	-137.791595
135005.859375	-139.754105
135011.718750	-139.780563
135017.578125	-140.014633
135023.437500	-139.420609
135029.296875	-136.693832
135035.156250	-133.207474
135041.015625	-134.383377
135046.875000	-139.407043
135052.734375	-142.013062
135058.593750	-140.790710
135064.453125	-141.153320
135070.312500	-141.879318
135076.171875	-141.839401
135082.031250	-141.488037
135087.890625	-139.739166
135093.750000	-139.603012
135099.609375	-138.945984
135105.468750	-136.480331
135111.328125	-136.586411
135117.187500	-138.271362
135123.046875	-139.960831
135128.906250	-139.587723
135134.765625	-138.527390
135140.625000	-134.039459
135146.484375	-132.848877
135152.343750	-137.710159
135158.203125	-142.156235
135164.062500	-143.566711
135169.921875	-142.076920
135175.781250	-140.642334
135181.640625	-140.711243
135187.500000	-141.122726
135193.359375	-140.301239
135199.218750	-139.417038
135205.078125	-140.085358
135210.937500	-140.940186
135216.796875	-141.071640
135222.656250	-141.258133
135228.515625	-140.839218
135234.375000	-139.470810
135240.234375	-139.004532
135246.093750	-138.977936
135251.953125	-134.589615
135257.812500	-133.770569
135263.671875	-138.134308
135269.531250	-142.360748
135275.390625	-143.381348
135281.250000	-147.433395
135287.109375	-143.483383
135292.968750	-141.871613
135298.828125	-143.345047
135304.687500	-142.875656
135310.546875	-143.188522
135316.406250	-139.789047
135322.265625	-137.079010
135328.125000	-137.394012
135333.984375	-139.002502
135339.843750	-139.504135
135345.703125	-141.729355
135351.562500	-143.531998
135357.421875	-137.405899
135363.281250	-133.254852
135369.140625	-134.894714
135375.000000	-140.982773
135380.859375	-141.885040
135386.718750	-140.725204
135392.578125	-138.544937
135398.437500	-139.601273
135404.296875	-140.957230
135410.156250	-140.286636
135416.015625	-140.832977
135421.875000	-141.731094
135427.734375	-139.581268
135433.593750	-135.858536
135439.453125	-136.645599
135445.312500	-141.565002
135451.171875	-143.694336
135457.031250	-140.615570
135462.890625	-141.000717
135468.750000	-135.970184
135474.609375	-131.828842
135480.468750	-134.648270
135486.328125	-141.014603
135492.187500	-141.266785
135498.046875	-141.448914
135503.906250	-141.566895
135509.765625	-142.344299
135515.625000	-143.133972
135521.484375	-141.681351
135527.343750	-141.898331
135533.203125	-141.510040
135539.062500	-139.221100
135544.921875	-139.636749
135550.781250	-140.434631
135556.640625	-138.926147
135562.500000	-138.610641
135568.359375	-140.008606
135574.218750	-139.853806
135580.078125	-135.067703
135585.937500	-133.494537
135591.796875	-137.878113
135597.656250	-143.593216
135603.515625	-142.737915
135609.375000	-141.762085
135615.234375	-140.066772
135621.093750	-140.501541
135626.953125	-140.403717
135632.812500	-139.096497
135638.671875	-139.526123
135644.531250	-140.178833
135650.390625	-137.340988
135656.250000	-136.222031
135662.109375	-139.595810
135667.968750	-143.104080
135673.828125	-141.035309
135679.687500	-141.326736
135685.546875	-141.454056
135691.406250	-135.430634
135697.265625	-134.850281
135703.125000	-140.483231
135708.984375	-142.135056
135714.843750	-140.277222
135720.703125	-139.414413
135726.562500	-138.538467
135732.421875	-139.214508
135738.281250	-139.492554
135744.140625	-138.668716
135750.000000	-139.265594
135755.859375	-141.412308
135761.718750	-137.789139
135767.578125	-136.188782
135773.437500	-138.825348
135779.296875	-140.972427
135785.156250	-139.448975
135791.015625	-138.616058
135796.875000	-138.607834
135802.734375	-134.785889
135808.593750	-134.245773
135814.453125	-137.302170
135820.312500	-141.161331
135826.171875	-141.620956
135832.031250	-140.294464
135837.890625	-142.725906
135843.750000	-145.053543
135849.609375	-140.901352
135855.468750	-140.209137
135861.328125	-141.960663
135867.187500	-140.619324
135873.046875	-138.656845
135878.906250	-139.157181
135884.765625	-140.880936
135890.625000	-141.283508
135896.484375	-141.547058
135902.343750	-139.913818
135908.203125	-135.803085
135914.062500	-133.519547
135919.921875	-135.687164
135925.781250	-139.539886
135931.640625	-140.637543
135937.500000	-143.352112
135943.359375	-144.859131
135949.218750	-144.097656
135955.078125	-142.762024
135960.937500	-140.618927
135966.796875	-141.020935
135972.656250	-140.751923
135978.515625	-136.299850
135984.375000	-134.149307
135990.234375	-137.600525
135996.093750	-141.875336
136001.953125	-141.354370
136007.812500	-142.641983
136013.671875	-142.489349
136019.531250	-137.474396
136025.390625	-135.636475
136031.250000	-138.645447
136037.109375	-139.955688
136042.968750	-139.349670
136048.828125	-140.499313
136054.687500	-143.372833
136060.546875	-146.161469
136066.406250	-141.424728
136072.265625	-137.218719
136078.125000	-137.276672
136083.984375	-140.058685
136089.843750	-136.882553
136095.703125	-135.031448
136101.562500	-137.887817
136107.421875	-140.961838
136113.281250	-142.091492
136119.140625	-140.280685
136125.000000	-140.643280
136130.859375	-136.910721
136136.718750	-134.830612
136142.578125	-137.872345
136148.437500	-142.515106
136154.296875	-142.021988
136160.156250	-141.886719
136166.015625	-140.814056
136171.875000	-139.659836
136177.734375	-139.803802
136183.593750	-139.436356
136189.453125	-138.566208
136195.312500	-137.696564
136201.171875	-139.675751
136207.031250	-141.617081
136212.890625	-140.071854
136218.750000	-139.050461
136224.609375	-142.565079
136230.468750	-143.368286
136236.328125	-138.778671
136242.187500	-135.238037
136248.046875	-135.177383
136253.906250	-137.733002
136259.765625	-143.225006
136265.625000	-145.415131
136271.484375	-142.894623
136277.343750	-142.109222
136283.203125	-142.360474
136289.062500	-141.258591
136294.921875	-143.135376
136300.781250	-146.356552
136306.640625	-139.741501
136312.500000	-138.046326
136318.359375	-138.228210
136324.218750	-140.369125
136330.078125	-142.178467
136335.937500	-141.137527
136341.796875	-139.430328
136347.656250	-139.367676
136353.515625	-136.951721
136359.375000	-137.131805
136365.234375	-142.513687
136371.093750	-148.096649
136376.953125	-143.346222
136382.812500	-140.804428
136388.671875	-137.664352
136394.531250	-137.929749
136400.390625	-139.894165
136406.250000	-139.759491
136412.109375	-139.720886
136417.968750	-140.465393
136423.828125	-139.339325
136429.687500	-141.255844
136435.546875	-142.894043
136441.406250	-140.520905
136447.265625	-139.313812
136453.125000	-140.141052
136458.984375	-139.108398
136464.843750	-134.771255
136470.703125	-135.841309
136476.562500	-139.555664
136482.421875	-140.292786
136488.281250	-140.078934
136494.140625	-137.699554
136500.000000	-136.966461
136505.859375	-138.861633
136511.718750	-141.736145
136517.578125	-140.117966
136523.437500	-139.244797
136529.296875	-138.223251
136535.156250	-137.204407
136541.015625	-138.054352
136546.875000	-140.930374
136552.734375	-141.606964
136558.593750	-138.648727
136564.453125	-139.093445
136570.312500	-136.774963
136576.171875	-134.623672
136582.031250	-137.368225
136587.890625	-140.057251
136593.750000	-139.563721
136599.609375	-141.211426
136605.468750	-142.821075
136611.328125	-143.100403
136617.187500	-140.954514
136623.046875	-139.353119
136628.906250	-138.560303
136634.765625	-139.152466
136640.625000	-139.132416
136646.484375	-136.832184
136652.343750	-137.278351
136658.203125	-141.452057
136664.062500	-141.021881
136669.921875	-139.623642
136675.781250	-141.345078
136681.640625	-139.008270
136687.500000	-137.153397
136693.359375	-137.850952
136699.218750	-141.840652
136705.078125	-146.025436
136710.937500	-143.085129
136716.796875	-140.302475
136722.656250	-137.962280
136728.515625	-137.417725
136734.375000	-139.501923
136740.234375	-143.756500
136746.093750	-142.976242
136751.953125	-139.719666
136757.812500	-138.530548
136763.671875	-139.125015
136769.531250	-140.328522
136775.390625	-140.645142
136781.250000	-139.265579
136787.109375	-136.423019
136792.968750	-134.115097
136798.828125	-135.830109
136804.687500	-141.929947
136810.546875	-142.798843
136816.406250	-140.360550
136822.265625	-141.131592
136828.125000	-142.435150
136833.984375	-140.943481
136839.843750	-138.703430
136845.703125	-139.149048
136851.562500	-140.337433
136857.421875	-140.413849
136863.281250	-140.215820
136869.140625	-139.161301
136875.000000	-138.101761
136880.859375	-138.227371
136886.718750	-139.329834
136892.578125	-138.423157
136898.437500	-137.167831
136904.296875	-134.565704
136910.156250	-136.635178
136916.015625	-143.901505
136921.875000	-141.682831
136927.734375	-138.518509
136933.593750	-138.153641
136939.453125	-139.171631
136945.312500	-140.372849
136951.171875	-139.650131
136957.031250	-139.006775
136962.890625	-139.605316
136968.750000	-138.063171
136974.609375	-135.393524
136980.468750	-135.888962
136986.328125	-137.345627
136992.187500	-137.044220
136998.046875	-137.267883
137003.906250	-139.316772
137009.765625	-138.443161
137015.625000	-136.962265
137021.484375	-140.365982
137027.343750	-145.188171
137033.203125	-146.178192
137039.062500	-140.883850
137044.921875	-139.259583
137050.781250	-141.116623
137056.640625	-146.419296
137062.500000	-144.471756
137068.359375	-142.936050
137074.218750	-141.947876
137080.078125	-138.929214
137085.937500	-137.972061
137091.796875	-139.437241
137097.656250	-140.336441
137103.515625	-140.760513
137109.375000	-140.048477
137115.234375	-137.704956
137121.093750	-135.989441
137126.953125	-135.775299
137132.812500	-139.588364
137138.671875	-142.107452
137144.531250	-142.433914
137150.390625	-141.710373
137156.250000	-140.235062
137162.109375	-141.445679
137167.968750	-142.723190
137173.828125	-141.870789
137179.687500	-140.795166
137185.546875	-140.093674
137191.406250	-139.803009
137197.265625	-138.845276
137203.125000	-139.334198
137208.984375	-141.541382
137214.843750	-139.878922
137220.703125	-137.938461
137226.562500	-136.281891
137232.421875	-134.531113
137238.281250	-136.481750
137244.140625	-140.566223
137250.000000	-140.076843
137255.859375	-141.121048
137261.718750	-142.239670
137267.578125	-143.388077
137273.437500	-143.498108
137279.296875	-141.085144
137285.156250	-141.671036
137291.015625	-142.021912
137296.875000	-140.430054
137302.734375	-138.334824
137308.593750	-136.842545
137314.453125	-136.373734
137320.312500	-137.176208
137326.171875	-139.542740
137332.031250	-143.167328
137337.890625	-136.697708
137343.750000	-132.848801
137349.609375	-133.962173
137355.468750	-138.338623
137361.328125	-141.033737
137367.187500	-140.047531
137373.046875	-140.690201
137378.906250	-142.033371
137384.765625	-142.171082
137390.625000	-142.167892
137396.484375	-140.045822
137402.343750	-138.378311
137408.203125	-137.727097
137414.062500	-137.370087
137419.921875	-138.878616
137425.781250	-139.910156
137431.640625	-140.801117
137437.500000	-141.033981
137443.359375	-138.806580
137449.218750	-135.953598
137455.078125	-134.813736
137460.937500	-137.329605
137466.796875	-141.737946
137472.656250	-140.388611
137478.515625	-140.246948
137484.375000	-141.733765
137490.234375	-141.277832
137496.093750	-139.647781
137501.953125	-139.339508
137507.812500	-140.241653
137513.671875	-139.608490
137519.531250	-138.629318
137525.390625	-138.239853
137531.250000	-138.848175
137537.109375	-140.836533
137542.968750	-139.887695
137548.828125	-138.662308
137554.687500	-138.950638
137560.546875	-136.629791
137566.406250	-135.176132
137572.265625	-136.313858
137578.125000	-136.380051
137583.984375	-136.971619
137589.843750	-138.630356
137595.703125	-139.399384
137601.562500	-138.689682
137607.421875	-140.047256
137613.281250	-141.613297
137619.140625	-139.285553
137625.000000	-138.215668
137630.859375	-138.419998
137636.718750	-142.411957
137642.578125	-141.934509
137648.437500	-141.053329
137654.296875	-140.290466
137660.156250	-138.837921
137666.015625	-136.256378
137671.875000	-132.935547
137677.734375	-133.318146
137683.593750	-139.347504
137689.453125	-143.900330
137695.312500	-143.177856
137701.171875	-141.151840
137707.031250	-139.222183
137712.890625	-138.087906
137718.750000	-138.105484
137724.609375	-138.794739
137730.468750	-138.108856
137736.328125	-138.026291
137742.187500	-137.144852
137748.046875	-136.726166
137753.906250	-139.862167
137759.765625	-142.256226
137765.625000	-140.876770
137771.484375	-137.846542
137777.343750	-134.569229
137783.203125	-132.741409
137789.062500	-134.814056
137794.921875	-141.403992
137800.781250	-142.957703
137806.640625	-145.084808
137812.500000	-146.941711
137818.359375	-141.730881
137824.218750	-142.596420
137830.078125	-142.197464
137835.937500	-138.040375
137841.796875	-136.920456
137847.656250	-138.116898
137853.515625	-138.090530
137859.375000	-139.931107
137865.234375	-142.321991
137871.093750	-139.118027
137876.953125	-139.403732
137882.812500	-144.192154
137888.671875	-139.665863
137894.531250	-134.700394
137900.390625	-135.228714
137906.250000	-137.043045
137912.109375	-138.267471
137917.968750	-139.898605
137923.828125	-142.000122
137929.687500	-143.227448
137935.546875	-141.347839
137941.406250	-140.997894
137947.265625	-142.050034
137953.125000	-140.849808
137958.984375	-137.890198
137964.843750	-137.005035
137970.703125	-138.992233
137976.562500	-141.069458
137982.421875	-141.046341
137988.281250	-140.777618
137994.140625	-140.308151
138000.000000	-138.611374
138005.859375	-137.631104
138011.718750	-141.063751
138017.578125	-142.561676
138023.437500	-140.777542
138029.296875	-140.720459
138035.156250	-141.429108
138041.015625	-140.642715
138046.875000	-138.087845
138052.734375	-137.497406
138058.593750	-139.251175
138064.453125	-143.399521
138070.312500	-138.400284
138076.171875	-135.699341
138082.031250	-136.676102
138087.890625	-139.670944
138093.750000	-142.789200
138099.609375	-142.109177
138105.468750	-137.806610
138111.328125	-133.850479
138117.187500	-133.458786
138123.046875	-137.346054
138128.906250	-139.149445
138134.765625	-139.490692
138140.625000	-140.228241
138146.484375	-139.783295
138152.343750	-140.017395
138158.203125	-142.950195
138164.062500	-141.520386
138169.921875	-138.032776
138175.781250	-138.565308
138181.640625	-137.562546
138187.500000	-136.062668
138193.359375	-136.747681
138199.218750	-137.589783
138205.078125	-138.258087
138210.937500	-138.715729
138216.796875	-137.144547
138222.656250	-133.549026
138228.515625	-135.046616
138234.375000	-139.482193
138240.234375	-135.186890
138246.093750	-134.824570
138251.953125	-135.739243
138257.812500	-137.906097
138263.671875	-140.353256
138269.531250	-141.224777
138275.390625	-143.558304
138281.250000	-140.750046
138287.109375	-138.123978
138292.968750	-136.361755
138298.828125	-137.033112
138304.687500	-139.408218
138310.546875	-141.676392
138316.406250	-142.054779
138322.265625	-138.300644
138328.125000	-135.135086
138333.984375	-133.207047
138339.843750	-136.233337
138345.703125	-144.171326
138351.562500	-141.070709
138357.421875	-139.847351
138363.281250	-140.047150
138369.140625	-141.782547
138375.000000	-142.718369
138380.859375	-140.144730
138386.718750	-138.592926
138392.578125	-138.066727
138398.437500	-137.109665
138404.296875	-136.763550
138410.156250	-139.630173
138416.015625	-144.585663
138421.875000	-144.811615
138427.734375	-145.886276
138433.593750	-143.530182
138439.453125	-139.150574
138445.312500	-136.150009
138451.171875	-138.305756
138457.031250	-143.358185
138462.890625	-141.644577
138468.750000	-139.254379
138474.609375	-139.153976
138480.468750	-139.231262
138486.328125	-138.412521
138492.187500	-137.000992
138498.046875	-137.026520
138503.906250	-138.581360
138509.765625	-137.273499
138515.625000	-135.254044
138521.484375	-136.905762
138527.343750	-139.443344
138533.203125	-138.656769
138539.062500	-137.630722
138544.921875	-138.357086
138550.781250	-135.663162
138556.640625	-134.708679
138562.500000	-138.766602
138568.359375	-141.955475
138574.218750	-143.337280
138580.078125	-142.840988
138585.937500	-139.709900
138591.796875	-139.789246
138597.656250	-140.401459
138603.515625	-140.944061
138609.375000	-140.392975
138615.234375	-142.228546
138621.093750	-140.490784
138626.953125	-140.611237
138632.812500	-142.229523
138638.671875	-141.819626
138644.531250	-141.049377
138650.390625	-139.949326
138656.250000	-137.361633
138662.109375	-134.244843
138667.968750	-134.910385
138673.828125	-138.841385
138679.687500	-138.451279
138685.546875	-138.499176
138691.406250	-141.978683
138697.265625	-143.435974
138703.125000	-141.130234
138708.984375	-138.773499
138714.843750	-138.491547
138720.703125	-141.209961
138726.562500	-145.951859
138732.421875	-140.375031
138738.281250	-139.500839
138744.140625	-142.611282
138750.000000	-142.043854
138755.859375	-140.767746
138761.718750	-141.736771
138767.578125	-140.919571
138773.437500	-135.720016
138779.296875	-135.391388
138785.156250	-137.496887
138791.015625	-138.110947
138796.875000	-137.183792
138802.734375	-138.100464
138808.593750	-139.322998
138814.453125	-140.566559
138820.312500	-143.107452
138826.171875	-142.316605
138832.031250	-142.103592
138837.890625	-138.573364
138843.750000	-136.314621
138849.609375	-139.470627
138855.468750	-141.098465
138861.328125	-141.420853
138867.187500	-144.525497
138873.046875	-145.736649
138878.906250	-137.650299
138884.765625	-133.448700
138890.625000	-135.849304
138896.484375	-143.209961
138902.343750	-143.289276
138908.203125	-141.650864
138914.062500	-142.697723
138919.921875	-142.835815
138925.781250	-143.145187
138931.640625	-142.905533
138937.500000	-142.354645
138943.359375	-139.908203
138949.218750	-138.837631
138955.078125	-138.144211
138960.937500	-138.942764
138966.796875	-140.453598
138972.656250	-142.186996
138978.515625	-145.584518
138984.375000	-142.313934
138990.234375	-136.555939
138996.093750	-134.973618
139001.953125	-137.319260
139007.812500	-140.061813
139013.671875	-142.806732
139019.531250	-142.477753
139025.390625	-141.064850
139031.250000	-139.475235
139037.109375	-139.148895
139042.968750	-139.865585
139048.828125	-140.520828
139054.687500	-140.051376
139060.546875	-136.700394
139066.406250	-135.341080
139072.265625	-138.070114
139078.125000	-142.330688
139083.984375	-142.987930
139089.843750	-140.493637
139095.703125	-140.464401
139101.562500	-136.070404
139107.421875	-135.653656
139113.281250	-140.869247
139119.140625	-139.687225
139125.000000	-139.227600
139130.859375	-141.053482
139136.718750	-144.422745
139142.578125	-147.544098
139148.437500	-142.947250
139154.296875	-139.279404
139160.156250	-138.281494
139166.015625	-139.019928
139171.875000	-137.358215
139177.734375	-136.247513
139183.593750	-137.823654
139189.453125	-140.401917
139195.312500	-142.953720
139201.171875	-142.345062
139207.031250	-139.530960
139212.890625	-136.463013
139218.750000	-137.441635
139224.609375	-142.421600
139230.468750	-142.929688
139236.328125	-140.268478
139242.187500	-139.072052
139248.046875	-138.991516
139253.906250	-141.112915
139259.765625	-142.900726
139265.625000	-141.300690
139271.484375	-140.462646
139277.343750	-140.658752
139283.203125	-139.422546
139289.062500	-140.835846
139294.921875	-143.329712
139300.781250	-140.115311
139306.640625	-139.354034
139312.500000	-141.321091
139318.359375	-139.049805
139324.218750	-135.233948
139330.078125	-137.155914
139335.937500	-142.743073
139341.796875	-142.053711
139347.656250	-142.033829
139353.515625	-140.609848
139359.375000	-141.689774
139365.234375	-141.882126
139371.093750	-140.097824
139376.953125	-140.084763
139382.812500	-141.711258
139388.671875	-140.664398
139394.531250	-137.213013
139400.390625	-139.680450
139406.250000	-142.936798
139412.109375	-142.329178
139417.968750	-141.592972
139423.828125	-141.436050
139429.687500	-135.877823
139435.546875	-133.160080
139441.406250	-136.086014
139447.265625	-142.453552
139453.125000	-140.099701
139458.984375	-139.936829
139464.843750	-142.424652
139470.703125	-141.245789
139476.562500	-140.230804
139482.421875	-140.329529
139488.281250	-139.197342
139494.140625	-137.437256
139500.000000	-137.401276
139505.859375	-139.825424
139511.718750	-140.877914
139517.578125	-138.914993
139523.437500	-137.849289
139529.296875	-138.386719
139535.156250	-139.465164
139541.015625	-135.689850
139546.875000	-134.464569
139552.734375	-137.182648
139558.593750	-140.490692
139564.453125	-141.690659
139570.312500	-141.071426
139576.171875	-142.181412
139582.031250	-140.041565
139587.890625	-137.739914
139593.750000	-138.420349
139599.609375	-141.297241
139605.468750	-142.512344
139611.328125	-140.757675
139617.187500	-140.708313
139623.046875	-140.829819
139628.906250	-138.513046
139634.765625	-138.466263
139640.625000	-139.149857
139646.484375	-138.978760
139652.343750	-137.488129
139658.203125	-136.895279
139664.062500	-136.935211
139669.921875	-137.783432
139675.781250	-141.528275
139681.640625	-142.503357
139687.500000	-140.954514
139693.359375	-139.719101
139699.218750	-139.294922
139705.078125	-140.167465
139710.937500	-138.803513
139716.796875	-137.946411
139722.656250	-139.633850
139728.515625	-138.709152
139734.375000	-137.686096
139740.234375	-138.054886
139746.093750	-138.848206
139751.953125	-140.259354
139757.812500	-138.649597
139763.671875	-135.375916
139769.531250	-136.228378
139775.390625	-141.163406
139781.250000	-141.103500
139787.109375	-139.146088
139792.968750	-140.888321
139798.828125	-143.904953
139804.687500	-141.472229
139810.546875	-140.607239
139816.406250	-140.245117
139822.265625	-140.101730
139828.125000	-136.681458
139833.984375	-135.323669
139839.843750	-136.576447
139845.703125	-141.020813
139851.562500	-143.870255
139857.421875	-141.586960
139863.281250	-139.208496
139869.140625	-133.298401
139875.000000	-131.671738
139880.859375	-136.365814
139886.718750	-140.753906
139892.578125	-138.274063
139898.437500	-139.472763
139904.296875	-141.775131
139910.156250	-141.774261
139916.015625	-139.242630
139921.875000	-138.400986
139927.734375	-140.728180
139933.593750	-142.832352
139939.453125	-139.694702
139945.312500	-138.564377
139951.171875	-139.374084
139957.031250	-140.841614
139962.890625	-142.335541
139968.750000	-143.247391
139974.609375	-141.680862
139980.468750	-135.024902
139986.328125	-132.833771
139992.187500	-135.429413
139998.046875	-136.848694
140003.906250	-137.587463
140009.765625	-140.295212
140015.625000	-141.678955
140021.484375	-139.960495
140027.343750	-138.290192
140033.203125	-139.251434
140039.062500	-141.377182
140044.921875	-142.863510
140050.781250	-143.710648
140056.640625	-142.652908
140062.500000	-141.322388
140068.359375	-141.933884
140074.218750	-143.014526
140080.078125	-142.048737
140085.937500	-139.177246
140091.796875	-136.216583
140097.656250	-136.889954
140103.515625	-137.786484
140109.375000	-136.039459
140115.234375	-137.374481
140121.093750	-139.593994
140126.953125	-139.714081
140132.812500	-141.043152
140138.671875	-143.020645
140144.531250	-142.017258
140150.390625	-138.697586
140156.250000	-137.567078
140162.109375	-138.880508
140167.968750	-141.354767
140173.828125	-140.098297
140179.687500	-139.384201
140185.546875	-140.151382
140191.406250	-139.441193
140197.265625	-138.310455
140203.125000	-136.604401
140208.984375	-137.734360
140214.843750	-139.974609
140220.703125	-141.511993
140226.562500	-141.667252
140232.421875	-140.391678
140238.281250	-140.919189
140244.140625	-143.231186
140250.000000	-143.204727
140255.859375	-141.162338
140261.718750	-140.927277
140267.578125	-140.627335
140273.437500	-138.686844
140279.296875	-139.113281
140285.156250	-141.375870
140291.015625	-141.225204
140296.875000	-140.633728
140302.734375	-140.203873
140308.593750	-138.395340
140314.453125	-136.556442
140320.312500	-137.820053
140326.171875	-138.361160
140332.031250	-137.218704
140337.890625	-138.062515
140343.750000	-141.778137
140349.609375	-143.824844
140355.468750	-142.380325
140361.328125	-143.278595
140367.187500	-143.029892
140373.046875	-144.332748
140378.906250	-147.734009
140384.765625	-143.699448
140390.625000	-141.288177
140396.484375	-140.090988
140402.343750	-140.339478
140408.203125	-141.503143
140414.062500	-140.717499
140419.921875	-137.674026
140425.781250	-137.304932
140431.640625	-140.868423
140437.500000	-142.678955
140443.359375	-144.046143
140449.218750	-143.736450
140455.078125	-144.883698
140460.937500	-141.988617
140466.796875	-142.110901
140472.656250	-142.835220
140478.515625	-142.345566
140484.375000	-141.905945
140490.234375	-139.174561
140496.093750	-138.685074
140501.953125	-141.976181
140507.812500	-142.524948
140513.671875	-139.414108
140519.531250	-138.589752
140525.390625	-138.998047
140531.250000	-135.819260
140537.109375	-134.802780
140542.968750	-137.253555
140548.828125	-138.951920
140554.687500	-140.136536
140560.546875	-142.040771
140566.406250	-143.126831
140572.265625	-142.499969
140578.125000	-141.640488
140583.984375	-142.740372
140589.843750	-143.115219
140595.703125	-140.037827
140601.562500	-136.624084
140607.421875	-136.859451
140613.281250	-141.201355
140619.140625	-141.114761
140625.000000	-137.292542
140630.859375	-135.292404
140636.718750	-134.399597
140642.578125	-134.488068
140648.437500	-135.777679
140654.296875	-139.635559
140660.156250	-143.544281
140666.015625	-140.125183
140671.875000	-140.027832
140677.734375	-141.086746
140683.593750	-141.476425
140689.453125	-141.780502
140695.312500	-140.437805
140701.171875	-139.482941
140707.031250	-139.225281
140712.890625	-139.427719
140718.750000	-139.024445
140724.609375	-136.715332
140730.468750	-135.280502
140736.328125	-136.365616
140742.187500	-139.351517
140748.046875	-141.135513
140753.906250	-136.728455
140759.765625	-138.116547
140765.625000	-138.606735
140771.484375	-138.181000
140777.343750	-141.145157
140783.203125	-143.115982
140789.062500	-141.543854
140794.921875	-140.949265
140800.781250	-141.100052
140806.640625	-141.124969
140812.500000	-143.265030
140818.359375	-141.891754
140824.218750	-138.844711
140830.078125	-138.336502
140835.937500	-138.170532
140841.796875	-138.853104
140847.656250	-140.110748
140853.515625	-139.905685
140859.375000	-137.559662
140865.234375	-136.406631
140871.093750	-140.341293
140876.953125	-148.131592
140882.812500	-148.789673
140888.671875	-146.749115
140894.531250	-141.542099
140900.390625	-138.893860
140906.250000	-140.050049
140912.109375	-140.837921
140917.968750	-140.572647
140923.828125	-138.667587
140929.687500	-137.085312
140935.546875	-136.536179
140941.406250	-139.104706
140947.265625	-143.627640
140953.125000	-144.071930
140958.984375	-144.879257
140964.843750	-141.156708
140970.703125	-136.542618
140976.562500	-135.482544
140982.421875	-138.102081
140988.281250	-139.350540
140994.140625	-137.280914
141000.000000	-136.816147
141005.859375	-138.471970
141011.718750	-139.305695
141017.578125	-138.943176
141023.437500	-141.118500
141029.296875	-141.129349
141035.156250	-138.573624
141041.015625	-137.293289
141046.875000	-137.506744
141052.734375	-139.377686
141058.593750	-141.310059
141064.453125	-143.058731
141070.312500	-141.313248
141076.171875	-138.630478
141082.031250	-135.298401
141087.890625	-135.021729
141093.750000	-137.598099
141099.609375	-138.674454
141105.468750	-138.302963
141111.328125	-138.430084
141117.187500	-138.332382
141123.046875	-138.158218
141128.906250	-138.689301
141134.765625	-139.777206
141140.625000	-141.521790
141146.484375	-144.737549
141152.343750	-140.982544
141158.203125	-138.579895
141164.062500	-139.871109
141169.921875	-142.399445
141175.781250	-140.927780
141181.640625	-138.640747
141187.500000	-135.864914
141193.359375	-134.209915
141199.218750	-136.143372
141205.078125	-138.588745
141210.937500	-138.729126
141216.796875	-140.252502
141222.656250	-140.554581
141228.515625	-139.863190
141234.375000	-139.388138
141240.234375	-139.436752
141246.093750	-139.790695
141251.953125	-140.237595
141257.812500	-141.622665
141263.671875	-142.302460
141269.531250	-143.908569
141275.390625	-143.305984
141281.250000	-141.694794
141287.109375	-141.945633
141292.968750	-143.615601
141298.828125	-137.244705
141304.687500	-133.589813
141310.546875	-136.426300
141316.406250	-142.973434
141322.265625	-142.987503
141328.125000	-141.996979
141333.984375	-142.756668
141339.843750	-141.160126
141345.703125	-138.514984
141351.562500	-137.931198
141357.421875	-139.249161
141363.281250	-138.572876
141369.140625	-136.511734
141375.000000	-136.493423
141380.859375	-142.852997
141386.718750	-142.881058
141392.578125	-140.897980
141398.437500	-141.675568
141404.296875	-140.887756
141410.156250	-135.872116
141416.015625	-134.362640
141421.875000	-137.557510
141427.734375	-139.851379
141433.593750	-140.571655
141439.453125	-141.971420
141445.312500	-140.306274
141451.171875	-140.200653
141457.031250	-142.143875
141462.890625	-142.063782
141468.750000	-139.958069
141474.609375	-138.699646
141480.468750	-136.811935
141486.328125	-136.312912
141492.187500	-139.477875
141498.046875	-143.339508
141503.906250	-141.355652
141509.765625	-140.999481
141515.625000	-142.464203
141521.484375	-139.661301
141527.343750	-137.784485
141533.203125	-138.210205
141539.062500	-137.855270
141544.921875	-137.069717
141550.781250	-137.667648
141556.640625	-139.044693
141562.500000	-138.831680
141568.359375	-138.987640
141574.218750	-140.121796
141580.078125	-139.392517
141585.937500	-137.733170
141591.796875	-136.990219
141597.656250	-139.865875
141603.515625	-144.202057
141609.375000	-140.903732
141615.234375	-139.088715
141621.093750	-140.655472
141626.953125	-140.683319
141632.812500	-138.002625
141638.671875	-137.538834
141644.531250	-138.956879
141650.390625	-140.407074
141656.250000	-141.015732
141662.109375	-142.170975
141667.968750	-140.377380
141673.828125	-140.253448
141679.687500	-143.581497
141685.546875	-145.382370
141691.406250	-144.237732
141697.265625	-143.633179
141703.125000	-140.088882
141708.984375	-138.067245
141714.843750	-138.692627
141720.703125	-141.859390
141726.562500	-143.136383
141732.421875	-140.048096
141738.281250	-136.657593
141744.140625	-134.183380
141750.000000	-137.091522
141755.859375	-143.312759
141761.718750	-143.269073
141767.578125	-144.348267
141773.437500	-145.439240
141779.296875	-143.393967
141785.156250	-141.374161
141791.015625	-140.533936
141796.875000	-140.116043
141802.734375	-140.322601
141808.593750	-141.981094
141814.453125	-139.320251
141820.312500	-138.354004
141826.171875	-138.346313
141832.031250	-139.203903
141837.890625	-138.914917
141843.750000	-137.810974
141849.609375	-137.268784
141855.468750	-137.212463
141861.328125	-139.916321
141867.187500	-140.021149
141873.046875	-139.093124
141878.906250	-140.765594
141884.765625	-143.330688
141890.625000	-141.557190
141896.484375	-140.181030
141902.343750	-141.241837
141908.203125	-144.034164
141914.062500	-145.461243
141919.921875	-140.527145
141925.781250	-138.070190
141931.640625	-139.522644
141937.500000	-143.468567
141943.359375	-144.555481
141949.218750	-143.044464
141955.078125	-141.036072
141960.937500	-137.134552
141966.796875	-136.781128
141972.656250	-141.124420
141978.515625	-140.136047
141984.375000	-138.376923
141990.234375	-138.171341
141996.093750	-139.442886
142001.953125	-139.294174
142007.812500	-139.786758
142013.671875	-141.617920
142019.531250	-141.031128
142025.390625	-138.703430
142031.250000	-137.102203
142037.109375	-138.057388
142042.968750	-141.754227
142048.828125	-140.954727
142054.687500	-139.345245
142060.546875	-139.555786
142066.406250	-136.874405
142072.265625	-134.808060
142078.125000	-136.139801
142083.984375	-140.357407
142089.843750	-142.373428
142095.703125	-141.141449
142101.562500	-141.872803
142107.421875	-139.953766
142113.281250	-139.162552
142119.140625	-140.580765
142125.000000	-142.613495
142130.859375	-142.162872
142136.718750	-139.749756
142142.578125	-138.172897
142148.437500	-137.989578
142154.296875	-140.284637
142160.156250	-142.587250
142166.015625	-142.033081
142171.875000	-142.586212
142177.734375	-141.969620
142183.593750	-140.429108
142189.453125	-139.527542
142195.312500	-137.853806
142201.171875	-138.312607
142207.031250	-140.776535
142212.890625	-142.237640
142218.750000	-141.270187
142224.609375	-140.664841
142230.468750	-141.519287
142236.328125	-142.715256
142242.187500	-143.980682
142248.046875	-141.929062
142253.906250	-139.165878
142259.765625	-139.489059
142265.625000	-141.110687
142271.484375	-142.289795
142277.343750	-141.600174
142283.203125	-140.101242
142289.062500	-137.278580
142294.921875	-135.331680
142300.781250	-135.799103
142306.640625	-137.457047
142312.500000	-138.598740
142318.359375	-139.191086
142324.218750	-141.809402
142330.078125	-142.705917
142335.937500	-139.725128
142341.796875	-139.232651
142347.656250	-140.297989
142353.515625	-143.322510
142359.375000	-139.696472
142365.234375	-136.790970
142371.093750	-138.029770
142376.953125	-139.588898
142382.812500	-138.510849
142388.671875	-137.894424
142394.531250	-137.559357
142400.390625	-136.087982
142406.250000	-136.139938
142412.109375	-139.120789
142417.968750	-142.727142
142423.828125	-144.458435
142429.687500	-144.122818
142435.546875	-144.934113
142441.406250	-142.784409
142447.265625	-140.606628
142453.125000	-138.707031
142458.984375	-137.267166
142464.843750	-137.396759
142470.703125	-138.878372
142476.562500	-138.871140
142482.421875	-140.487061
142488.281250	-140.879456
142494.140625	-140.122589
142500.000000	-139.828003
142505.859375	-140.047165
142511.718750	-138.306854
142517.578125	-138.463242
142523.437500	-139.257523
142529.296875	-136.791122
142535.156250	-137.615829
142541.015625	-139.372757
142546.875000	-140.351807
142552.734375	-140.205627
142558.593750	-139.293304
142564.453125	-139.624268
142570.312500	-142.605972
142576.171875	-143.443314
142582.031250	-141.608124
142587.890625	-141.743561
142593.750000	-140.136688
142599.609375	-138.058044
142605.468750	-137.422363
142611.328125	-138.230927
142617.187500	-139.212997
142623.046875	-136.988052
142628.906250	-135.867844
142634.765625	-137.853775
142640.625000	-141.962387
142646.484375	-144.627655
142652.343750	-141.203796
142658.203125	-141.551712
142664.062500	-142.599213
142669.921875	-142.480820
142675.781250	-141.641846
142681.640625	-141.776337
142687.500000	-140.778107
142693.359375	-137.944702
142699.218750	-137.797333
142705.078125	-137.662857
142710.937500	-137.509033
142716.796875	-140.756500
142722.656250	-143.624283
142728.515625	-138.785965
142734.375000	-135.809357
142740.234375	-136.990402
142746.093750	-143.366867
142751.953125	-143.445114
142757.812500	-141.351364
142763.671875	-141.557800
142769.531250	-140.595871
142775.390625	-138.216370
142781.250000	-138.697235
142787.109375	-140.397018
142792.968750	-143.623444
142798.828125	-142.247711
142804.687500	-137.502991
142810.546875	-137.578476
142816.406250	-138.766602
142822.265625	-137.734726
142828.125000	-137.337723
142833.984375	-137.457291
142839.843750	-136.129684
142845.703125	-134.945557
142851.562500	-136.460587
142857.421875	-139.145172
142863.281250	-140.507858
142869.140625	-139.737869
142875.000000	-138.781799
142880.859375	-139.815659
142886.718750	-144.139633
142892.578125	-144.573380
142898.437500	-140.245346
142904.296875	-138.631958
142910.156250	-138.581940
142916.015625	-138.402267
142921.875000	-139.032425
142927.734375	-140.002319
142933.593750	-142.340942
142939.453125	-144.850067
142945.312500	-143.952347
142951.171875	-137.869522
142957.031250	-135.883240
142962.890625	-139.196030
142968.750000	-141.655396
142974.609375	-139.964951
142980.468750	-140.590500
142986.328125	-143.946655
142992.187500	-151.231903
142998.046875	-146.894669
143003.906250	-141.321579
143009.765625	-139.514893
143015.625000	-141.413132
143021.484375	-143.516647
143027.343750	-141.737015
143033.203125	-141.193024
143039.062500	-143.242798
143044.921875	-144.019806
143050.781250	-142.291702
143056.640625	-141.462692
143062.500000	-139.573532
143068.359375	-139.374496
143074.218750	-141.519302
143080.078125	-142.189011
143085.937500	-142.101532
143091.796875	-139.835144
143097.656250	-137.659836
143103.515625	-138.672882
143109.375000	-139.136154
143115.234375	-137.464386
143121.093750	-137.680145
143126.953125	-138.285706
143132.812500	-137.203735
143138.671875	-138.009247
143144.531250	-137.901321
143150.390625	-138.148071
143156.250000	-138.544952
143162.109375	-139.649902
143167.968750	-143.011444
143173.828125	-139.819427
143179.687500	-138.891296
143185.546875	-140.086166
143191.406250	-138.827393
143197.265625	-139.124527
143203.125000	-143.115082
143208.984375	-143.283569
143214.843750	-143.831863
143220.703125	-144.598953
143226.562500	-141.362228
143232.421875	-140.312042
143238.281250	-139.145187
143244.140625	-139.486038
143250.000000	-142.122620
143255.859375	-141.929688
143261.718750	-140.247620
143267.578125	-139.754089
143273.437500	-139.641159
143279.296875	-137.347412
143285.156250	-136.643570
143291.015625	-139.348969
143296.875000	-140.748611
143302.734375	-140.818832
143308.593750	-141.413849
143314.453125	-139.670929
143320.312500	-138.891006
143326.171875	-137.278351
143332.031250	-136.874878
143337.890625	-139.470078
143343.750000	-141.256622
143349.609375	-141.820511
143355.468750	-143.075455
143361.328125	-141.323074
143367.187500	-138.668701
143373.046875	-137.456329
143378.906250	-136.430252
143384.765625	-135.637253
143390.625000	-134.573196
143396.484375	-134.663986
143402.343750	-138.306137
143408.203125	-141.502289
143414.062500	-141.647110
143419.921875	-139.150970
143425.781250	-138.119003
143431.640625	-138.966904
143437.500000	-138.361084
143443.359375	-137.750458
143449.218750	-137.700165
143455.078125	-137.900726
143460.937500	-140.262115
143466.796875	-144.793350
143472.656250	-143.027573
143478.515625	-141.916382
143484.375000	-141.146851
143490.234375	-138.948944
143496.093750	-137.815155
143501.953125	-136.369980
143507.812500	-137.285599
143513.671875	-141.952255
143519.531250	-142.519592
143525.390625	-139.340912
143531.250000	-138.036453
143537.109375	-139.256943
143542.968750	-140.855896
143548.828125	-141.584641
143554.687500	-140.093323
143560.546875	-139.042480
143566.406250	-139.713104
143572.265625	-137.856247
143578.125000	-138.166992
143583.984375	-140.231705
143589.843750	-141.047302
143595.703125	-142.455276
143601.562500	-141.432114
143607.421875	-138.878632
143613.281250	-137.736786
143619.140625	-139.047104
143625.000000	-141.864670
143630.859375	-141.251526
143636.718750	-140.727753
143642.578125	-139.591843
143648.437500	-138.986038
143654.296875	-141.456451
143660.156250	-142.266129
143666.015625	-138.620819
143671.875000	-137.093857
143677.734375	-138.823746
143683.593750	-140.979584
143689.453125	-139.699066
143695.312500	-138.272583
143701.171875	-140.771027
143707.031250	-144.521530
143712.890625	-141.518143
143718.750000	-139.133667
143724.609375	-137.751251
143730.468750	-138.366760
143736.328125	-138.776901
143742.187500	-138.653061
143748.046875	-139.770599
143753.906250	-142.185791
143759.765625	-142.439606
143765.625000	-140.987076
143771.484375	-141.175339
143777.343750	-139.340546
143783.203125	-138.922974
143789.062500	-141.795776
143794.921875	-142.612579
143800.781250	-140.862854
143806.640625	-143.519363
143812.500000	-143.298752
143818.359375	-142.795242
143824.218750	-140.564026
143830.078125	-140.270294
143835.937500	-139.126968
143841.796875	-138.763107
143847.656250	-139.346817
143853.515625	-139.374832
143859.375000	-139.457184
143865.234375	-140.587387
143871.093750	-141.789719
143876.953125	-143.489227
143882.812500	-142.906738
143888.671875	-141.038727
143894.531250	-142.798340
143900.390625	-143.881409
143906.250000	-140.949585
143912.109375	-141.692856
143917.968750	-139.007919
143923.828125	-137.766388
143929.687500	-138.056152
143935.546875	-138.834320
143941.406250	-140.670731
143947.265625	-139.951996
143953.125000	-140.353745
143958.984375	-139.365433
143964.843750	-138.674026
143970.703125	-140.491165
143976.562500	-140.581253
143982.421875	-139.313232
143988.281250	-138.806839
143994.140625	-137.796936
144000.000000	-137.148819
144005.859375	-137.012314
144011.718750	-136.075562
144017.578125	-136.829865
144023.437500	-138.788361
144029.296875	-139.057907
144035.156250	-139.468384
144041.015625	-138.613480
144046.875000	-136.755936
144052.734375	-135.634628
144058.593750	-136.302292
144064.453125	-137.443085
144070.312500	-137.194763
144076.171875	-137.345123
144082.031250	-138.914993
144087.890625	-140.680923
144093.750000	-140.363098
144099.609375	-140.445740
144105.468750	-141.441757
144111.328125	-141.042084
144117.187500	-139.977921
144123.046875	-138.592087
144128.906250	-138.589508
144134.765625	-140.310074
144140.625000	-140.123169
144146.484375	-139.988266
144152.343750	-140.205811
144158.203125	-138.858978
144164.062500	-139.233337
144169.921875	-141.962906
144175.781250	-139.651413
144181.640625	-137.886414
144187.500000	-141.319336
144193.359375	-141.760818
144199.218750	-140.050827
144205.078125	-140.775284
144210.937500	-139.792389
144216.796875	-139.183014
144222.656250	-140.925461
144228.515625	-141.327667
144234.375000	-138.741150
144240.234375	-138.567551
144246.093750	-139.510086
144251.953125	-139.954041
144257.812500	-140.972672
144263.671875	-141.363708
144269.531250	-141.147827
144275.390625	-139.082764
144281.250000	-137.556137
144287.109375	-138.794403
144292.968750	-140.781174
144298.828125	-139.809906
144304.687500	-138.869522
144310.546875	-139.725937
144316.406250	-141.837936
144322.265625	-142.734299
144328.125000	-142.617752
144333.984375	-144.056244
144339.843750	-144.081726
144345.703125	-143.636230
144351.562500	-141.344421
144357.421875	-139.345383
144363.281250	-139.048141
144369.140625	-140.030899
144375.000000	-138.418823
144380.859375	-135.746307
144386.718750	-135.418732
144392.578125	-138.331985
144398.437500	-144.103775
144404.296875	-142.218811
144410.156250	-139.829605
144416.015625	-139.813141
144421.875000	-140.863525
144427.734375	-141.499008
144433.593750	-140.635345
144439.453125	-138.325790
144445.312500	-138.878632
144451.171875	-140.118469
144457.031250	-139.452591
144462.890625	-140.813492
144468.750000	-142.351562
144474.609375	-142.239685
144480.468750	-141.984528
144486.328125	-141.701233
144492.187500	-139.887421
144498.046875	-138.487808
144503.906250	-140.587906
144509.765625	-143.610611
144515.625000	-144.335663
144521.484375	-144.694656
144527.343750	-144.850388
144533.203125	-144.086624
144539.062500	-140.787491
144544.921875	-138.057510
144550.781250	-138.072372
144556.640625	-140.174423
144562.500000	-140.538208
144568.359375	-139.847412
144574.218750	-139.076569
144580.078125	-138.611649
144585.937500	-139.911545
144591.796875	-139.208008
144597.656250	-138.578857
144603.515625	-137.741516
144609.375000	-139.216232
144615.234375	-143.248428
144621.093750	-143.419800
144626.953125	-145.746490
144632.812500	-142.562881
144638.671875	-138.722977
144644.531250	-138.524490
144650.390625	-138.303299
144656.250000	-138.808472
144662.109375	-139.499451
144667.968750	-139.111908
144673.828125	-139.836456
144679.687500	-142.089279
144685.546875	-142.530914
144691.406250	-140.345947
144697.265625	-141.818680
144703.125000	-142.516739
144708.984375	-138.543869
144714.843750	-137.263794
144720.703125	-140.134399
144726.562500	-145.006699
144732.421875	-143.876297
144738.281250	-141.794205
144744.140625	-141.140823
144750.000000	-141.852997
144755.859375	-141.800232
144761.718750	-141.463440
144767.578125	-142.482315
144773.437500	-141.655441
144779.296875	-139.167557
144785.156250	-138.587250
144791.015625	-139.236786
144796.875000	-140.822388
144802.734375	-141.368469
144808.593750	-141.192413
144814.453125	-141.046295
144820.312500	-140.833298
144826.171875	-140.876724
144832.031250	-140.195984
144837.890625	-139.802216
144843.750000	-141.802032
144849.609375	-140.444229
144855.468750	-138.467758
144861.328125	-139.000443
144867.187500	-140.239975
144873.046875	-141.033417
144878.906250	-142.781509
144884.765625	-140.934753
144890.625000	-138.078506
144896.484375	-138.658295
144902.343750	-142.304459
144908.203125	-146.804276
144914.062500	-143.470490
144919.921875	-141.168610
144925.781250	-139.391174
144931.640625	-137.152466
144937.500000	-136.394211
144943.359375	-137.723282
144949.218750	-140.337143
144955.078125	-140.677429
144960.937500	-140.512894
144966.796875	-141.086731
144972.656250	-140.919815
144978.515625	-142.135117
144984.375000	-141.679352
144990.234375	-138.274872
144996.093750	-138.179398
145001.953125	-139.755447
145007.812500	-140.171936
145013.671875	-138.603928
145019.531250	-138.487244
145025.390625	-139.741028
145031.250000	-142.020004
145037.109375	-142.676300
145042.968750	-137.886444
145048.828125	-136.907120
145054.687500	-139.125015
145060.546875	-142.021408
145066.406250	-143.996536
145072.265625	-143.512436
145078.125000	-141.829544
145083.984375	-141.945831
145089.843750	-141.378799
145095.703125	-141.126724
145101.562500	-140.677673
145107.421875	-139.147446
145113.281250	-137.585526
145119.140625	-137.479553
145125.000000	-141.018448
145130.859375	-143.848145
145136.718750	-140.517548
145142.578125	-137.611755
145148.437500	-135.006119
145154.296875	-133.597031
145160.156250	-136.012360
145166.015625	-139.829178
145171.875000	-140.696777
145177.734375	-139.898560
145183.593750	-140.777740
145189.453125	-142.785202
145195.312500	-143.249054
145201.171875	-143.632553
145207.031250	-146.076965
145212.890625	-143.699768
145218.750000	-140.804291
145224.609375	-140.063309
145230.468750	-139.450516
145236.328125	-138.728943
145242.187500	-138.457184
145248.046875	-137.496841
145253.906250	-137.265823
145259.765625	-137.246979
145265.625000	-136.865723
145271.484375	-137.241547
145277.343750	-138.286972
145283.203125	-139.481415
145289.062500	-141.409393
145294.921875	-141.488754
145300.781250	-141.347672
145306.640625	-140.767715
145312.500000	-139.258087
145318.359375	-138.461472
145324.218750	-139.642975
145330.078125	-140.106918
145335.937500	-138.891251
145341.796875	-138.368866
145347.656250	-140.291367
145353.515625	-141.246338
145359.375000	-140.624710
145365.234375	-139.512131
145371.093750	-136.117371
145376.953125	-135.123062
145382.812500	-138.034393
145388.671875	-140.915665
145394.531250	-142.132675
145400.390625	-141.113785
145406.250000	-140.199860
145412.109375	-140.610397
145417.968750	-140.022629
145423.828125	-141.141174
145429.687500	-141.224762
145435.546875	-141.826111
145441.406250	-140.216980
145447.265625	-138.366669
145453.125000	-140.539108
145458.984375	-143.032196
145464.843750	-141.728973
145470.703125	-139.139923
145476.562500	-137.432281
145482.421875	-138.049118
145488.281250	-139.733109
145494.140625	-138.761780
145500.000000	-138.973160
145505.859375	-139.444977
145511.718750	-139.668716
145517.578125	-143.013931
145523.437500	-145.671417
145529.296875	-143.671799
145535.156250	-142.620102
145541.015625	-141.209946
145546.875000	-141.336761
145552.734375	-139.604553
145558.593750	-138.142639
145564.453125	-140.666702
145570.312500	-142.748230
145576.171875	-143.066833
145582.031250	-141.633179
145587.890625	-138.481598
145593.750000	-135.599609
145599.609375	-135.954636
145605.468750	-138.211090
145611.328125	-138.725861
145617.187500	-139.558014
145623.046875	-143.080261
145628.906250	-141.624191
145634.765625	-139.784698
145640.625000	-138.355728
145646.484375	-138.524689
145652.343750	-139.335846
145658.203125	-139.990036
145664.062500	-139.284363
145669.921875	-139.690674
145675.781250	-140.498367
145681.640625	-141.305954
145687.500000	-141.028030
145693.359375	-140.046661
145699.218750	-136.080826
145705.078125	-134.169037
145710.937500	-136.844788
145716.796875	-139.402969
145722.656250	-142.582306
145728.515625	-144.105957
145734.375000	-140.929840
145740.234375	-140.546692
145746.093750	-139.228500
145751.953125	-138.998093
145757.812500	-140.973221
145763.671875	-141.144516
145769.531250	-140.671799
145775.390625	-141.465942
145781.250000	-144.276260
145787.109375	-145.320526
145792.968750	-143.279404
145798.828125	-138.976776
145804.687500	-137.736084
145810.546875	-137.525604
145816.406250	-137.982834
145822.265625	-141.454803
145828.125000	-145.054520
145833.984375	-144.427933
145839.843750	-140.603302
145845.703125	-141.118271
145851.562500	-143.630264
145857.421875	-145.584030
145863.281250	-144.767395
145869.140625	-143.020798
145875.000000	-141.451004
145880.859375	-141.183243
145886.718750	-143.842438
145892.578125	-142.605743
145898.437500	-141.302155
145904.296875	-142.962479
145910.156250	-145.092484
145916.015625	-141.398514
145921.875000	-136.010117
145927.734375	-136.164398
145933.593750	-139.978363
145939.453125	-142.288071
145945.312500	-143.332092
145951.171875	-141.613235
145957.031250	-140.832397
145962.890625	-139.635056
145968.750000	-138.990997
145974.609375	-140.001358
145980.468750	-140.361008
145986.328125	-141.209442
145992.187500	-142.944031
145998.046875	-141.701416
146003.906250	-139.549316
146009.765625	-139.122055
146015.625000	-138.843735
146021.484375	-140.562881
146027.343750	-140.184052
146033.203125	-136.598755
146039.062500	-138.635834
146044.921875	-142.288498
146050.781250	-140.136459
146056.640625	-139.745102
146062.500000	-139.673431
146068.359375	-139.795990
146074.218750	-140.628021
146080.078125	-142.668365
146085.937500	-143.548889
146091.796875	-140.395844
146097.656250	-139.546783
146103.515625	-138.300156
146109.375000	-139.315460
146115.234375	-144.421448
146121.093750	-143.628983
146126.953125	-142.217285
146132.812500	-141.308548
146138.671875	-138.452713
146144.531250	-136.644989
146150.390625	-138.123596
146156.250000	-140.032104
146162.109375	-141.053268
146167.968750	-142.067856
146173.828125	-140.518646
146179.687500	-139.255814
146185.546875	-138.444260
146191.406250	-139.499847
146197.265625	-141.994659
146203.125000	-143.258240
146208.984375	-140.739624
146214.843750	-137.924026
146220.703125	-137.614059
146226.562500	-139.131256
146232.421875	-142.711197
146238.281250	-144.230164
146244.140625	-140.946182
146250.000000	-137.763382
146255.859375	-136.451675
146261.718750	-138.654572
146267.578125	-140.236130
146273.437500	-140.665741
146279.296875	-140.737305
146285.156250	-141.455032
146291.015625	-141.506653
146296.875000	-139.007660
146302.734375	-139.506226
146308.593750	-139.445648
146314.453125	-139.873581
146320.312500	-139.878220
146326.171875	-138.869858
146332.031250	-137.087509
146337.890625	-137.024551
146343.750000	-137.635880
146349.609375	-137.150513
146355.468750	-138.210464
146361.328125	-136.781326
146367.187500	-135.476456
146373.046875	-136.918228
146378.906250	-142.238663
146384.765625	-141.322388
146390.625000	-141.307907
146396.484375	-140.857361
146402.343750	-139.799500
146408.203125	-139.486969
146414.062500	-139.897964
146419.921875	-139.819244
146425.781250	-139.112869
146431.640625	-136.028381
146437.500000	-136.088654
146443.359375	-140.590164
146449.218750	-142.839645
146455.078125	-143.425125
146460.937500	-143.340973
146466.796875	-143.366547
146472.656250	-139.442184
146478.515625	-139.014481
146484.375000	-140.645081
146490.234375	-138.056046
146496.093750	-137.431534
146501.953125	-139.950699
146507.812500	-142.389908
146513.671875	-141.802750
146519.531250	-140.966278
146525.390625	-140.125366
146531.250000	-139.216461
146537.109375	-138.534866
146542.968750	-139.031754
146548.828125	-141.864166
146554.687500	-139.970352
146560.546875	-139.704010
146566.406250	-141.655273
146572.265625	-140.223541
146578.125000	-137.525803
146583.984375	-136.315994
146589.843750	-138.042648
146595.703125	-140.232971
146601.562500	-141.132263
146607.421875	-139.121475
146613.281250	-137.474533
146619.140625	-139.954300
146625.000000	-143.082626
146630.859375	-141.146240
146636.718750	-141.776810
146642.578125	-144.056686
146648.437500	-142.484634
146654.296875	-138.832397
146660.156250	-137.689529
146666.015625	-138.374603
146671.875000	-140.094604
146677.734375	-143.950317
146683.593750	-146.127731
146689.453125	-140.318130
146695.312500	-136.951035
146701.171875	-138.218613
146707.031250	-140.844574
146712.890625	-140.509766
146718.750000	-140.026413
146724.609375	-140.785339
146730.468750	-139.089600
146736.328125	-136.679062
146742.187500	-136.410019
146748.046875	-139.045120
146753.906250	-140.977478
146759.765625	-139.657227
146765.625000	-139.415497
146771.484375	-140.474258
146777.343750	-139.508453
146783.203125	-138.215210
146789.062500	-138.169174
146794.921875	-139.236786
146800.781250	-137.646225
146806.640625	-136.879440
146812.500000	-139.249496
146818.359375	-139.573563
146824.218750	-139.492783
146830.078125	-138.728378
146835.937500	-139.636047
146841.796875	-138.774734
146847.656250	-137.462692
146853.515625	-140.079605
146859.375000	-141.012100
146865.234375	-140.776505
146871.093750	-141.556992
146876.953125	-142.518936
146882.812500	-143.646469
146888.671875	-143.142029
146894.531250	-141.246872
146900.390625	-139.866241
146906.250000	-138.453323
146912.109375	-134.926010
146917.968750	-135.292542
146923.828125	-140.771866
146929.687500	-141.349640
146935.546875	-139.845886
146941.406250	-140.190903
146947.265625	-140.736618
146953.125000	-140.874924
146958.984375	-140.802048
146964.843750	-139.676559
146970.703125	-139.662415
146976.562500	-139.216095
146982.421875	-139.670212
146988.281250	-140.936356
146994.140625	-139.510101
147000.000000	-139.473801
147005.859375	-140.441345
147011.718750	-141.091339
147017.578125	-142.314621
147023.437500	-138.848984
147029.296875	-138.706360
147035.156250	-138.755676
147041.015625	-138.958618
147046.875000	-140.242783
147052.734375	-140.411316
147058.593750	-140.557648
147064.453125	-140.023300
147070.312500	-139.965073
147076.171875	-140.356949
147082.031250	-141.102829
147087.890625	-141.808624
147093.750000	-139.773499
147099.609375	-139.528046
147105.468750	-142.850540
147111.328125	-141.386581
147117.187500	-138.690186
147123.046875	-139.252487
147128.906250	-138.150131
147134.765625	-136.523407
147140.625000	-138.985306
147146.484375	-142.019287
147152.343750	-141.657776
147158.203125	-140.073990
147164.062500	-141.142792
147169.921875	-145.305893
147175.781250	-142.184860
147181.640625	-140.180099
147187.500000	-140.008240
147193.359375	-139.293289
147199.218750	-137.987747
147205.078125	-138.835709
147210.937500	-139.016449
147216.796875	-139.173386
147222.656250	-141.149796
147228.515625	-144.488220
147234.375000	-141.166199
147240.234375	-136.838837
147246.093750	-136.438705
147251.953125	-140.005829
147257.812500	-141.917633
147263.671875	-144.179581
147269.531250	-142.761978
147275.390625	-142.992844
147281.250000	-141.222610
147287.109375	-139.658722
147292.968750	-139.850510
147298.828125	-141.362991
147304.687500	-143.951111
147310.546875	-140.008514
147316.406250	-138.359894
147322.265625	-140.583817
147328.125000	-139.861893
147333.984375	-137.328995
147339.843750	-138.199844
147345.703125	-138.912033
147351.562500	-136.328171
147357.421875	-135.710785
147363.281250	-137.982162
147369.140625	-141.822037
147375.000000	-141.730713
147380.859375	-139.911087
147386.718750	-141.494629
147392.578125	-140.188431
147398.437500	-139.852264
147404.296875	-140.722748
147410.156250	-141.429306
147416.015625	-143.126205
147421.875000	-147.288849
147427.734375	-141.812408
147433.593750	-141.208466
147439.453125	-142.969849
147445.312500	-141.183289
147451.171875	-139.344101
147457.031250	-139.232300
147462.890625	-140.418304
147468.750000	-141.467010
147474.609375	-143.190765
147480.468750	-141.485687
147486.328125	-141.699860
147492.187500	-142.920425
147498.046875	-141.774124
147503.906250	-142.425873
147509.765625	-141.087997
147515.625000	-139.751953
147521.484375	-140.117050
147527.343750	-139.775070
147533.203125	-141.121567
147539.062500	-142.117371
147544.921875	-141.885223
147550.781250	-140.835281
147556.640625	-140.116180
147562.500000	-140.719589
147568.359375	-139.170486
147574.218750	-138.313583
147580.078125	-139.951950
147585.937500	-139.341110
147591.796875	-137.850433
147597.656250	-140.216095
147603.515625	-140.182312
147609.375000	-138.656204
147615.234375	-136.818207
147621.093750	-138.393661
147626.953125	-141.771851
147632.812500	-141.100403
147638.671875	-139.721222
147644.531250	-138.692688
147650.390625	-138.250397
147656.250000	-139.077560
147662.109375	-140.515823
147667.968750	-140.326523
147673.828125	-141.002975
147679.687500	-141.297760
147685.546875	-139.555222
147691.406250	-141.882309
147697.265625	-140.817108
147703.125000	-140.139542
147708.984375	-142.329941
147714.843750	-143.813950
147720.703125	-143.909073
147726.562500	-141.692322
147732.421875	-139.899033
147738.281250	-140.903152
147744.140625	-144.126862
147750.000000	-145.757614
147755.859375	-144.256058
147761.718750	-140.146561
147767.578125	-138.712967
147773.437500	-139.026245
147779.296875	-140.833054
147785.156250	-141.758698
147791.015625	-137.056915
147796.875000	-135.495560
147802.734375	-137.292328
147808.593750	-138.804810
147814.453125	-140.051193
147820.312500	-141.766403
147826.171875	-142.294907
147832.031250	-142.067596
147837.890625	-141.547684
147843.750000	-141.711105
147849.609375	-142.694626
147855.468750	-142.232483
147861.328125	-139.665634
147867.187500	-138.396103
147873.046875	-137.971085
147878.906250	-140.698044
147884.765625	-139.927933
147890.625000	-139.910172
147896.484375	-141.861511
147902.343750	-139.101791
147908.203125	-139.352188
147914.062500	-141.917694
147919.921875	-142.870987
147925.781250	-143.556931
147931.640625	-142.734833
147937.500000	-142.776917
147943.359375	-143.930634
147949.218750	-142.594177
147955.078125	-139.941010
147960.937500	-137.971802
147966.796875	-138.909378
147972.656250	-141.336884
147978.515625	-144.273773
147984.375000	-147.843323
147990.234375	-143.157166
147996.093750	-139.998993
148001.953125	-144.014740
148007.812500	-139.484039
148013.671875	-135.017502
148019.531250	-136.245605
148025.390625	-140.824371
148031.250000	-145.409180
148037.109375	-142.108078
148042.968750	-139.692612
148048.828125	-140.280396
148054.687500	-142.333038
148060.546875	-140.672592
148066.406250	-138.647659
148072.265625	-138.786606
148078.125000	-139.757568
148083.984375	-141.571075
148089.843750	-142.167007
148095.703125	-140.427567
148101.562500	-141.056580
148107.421875	-142.344055
148113.281250	-139.551453
148119.140625	-136.490036
148125.000000	-134.749313
148130.859375	-136.548859
148136.718750	-139.582336
148142.578125	-141.461655
148148.437500	-143.175659
148154.296875	-140.653198
148160.156250	-139.094986
148166.015625	-138.399353
148171.875000	-137.431595
148177.734375	-137.975372
148183.593750	-139.350693
148189.453125	-140.122177
148195.312500	-141.129257
148201.171875	-141.068726
148207.031250	-141.074493
148212.890625	-143.039536
148218.750000	-145.870071
148224.609375	-143.407318
148230.468750	-137.142395
148236.328125	-135.314102
148242.187500	-136.655365
148248.046875	-137.648071
148253.906250	-139.101776
148259.765625	-141.090057
148265.625000	-141.037262
148271.484375	-139.098541
148277.343750	-138.694702
148283.203125	-139.062317
148289.062500	-138.512924
148294.921875	-140.993240
148300.781250	-141.213867
148306.640625	-139.871231
148312.500000	-138.462173
148318.359375	-138.326935
148324.218750	-139.450165
148330.078125	-139.525497
148335.937500	-142.176025
148341.796875	-136.816986
148347.656250	-135.779358
148353.515625	-140.712143
148359.375000	-141.498108
148365.234375	-138.438995
148371.093750	-137.277130
148376.953125	-138.346878
148382.812500	-139.594879
148388.671875	-140.711990
148394.531250	-141.370163
148400.390625	-139.932098
148406.250000	-139.483566
148412.109375	-143.062073
148417.968750	-143.077667
148423.828125	-143.024612
148429.687500	-142.198624
148435.546875	-139.515793
148441.406250	-139.336975
148447.265625	-139.057480
148453.125000	-136.738342
148458.984375	-137.618958
148464.843750	-139.435623
148470.703125	-139.465759
148476.562500	-140.479370
148482.421875	-144.011368
148488.281250	-150.341629
148494.140625	-141.119568
148500.000000	-137.882446
148505.859375	-138.996552
148511.718750	-144.302567
148517.578125	-140.930252
148523.437500	-141.537598
148529.296875	-139.354446
148535.156250	-137.331299
148541.015625	-137.758911
148546.875000	-140.411240
148552.734375	-141.693924
148558.593750	-139.249451
148564.453125	-137.400116
148570.312500	-139.289871
148576.171875	-140.927628
148582.031250	-142.452576
148587.890625	-142.230560
148593.750000	-140.021851
148599.609375	-139.498688
148605.468750	-139.721451
148611.328125	-144.544907
148617.187500	-148.067734
148623.046875	-143.402649
148628.906250	-142.116241
148634.765625	-141.969437
148640.625000	-139.222992
148646.484375	-138.012634
148652.343750	-140.330505
148658.203125	-139.486328
148664.062500	-138.132187
148669.921875	-137.239716
148675.781250	-137.502747
148681.640625	-139.548309
148687.500000	-138.038559
148693.359375	-137.602600
148699.218750	-141.294571
148705.078125	-144.254364
148710.937500	-141.939224
148716.796875	-138.634201
148722.656250	-137.765457
148728.515625	-138.196335
148734.375000	-139.291748
148740.234375	-139.375366
148746.093750	-139.321335
148751.953125	-139.963257
148757.812500	-139.507355
148763.671875	-141.110458
148769.531250	-140.786026
148775.390625	-138.140656
148781.250000	-136.969421
148787.109375	-138.217896
148792.968750	-142.931747
148798.828125	-141.201828
148804.687500	-138.642426
148810.546875	-136.889481
148816.406250	-137.475739
148822.265625	-139.022614
148828.125000	-138.245102
148833.984375	-137.255463
148839.843750	-137.945557
148845.703125	-139.236374
148851.562500	-138.162079
148857.421875	-137.401047
148863.281250	-138.946884
148869.140625	-142.797256
148875.000000	-143.625458
148880.859375	-139.639542
148886.718750	-137.485870
148892.578125	-136.337936
148898.437500	-137.468842
148904.296875	-141.348709
148910.156250	-140.730682
148916.015625	-139.962845
148921.875000	-141.167389
148927.734375	-138.776123
148933.593750	-138.101990
148939.453125	-138.972198
148945.312500	-143.205078
148951.171875	-141.548233
148957.031250	-140.028732
148962.890625	-140.789856
148968.750000	-141.154694
148974.609375	-139.928833
148980.468750	-139.262817
148986.328125	-139.943146
148992.187500	-142.551117
148998.046875	-140.857758
149003.906250	-137.903076
149009.765625	-140.430099
149015.625000	-140.229660
149021.484375	-137.638855
149027.343750	-138.704010
149033.203125	-140.718918
149039.062500	-140.744049
149044.921875	-139.348190
149050.781250	-138.594360
149056.640625	-138.554092
149062.500000	-137.087646
149068.359375	-137.550949
149074.218750	-140.030228
149080.078125	-141.061050
149085.937500	-141.006866
149091.796875	-142.234314
149097.656250	-143.473907
149103.515625	-141.666595
149109.375000	-138.438492
149115.234375	-135.861954
149121.093750	-136.720810
149126.953125	-137.322601
149132.812500	-137.760452
149138.671875	-140.418610
149144.531250	-140.651337
149150.390625	-139.206833
149156.250000	-139.824081
149162.109375	-140.833023
149167.968750	-141.364395
149173.828125	-139.542389
149179.687500	-140.091843
149185.546875	-140.087891
149191.406250	-141.159164
149197.265625	-141.828278
149203.125000	-140.277710
149208.984375	-140.625061
149214.843750	-140.408997
149220.703125	-135.381760
149226.562500	-134.029480
149232.421875	-138.616928
149238.281250	-145.804764
149244.140625	-141.002792
149250.000000	-137.162323
149255.859375	-138.209641
149261.718750	-141.229950
149267.578125	-143.363678
149273.437500	-143.524216
149279.296875	-142.222534
149285.156250	-140.741638
149291.015625	-139.061935
149296.875000	-138.466553
149302.734375	-140.812531
149308.593750	-143.064407
149314.453125	-142.054718
149320.312500	-140.216736
149326.171875	-138.550125
149332.031250	-135.790329
149337.890625	-136.330582
149343.750000	-139.292267
149349.609375	-139.889755
149355.468750	-139.124268
149361.328125	-138.535843
149367.187500	-138.762665
149373.046875	-140.408173
149378.906250	-139.153717
149384.765625	-137.629486
149390.625000	-137.853027
149396.484375	-137.924576
149402.343750	-137.130219
149408.203125	-137.840073
149414.062500	-138.886429
149419.921875	-138.575867
149425.781250	-139.759460
149431.640625	-142.087463
149437.500000	-139.241714
149443.359375	-135.668976
149449.218750	-136.003891
149455.078125	-139.669342
149460.937500	-143.039734
149466.796875	-141.390732
149472.656250	-140.970505
149478.515625	-143.184143
149484.375000	-146.771179
149490.234375	-144.603760
149496.093750	-140.240387
149501.953125	-139.517075
149507.812500	-142.461823
149513.671875	-145.878204
149519.531250	-140.551971
149525.390625	-140.446915
149531.250000	-141.049881
149537.109375	-141.012619
149542.968750	-138.244980
149548.828125	-136.463425
149554.687500	-135.968384
149560.546875	-137.109711
149566.406250	-138.839432
149572.265625	-141.803864
149578.125000	-141.770020
149583.984375	-140.153366
149589.843750	-140.353592
149595.703125	-139.689911
149601.562500	-139.344116
149607.421875	-139.423981
149613.281250	-140.474274
149619.140625	-141.404739
149625.000000	-140.818085
149630.859375	-139.872849
149636.718750	-139.975571
149642.578125	-141.171585
149648.437500	-141.711105
149654.296875	-141.944061
149660.156250	-138.197220
149666.015625	-137.888336
149671.875000	-140.983826
149677.734375	-142.568634
149683.593750	-143.015869
149689.453125	-143.361694
149695.312500	-141.547760
149701.171875	-142.565094
149707.031250	-141.084778
149712.890625	-138.818115
149718.750000	-140.467133
149724.609375	-144.453323
149730.468750	-140.907196
149736.328125	-139.919220
149742.187500	-138.557648
149748.046875	-137.237000
149753.906250	-136.910461
149759.765625	-137.532486
149765.625000	-141.201431
149771.484375	-139.952957
149777.343750	-137.489487
149783.203125	-140.032852
149789.062500	-142.984177
149794.921875	-143.802734
149800.781250	-143.832733
149806.640625	-142.612228
149812.500000	-140.352432
149818.359375	-139.956589
149824.218750	-140.999313
149830.078125	-142.395950
149835.937500	-141.389832
149841.796875	-138.540512
149847.656250	-137.747101
149853.515625	-139.972168
149859.375000	-140.843491
149865.234375	-140.979599
149871.093750	-141.805054
149876.953125	-139.231003
149882.812500	-136.772797
149888.671875	-137.143143
149894.531250	-140.240112
149900.390625	-142.017410
149906.250000	-139.278442
149912.109375	-139.402634
149917.968750	-143.252869
149923.828125	-143.566391
149929.687500	-142.760864
149935.546875	-144.053726
149941.406250	-143.989578
149947.265625	-142.041748
149953.125000	-137.143478
149958.984375	-135.502914
149964.843750	-136.218353
149970.703125	-138.617752
149976.562500	-139.992493
149982.421875	-138.621872
149988.281250	-137.436905
149994.140625	-135.498062
150000.000000	-136.252258
150005.859375	-139.895264
150011.718750	-138.809128
150017.578125	-138.112427
150023.437500	-139.403091
150029.296875	-139.594376
150035.156250	-140.216278
150041.015625	-140.462875
150046.875000	-142.316589
150052.734375	-142.372269
150058.593750	-137.754059
150064.453125	-136.915405
150070.312500	-139.979782
150076.171875	-142.963867
150082.031250	-142.994308
150087.890625	-142.869934
150093.750000	-141.770950
150099.609375	-139.887680
150105.468750	-138.789795
150111.328125	-140.458572
150117.187500	-141.387436
150123.046875	-140.369431
150128.906250	-140.874542
150134.765625	-141.929184
150140.625000	-140.081665
150146.484375	-138.085281
150152.343750	-137.560715
150158.203125	-138.374207
150164.062500	-138.717163
150169.921875	-139.347443
150175.781250	-139.481491
150181.640625	-138.233292
150187.500000	-138.011368
150193.359375	-139.757324
150199.218750	-142.589325
150205.078125	-139.922104
150210.937500	-136.310181
150216.796875	-136.020248
150222.656250	-137.939957
150228.515625	-136.801407
150234.375000	-137.074646
150240.234375	-138.204788
150246.093750	-139.967346
150251.953125	-140.391556
150257.812500	-139.148743
150263.671875	-137.996552
150269.531250	-138.210983
150275.390625	-139.160568
150281.250000	-139.226685
150287.109375	-139.454056
150292.968750	-141.048157
150298.828125	-144.112915
150304.687500	-141.760269
150310.546875	-138.156693
150316.406250	-138.539291
150322.265625	-136.829437
150328.125000	-136.804993
150333.984375	-141.633575
150339.843750	-144.775070
150345.703125	-142.788498
150351.562500	-139.806305
150357.421875	-140.191727
150363.281250	-143.223282
150369.140625	-142.618256
150375.000000	-141.769379
150380.859375	-141.808060
150386.718750	-143.048767
150392.578125	-138.561218
150398.437500	-136.752457
150404.296875	-137.237061
150410.156250	-138.050919
150416.015625	-139.865356
150421.875000	-141.835175
150427.734375	-139.835571
150433.593750	-137.492920
150439.453125	-138.943939
150445.312500	-141.121689
150451.171875	-139.714310
150457.031250	-140.027023
150462.890625	-141.833969
150468.750000	-139.717743
150474.609375	-139.063095
150480.468750	-139.893097
150486.328125	-140.633911
150492.187500	-141.627304
150498.046875	-140.184250
150503.906250	-140.905807
150509.765625	-143.321274
150515.625000	-144.539444
150521.484375	-143.756058
150527.343750	-143.028442
150533.203125	-141.233231
150539.062500	-136.773361
150544.921875	-133.385956
150550.781250	-134.736542
150556.640625	-139.532196
150562.500000	-142.075089
150568.359375	-145.693710
150574.218750	-143.498398
150580.078125	-143.206253
150585.937500	-148.215759
150591.796875	-145.969971
150597.656250	-143.838623
150603.515625	-142.911301
150609.375000	-143.002396
150615.234375	-142.635834
150621.093750	-141.631912
150626.953125	-140.351486
150632.812500	-140.450043
150638.671875	-143.083633
150644.531250	-143.553833
150650.390625	-137.915619
150656.250000	-135.836594
150662.109375	-137.358536
150667.968750	-141.187714
150673.828125	-145.836990
150679.687500	-144.482574
150685.546875	-145.232025
150691.406250	-142.079041
150697.265625	-137.860886
150703.125000	-137.220520
150708.984375	-139.097824
150714.843750	-140.323563
150720.703125	-139.398117
150726.562500	-139.570297
150732.421875	-138.457687
150738.281250	-139.352615
150744.140625	-141.181076
150750.000000	-139.690964
150755.859375	-139.416687
150761.718750	-136.756531
150767.578125	-136.364136
150773.437500	-140.674164
150779.296875	-142.849548
150785.156250	-142.681717
150791.015625	-143.644150
150796.875000	-139.590546
150802.734375	-137.590714
150808.593750	-139.806412
150814.453125	-143.654633
150820.312500	-144.515228
150826.171875	-143.605103
150832.031250	-141.514191
150837.890625	-140.747757
150843.750000	-140.827194
150849.609375	-144.768509
150855.468750	-145.378021
150861.328125	-141.597366
150867.187500	-139.810425
150873.046875	-137.216705
150878.906250	-137.450912
150884.765625	-138.791779
150890.625000	-138.927658
150896.484375	-141.527420
150902.343750	-142.447098
150908.203125	-141.729691
150914.062500	-142.229416
150919.921875	-141.430328
150925.781250	-140.170273
150931.640625	-140.296921
150937.500000	-138.606567
150943.359375	-138.502060
150949.218750	-140.569458
150955.078125	-140.978836
150960.937500	-141.000763
150966.796875	-142.455139
150972.656250	-141.817459
150978.515625	-139.252655
150984.375000	-136.159882
150990.234375	-137.537491
150996.093750	-140.641098
151001.953125	-141.675003
151007.812500	-143.969849
151013.671875	-143.764832
151019.531250	-142.262451
151025.390625	-143.247589
151031.250000	-143.539474
151037.109375	-140.903625
151042.968750	-140.885284
151048.828125	-142.013489
151054.687500	-141.294769
151060.546875	-141.125153
151066.406250	-141.761429
151072.265625	-143.340012
151078.125000	-144.615906
151083.984375	-142.092606
151089.843750	-137.374191
151095.703125	-134.551224
151101.562500	-136.516327
151107.421875	-140.563950
151113.281250	-141.242050
151119.140625	-141.672394
151125.000000	-141.550186
151130.859375	-139.378616
151136.718750	-138.066879
151142.578125	-137.279236
151148.437500	-138.398849
151154.296875	-140.570450
151160.156250	-138.815826
151166.015625	-137.143036
151171.875000	-138.919693
151177.734375	-141.183304
151183.593750	-142.259003
151189.453125	-142.558273
151195.312500	-143.291245
151201.171875	-139.989471
151207.031250	-136.555420
151212.890625	-137.057327
151218.750000	-139.472748
151224.609375	-140.071793
151230.468750	-140.086975
151236.328125	-140.596725
151242.187500	-139.921951
151248.046875	-138.108627
151253.906250	-138.148773
151259.765625	-140.077957
151265.625000	-140.841461
151271.484375	-140.157913
151277.343750	-139.819382
151283.203125	-140.333908
151289.062500	-140.384521
151294.921875	-138.596298
151300.781250	-138.939346
151306.640625	-141.065857
151312.500000	-137.901001
151318.359375	-138.627762
151324.218750	-142.124908
151330.078125	-141.262512
151335.937500	-140.508881
151341.796875	-141.230179
151347.656250	-143.771744
151353.515625	-143.700058
151359.375000	-141.030884
151365.234375	-141.162338
151371.093750	-139.419205
151376.953125	-140.171143
151382.812500	-141.917160
151388.671875	-141.306778
151394.531250	-140.400421
151400.390625	-139.201462
151406.250000	-141.482681
151412.109375	-145.218277
151417.968750	-139.378082
151423.828125	-134.725204
151429.687500	-135.951965
151435.546875	-139.424438
151441.406250	-139.616928
151447.265625	-139.573730
151453.125000	-137.575836
151458.984375	-136.648346
151464.843750	-137.541992
151470.703125	-138.169083
151476.562500	-139.626663
151482.421875	-140.424744
151488.281250	-138.701782
151494.140625	-138.717682
151500.000000	-140.647232
151505.859375	-142.157730
151511.718750	-141.987442
151517.578125	-142.303436
151523.437500	-140.854614
151529.296875	-135.732361
151535.156250	-134.354446
151541.015625	-138.293121
151546.875000	-141.254929
151552.734375	-139.426956
151558.593750	-138.604935
151564.453125	-139.604675
151570.312500	-144.993393
151576.171875	-146.753387
151582.031250	-144.482590
151587.890625	-147.112564
151593.750000	-142.381119
151599.609375	-140.731567
151605.468750	-141.579117
151611.328125	-142.564255
151617.187500	-145.392365
151623.046875	-141.694885
151628.906250	-140.904373
151634.765625	-141.113525
151640.625000	-137.532715
151646.484375	-136.893188
151652.343750	-140.523834
151658.203125	-143.174545
151664.062500	-142.521317
151669.921875	-138.492569
151675.781250	-136.692627
151681.640625	-137.670883
151687.500000	-135.934753
151693.359375	-135.440842
151699.218750	-138.510956
151705.078125	-143.257523
151710.937500	-142.139908
151716.796875	-142.285172
151722.656250	-142.750580
151728.515625	-139.025696
151734.375000	-136.269958
151740.234375	-135.761063
151746.093750	-136.317795
151751.953125	-135.528397
151757.812500	-136.861588
151763.671875	-142.073441
151769.531250	-139.448456
151775.390625	-137.205902
151781.250000	-137.322998
151787.109375	-138.744049
151792.968750	-138.838287
151798.828125	-138.132767
151804.687500	-138.963272
151810.546875	-139.912323
151816.406250	-139.538651
151822.265625	-138.642639
151828.125000	-141.616119
151833.984375	-144.926819
151839.843750	-141.725189
151845.703125	-138.708298
151851.562500	-138.337555
151857.421875	-138.192047
151863.281250	-137.121918
151869.140625	-137.549210
151875.000000	-140.170166
151880.859375	-142.981613
151886.718750	-142.637024
151892.578125	-141.752640
151898.437500	-140.813171
151904.296875	-140.394089
151910.156250	-141.137482
151916.015625	-141.383179
151921.875000	-142.235641
151927.734375	-143.451874
151933.593750	-140.568329
151939.453125	-140.490936
151945.312500	-142.830017
151951.171875	-140.363968
151957.031250	-139.338455
151962.890625	-140.418304
151968.750000	-138.150406
151974.609375	-135.994293
151980.468750	-137.769714
151986.328125	-140.444580
151992.187500	-141.768784
151998.046875	-141.124084
152003.906250	-140.042648
152009.765625	-139.621048
152015.625000	-141.190079
152021.484375	-142.166580
152027.343750	-141.305573
152033.203125	-141.296082
152039.062500	-139.964996
152044.921875	-138.509995
152050.781250	-139.428741
152056.640625	-141.863083
152062.500000	-144.306305
152068.359375	-142.959656
152074.218750	-139.785934
152080.078125	-136.483780
152085.937500	-135.276337
152091.796875	-137.557434
152097.656250	-140.762283
152103.515625	-141.492691
152109.375000	-142.104721
152115.234375	-144.475128
152121.093750	-145.590042
152126.953125	-142.401062
152132.812500	-138.316483
152138.671875	-139.576050
152144.531250	-141.198212
152150.390625	-140.779022
152156.250000	-138.223404
152162.109375	-136.749283
152167.968750	-137.257111
152173.828125	-139.147873
152179.687500	-141.659576
152185.546875	-138.009460
152191.406250	-133.607880
152197.265625	-133.470001
152203.125000	-137.220215
152208.984375	-137.938080
152214.843750	-137.658737
152220.703125	-139.177582
152226.562500	-139.795792
152232.421875	-139.312775
152238.281250	-138.102112
152244.140625	-136.481049
152250.000000	-137.053528
152255.859375	-138.378479
152261.718750	-137.786270
152267.578125	-139.425354
152273.437500	-142.253220
152279.296875	-140.878265
152285.156250	-140.150894
152291.015625	-138.497284
152296.875000	-135.339325
152302.734375	-132.836578
152308.593750	-134.531403
152314.453125	-141.251099
152320.312500	-145.517441
152326.171875	-141.722977
152332.031250	-139.464783
152337.890625	-140.490570
152343.750000	-143.592697
152349.609375	-143.661484
152355.468750	-143.260925
152361.328125	-140.394424
152367.187500	-138.220154
152373.046875	-137.336975
152378.906250	-137.782455
152384.765625	-140.327377
152390.625000	-143.250244
152396.484375	-140.062042
152402.343750	-137.969330
152408.203125	-135.716064
152414.062500	-133.514923
152419.921875	-135.708740
152425.781250	-140.938965
152431.640625	-139.330032
152437.500000	-137.778427
152443.359375	-137.983353
152449.218750	-139.967072
152455.078125	-142.146713
152460.937500	-141.190842
152466.796875	-139.903549
152472.656250	-138.505280
152478.515625	-139.460861
152484.375000	-138.234436
152490.234375	-138.636551
152496.093750	-139.093781
152501.953125	-137.810135
152507.812500	-136.377365
152513.671875	-136.891953
152519.531250	-135.437927
152525.390625	-133.041824
152531.250000	-135.659988
152537.109375	-139.762894
152542.968750	-140.717224
152548.828125	-142.876617
152554.687500	-143.426865
152560.546875	-141.676788
152566.406250	-140.813965
152572.265625	-139.100830
152578.125000	-139.300339
152583.984375	-139.039490
152589.843750	-136.288895
152595.703125	-136.052078
152601.562500	-140.439346
152607.421875	-141.474106
152613.281250	-140.740952
152619.140625	-141.235474
152625.000000	-140.250137
152630.859375	-134.076950
152636.718750	-131.950027
152642.578125	-134.942520
152648.437500	-139.806870
152654.296875	-142.326141
152660.156250	-142.387543
152666.015625	-141.586670
152671.875000	-141.640564
152677.734375	-141.340485
152683.593750	-139.411270
152689.453125	-140.777161
152695.312500	-145.390915
152701.171875	-139.656921
152707.031250	-138.866806
152712.890625	-142.999496
152718.750000	-141.684998
152724.609375	-139.925217
152730.468750	-140.506882
152736.328125	-137.607498
152742.187500	-135.279633
152748.046875	-135.233826
152753.906250	-137.337677
152759.765625	-139.486099
152765.625000	-140.978989
152771.484375	-139.995117
152777.343750	-138.550369
152783.203125	-139.514633
152789.062500	-143.074677
152794.921875	-142.053528
152800.781250	-139.471359
152806.640625	-139.838699
152812.500000	-140.679153
152818.359375	-141.051590
152824.218750	-144.271774
152830.078125	-142.971222
152835.937500	-142.097275
152841.796875	-142.786087
152847.656250	-140.606934
152853.515625	-135.144287
152859.375000	-134.980316
152865.234375	-137.260986
152871.093750	-137.175613
152876.953125	-137.713608
152882.812500	-140.908493
152888.671875	-142.508743
152894.531250	-141.589966
152900.390625	-143.400528
152906.250000	-147.115845
152912.109375	-143.189346
152917.968750	-141.183136
152923.828125	-143.750320
152929.687500	-146.599442
152935.546875	-146.608978
152941.406250	-142.108337
152947.265625	-141.542969
152953.125000	-142.895447
152958.984375	-136.515213
152964.843750	-133.188934
152970.703125	-135.346451
152976.562500	-137.712021
152982.421875	-138.403214
152988.281250	-139.310989
152994.140625	-139.179245
153000.000000	-139.621643
153005.859375	-139.220200
153011.718750	-138.271790
153017.578125	-139.679611
153023.437500	-140.207779
153029.296875	-141.858002
153035.156250	-144.846283
153041.015625	-141.072662
153046.875000	-141.140411
153052.734375	-142.982239
153058.593750	-142.567291
153064.453125	-140.128983
153070.312500	-134.645157
153076.171875	-132.882782
153082.031250	-135.699921
153087.890625	-139.432144
153093.750000	-139.992889
153099.609375	-140.152130
153105.468750	-140.233551
153111.328125	-139.307617
153117.187500	-138.696869
153123.046875	-137.644455
153128.906250	-137.088257
153134.765625	-137.493484
153140.625000	-138.122681
153146.484375	-138.796967
153152.343750	-137.256348
153158.203125	-137.609955
153164.062500	-139.475311
153169.921875	-142.061005
153175.781250	-142.215500
153181.640625	-136.622772
153187.500000	-135.459763
153193.359375	-138.515060
153199.218750	-142.815689
153205.078125	-141.309113
153210.937500	-140.944931
153216.796875	-140.927933
153222.656250	-140.016312
153228.515625	-139.038544
153234.375000	-139.445694
153240.234375	-140.058594
153246.093750	-142.779251
153251.953125	-141.264862
153257.812500	-142.117081
153263.671875	-145.107941
153269.531250	-143.831573
153275.390625	-140.561188
153281.250000	-139.335754
153287.109375	-137.535568
153292.968750	-133.539337
153298.828125	-135.040421
153304.687500	-141.156998
153310.546875	-141.498535
153316.406250	-143.046524
153322.265625	-141.703552
153328.125000	-141.258087
153333.984375	-143.031570
153339.843750	-142.145889
153345.703125	-143.020172
153351.562500	-145.839447
153357.421875	-143.700012
153363.281250	-140.459503
153369.140625	-139.382523
153375.000000	-140.527802
153380.859375	-141.777267
153386.718750	-141.783127
153392.578125	-139.757446
153398.437500	-135.474869
153404.296875	-132.754440
153410.156250	-134.102264
153416.015625	-137.122177
153421.875000	-138.775818
153427.734375	-141.178360
153433.593750	-139.932663
153439.453125	-137.542969
153445.312500	-137.924881
153451.171875	-138.570969
153457.031250	-139.306396
153462.890625	-141.754730
153468.750000	-143.786942
153474.609375	-143.165466
153480.468750	-143.317566
153486.328125	-143.791763
153492.187500	-140.631500
153498.046875	-137.877228
153503.906250	-136.828171
153509.765625	-134.210907
153515.625000	-133.375656
153521.484375	-137.307175
153527.343750	-140.247559
153533.203125	-140.727264
153539.062500	-138.691498
153544.921875	-136.967789
153550.781250	-137.838684
153556.640625	-141.317505
153562.500000	-141.788986
153568.359375	-142.188995
153574.218750	-143.608749
153580.078125	-143.667679
153585.937500	-142.293762
153591.796875	-140.887711
153597.656250	-139.604843
153603.515625	-138.762009
153609.375000	-141.236191
153615.234375	-138.478485
153621.093750	-133.601929
153626.953125	-132.666504
153632.812500	-135.428787
153638.671875	-137.747162
153644.531250	-138.990906
153650.390625	-139.781815
153656.250000	-138.424149
153662.109375	-139.666306
153667.968750	-143.215073
153673.828125	-143.352325
153679.687500	-141.862091
153685.546875	-143.329910
153691.406250	-142.111313
153697.265625	-138.658737
153703.125000	-136.324173
153708.984375	-135.176071
153714.843750	-136.786346
153720.703125	-140.774628
153726.562500	-141.390579
153732.421875	-133.254654
153738.281250	-131.709763
153744.140625	-135.252701
153750.000000	-138.262680
153755.859375	-137.818039
153761.718750	-137.932693
153767.578125	-139.988281
153773.437500	-144.791077
153779.296875	-143.003922
153785.156250	-142.408676
153791.015625	-143.862915
153796.875000	-145.513535
153802.734375	-144.479507
153808.593750	-143.256943
153814.453125	-142.782867
153820.312500	-139.977448
153826.171875	-139.716095
153832.031250	-140.003159
153837.890625	-136.557220
153843.750000	-133.348068
153849.609375	-135.123993
153855.468750	-139.042450
153861.328125	-140.605637
153867.187500	-138.109711
153873.046875	-137.615219
153878.906250	-140.243484
153884.765625	-140.746475
153890.625000	-140.886826
153896.484375	-141.693024
153902.343750	-142.307907
153908.203125	-143.370041
153914.062500	-144.321960
153919.921875	-144.476089
153925.781250	-143.615036
153931.640625	-142.928787
153937.500000	-140.908829
153943.359375	-139.100876
153949.218750	-134.430969
153955.078125	-132.311600
153960.937500	-134.587814
153966.796875	-137.453873
153972.656250	-139.423706
153978.515625	-140.610046
153984.375000	-143.238846
153990.234375	-143.466614
153996.093750	-141.279495
154001.953125	-140.880295
154007.812500	-141.477814
154013.671875	-141.713135
154019.531250	-140.291641
154025.390625	-140.305115
154031.250000	-141.743286
154037.109375	-140.731781
154042.968750	-140.093765
154048.828125	-139.265244
154054.687500	-136.809464
154060.546875	-132.470123
154066.406250	-131.589096
154072.265625	-135.475067
154078.125000	-139.231918
154083.984375	-138.017365
154089.843750	-137.824493
154095.703125	-139.141663
154101.562500	-139.789719
154107.421875	-138.769516
154113.281250	-138.903351
154119.140625	-140.318237
154125.000000	-143.311218
154130.859375	-146.408844
154136.718750	-141.765244
154142.578125	-140.237869
154148.437500	-139.622696
154154.296875	-140.731140
154160.156250	-141.324646
154166.015625	-139.003006
154171.875000	-134.627716
154177.734375	-133.861588
154183.593750	-137.582581
154189.453125	-141.177658
154195.312500	-141.797104
154201.171875	-139.479782
154207.031250	-137.653824
154212.890625	-138.781342
154218.750000	-140.671021
154224.609375	-139.937103
154230.468750	-138.423721
154236.328125	-138.840057
154242.187500	-139.793015
154248.046875	-141.236603
154253.906250	-139.837357
154259.765625	-138.755417
154265.625000	-140.983002
154271.484375	-142.789719
154277.343750	-137.636734
154283.203125	-131.983856
154289.062500	-132.173157
154294.921875	-136.162491
154300.781250	-140.150192
154306.640625	-142.773117
154312.500000	-140.762405
154318.359375	-139.002930
154324.218750	-138.552124
154330.078125	-141.295547
154335.937500	-146.539154
154341.796875	-139.934570
154347.656250	-136.784500
154353.515625	-137.553101
154359.375000	-143.370789
154365.234375	-142.012283
154371.093750	-140.931595
154376.953125	-143.226334
154382.812500	-143.446335
154388.671875	-134.749634
154394.531250	-130.502609
154400.390625	-132.494263
154406.250000	-138.807175
154412.109375	-143.943954
154417.968750	-144.571289
154423.828125	-140.908859
154429.687500	-139.268509
154435.546875	-140.624863
154441.406250	-142.762161
154447.265625	-141.456863
154453.125000	-141.797394
154458.984375	-142.346329
154464.843750	-139.247620
154470.703125	-138.781525
154476.562500	-140.853317
154482.421875	-142.480408
154488.281250	-144.062866
154494.140625	-139.790070
154500.000000	-133.369797
154505.859375	-130.924774
154511.718750	-133.129303
154517.578125	-137.694077
154523.437500	-140.633606
154529.296875	-140.198257
154535.156250	-138.946152
154541.015625	-139.193192
154546.875000	-139.747742
154552.734375	-140.032349
154558.593750	-142.518784
154564.453125	-142.707840
154570.312500	-144.779861
154576.171875	-145.574280
154582.031250	-142.175232
154587.890625	-139.415192
154593.750000	-140.177811
154599.609375	-143.147079
154605.468750	-135.795151
154611.328125	-130.429764
154617.187500	-130.006866
154623.046875	-135.571640
154628.906250	-142.502914
154634.765625	-140.738770
154640.625000	-140.708328
154646.484375	-145.410019
154652.343750	-142.018524
154658.203125	-138.797318
154664.062500	-140.124817
154669.921875	-144.025238
154675.781250	-143.906952
154681.640625	-139.676773
154687.500000	-141.148972
154693.359375	-143.027573
154699.218750	-141.062851
154705.078125	-142.493683
154710.937500	-141.034561
154716.796875	-134.273987
154722.656250	-129.390640
154728.515625	-130.593536
154734.375000	-137.919678
154740.234375	-141.115280
154746.093750	-140.022858
154751.953125	-139.375381
154757.812500	-140.496979
154763.671875	-140.844421
154769.531250	-140.355652
154775.390625	-138.276535
154781.250000	-138.348114
154787.109375	-139.467484
154792.968750	-140.087036
154798.828125	-140.957748
154804.687500	-142.040680
154810.546875	-142.249237
154816.406250	-143.603287
154822.265625	-141.002975
154828.125000	-132.530457
154833.984375	-128.549393
154839.843750	-130.765320
154845.703125	-138.278198
154851.562500	-141.154602
154857.421875	-139.531342
154863.281250	-138.085831
154869.140625	-140.212494
154875.000000	-141.936295
154880.859375	-139.449646
154886.718750	-137.920959
154892.578125	-138.497772
154898.437500	-140.460114
154904.296875	-140.149414
154910.156250	-140.672134
154916.015625	-141.123856
154921.875000	-141.384216
154927.734375	-141.832321
154933.593750	-137.243698
154939.453125	-128.180740
154945.312500	-125.285439
154951.171875	-129.065063
154957.031250	-139.252289
154962.890625	-140.953125
154968.750000	-139.695404
154974.609375	-140.641449
154980.468750	-140.242920
154986.328125	-138.022781
154992.187500	-137.966812
154998.046875	-139.896637
155003.906250	-142.116776
155009.765625	-140.544250
155015.625000	-139.252304
155021.484375	-140.483566
155027.343750	-143.598679
155033.203125	-144.413330
155039.062500	-140.114532
155044.921875	-134.772400
155050.781250	-126.837799
155056.640625	-125.184303
155062.500000	-130.099274
155068.359375	-138.111679
155074.218750	-137.537155
155080.078125	-139.294418
155085.937500	-141.848663
155091.796875	-141.790329
155097.656250	-140.917542
155103.515625	-139.836899
155109.375000	-141.710419
155115.234375	-143.738617
155121.093750	-142.299225
155126.953125	-142.852646
155132.812500	-143.213257
155138.671875	-141.932434
155144.531250	-140.978775
155150.390625	-137.660828
155156.250000	-132.695877
155162.109375	-128.240234
155167.968750	-128.886993
155173.828125	-135.865356
155179.687500	-140.915833
155185.546875	-139.911499
155191.406250	-140.223572
155197.265625	-138.632309
155203.125000	-137.303696
155208.984375	-138.624374
155214.843750	-141.078110
155220.703125	-144.879608
155226.562500	-141.438248
155232.421875	-138.398590
155238.281250	-139.975372
155244.140625	-142.859161
155250.000000	-139.792130
155255.859375	-137.631638
155261.718750	-138.177536
155267.578125	-135.172363
155273.437500	-129.138565
155279.296875	-130.056320
155285.156250	-136.252396
155291.015625	-140.790161
155296.875000	-141.989136
155302.734375	-143.355362
155308.593750	-143.228928
155314.453125	-141.384277
155320.312500	-139.774857
155326.171875	-138.870102
155332.031250	-141.295044
155337.890625	-141.105209
155343.750000	-140.932953
155349.609375	-140.844574
155355.468750	-138.476105
155361.328125	-138.004044
155367.187500	-136.593643
155373.046875	-135.666260
155378.906250	-133.017395
155384.765625	-130.434326
155390.625000	-133.514114
155396.484375	-140.016800
155402.343750	-141.310822
155408.203125	-144.175293
155414.062500	-145.259399
155419.921875	-142.514832
155425.781250	-141.850555
155431.640625	-141.865219
155437.500000	-141.005646
155443.359375	-137.500641
155449.218750	-137.329880
155455.078125	-140.198837
155460.937500	-142.270004
155466.796875	-144.275208
155472.656250	-141.934113
155478.515625	-139.955673
155484.375000	-144.386658
155490.234375	-135.867981
155496.093750	-132.543427
155501.953125	-136.673569
155507.812500	-140.661407
155513.671875	-140.128098
155519.531250	-142.121109
155525.390625	-144.097778
155531.250000	-145.934464
155537.109375	-143.995224
155542.968750	-141.421005
155548.828125	-140.003510
155554.687500	-139.546707
155560.546875	-139.404510
155566.406250	-141.011108
155572.265625	-143.508911
155578.125000	-141.833481
155583.984375	-140.543304
155589.843750	-138.874207
155595.703125	-137.264801
155601.562500	-131.179947
155607.421875	-130.410126
155613.281250	-136.115738
155619.140625	-143.299408
155625.000000	-141.842560
155630.859375	-139.555023
155636.718750	-139.851883
155642.578125	-140.772644
155648.437500	-139.875000
155654.296875	-140.168930
155660.156250	-142.116959
155666.015625	-143.609634
155671.875000	-140.784073
155677.734375	-140.450729
155683.593750	-142.573730
155689.453125	-143.232040
155695.312500	-142.390823
155701.171875	-140.965530
155707.031250	-136.326065
155712.890625	-131.663101
155718.750000	-132.374252
155724.609375	-137.683075
155730.468750	-138.055832
155736.328125	-136.838318
155742.187500	-138.921890
155748.046875	-142.855118
155753.906250	-140.577682
155759.765625	-141.311600
155765.625000	-142.748016
155771.484375	-142.658096
155777.343750	-142.567734
155783.203125	-143.597321
155789.062500	-143.384583
155794.921875	-141.344955
155800.781250	-139.324295
155806.640625	-138.703781
155812.500000	-138.748566
155818.359375	-134.617905
155824.218750	-131.923874
155830.078125	-134.266434
155835.937500	-140.019577
155841.796875	-142.461075
155847.656250	-142.616821
155853.515625	-141.343689
155859.375000	-141.327393
155865.234375	-140.866913
155871.093750	-140.458786
155876.953125	-141.231094
155882.812500	-142.886856
155888.671875	-143.472122
155894.531250	-141.545303
155900.390625	-141.113068
155906.250000	-140.289780
155912.109375	-140.456284
155917.968750	-141.868393
155923.828125	-141.204941
155929.687500	-133.857056
155935.546875	-130.838028
155941.406250	-134.758957
155947.265625	-139.669098
155953.125000	-139.665649
155958.984375	-140.810501
155964.843750	-140.722244
155970.703125	-141.021255
155976.562500	-140.863831
155982.421875	-140.901352
155988.281250	-140.188293
155994.140625	-142.146225
156000.000000	-145.441727
156005.859375	-141.487122
156011.718750	-138.891891
156017.578125	-138.811234
156023.437500	-140.161026
156029.296875	-141.438492
156035.156250	-139.151382
156041.015625	-135.524185
156046.875000	-134.593643
156052.734375	-135.763138
156058.593750	-137.051788
156064.453125	-137.554825
156070.312500	-137.025269
156076.171875	-136.964172
156082.031250	-138.031662
156087.890625	-139.150528
156093.750000	-139.469986
156099.609375	-139.447464
156105.468750	-140.132828
156111.328125	-141.624969
156117.187500	-142.018661
156123.046875	-143.905304
156128.906250	-145.201584
156134.765625	-146.159958
156140.625000	-145.135437
156146.484375	-139.702972
156152.343750	-134.867294
156158.203125	-135.266495
156164.062500	-140.453323
156169.921875	-144.336502
156175.781250	-143.347015
156181.640625	-144.361420
156187.500000	-145.847168
156193.359375	-141.622009
156199.218750	-140.985031
156205.078125	-140.359451
156210.937500	-140.107742
156216.796875	-141.370819
156222.656250	-140.371780
156228.515625	-139.300186
156234.375000	-138.977356
156240.234375	-139.803055
156246.093750	-141.204163
156251.953125	-138.672760
156257.812500	-135.035110
156263.671875	-132.170181
156269.531250	-133.648560
156275.390625	-138.719818
156281.250000	-142.024033
156287.109375	-142.114441
156292.968750	-139.064606
156298.828125	-137.544525
156304.687500	-138.673264
156310.546875	-140.308487
156316.406250	-142.177185
156322.265625	-143.825394
156328.125000	-141.638290
156333.984375	-138.984589
156339.843750	-139.106049
156345.703125	-140.528992
156351.562500	-141.852219
156357.421875	-142.357010
156363.281250	-142.577942
156369.140625	-136.123962
156375.000000	-132.975006
156380.859375	-135.917542
156386.718750	-140.545334
156392.578125	-138.769669
156398.437500	-141.344025
156404.296875	-141.048508
156410.156250	-142.089752
156416.015625	-142.481186
156421.875000	-139.196426
156427.734375	-137.699295
156433.593750	-138.638168
156439.453125	-142.343140
156445.312500	-142.922226
156451.171875	-143.771301
156457.031250	-145.694489
156462.890625	-143.233368
156468.750000	-142.780884
156474.609375	-142.258698
156480.468750	-136.615967
156486.328125	-135.055695
156492.187500	-140.391678
156498.046875	-144.756760
156503.906250	-140.255386
156509.765625	-140.626404
156515.625000	-140.871902
156521.484375	-142.192978
156527.343750	-140.245331
156533.203125	-139.386887
156539.062500	-139.709335
156544.921875	-139.130341
156550.781250	-139.625778
156556.640625	-139.715027
156562.500000	-138.479095
156568.359375	-138.025742
156574.218750	-140.257309
156580.078125	-142.937866
156585.937500	-139.194839
156591.796875	-134.195618
156597.656250	-133.961899
156603.515625	-140.297256
156609.375000	-143.845871
156615.234375	-142.092941
156621.093750	-141.623291
156626.953125	-138.633545
156632.812500	-136.316360
156638.671875	-137.483917
156644.531250	-138.733871
156650.390625	-138.541626
156656.250000	-142.248657
156662.109375	-143.611740
156667.968750	-140.024673
156673.828125	-139.843903
156679.687500	-138.519714
156685.546875	-138.312912
156691.406250	-139.274826
156697.265625	-135.089233
156703.125000	-131.517929
156708.984375	-132.737732
156714.843750	-137.170441
156720.703125	-139.008728
156726.562500	-138.757233
156732.421875	-138.535706
156738.281250	-137.495453
156744.140625	-136.732971
156750.000000	-138.858093
156755.859375	-142.787140
156761.718750	-141.814270
156767.578125	-141.887054
156773.437500	-140.820969
156779.296875	-142.338791
156785.156250	-145.219864
156791.015625	-142.676041
156796.875000	-140.542374
156802.734375	-139.593658
156808.593750	-136.245834
156814.453125	-133.360611
156820.312500	-135.924606
156826.171875	-141.981339
156832.031250	-141.306061
156837.890625	-139.082077
156843.750000	-136.923401
156849.609375	-137.054337
156855.468750	-139.051987
156861.328125	-140.407623
156867.187500	-140.643372
156873.046875	-139.975540
156878.906250	-138.434128
156884.765625	-136.686707
156890.625000	-139.675735
156896.484375	-141.567657
156902.343750	-141.262589
156908.203125	-143.862488
156914.062500	-141.280746
156919.921875	-134.455460
156925.781250	-132.888992
156931.640625	-137.073853
156937.500000	-143.613724
156943.359375	-146.739456
156949.218750	-142.988617
156955.078125	-139.431839
156960.937500	-138.636200
156966.796875	-140.167114
156972.656250	-142.102051
156978.515625	-142.589600
156984.375000	-141.458237
156990.234375	-141.352890
156996.093750	-142.665222
157001.953125	-141.120163
157007.812500	-142.117661
157013.671875	-140.772446
157019.531250	-140.707703
157025.390625	-143.164795
157031.250000	-137.475967
157037.109375	-136.069382
157042.968750	-137.960419
157048.828125	-137.731552
157054.687500	-136.069901
157060.546875	-135.120270
157066.406250	-135.695114
157072.265625	-137.901657
157078.125000	-139.868683
157083.984375	-141.716171
157089.843750	-143.488235
157095.703125	-143.393402
157101.562500	-142.620621
157107.421875	-144.341873
157113.281250	-140.814804
157119.140625	-139.098770
157125.000000	-140.828781
157130.859375	-141.606461
157136.718750	-140.568863
157142.578125	-137.260254
157148.437500	-136.419540
157154.296875	-138.955826
157160.156250	-141.551636
157166.015625	-139.693497
157171.875000	-138.933975
157177.734375	-140.595871
157183.593750	-140.379425
157189.453125	-138.696518
157195.312500	-140.058426
157201.171875	-142.002151
157207.031250	-138.948242
157212.890625	-138.234543
157218.750000	-141.186905
157224.609375	-141.044083
157230.468750	-140.194214
157236.328125	-140.691269
157242.187500	-139.361359
157248.046875	-138.394684
157253.906250	-135.923737
157259.765625	-136.594879
157265.625000	-140.248398
157271.484375	-141.135895
157277.343750	-140.191681
157283.203125	-141.244080
157289.062500	-139.951385
157294.921875	-139.317307
157300.781250	-140.705856
157306.640625	-143.121704
157312.500000	-141.672791
157318.359375	-140.254227
157324.218750	-140.351379
157330.078125	-141.660538
157335.937500	-142.872665
157341.796875	-140.994034
157347.656250	-139.092255
157353.515625	-138.445724
157359.375000	-136.138184
157365.234375	-135.099228
157371.093750	-138.213333
157376.953125	-140.256012
157382.812500	-141.949387
157388.671875	-145.004303
157394.531250	-141.786743
157400.390625	-142.620422
157406.250000	-142.721222
157412.109375	-140.399704
157417.968750	-139.824829
157423.828125	-139.329147
157429.687500	-136.721771
157435.546875	-134.983673
157441.406250	-137.198624
157447.265625	-139.437500
157453.125000	-139.778366
157458.984375	-138.823441
157464.843750	-136.198517
157470.703125	-134.398575
157476.562500	-134.121231
157482.421875	-136.208069
157488.281250	-139.284164
157494.140625	-141.871460
157500.000000	-140.909393
157505.859375	-142.478073
157511.718750	-144.111526
157517.578125	-139.283966
157523.437500	-138.574921
157529.296875	-139.931030
157535.156250	-141.087769
157541.015625	-145.608093
157546.875000	-144.323746
157552.734375	-142.464066
157558.593750	-142.522522
157564.453125	-141.865540
157570.312500	-141.639664
157576.171875	-139.096603
157582.031250	-134.777679
157587.890625	-135.374146
157593.750000	-139.844650
157599.609375	-140.892029
157605.468750	-147.270767
157611.328125	-138.304474
157617.187500	-136.093002
157623.046875	-137.220856
157628.906250	-139.895294
157634.765625	-143.084106
157640.625000	-141.500626
157646.484375	-140.812485
157652.343750	-140.888611
157658.203125	-142.407562
157664.062500	-145.158249
157669.921875	-145.827637
157675.781250	-143.904816
157681.640625	-141.423584
157687.500000	-137.858490
157693.359375	-133.152954
157699.218750	-132.977661
157705.078125	-136.143585
157710.937500	-138.810059
157716.796875	-140.445251
157722.656250	-141.063416
157728.515625	-139.575699
157734.375000	-138.008331
157740.234375	-138.851883
157746.093750	-139.846664
157751.953125	-140.307999
157757.812500	-141.593063
157763.671875	-140.487808
157769.531250	-139.868622
157775.390625	-140.906235
157781.250000	-141.902786
157787.109375	-144.985275
157792.968750	-145.131683
157798.828125	-138.213486
157804.687500	-135.013290
157810.546875	-137.955017
157816.406250	-144.453659
157822.265625	-143.549271
157828.125000	-143.791977
157833.984375	-143.153015
157839.843750	-140.489487
157845.703125	-140.683212
157851.562500	-142.516281
157857.421875	-143.752899
157863.281250	-140.652191
157869.140625	-138.155045
157875.000000	-138.124680
157880.859375	-140.037308
157886.718750	-141.213837
157892.578125	-141.989990
157898.437500	-143.723541
157904.296875	-140.877457
157910.156250	-136.745392
157916.015625	-135.860275
157921.875000	-139.381592
157927.734375	-143.589645
157933.593750	-142.986404
157939.453125	-141.608841
157945.312500	-142.490585
157951.171875	-141.798462
157957.031250	-138.613190
157962.890625	-138.416367
157968.750000	-141.525208
157974.609375	-142.345993
157980.468750	-140.075012
157986.328125	-139.289139
157992.187500	-141.619339
157998.046875	-142.450775
158003.906250	-140.449188
158009.765625	-137.832077
158015.625000	-135.833969
158021.484375	-133.978333
158027.343750	-134.392944
158033.203125	-137.885284
158039.062500	-139.201202
158044.921875	-139.666504
158050.781250	-140.344894
158056.640625	-139.750076
158062.500000	-140.126648
158068.359375	-141.179413
158074.218750	-141.404404
158080.078125	-142.595032
158085.937500	-142.326584
158091.796875	-140.221832
158097.656250	-138.636230
158103.515625	-138.373489
158109.375000	-140.504700
158115.234375	-143.023804
158121.093750	-142.364059
158126.953125	-140.265564
158132.812500	-136.713608
158138.671875	-137.405502
158144.531250	-139.792709
158150.390625	-138.992523
158156.250000	-139.863205
158162.109375	-140.184021
158167.968750	-139.025681
158173.828125	-138.329971
158179.687500	-139.469131
158185.546875	-138.868317
158191.406250	-138.254852
158197.265625	-140.789246
158203.125000	-137.275940
158208.984375	-136.862595
158214.843750	-139.775909
158220.703125	-144.874542
158226.562500	-146.895844
158232.421875	-143.163025
158238.281250	-138.206345
158244.140625	-135.552414
158250.000000	-137.052933
158255.859375	-139.793137
158261.718750	-144.274323
158267.578125	-146.638763
158273.437500	-145.361069
158279.296875	-142.917877
158285.156250	-142.448715
158291.015625	-141.031082
158296.875000	-140.815491
158302.734375	-142.569946
158308.593750	-142.654404
158314.453125	-142.635483
158320.312500	-143.323730
158326.171875	-139.566132
158332.031250	-138.335632
158337.890625	-139.812820
158343.750000	-139.600571
158349.609375	-136.467545
158355.468750	-134.959167
158361.328125	-138.208923
158367.187500	-144.072342
158373.046875	-143.037247
158378.906250	-144.391220
158384.765625	-144.347733
158390.625000	-141.921906
158396.484375	-142.554703
158402.343750	-142.599625
158408.203125	-143.424973
158414.062500	-143.095627
158419.921875	-144.621307
158425.781250	-142.172440
158431.640625	-141.075089
158437.500000	-140.900253
158443.359375	-142.425903
158449.218750	-145.508224
158455.078125	-141.724152
158460.937500	-137.970184
158466.796875	-136.993759
158472.656250	-137.131332
158478.515625	-136.882233
158484.375000	-137.188919
158490.234375	-138.181458
158496.093750	-139.530151
158501.953125	-138.941727
158507.812500	-139.145782
158513.671875	-139.072083
158519.531250	-138.569061
158525.390625	-140.699463
158531.250000	-141.424454
158537.109375	-140.600006
158542.968750	-142.242371
158548.828125	-142.427521
158554.687500	-142.097733
158560.546875	-144.879822
158566.406250	-142.556381
158572.265625	-137.892838
158578.125000	-138.070450
158583.984375	-140.286255
158589.843750	-139.623596
158595.703125	-138.216156
158601.562500	-137.965683
158607.421875	-138.865265
158613.281250	-141.142258
158619.140625	-143.693130
158625.000000	-144.193085
158630.859375	-142.353622
158636.718750	-140.213013
158642.578125	-139.290131
158648.437500	-138.285034
158654.296875	-138.157059
158660.156250	-138.151962
158666.015625	-137.369339
158671.875000	-139.463272
158677.734375	-141.441589
158683.593750	-140.104156
158689.453125	-141.977524
158695.312500	-144.981583
158701.171875	-144.777237
158707.031250	-144.895493
158712.890625	-143.251511
158718.750000	-143.429871
158724.609375	-146.408142
158730.468750	-146.207230
158736.328125	-143.814713
158742.187500	-143.914841
158748.046875	-143.527222
158753.906250	-142.574875
158759.765625	-144.613647
158765.625000	-141.003418
158771.484375	-138.867310
158777.343750	-138.720413
158783.203125	-136.848297
158789.062500	-134.141983
158794.921875	-133.420258
158800.781250	-136.241562
158806.640625	-139.377747
158812.500000	-139.306671
158818.359375	-140.824799
158824.218750	-139.965195
158830.078125	-138.503738
158835.937500	-140.318146
158841.796875	-141.245087
158847.656250	-140.912247
158853.515625	-143.954956
158859.375000	-143.920685
158865.234375	-139.670410
158871.093750	-138.091766
158876.953125	-137.805634
158882.812500	-138.209824
158888.671875	-139.462952
158894.531250	-138.427292
158900.390625	-134.975800
158906.250000	-134.748764
158912.109375	-139.168533
158917.968750	-140.750351
158923.828125	-140.194366
158929.687500	-141.110794
158935.546875	-144.958969
158941.406250	-141.697525
158947.265625	-143.569504
158953.125000	-145.084686
158958.984375	-140.834167
158964.843750	-138.614777
158970.703125	-137.467453
158976.562500	-137.915771
158982.421875	-138.355194
158988.281250	-137.409500
158994.140625	-138.072250
159000.000000	-139.833694
159005.859375	-139.827087
159011.718750	-137.184128
159017.578125	-136.755676
159023.437500	-138.987488
159029.296875	-143.212738
159035.156250	-144.072266
159041.015625	-140.447449
159046.875000	-138.512756
159052.734375	-138.413956
159058.593750	-139.227417
159064.453125	-139.606522
159070.312500	-138.785706
159076.171875	-139.146225
159082.031250	-140.069305
159087.890625	-140.046448
159093.750000	-141.549515
159099.609375	-140.997910
159105.468750	-140.892029
159111.328125	-140.441010
159117.187500	-139.440826
159123.046875	-137.874008
159128.906250	-138.275620
159134.765625	-139.604248
159140.625000	-140.130585
159146.484375	-140.404739
159152.343750	-139.653397
159158.203125	-143.498276
159164.062500	-147.086121
159169.921875	-141.910950
159175.781250	-142.001587
159181.640625	-142.219131
159187.500000	-140.673325
159193.359375	-139.208893
159199.218750	-139.774231
159205.078125	-139.450180
159210.937500	-139.529770
159216.796875	-141.726868
159222.656250	-142.732590
159228.515625	-140.997787
159234.375000	-137.912796
159240.234375	-139.150314
159246.093750	-141.337234
159251.953125	-138.688553
159257.812500	-136.973862
159263.671875	-138.017624
159269.531250	-138.530258
159275.390625	-138.437271
159281.250000	-138.157043
159287.109375	-140.525162
159292.968750	-140.630875
159298.828125	-140.363785
159304.687500	-142.278809
159310.546875	-143.783066
159316.406250	-144.521790
159322.265625	-142.657654
159328.125000	-141.233810
159333.984375	-141.595123
159339.843750	-137.288651
159345.703125	-134.243988
159351.562500	-135.726685
159357.421875	-138.332260
159363.281250	-140.265198
159369.140625	-140.360382
159375.000000	-137.866348
159380.859375	-139.396378
159386.718750	-144.009262
159392.578125	-145.069824
159398.437500	-141.809479
159404.296875	-140.391312
159410.156250	-138.271851
159416.015625	-137.665344
159421.875000	-140.276413
159427.734375	-142.434967
159433.593750	-140.750778
159439.453125	-139.812546
159445.312500	-140.865875
159451.171875	-138.594543
159457.031250	-137.934021
159462.890625	-141.931381
159468.750000	-140.567032
159474.609375	-137.927856
159480.468750	-136.671371
159486.328125	-137.908554
159492.187500	-139.654007
159498.046875	-141.319366
159503.906250	-143.151825
159509.765625	-142.968781
159515.625000	-143.434158
159521.484375	-139.365753
159527.343750	-137.489273
159533.203125	-139.328094
159539.062500	-138.697830
159544.921875	-137.667221
159550.781250	-136.376556
159556.640625	-135.917999
159562.500000	-135.930710
159568.359375	-136.721283
159574.218750	-139.053558
159580.078125	-139.894806
159585.937500	-139.330750
159591.796875	-140.942657
159597.656250	-140.657333
159603.515625	-138.892426
159609.375000	-137.885284
159615.234375	-139.319794
159621.093750	-141.260193
159626.953125	-141.403183
159632.812500	-142.741547
159638.671875	-146.350327
159644.531250	-147.952377
159650.390625	-145.074234
159656.250000	-140.606583
159662.109375	-138.323074
159667.968750	-137.011215
159673.828125	-135.776001
159679.687500	-135.671875
159685.546875	-137.813156
159691.406250	-141.367691
159697.265625	-140.526108
159703.125000	-139.062546
159708.984375	-139.249176
159714.843750	-140.035919
159720.703125	-140.029572
159726.562500	-138.673767
159732.421875	-138.525986
159738.281250	-140.258545
159744.140625	-143.764023
159750.000000	-141.821091
159755.859375	-139.474396
159761.718750	-140.440872
159767.578125	-140.211365
159773.437500	-138.850677
159779.296875	-137.856827
159785.156250	-136.382080
159791.015625	-136.932220
159796.875000	-138.232117
159802.734375	-139.513641
159808.593750	-142.829498
159814.453125	-138.848297
159820.312500	-135.975830
159826.171875	-136.892624
159832.031250	-140.843719
159837.890625	-140.813004
159843.750000	-141.482285
159849.609375	-140.488358
159855.468750	-141.947449
159861.328125	-139.638123
159867.187500	-139.007706
159873.046875	-141.800766
159878.906250	-144.844589
159884.765625	-141.544876
159890.625000	-139.575180
159896.484375	-138.923096
159902.343750	-138.630646
159908.203125	-139.132050
159914.062500	-142.081650
159919.921875	-143.240219
159925.781250	-140.368820
159931.640625	-139.664886
159937.500000	-141.130890
159943.359375	-140.643005
159949.218750	-138.300400
159955.078125	-138.780258
159960.937500	-139.871323
159966.796875	-137.605682
159972.656250	-137.229477
159978.515625	-138.631668
159984.375000	-140.806885
159990.234375	-142.205399
159996.093750	-140.419876
160001.953125	-138.878662
160007.812500	-137.004639
160013.671875	-136.807007
160019.531250	-138.500519
160025.390625	-142.240311
160031.250000	-144.138763
160037.109375	-142.238083
160042.968750	-140.176651
160048.828125	-139.338974
160054.687500	-137.417252
160060.546875	-136.870117
160066.406250	-137.943268
160072.265625	-139.139908
160078.125000	-139.966446
160083.984375	-139.794586
160089.843750	-139.591263
160095.703125	-140.191589
160101.562500	-141.248047
160107.421875	-138.460922
160113.281250	-135.759811
160119.140625	-137.016083
160125.000000	-139.402100
160130.859375	-139.311874
160136.718750	-138.552109
160142.578125	-138.553467
160148.437500	-139.595474
160154.296875	-140.784561
160160.156250	-139.965103
160166.015625	-139.436707
160171.875000	-138.673492
160177.734375	-138.853821
160183.593750	-139.726944
160189.453125	-142.077515
160195.312500	-142.423538
160201.171875	-140.899460
160207.031250	-138.452057
160212.890625	-137.937637
160218.750000	-137.323822
160224.609375	-137.557129
160230.468750	-141.190506
160236.328125	-141.907700
160242.187500	-139.724518
160248.046875	-139.128220
160253.906250	-141.598145
160259.765625	-139.956665
160265.625000	-136.688095
160271.484375	-137.306427
160277.343750	-139.373474
160283.203125	-138.028961
160289.062500	-139.189392
160294.921875	-143.670425
160300.781250	-144.102310
160306.640625	-144.806686
160312.500000	-141.905136
160318.359375	-137.614502
160324.218750	-137.004089
160330.078125	-137.876816
160335.937500	-138.735825
160341.796875	-141.819382
160347.656250	-141.538177
160353.515625	-141.717773
160359.375000	-142.781921
160365.234375	-144.219727
160371.093750	-142.564636
160376.953125	-141.069443
160382.812500	-141.466446
160388.671875	-142.843628
160394.531250	-143.034729
160400.390625	-141.983521
160406.250000	-142.865997
160412.109375	-142.892426
160417.968750	-142.926346
160423.828125	-145.481033
160429.687500	-140.474487
160435.546875	-137.339630
160441.406250	-134.858658
160447.265625	-135.187469
160453.125000	-138.635117
160458.984375	-141.124313
160464.843750	-140.384064
160470.703125	-140.271347
160476.562500	-142.631165
160482.421875	-139.573990
160488.281250	-138.488663
160494.140625	-141.204636
160500.000000	-142.380081
160505.859375	-143.766907
160511.718750	-143.566147
160517.578125	-139.092789
160523.437500	-139.036179
160529.296875	-142.256775
160535.156250	-139.339859
160541.015625	-138.420929
160546.875000	-139.124191
160552.734375	-138.413757
160558.593750	-138.406036
160564.453125	-139.548065
160570.312500	-141.888824
160576.171875	-141.431870
160582.031250	-141.066071
160587.890625	-142.845810
160593.750000	-142.511765
160599.609375	-144.511566
160605.468750	-144.987793
160611.328125	-143.272629
160617.187500	-141.589890
160623.046875	-139.988190
160628.906250	-139.428940
160634.765625	-140.436951
160640.625000	-141.787064
160646.484375	-140.091049
160652.343750	-141.595520
160658.203125	-139.206528
160664.062500	-135.430923
160669.921875	-136.417984
160675.781250	-139.853256
160681.640625	-139.870102
160687.500000	-138.421799
160693.359375	-139.018784
160699.218750	-139.240829
160705.078125	-139.647751
160710.937500	-141.466385
160716.796875	-143.477463
160722.656250	-141.594574
160728.515625	-141.644455
160734.375000	-144.093979
160740.234375	-142.721390
160746.093750	-139.126648
160751.953125	-136.264557
160757.812500	-135.683319
160763.671875	-138.110779
160769.531250	-138.845413
160775.390625	-136.064789
160781.250000	-137.604752
160787.109375	-141.729492
160792.968750	-144.707916
160798.828125	-142.619934
160804.687500	-143.235153
160810.546875	-146.552902
160816.406250	-143.256607
160822.265625	-142.089432
160828.125000	-143.108688
160833.984375	-144.107773
160839.843750	-140.535385
160845.703125	-139.647629
160851.562500	-140.162598
160857.421875	-138.543152
160863.281250	-137.616974
160869.140625	-139.476471
160875.000000	-139.088837
160880.859375	-135.856354
160886.718750	-135.248154
160892.578125	-138.743469
160898.437500	-141.468338
160904.296875	-138.708496
160910.156250	-138.766983
160916.015625	-139.740143
160921.875000	-141.575409
160927.734375	-142.098206
160933.593750	-140.343872
160939.453125	-140.172180
160945.312500	-141.404327
160951.171875	-139.600815
160957.031250	-138.666718
160962.890625	-138.987137
160968.750000	-138.932129
160974.609375	-139.865219
160980.468750	-141.296341
160986.328125	-141.426086
160992.187500	-138.852478
160998.046875	-137.200775
161003.906250	-139.000458
161009.765625	-143.917999
161015.625000	-142.106720
161021.484375	-137.498123
161027.343750	-135.774704
161033.203125	-136.914276
161039.062500	-140.496170
161044.921875	-141.991974
161050.781250	-138.354050
161056.640625	-138.407974
161062.500000	-139.883163
161068.359375	-139.695190
161074.218750	-138.385025
161080.078125	-138.364059
161085.937500	-141.449051
161091.796875	-143.941681
161097.656250	-140.317703
161103.515625	-138.778641
161109.375000	-138.579987
161115.234375	-138.850098
161121.093750	-140.548157
161126.953125	-142.279480
161132.812500	-141.856766
161138.671875	-143.519531
161144.531250	-144.189606
161150.390625	-140.013992
161156.250000	-138.773300
161162.109375	-139.275162
161167.968750	-141.087753
161173.828125	-143.261276
161179.687500	-142.547989
161185.546875	-142.176682
161191.406250	-144.620422
161197.265625	-143.723923
161203.125000	-141.413498
161208.984375	-139.712997
161214.843750	-140.032852
161220.703125	-142.047302
161226.562500	-144.269043
161232.421875	-145.915176
161238.281250	-143.493820
161244.140625	-141.409866
161250.000000	-139.815155
161255.859375	-139.247345
161261.718750	-140.353043
161267.578125	-141.860809
161273.437500	-141.325638
161279.296875	-139.800217
161285.156250	-139.247086
161291.015625	-140.695618
161296.875000	-144.996597
161302.734375	-145.874176
161308.593750	-144.235641
161314.453125	-145.100189
161320.312500	-140.796402
161326.171875	-137.610703
161332.031250	-135.884018
161337.890625	-136.560364
161343.750000	-140.279205
161349.609375	-140.367981
161355.468750	-139.792664
161361.328125	-139.434555
161367.187500	-141.451721
161373.046875	-143.205688
161378.906250	-140.640259
161384.765625	-138.560944
161390.625000	-137.319336
161396.484375	-136.903625
161402.343750	-138.432404
161408.203125	-142.673965
161414.062500	-141.683411
161419.921875	-139.634094
161425.781250	-139.868118
161431.640625	-138.425552
161437.500000	-138.801102
161443.359375	-140.351669
161449.218750	-138.424088
161455.078125	-137.734177
161460.937500	-139.131470
161466.796875	-144.130814
161472.656250	-145.109055
161478.515625	-142.464310
161484.375000	-143.134949
161490.234375	-142.486343
161496.093750	-139.788528
161501.953125	-138.817490
161507.812500	-139.649796
161513.671875	-140.135834
161519.531250	-141.511993
161525.390625	-144.830521
161531.250000	-145.314560
161537.109375	-140.361877
161542.968750	-136.458313
161548.828125	-137.403061
161554.687500	-141.572830
161560.546875	-142.872681
161566.406250	-141.030930
161572.265625	-140.317688
161578.125000	-141.887421
161583.984375	-142.158310
161589.843750	-141.211411
161595.703125	-140.385834
161601.562500	-139.026184
161607.421875	-140.502762
161613.281250	-139.682892
161619.140625	-137.780045
161625.000000	-137.342178
161630.859375	-137.585968
161636.718750	-138.124466
161642.578125	-139.495697
161648.437500	-141.269043
161654.296875	-141.788010
161660.156250	-143.543167
161666.015625	-142.807663
161671.875000	-142.045273
161677.734375	-142.508469
161683.593750	-142.723251
161689.453125	-142.354874
161695.312500	-143.642761
161701.171875	-144.634506
161707.031250	-142.285660
161712.890625	-139.315552
161718.750000	-139.497711
161724.609375	-142.383286
161730.468750	-141.596115
161736.328125	-141.352600
161742.187500	-140.907043
161748.046875	-139.844742
161753.906250	-139.685760
161759.765625	-138.418472
161765.625000	-137.160965
161771.484375	-139.126953
161777.343750	-139.553848
161783.203125	-140.565582
161789.062500	-140.869003
161794.921875	-140.154495
161800.781250	-140.727753
161806.640625	-141.118805
161812.500000	-140.030899
161818.359375	-140.255203
161824.218750	-141.131699
161830.078125	-141.910248
161835.937500	-142.338150
161841.796875	-144.056183
161847.656250	-147.010056
161853.515625	-144.228867
161859.375000	-140.405502
161865.234375	-140.552322
161871.093750	-139.660461
161876.953125	-137.500427
161882.812500	-138.063431
161888.671875	-141.346954
161894.531250	-142.840637
161900.390625	-139.933746
161906.250000	-139.319199
161912.109375	-139.518646
161917.968750	-140.467407
161923.828125	-142.843140
161929.687500	-142.333466
161935.546875	-142.874573
161941.406250	-144.439667
161947.265625	-143.634888
161953.125000	-143.693375
161958.984375	-142.969193
161964.843750	-140.489624
161970.703125	-138.979813
161976.562500	-139.401291
161982.421875	-138.070526
161988.281250	-136.836365
161994.140625	-138.260193
162000.000000	-142.191925
162005.859375	-141.714066
162011.718750	-139.722672
162017.578125	-139.145355
162023.437500	-138.923798
162029.296875	-142.184402
162035.156250	-141.409912
162041.015625	-138.512329
162046.875000	-140.058945
162052.734375	-141.287308
162058.593750	-139.741959
162064.453125	-140.712097
162070.312500	-144.759872
162076.171875	-142.461655
162082.031250	-141.024323
162087.890625	-138.372910
162093.750000	-135.401932
162099.609375	-136.509949
162105.468750	-138.731415
162111.328125	-138.686523
162117.187500	-139.374329
162123.046875	-139.124146
162128.906250	-138.827484
162134.765625	-139.227249
162140.625000	-140.225113
162146.484375	-140.509125
162152.343750	-139.562881
162158.203125	-138.141159
162164.062500	-138.027908
162169.921875	-141.588028
162175.781250	-140.566025
162181.640625	-138.151047
162187.500000	-139.162750
162193.359375	-140.585495
162199.218750	-139.043976
162205.078125	-136.073929
162210.937500	-137.650284
162216.796875	-142.373077
162222.656250	-142.302567
162228.515625	-140.446625
162234.375000	-141.240952
162240.234375	-143.281891
162246.093750	-143.559708
162251.953125	-140.897232
162257.812500	-139.878830
162263.671875	-142.246216
162269.531250	-144.879669
162275.390625	-141.730606
162281.250000	-137.567703
162287.109375	-136.534912
162292.968750	-137.637497
162298.828125	-139.170517
162304.687500	-139.853821
162310.546875	-136.877563
162316.406250	-135.214279
162322.265625	-136.760056
162328.125000	-138.421646
162333.984375	-137.790649
162339.843750	-138.385712
162345.703125	-140.334869
162351.562500	-141.679886
162357.421875	-141.269348
162363.281250	-140.014008
162369.140625	-138.413803
162375.000000	-139.015045
162380.859375	-141.249069
162386.718750	-142.596680
162392.578125	-137.767578
162398.437500	-136.798767
162404.296875	-137.907257
162410.156250	-139.038162
162416.015625	-137.604767
162421.875000	-134.604172
162427.734375	-135.606613
162433.593750	-140.118607
162439.453125	-140.399155
162445.312500	-140.549164
162451.171875	-141.672958
162457.031250	-143.781830
162462.890625	-142.619934
162468.750000	-140.911636
162474.609375	-141.077576
162480.468750	-143.364304
162486.328125	-141.259354
162492.187500	-138.114410
162498.046875	-137.255997
162503.906250	-137.626709
162509.765625	-137.629929
162515.625000	-138.275192
162521.484375	-137.911331
162527.343750	-136.665924
162533.203125	-136.535965
162539.062500	-139.018951
162544.921875	-142.619492
162550.781250	-143.097900
162556.640625	-141.790710
162562.500000	-141.563400
162568.359375	-141.422119
162574.218750	-140.779175
162580.078125	-142.676880
162585.937500	-146.531113
162591.796875	-143.293869
162597.656250	-142.573074
162603.515625	-144.333878
162609.375000	-143.412994
162615.234375	-144.008209
162621.093750	-147.549744
162626.953125	-142.873047
162632.812500	-139.271957
162638.671875	-137.238007
162644.531250	-137.010406
162650.390625	-139.285294
162656.250000	-139.434753
162662.109375	-137.813538
162667.968750	-136.379379
162673.828125	-137.204437
162679.687500	-138.571655
162685.546875	-136.208145
162691.406250	-136.657562
162697.265625	-139.711288
162703.125000	-141.395935
162708.984375	-142.980804
162714.843750	-142.348175
162720.703125	-139.707565
162726.562500	-140.814087
162732.421875	-143.106705
162738.281250	-141.454178
162744.140625	-142.125305
162750.000000	-142.342270
162755.859375	-140.268753
162761.718750	-139.666336
162767.578125	-142.297852
162773.437500	-145.655289
162779.296875	-140.482376
162785.156250	-137.808014
162791.015625	-137.402573
162796.875000	-138.478348
162802.734375	-139.270035
162808.593750	-139.381302
162814.453125	-138.974106
162820.312500	-136.945587
162826.171875	-136.243164
162832.031250	-137.004013
162837.890625	-137.808487
162843.750000	-139.425461
162849.609375	-140.622467
162855.468750	-140.570114
162861.328125	-139.899002
162867.187500	-139.225861
162873.046875	-138.366577
162878.906250	-137.949600
162884.765625	-140.104263
162890.625000	-143.478134
162896.484375	-142.323669
162902.343750	-140.359573
162908.203125	-139.675690
162914.062500	-138.767776
162919.921875	-138.911835
162925.781250	-141.058777
162931.640625	-144.021835
162937.500000	-144.225922
162943.359375	-140.389435
162949.218750	-139.477219
162955.078125	-140.373337
162960.937500	-139.792145
162966.796875	-137.497299
162972.656250	-137.094269
162978.515625	-139.463318
162984.375000	-139.707657
162990.234375	-138.663223
162996.093750	-139.682556
163001.953125	-142.395172
163007.812500	-141.529755
163013.671875	-140.905838
163019.531250	-141.733902
163025.390625	-142.388824
163031.250000	-140.792831
163037.109375	-140.732315
163042.968750	-141.745255
163048.828125	-143.570312
163054.687500	-144.044571
163060.546875	-139.240662
163066.406250	-137.302887
163072.265625	-137.176025
163078.125000	-137.440079
163083.984375	-136.232132
163089.843750	-138.244339
163095.703125	-142.050537
163101.562500	-141.826004
163107.421875	-141.436859
163113.281250	-140.452515
163119.140625	-139.048676
163125.000000	-138.081055
163130.859375	-138.285187
163136.718750	-139.435806
163142.578125	-139.582779
163148.437500	-138.707962
163154.296875	-140.896164
163160.156250	-141.973587
163166.015625	-140.601700
163171.875000	-140.012466
163177.734375	-139.084503
163183.593750	-140.112137
163189.453125	-139.939194
163195.312500	-138.322021
163201.171875	-139.319672
163207.031250	-142.131363
163212.890625	-142.451691
163218.750000	-141.405487
163224.609375	-141.674484
163230.468750	-140.690170
163236.328125	-140.659805
163242.187500	-140.827820
163248.046875	-141.101593
163253.906250	-138.717255
163259.765625	-137.727707
163265.625000	-137.963501
163271.484375	-139.820496
163277.343750	-140.548157
163283.203125	-138.538528
163289.062500	-138.103867
163294.921875	-140.781174
163300.781250	-141.537338
163306.640625	-139.654556
163312.500000	-141.549728
163318.359375	-141.596756
163324.218750	-141.827393
163330.078125	-141.416626
163335.937500	-139.265747
163341.796875	-137.819901
163347.656250	-138.547668
163353.515625	-139.429245
163359.375000	-138.820053
163365.234375	-138.750366
163371.093750	-140.696335
163376.953125	-140.219940
163382.812500	-139.036499
163388.671875	-137.659225
163394.531250	-137.319992
163400.390625	-139.264999
163406.250000	-141.296432
163412.109375	-138.295135
163417.968750	-137.952011
163423.828125	-141.089554
163429.687500	-143.341690
163435.546875	-144.986023
163441.406250	-145.324371
163447.265625	-144.473419
163453.125000	-142.329697
163458.984375	-139.351089
163464.843750	-138.115189
163470.703125	-139.315567
163476.562500	-141.091003
163482.421875	-141.377945
163488.281250	-139.459076
163494.140625	-138.452164
163500.000000	-137.795151
163505.859375	-138.017456
163511.718750	-140.965042
163517.578125	-142.476212
163523.437500	-138.571548
163529.296875	-137.708328
163535.156250	-139.677536
163541.015625	-144.951080
163546.875000	-144.974396
163552.734375	-139.913452
163558.593750	-136.220901
163564.453125	-137.014343
163570.312500	-140.114960
163576.171875	-140.194397
163582.031250	-143.979492
163587.890625	-143.238815
163593.750000	-142.374878
163599.609375	-140.320206
163605.468750	-139.093170
163611.328125	-138.929703
163617.187500	-139.795364
163623.046875	-141.758865
163628.906250	-143.294067
163634.765625	-142.041138
163640.625000	-143.649826
163646.484375	-143.433060
163652.343750	-142.557297
163658.203125	-143.036316
163664.062500	-143.353821
163669.921875	-143.771194
163675.781250	-142.360901
163681.640625	-140.035736
163687.500000	-140.169464
163693.359375	-142.172409
163699.218750	-142.017502
163705.078125	-140.571762
163710.937500	-142.895035
163716.796875	-143.341446
163722.656250	-140.123779
163728.515625	-138.043823
163734.375000	-136.885010
163740.234375	-135.922943
163746.093750	-135.448715
163751.953125	-138.807190
163757.812500	-141.707886
163763.671875	-140.770798
163769.531250	-141.050064
163775.390625	-141.185791
163781.250000	-140.355560
163787.109375	-137.871536
163792.968750	-137.299393
163798.828125	-139.715775
163804.687500	-142.813324
163810.546875	-142.050201
163816.406250	-139.208679
163822.265625	-137.773346
163828.125000	-139.290695
163833.984375	-141.143631
163839.843750	-140.542450
163845.703125	-138.877518
163851.562500	-138.842621
163857.421875	-139.792755
163863.281250	-141.692841
163869.140625	-139.749466
163875.000000	-137.439499
163880.859375	-136.751480
163886.718750	-137.851212
163892.578125	-140.923309
163898.437500	-143.490967
163904.296875	-142.447449
163910.156250	-141.672287
163916.015625	-142.261780
163921.875000	-139.071426
163927.734375	-138.100739
163933.593750	-139.658157
163939.453125	-142.532043
163945.312500	-142.458099
163951.171875	-141.213165
163957.031250	-142.128510
163962.890625	-142.271042
163968.750000	-141.267654
163974.609375	-143.119690
163980.468750	-142.273956
163986.328125	-141.055664
163992.187500	-141.076111
163998.046875	-142.630829
164003.906250	-142.976822
164009.765625	-143.388214
164015.625000	-141.665695
164021.484375	-140.156372
164027.343750	-140.097046
164033.203125	-141.003754
164039.062500	-141.778519
164044.921875	-138.998825
164050.781250	-137.736191
164056.640625	-138.886612
164062.500000	-140.441879
164068.359375	-139.567368
164074.218750	-139.249435
164080.078125	-139.251648
164085.937500	-140.487961
164091.796875	-143.947906
164097.656250	-141.999023
164103.515625	-141.730255
164109.375000	-141.425278
164115.234375	-141.248627
164121.093750	-140.417282
164126.953125	-138.570190
164132.812500	-139.376846
164138.671875	-142.093018
164144.531250	-143.175949
164150.390625	-145.097855
164156.250000	-144.996643
164162.109375	-144.055969
164167.968750	-142.845856
164173.828125	-141.622559
164179.687500	-143.209000
164185.546875	-141.942520
164191.406250	-138.958206
164197.265625	-139.040756
164203.125000	-142.653610
164208.984375	-143.590210
164214.843750	-141.252823
164220.703125	-141.409790
164226.562500	-142.386063
164232.421875	-140.025116
164238.281250	-137.476440
164244.140625	-137.575638
164250.000000	-138.875641
164255.859375	-142.303696
164261.718750	-143.190414
164267.578125	-142.659607
164273.437500	-142.072968
164279.296875	-141.199921
164285.156250	-140.743805
164291.015625	-139.950363
164296.875000	-139.228836
164302.734375	-138.460876
164308.593750	-138.145920
164314.453125	-139.076645
164320.312500	-139.721115
164326.171875	-139.937729
164332.031250	-140.911484
164337.890625	-143.653107
164343.750000	-140.005692
164349.609375	-138.014664
164355.468750	-138.743088
164361.328125	-141.853439
164367.187500	-146.678070
164373.046875	-144.777634
164378.906250	-141.743240
164384.765625	-140.558273
164390.625000	-140.140656
164396.484375	-139.249023
164402.343750	-137.497162
164408.203125	-137.514404
164414.062500	-138.833923
164419.921875	-139.650360
164425.781250	-140.644974
164431.640625	-140.978058
164437.500000	-143.457062
164443.359375	-145.445938
164449.218750	-145.125366
164455.078125	-143.885208
164460.937500	-142.557648
164466.796875	-140.599731
164472.656250	-139.182236
164478.515625	-140.489609
164484.375000	-142.606934
164490.234375	-141.132965
164496.093750	-140.770813
164501.953125	-141.258224
164507.812500	-139.878464
164513.671875	-137.918884
164519.531250	-137.433014
164525.390625	-138.528366
164531.250000	-139.894745
164537.109375	-139.182480
164542.968750	-140.882690
164548.828125	-143.195740
164554.687500	-142.686157
164560.546875	-140.660767
164566.406250	-142.057678
164572.265625	-143.462723
164578.125000	-143.695190
164583.984375	-143.571426
164589.843750	-142.240784
164595.703125	-141.379150
164601.562500	-141.860138
164607.421875	-142.201523
164613.281250	-144.211899
164619.140625	-143.993073
164625.000000	-141.456696
164630.859375	-142.329941
164636.718750	-145.938065
164642.578125	-145.204681
164648.437500	-143.455521
164654.296875	-139.980667
164660.156250	-137.410355
164666.015625	-136.265366
164671.875000	-137.793030
164677.734375	-136.796097
164683.593750	-137.582336
164689.453125	-141.212250
164695.312500	-141.403320
164701.171875	-144.114380
164707.031250	-140.568298
164712.890625	-137.738007
164718.750000	-137.541840
164724.609375	-139.695892
164730.468750	-142.200531
164736.328125	-140.164658
164742.187500	-140.104446
164748.046875	-141.047455
164753.906250	-140.718735
164759.765625	-142.199173
164765.625000	-145.462418
164771.484375	-141.701599
164777.343750	-140.199005
164783.203125	-141.847214
164789.062500	-142.516525
164794.921875	-139.423767
164800.781250	-137.809158
164806.640625	-138.993378
164812.500000	-140.643478
164818.359375	-142.121109
164824.218750	-143.358719
164830.078125	-142.549744
164835.937500	-141.712646
164841.796875	-140.179947
164847.656250	-140.048096
164853.515625	-142.595581
164859.375000	-143.385254
164865.234375	-142.444168
164871.093750	-142.655563
164876.953125	-142.529465
164882.812500	-143.595657
164888.671875	-142.053009
164894.531250	-139.516891
164900.390625	-138.992416
164906.250000	-139.876236
164912.109375	-140.414673
164917.968750	-141.330811
164923.828125	-138.389191
164929.687500	-137.799042
164935.546875	-140.891678
164941.406250	-143.054138
164947.265625	-140.340927
164953.125000	-138.247604
164958.984375	-139.643112
164964.843750	-140.203583
164970.703125	-138.024567
164976.562500	-138.507416
164982.421875	-137.518173
164988.281250	-137.754486
164994.140625	-140.848160
165000.000000	-141.233337
165005.859375	-141.128342
165011.718750	-142.212524
165017.578125	-139.997498
165023.437500	-137.967728
165029.296875	-137.830200
165035.156250	-138.984283
165041.015625	-140.156296
165046.875000	-138.375748
165052.734375	-137.658249
165058.593750	-138.270798
165064.453125	-140.441269
165070.312500	-145.044617
165076.171875	-141.053360
165082.031250	-139.541687
165087.890625	-141.282806
165093.750000	-141.545105
165099.609375	-142.317596
165105.468750	-141.280991
165111.328125	-138.250107
165117.187500	-137.542480
165123.046875	-141.283035
165128.906250	-146.765244
165134.765625	-148.784225
165140.625000	-145.998901
165146.484375	-142.730637
165152.343750	-142.533630
165158.203125	-145.717194
165164.062500	-142.920547
165169.921875	-138.200638
165175.781250	-137.622864
165181.640625	-140.434540
165187.500000	-141.881897
165193.359375	-142.989304
165199.218750	-143.716446
165205.078125	-138.819763
165210.937500	-137.860535
165216.796875	-140.155624
165222.656250	-142.828461
165228.515625	-140.255981
165234.375000	-139.382095
165240.234375	-138.840134
165246.093750	-139.826401
165251.953125	-143.520081
165257.812500	-143.196594
165263.671875	-142.409042
165269.531250	-140.982574
165275.390625	-139.856949
165281.250000	-138.448196
165287.109375	-137.630722
165292.968750	-138.377548
165298.828125	-142.482330
165304.687500	-143.836670
165310.546875	-139.879303
165316.406250	-140.949966
165322.265625	-145.874466
165328.125000	-139.320038
165333.984375	-136.623520
165339.843750	-136.771744
165345.703125	-139.949982
165351.562500	-142.023361
165357.421875	-141.894043
165363.281250	-140.467194
165369.140625	-138.206451
165375.000000	-139.948898
165380.859375	-141.145081
165386.718750	-138.930191
165392.578125	-139.485413
165398.437500	-140.783936
165404.296875	-139.241058
165410.156250	-138.243866
165416.015625	-139.551270
165421.875000	-142.738083
165427.734375	-144.217484
165433.593750	-143.146606
165439.453125	-142.286469
165445.312500	-141.990112
165451.171875	-139.654114
165457.031250	-139.427032
165462.890625	-140.539734
165468.750000	-140.761780
165474.609375	-141.563446
165480.468750	-140.250793
165486.328125	-139.539627
165492.187500	-141.196869
165498.046875	-140.404861
165503.906250	-138.580078
165509.765625	-141.143234
165515.625000	-141.398163
165521.484375	-140.772293
165527.343750	-139.785339
165533.203125	-140.765198
165539.062500	-141.782089
165544.921875	-140.889709
165550.781250	-140.847595
165556.640625	-140.831512
165562.500000	-140.000839
165568.359375	-139.163864
165574.218750	-139.774368
165580.078125	-139.375504
165585.937500	-138.997162
165591.796875	-141.086151
165597.656250	-140.659683
165603.515625	-140.283920
165609.375000	-142.269577
165615.234375	-140.549728
165621.093750	-140.964355
165626.953125	-139.822815
165632.812500	-140.129272
165638.671875	-143.276108
165644.531250	-142.574509
165650.390625	-140.866333
165656.250000	-140.933609
165662.109375	-139.162018
165667.968750	-139.896439
165673.828125	-142.786865
165679.687500	-139.332092
165685.546875	-137.514175
165691.406250	-138.628052
165697.265625	-137.761978
165703.125000	-137.980713
165708.984375	-140.168045
165714.843750	-140.511108
165720.703125	-138.807526
165726.562500	-138.839279
165732.421875	-140.204926
165738.281250	-140.978516
165744.140625	-142.568436
165750.000000	-141.506149
165755.859375	-141.767838
165761.718750	-143.660065
165767.578125	-140.902054
165773.437500	-139.581635
165779.296875	-139.349869
165785.156250	-138.502213
165791.015625	-139.530273
165796.875000	-139.902069
165802.734375	-138.620819
165808.593750	-140.201843
165814.453125	-142.409256
165820.312500	-140.129578
165826.171875	-139.221130
165832.031250	-139.309357
165837.890625	-139.698822
165843.750000	-140.542847
165849.609375	-141.322891
165855.468750	-141.188049
165861.328125	-140.054642
165867.187500	-140.261017
165873.046875	-141.816193
165878.906250	-140.490326
165884.765625	-138.093857
165890.625000	-138.249954
165896.484375	-139.535385
165902.343750	-141.660019
165908.203125	-144.430435
165914.062500	-141.117493
165919.921875	-140.329041
165925.781250	-144.153793
165931.640625	-143.261795
165937.500000	-145.179733
165943.359375	-142.517990
165949.218750	-141.480591
165955.078125	-139.869873
165960.937500	-139.849899
165966.796875	-139.939392
165972.656250	-139.378113
165978.515625	-139.511826
165984.375000	-139.251648
165990.234375	-138.679886
165996.093750	-138.583954
166001.953125	-140.371414
166007.812500	-143.117935
166013.671875	-140.749146
166019.531250	-140.428925
166025.390625	-140.610779
166031.250000	-140.847824
166037.109375	-142.470459
166042.968750	-143.026428
166048.828125	-142.013840
166054.687500	-142.113464
166060.546875	-140.506882
166066.406250	-139.131302
166072.265625	-140.577927
166078.125000	-144.522781
166083.984375	-143.069794
166089.843750	-142.649231
166095.703125	-141.344254
166101.562500	-139.094391
166107.421875	-141.013138
166113.281250	-142.036896
166119.140625	-140.730164
166125.000000	-139.852112
166130.859375	-139.680557
166136.718750	-140.472641
166142.578125	-142.037186
166148.437500	-142.366730
166154.296875	-141.240997
166160.156250	-135.979965
166166.015625	-134.471390
166171.875000	-136.601608
166177.734375	-138.681107
166183.593750	-140.493484
166189.453125	-142.609329
166195.312500	-140.537476
166201.171875	-137.981720
166207.031250	-137.868195
166212.890625	-139.301804
166218.750000	-139.538986
166224.609375	-140.911407
166230.468750	-141.190704
166236.328125	-139.265549
166242.187500	-140.194885
166248.046875	-145.257202
166253.906250	-141.830002
166259.765625	-139.203232
166265.625000	-139.284637
166271.484375	-139.578018
166277.343750	-139.238297
166283.203125	-138.452484
166289.062500	-138.705292
166294.921875	-139.631302
166300.781250	-142.417496
166306.640625	-142.750763
166312.500000	-140.766266
166318.359375	-139.603088
166324.218750	-140.491730
166330.078125	-139.724670
166335.937500	-136.931519
166341.796875	-136.682938
166347.656250	-138.752686
166353.515625	-140.868622
166359.375000	-140.313492
166365.234375	-138.424561
166371.093750	-137.563400
166376.953125	-137.295685
166382.812500	-137.442169
166388.671875	-138.845596
166394.531250	-140.530502
166400.390625	-141.284500
166406.250000	-142.335556
166412.109375	-141.632034
166417.968750	-143.003586
166423.828125	-143.978317
166429.687500	-142.693878
166435.546875	-141.893845
166441.406250	-142.276245
166447.265625	-143.483109
166453.125000	-141.862381
166458.984375	-140.883499
166464.843750	-140.420212
166470.703125	-138.917114
166476.562500	-137.843933
166482.421875	-138.512009
166488.281250	-139.373184
166494.140625	-137.932541
166500.000000	-140.046524
166505.859375	-141.698349
166511.718750	-144.130768
166517.578125	-143.330750
166523.437500	-139.508133
166529.296875	-139.570343
166535.156250	-140.131912
166541.015625	-141.283386
166546.875000	-140.942413
166552.734375	-140.524750
166558.593750	-141.913437
166564.453125	-141.390198
166570.312500	-138.160721
166576.171875	-136.790375
166582.031250	-137.156158
166587.890625	-136.986176
166593.750000	-139.727737
166599.609375	-141.288651
166605.468750	-139.106567
166611.328125	-142.273239
166617.187500	-144.545670
166623.046875	-141.966812
166628.906250	-140.672195
166634.765625	-140.437912
166640.625000	-140.194733
166646.484375	-141.178101
166652.343750	-140.014755
166658.203125	-138.744614
166664.062500	-140.249985
166669.921875	-142.534302
166675.781250	-140.464005
166681.640625	-137.849716
166687.500000	-138.042374
166693.359375	-139.192749
166699.218750	-139.963730
166705.078125	-139.987381
166710.937500	-138.207275
166716.796875	-138.072800
166722.656250	-140.248276
166728.515625	-140.345917
166734.375000	-140.302505
166740.234375	-139.603043
166746.093750	-138.472595
166751.953125	-139.996521
166757.812500	-142.541290
166763.671875	-140.915833
166769.531250	-139.505463
166775.390625	-140.743713
166781.250000	-143.952087
166787.109375	-141.039368
166792.968750	-139.387527
166798.828125	-140.003052
166804.687500	-141.328552
166810.546875	-142.761490
166816.406250	-140.389236
166822.265625	-136.529800
166828.125000	-136.519760
166833.984375	-139.058670
166839.843750	-141.297150
166845.703125	-142.685471
166851.562500	-143.743698
166857.421875	-140.443970
166863.281250	-135.947037
166869.140625	-135.690903
166875.000000	-140.300949
166880.859375	-144.252808
166886.718750	-144.964371
166892.578125	-141.761917
166898.437500	-140.851593
166904.296875	-141.111908
166910.156250	-138.612564
166916.015625	-136.997345
166921.875000	-136.911804
166927.734375	-138.730377
166933.593750	-139.350174
166939.453125	-141.874374
166945.312500	-144.100861
166951.171875	-141.895081
166957.031250	-141.223694
166962.890625	-139.279144
166968.750000	-138.448212
166974.609375	-138.967819
166980.468750	-138.028976
166986.328125	-135.587326
166992.187500	-136.711151
166998.046875	-141.843918
167003.906250	-139.805649
167009.765625	-139.923630
167015.625000	-141.010498
167021.484375	-141.740570
167027.343750	-141.093704
167033.203125	-140.006805
167039.062500	-139.005463
167044.921875	-138.036469
167050.781250	-137.843384
167056.640625	-138.834366
167062.500000	-140.285950
167068.359375	-140.676254
167074.218750	-141.071472
167080.078125	-140.175461
167085.937500	-138.486404
167091.796875	-138.034760
167097.656250	-140.220612
167103.515625	-141.360260
167109.375000	-139.087662
167115.234375	-138.960251
167121.093750	-139.823837
167126.953125	-139.220016
167132.812500	-138.871078
167138.671875	-140.641418
167144.531250	-143.597931
167150.390625	-141.558792
167156.250000	-142.224274
167162.109375	-143.878906
167167.968750	-140.542419
167173.828125	-138.365875
167179.687500	-139.263138
167185.546875	-140.710800
167191.406250	-140.773804
167197.265625	-142.992432
167203.125000	-139.549118
167208.984375	-135.865448
167214.843750	-136.257294
167220.703125	-139.649399
167226.562500	-143.381622
167232.421875	-142.598495
167238.281250	-141.125885
167244.140625	-143.458405
167250.000000	-146.551041
167255.859375	-142.628891
167261.718750	-140.414001
167267.578125	-140.783691
167273.437500	-140.472610
167279.296875	-140.171570
167285.156250	-140.697037
167291.015625	-140.271744
167296.875000	-140.667435
167302.734375	-141.538025
167308.593750	-140.708054
167314.453125	-139.482040
167320.312500	-139.318695
167326.171875	-138.192947
167332.031250	-139.126709
167337.890625	-140.634232
167343.750000	-141.394440
167349.609375	-144.257645
167355.468750	-142.575516
167361.328125	-143.948914
167367.187500	-143.664673
167373.046875	-142.551147
167378.906250	-143.073868
167384.765625	-141.758255
167390.625000	-140.235153
167396.484375	-139.707169
167402.343750	-138.285339
167408.203125	-136.830627
167414.062500	-136.360138
167419.921875	-137.375427
167425.781250	-140.123093
167431.640625	-141.498795
167437.500000	-142.590073
167443.359375	-141.545746
167449.218750	-141.160782
167455.078125	-141.258026
167460.937500	-137.701431
167466.796875	-136.523239
167472.656250	-138.403702
167478.515625	-138.360825
167484.375000	-138.214127
167490.234375	-139.201340
167496.093750	-140.327545
167501.953125	-140.414001
167507.812500	-139.890808
167513.671875	-140.626144
167519.531250	-142.427170
167525.390625	-143.547623
167531.250000	-141.823181
167537.109375	-140.312851
167542.968750	-140.278870
167548.828125	-140.462448
167554.687500	-139.812393
167560.546875	-139.414642
167566.406250	-140.485657
167572.265625	-141.174973
167578.125000	-141.056213
167583.984375	-141.352631
167589.843750	-140.061066
167595.703125	-139.066620
167601.562500	-139.637726
167607.421875	-138.956802
167613.281250	-139.684952
167619.140625	-141.932083
167625.000000	-141.492355
167630.859375	-141.299042
167636.718750	-142.644760
167642.578125	-140.387207
167648.437500	-137.833450
167654.296875	-137.513382
167660.156250	-140.708801
167666.015625	-142.525589
167671.875000	-143.232056
167677.734375	-145.015610
167683.593750	-142.533585
167689.453125	-140.253937
167695.312500	-140.049927
167701.171875	-139.714706
167707.031250	-139.930862
167712.890625	-140.845184
167718.750000	-141.347321
167724.609375	-143.109985
167730.468750	-143.058914
167736.328125	-141.996384
167742.187500	-139.949066
167748.046875	-137.972733
167753.906250	-138.216309
167759.765625	-140.151993
167765.625000	-142.201263
167771.484375	-143.522690
167777.343750	-145.010986
167783.203125	-145.862152
167789.062500	-142.139694
167794.921875	-138.298782
167800.781250	-138.433838
167806.640625	-139.470993
167812.500000	-137.254379
167818.359375	-136.870895
167824.218750	-139.582886
167830.078125	-139.892166
167835.937500	-138.945038
167841.796875	-140.608047
167847.656250	-140.581284
167853.515625	-140.068741
167859.375000	-142.324051
167865.234375	-142.763290
167871.093750	-143.080444
167876.953125	-139.693573
167882.812500	-137.248642
167888.671875	-137.817108
167894.531250	-140.265854
167900.390625	-141.702850
167906.250000	-141.577026
167912.109375	-141.696976
167917.968750	-140.390808
167923.828125	-138.658630
167929.687500	-137.815857
167935.546875	-140.190857
167941.406250	-143.580307
167947.265625	-139.202927
167953.125000	-138.610748
167958.984375	-143.103836
167964.843750	-142.061157
167970.703125	-138.951569
167976.562500	-138.083282
167982.421875	-139.184296
167988.281250	-141.650436
167994.140625	-143.009460
168000.000000	-141.371796
168005.859375	-140.130112
168011.718750	-138.813065
168017.578125	-138.131134
168023.437500	-138.636856
168029.296875	-140.444305
168035.156250	-142.057068
168041.015625	-140.710281
168046.875000	-142.220276
168052.734375	-142.109055
168058.593750	-138.753998
168064.453125	-137.666718
168070.312500	-137.244995
168076.171875	-138.121368
168082.031250	-138.370041
168087.890625	-138.246857
168093.750000	-139.581802
168099.609375	-141.414459
168105.468750	-144.179276
168111.328125	-144.011307
168117.187500	-142.416199
168123.046875	-140.714462
168128.906250	-140.108002
168134.765625	-141.611435
168140.625000	-138.095993
168146.484375	-135.483810
168152.343750	-139.050171
168158.203125	-141.901794
168164.062500	-142.070877
168169.921875	-142.015503
168175.781250	-139.995300
168181.640625	-141.461136
168187.500000	-140.654205
168193.359375	-139.104828
168199.218750	-139.435989
168205.078125	-141.338989
168210.937500	-140.583160
168216.796875	-139.709641
168222.656250	-141.109207
168228.515625	-140.292542
168234.375000	-140.075546
168240.234375	-140.769043
168246.093750	-139.740662
168251.953125	-138.186417
168257.812500	-139.061203
168263.671875	-140.064209
168269.531250	-138.978561
168275.390625	-139.504944
168281.250000	-141.655945
168287.109375	-140.396759
168292.968750	-139.030884
168298.828125	-139.840897
168304.687500	-139.469406
168310.546875	-138.240326
168316.406250	-138.760529
168322.265625	-140.159271
168328.125000	-141.786850
168333.984375	-142.519257
168339.843750	-140.181839
168345.703125	-139.195969
168351.562500	-140.240112
168357.421875	-140.872696
168363.281250	-139.851913
168369.140625	-140.129776
168375.000000	-139.489197
168380.859375	-138.061829
168386.718750	-139.333725
168392.578125	-138.828705
168398.437500	-136.897415
168404.296875	-135.498550
168410.156250	-136.802155
168416.015625	-138.528824
168421.875000	-137.914612
168427.734375	-138.361435
168433.593750	-137.854309
168439.453125	-137.431702
168445.312500	-137.484909
168451.171875	-138.033173
168457.031250	-139.760544
168462.890625	-139.351395
168468.750000	-137.236145
168474.609375	-135.824432
168480.468750	-136.294479
168486.328125	-138.702515
168492.187500	-138.479401
168498.046875	-136.945282
168503.906250	-137.638428
168509.765625	-138.553497
168515.625000	-139.364685
168521.484375	-140.247269
168527.343750	-140.692947
168533.203125	-140.035355
168539.062500	-140.781158
168544.921875	-143.249405
168550.781250	-141.956573
168556.640625	-138.075470
168562.500000	-138.446945
168568.359375	-141.590500
168574.218750	-138.151657
168580.078125	-137.317474
168585.937500	-140.604263
168591.796875	-140.512909
168597.656250	-138.821945
168603.515625	-139.911911
168609.375000	-141.552643
168615.234375	-140.604218
168621.093750	-140.976593
168626.953125	-142.236755
168632.812500	-140.500183
168638.671875	-139.074448
168644.531250	-140.793747
168650.390625	-140.671173
168656.250000	-140.402298
168662.109375	-144.459976
168667.968750	-142.365646
168673.828125	-142.117783
168679.687500	-144.530533
168685.546875	-144.020676
168691.406250	-141.989349
168697.265625	-140.879623
168703.125000	-140.717865
168708.984375	-141.280380
168714.843750	-141.626053
168720.703125	-141.170044
168726.562500	-141.998291
168732.421875	-140.803253
168738.281250	-139.342072
168744.140625	-139.538757
168750.000000	-139.703552
168755.859375	-140.032913
168761.718750	-141.821991
168767.578125	-141.606201
168773.437500	-139.484924
168779.296875	-138.773056
168785.156250	-139.097565
168791.015625	-140.719376
168796.875000	-142.173035
168802.734375	-139.587601
168808.593750	-138.728668
168814.453125	-140.518906
168820.312500	-140.065659
168826.171875	-140.008118
168832.031250	-139.525314
168837.890625	-138.711472
168843.750000	-140.400574
168849.609375	-143.164413
168855.468750	-144.530914
168861.328125	-142.423553
168867.187500	-138.856415
168873.046875	-138.470535
168878.906250	-138.972656
168884.765625	-140.322144
168890.625000	-142.432571
168896.484375	-141.048386
168902.343750	-139.873505
168908.203125	-138.048737
168914.062500	-137.640991
168919.921875	-141.368546
168925.781250	-144.994125
168931.640625	-143.352997
168937.500000	-142.597595
168943.359375	-143.037323
168949.218750	-140.790604
168955.078125	-138.989349
168960.937500	-141.769623
168966.796875	-142.458969
168972.656250	-142.730072
168978.515625	-143.033875
168984.375000	-139.365051
168990.234375	-139.552002
168996.093750	-140.774445
169001.953125	-139.216415
169007.812500	-139.952667
169013.671875	-143.665695
169019.531250	-141.195236
169025.390625	-139.088013
169031.250000	-139.812515
169037.109375	-140.361816
169042.968750	-141.482651
169048.828125	-139.707703
169054.687500	-138.206070
169060.546875	-137.872238
169066.406250	-139.416153
169072.265625	-143.260117
169078.125000	-140.610031
169083.984375	-139.406967
169089.843750	-139.369293
169095.703125	-138.462753
169101.562500	-138.806763
169107.421875	-140.515518
169113.281250	-143.401840
169119.140625	-143.708420
169125.000000	-142.803970
169130.859375	-141.291672
169136.718750	-141.813248
169142.578125	-144.573151
169148.437500	-141.276764
169154.296875	-139.779572
169160.156250	-141.691498
169166.015625	-143.388168
169171.875000	-139.919449
169177.734375	-138.489853
169183.593750	-138.308701
169189.453125	-137.489655
169195.312500	-136.443268
169201.171875	-137.854385
169207.031250	-140.730698
169212.890625	-142.184540
169218.750000	-140.677826
169224.609375	-139.670441
169230.468750	-139.445633
169236.328125	-138.693161
169242.187500	-137.903381
169248.046875	-139.959076
169253.906250	-145.029099
169259.765625	-145.843918
169265.625000	-142.824417
169271.484375	-141.161026
169277.343750	-140.801819
169283.203125	-138.901489
169289.062500	-137.307404
169294.921875	-137.431671
169300.781250	-138.686783
169306.640625	-138.787628
169312.500000	-138.195190
169318.359375	-139.731781
169324.218750	-142.542297
169330.078125	-142.465576
169335.937500	-141.427231
169341.796875	-139.338516
169347.656250	-139.710922
169353.515625	-142.129669
169359.375000	-144.785263
169365.234375	-141.905014
169371.093750	-140.091599
169376.953125	-139.875916
169382.812500	-138.313049
169388.671875	-137.498550
169394.531250	-137.110519
169400.390625	-137.624847
169406.250000	-139.809174
169412.109375	-141.196716
169417.968750	-140.069763
169423.828125	-141.248352
169429.687500	-144.128983
169435.546875	-143.295761
169441.406250	-141.561478
169447.265625	-138.018799
169453.125000	-138.879929
169458.984375	-141.558502
169464.843750	-141.039902
169470.703125	-139.381149
169476.562500	-140.960342
169482.421875	-143.255447
169488.281250	-141.770325
169494.140625	-140.225143
169500.000000	-138.336960
169505.859375	-137.680603
169511.718750	-140.683197
169517.578125	-143.981812
169523.437500	-143.367645
169529.296875	-142.702576
169535.156250	-144.037445
169541.015625	-142.504898
169546.875000	-140.737137
169552.734375	-141.023712
169558.593750	-141.604126
169564.453125	-143.501038
169570.312500	-143.266815
169576.171875	-139.883896
169582.031250	-140.923920
169587.890625	-140.128876
169593.750000	-140.822922
169599.609375	-140.946350
169605.468750	-139.070786
169611.328125	-138.045639
169617.187500	-136.204193
169623.046875	-135.283066
169628.906250	-136.492599
169634.765625	-139.563095
169640.625000	-145.863373
169646.484375	-143.817490
169652.343750	-142.218948
169658.203125	-140.405533
169664.062500	-138.745422
169669.921875	-138.967880
169675.781250	-138.585968
169681.640625	-136.063690
169687.500000	-135.610855
169693.359375	-136.880844
169699.218750	-138.690109
169705.078125	-139.811432
169710.937500	-139.689575
169716.796875	-140.114120
169722.656250	-140.612640
169728.515625	-141.783432
169734.375000	-140.631470
169740.234375	-138.301071
169746.093750	-137.971725
169751.953125	-140.704315
169757.812500	-143.062561
169763.671875	-142.772552
169769.531250	-142.382294
169775.390625	-142.134415
169781.250000	-140.460693
169787.109375	-138.717957
169792.968750	-137.677765
169798.828125	-138.592499
169804.687500	-141.202103
169810.546875	-142.531204
169816.406250	-142.003296
169822.265625	-143.891693
169828.125000	-146.052368
169833.984375	-142.416992
169839.843750	-137.858398
169845.703125	-134.836563
169851.562500	-135.428070
169857.421875	-138.453949
169863.281250	-140.373123
169869.140625	-140.576172
169875.000000	-140.647614
169880.859375	-141.636246
169886.718750	-139.127182
169892.578125	-136.493225
169898.437500	-135.649445
169904.296875	-136.139801
169910.156250	-137.546722
169916.015625	-139.830017
169921.875000	-141.964691
169927.734375	-140.042618
169933.593750	-138.992905
169939.453125	-138.278564
169945.312500	-137.939819
169951.171875	-140.703918
169957.031250	-144.287140
169962.890625	-142.187988
169968.750000	-140.171631
169974.609375	-141.022675
169980.468750	-143.411087
169986.328125	-141.506729
169992.187500	-139.509384
169998.046875	-138.497528
170003.906250	-138.472610
170009.765625	-136.645432
170015.625000	-135.106323
170021.484375	-136.560791
170027.343750	-136.928436
170033.203125	-137.300491
170039.062500	-139.525620
170044.921875	-144.526474
170050.781250	-142.066055
170056.640625	-139.269089
170062.500000	-140.682022
170068.359375	-140.855789
170074.218750	-143.532745
170080.078125	-142.475693
170085.937500	-141.331879
170091.796875	-141.677322
170097.656250	-143.347717
170103.515625	-142.432098
170109.375000	-141.364471
170115.234375	-141.501755
170121.093750	-141.544113
170126.953125	-142.009659
170132.812500	-142.052887
170138.671875	-142.803650
170144.531250	-142.903030
170150.390625	-142.267700
170156.250000	-142.715225
170162.109375	-141.274277
170167.968750	-139.355820
170173.828125	-139.020493
170179.687500	-142.138290
170185.546875	-145.582596
170191.406250	-141.555176
170197.265625	-137.053391
170203.125000	-135.423981
170208.984375	-136.389420
170214.843750	-138.662857
170220.703125	-140.093689
170226.562500	-138.446365
170232.421875	-136.580414
170238.281250	-137.776962
170244.140625	-139.399643
170250.000000	-140.620316
170255.859375	-144.869904
170261.718750	-141.121246
170267.578125	-137.925232
170273.437500	-137.679901
170279.296875	-138.719254
170285.156250	-141.104446
170291.015625	-142.892822
170296.875000	-141.768707
170302.734375	-143.415527
170308.593750	-139.646759
170314.453125	-136.295456
170320.312500	-136.559036
170326.171875	-137.866562
170332.031250	-139.671707
170337.890625	-138.924820
170343.750000	-138.376236
170349.609375	-139.428146
170355.468750	-139.356445
170361.328125	-139.289246
170367.187500	-138.859497
170373.046875	-140.716843
170378.906250	-144.021454
170384.765625	-141.681213
170390.625000	-141.090240
170396.484375	-140.923309
170402.343750	-141.498322
170408.203125	-144.603989
170414.062500	-143.363968
170419.921875	-140.042862
170425.781250	-139.471802
170431.640625	-139.036575
170437.500000	-137.883514
170443.359375	-137.923187
170449.218750	-139.300751
170455.078125	-140.351761
170460.937500	-141.042328
170466.796875	-138.645706
170472.656250	-138.132324
170478.515625	-139.711975
170484.375000	-140.276337
170490.234375	-139.580048
170496.093750	-139.848465
170501.953125	-142.939362
170507.812500	-144.793915
170513.671875	-141.379929
170519.531250	-140.038239
170525.390625	-140.463531
170531.250000	-141.612686
170537.109375	-142.285904
170542.968750	-142.083603
170548.828125	-139.797516
170554.687500	-138.252380
170560.546875	-139.480087
170566.406250	-139.129608
170572.265625	-138.609833
170578.125000	-139.368607
170583.984375	-139.732483
170589.843750	-140.854355
170595.703125	-140.625000
170601.562500	-138.352493
170607.421875	-138.634857
170613.281250	-142.539215
170619.140625	-143.773315
170625.000000	-140.494995
170630.859375	-138.748688
170636.718750	-138.027283
170642.578125	-137.796967
170648.437500	-138.539154
170654.296875	-141.362045
170660.156250	-140.828339
170666.015625	-139.713867
170671.875000	-138.123703
170677.734375	-136.672409
170683.593750	-137.742264
170689.453125	-139.306732
170695.312500	-142.197235
170701.171875	-142.628708
170707.031250	-143.463730
170712.890625	-141.885086
170718.750000	-141.142929
170724.609375	-141.493225
170730.468750	-142.836472
170736.328125	-145.357986
170742.187500	-142.342865
170748.046875	-139.366257
170753.906250	-138.336761
170759.765625	-139.250885
170765.625000	-140.888565
170771.484375	-140.008896
170777.343750	-138.155716
170783.203125	-138.486237
170789.062500	-140.318527
170794.921875	-139.748856
170800.781250	-138.961182
170806.640625	-139.275192
170812.500000	-139.865540
170818.359375	-140.463318
170824.218750	-139.808792
170830.078125	-139.181229
170835.937500	-139.832321
170841.796875	-140.092499
170847.656250	-142.892731
170853.515625	-146.313019
170859.375000	-142.922684
170865.234375	-140.853745
170871.093750	-140.141907
170876.953125	-140.187286
170882.812500	-141.434753
170888.671875	-140.153931
170894.531250	-137.330154
170900.390625	-137.491699
170906.250000	-139.557510
170912.109375	-139.976944
170917.968750	-140.827087
170923.828125	-140.442993
170929.687500	-138.271286
170935.546875	-135.340988
170941.406250	-135.530045
170947.265625	-139.670456
170953.125000	-140.426834
170958.984375	-141.986053
170964.843750	-145.593704
170970.703125	-143.997559
170976.562500	-139.169693
170982.421875	-137.602905
170988.281250	-137.823135
170994.140625	-138.084076
171000.000000	-138.329132
171005.859375	-138.479294
171011.718750	-139.258606
171017.578125	-140.371353
171023.437500	-141.090088
171029.296875	-139.415726
171035.156250	-137.230225
171041.015625	-136.771011
171046.875000	-137.272766
171052.734375	-139.305664
171058.593750	-141.134567
171064.453125	-140.026489
171070.312500	-139.963608
171076.171875	-141.975586
171082.031250	-141.738052
171087.890625	-141.441208
171093.750000	-142.860901
171099.609375	-144.034302
171105.468750	-142.445572
171111.328125	-141.421753
171117.187500	-139.808197
171123.046875	-140.538879
171128.906250	-142.332169
171134.765625	-139.992294
171140.625000	-139.005402
171146.484375	-141.901810
171152.343750	-142.922684
171158.203125	-141.942276
171164.062500	-142.666580
171169.921875	-141.555862
171175.781250	-141.363937
171181.640625	-140.224152
171187.500000	-139.137268
171193.359375	-140.670715
171199.218750	-141.701889
171205.078125	-141.956863
171210.937500	-141.749664
171216.796875	-140.065903
171222.656250	-139.030670
171228.515625	-138.802963
171234.375000	-138.989883
171240.234375	-138.192032
171246.093750	-137.989807
171251.953125	-139.165817
171257.812500	-141.179977
171263.671875	-143.927628
171269.531250	-143.479691
171275.390625	-140.401886
171281.250000	-140.303421
171287.109375	-140.573990
171292.968750	-139.292725
171298.828125	-140.238495
171304.687500	-142.062302
171310.546875	-142.318619
171316.406250	-140.078339
171322.265625	-140.232376
171328.125000	-143.736465
171333.984375	-142.340424
171339.843750	-140.736511
171345.703125	-141.106354
171351.562500	-139.783905
171357.421875	-137.321533
171363.281250	-136.667603
171369.140625	-137.927612
171375.000000	-139.303802
171380.859375	-140.483948
171386.718750	-140.858780
171392.578125	-141.923477
171398.437500	-144.194519
171404.296875	-145.265656
171410.156250	-142.511520
171416.015625	-143.168594
171421.875000	-141.193283
171427.734375	-138.670868
171433.593750	-139.223053
171439.453125	-140.339569
171445.312500	-141.873856
171451.171875	-144.665451
171457.031250	-141.276047
171462.890625	-138.329742
171468.750000	-137.426132
171474.609375	-137.826553
171480.468750	-140.270996
171486.328125	-141.076782
171492.187500	-140.910095
171498.046875	-140.865906
171503.906250	-139.894577
171509.765625	-138.914551
171515.625000	-138.763351
171521.484375	-138.515503
171527.343750	-139.576889
171533.203125	-142.350082
171539.062500	-142.397385
171544.921875	-140.333450
171550.781250	-140.259674
171556.640625	-142.822067
171562.500000	-140.864929
171568.359375	-138.020660
171574.218750	-139.374405
171580.078125	-142.110458
171585.937500	-142.500793
171591.796875	-141.523026
171597.656250	-140.361816
171603.515625	-139.265579
171609.375000	-139.707001
171615.234375	-141.998322
171621.093750	-141.867020
171626.953125	-138.980637
171632.812500	-138.798767
171638.671875	-139.809341
171644.531250	-139.496582
171650.390625	-138.930023
171656.250000	-138.509750
171662.109375	-136.859543
171667.968750	-137.051941
171673.828125	-139.325485
171679.687500	-138.164978
171685.546875	-137.485336
171691.406250	-139.381744
171697.265625	-139.347534
171703.125000	-138.037964
171708.984375	-139.417084
171714.843750	-144.572464
171720.703125	-143.328110
171726.562500	-142.359970
171732.421875	-144.664642
171738.281250	-144.721481
171744.140625	-140.191376
171750.000000	-140.991699
171755.859375	-141.482346
171761.718750	-139.629257
171767.578125	-137.410004
171773.437500	-135.886261
171779.296875	-136.948013
171785.156250	-140.654465
171791.015625	-142.872894
171796.875000	-140.217667
171802.734375	-139.648514
171808.593750	-141.797119
171814.453125	-144.691391
171820.312500	-144.160461
171826.171875	-143.035355
171832.031250	-142.655823
171837.890625	-141.437622
171843.750000	-140.971771
171849.609375	-141.865173
171855.468750	-141.199814
171861.328125	-140.439468
171867.187500	-143.099594
171873.046875	-141.770798
171878.906250	-138.176025
171884.765625	-135.850754
171890.625000	-137.082260
171896.484375	-139.921356
171902.343750	-140.226685
171908.203125	-138.916763
171914.062500	-138.537918
171919.921875	-139.796143
171925.781250	-140.116364
171931.640625	-141.078476
171937.500000	-139.529922
171943.359375	-138.305496
171949.218750	-140.374039
171955.078125	-142.146500
171960.937500	-143.693634
171966.796875	-145.578613
171972.656250	-140.777832
171978.515625	-138.786102
171984.375000	-140.410934
171990.234375	-142.002731
171996.093750	-141.001663
172001.953125	-141.604095
172007.812500	-142.414520
172013.671875	-140.433624
172019.531250	-139.075012
172025.390625	-141.042755
172031.250000	-139.648193
172037.109375	-137.350906
172042.968750	-139.381485
172048.828125	-143.579254
172054.687500	-142.193665
172060.546875	-139.376389
172066.406250	-137.103745
172072.265625	-138.683578
172078.125000	-140.403625
172083.984375	-141.436569
172089.843750	-142.995895
172095.703125	-142.897461
172101.562500	-142.997116
172107.421875	-141.447510
172113.281250	-141.775589
172119.140625	-146.035095
172125.000000	-145.983963
172130.859375	-142.861694
172136.718750	-140.189240
172142.578125	-138.261917
172148.437500	-138.603012
172154.296875	-141.010468
172160.156250	-142.120239
172166.015625	-142.391815
172171.875000	-140.603836
172177.734375	-140.657547
172183.593750	-141.414169
172189.453125	-141.299530
172195.312500	-143.969406
172201.171875	-144.501099
172207.031250	-143.058823
172212.890625	-141.134048
172218.750000	-140.860092
172224.609375	-143.802536
172230.468750	-144.758514
172236.328125	-143.679474
172242.187500	-144.638000
172248.046875	-143.274521
172253.906250	-142.674881
172259.765625	-141.907379
172265.625000	-138.967392
172271.484375	-136.853851
172277.343750	-137.388397
172283.203125	-137.896530
172289.062500	-138.425980
172294.921875	-142.015060
172300.781250	-141.649704
172306.640625	-136.381897
172312.500000	-137.631302
172318.359375	-140.168167
172324.218750	-138.628159
172330.078125	-141.144089
172335.937500	-144.738739
172341.796875	-142.993057
172347.656250	-140.085754
172353.515625	-140.006378
172359.375000	-141.064850
172365.234375	-141.922073
172371.093750	-142.257614
172376.953125	-141.084839
172382.812500	-139.316315
172388.671875	-141.364334
172394.531250	-142.521820
172400.390625	-140.073593
172406.250000	-139.052078
172412.109375	-140.441650
172417.968750	-143.502304
172423.828125	-141.373383
172429.687500	-137.075378
172435.546875	-135.914688
172441.406250	-136.501923
172447.265625	-138.609619
172453.125000	-141.191940
172458.984375	-142.624725
172464.843750	-143.028275
172470.703125	-141.811081
172476.562500	-139.294113
172482.421875	-140.557480
172488.281250	-142.093781
172494.140625	-142.147522
172500.000000	-141.417648
172505.859375	-138.343002
172511.718750	-137.596420
172517.578125	-138.302536
172523.437500	-138.881149
172529.296875	-138.726715
172535.156250	-138.718719
172541.015625	-139.829788
172546.875000	-139.258133
172552.734375	-138.980484
172558.593750	-137.442413
172564.453125	-136.506866
172570.312500	-137.362564
172576.171875	-140.049377
172582.031250	-140.529007
172587.890625	-138.713272
172593.750000	-140.664001
172599.609375	-142.790970
172605.468750	-140.368286
172611.328125	-139.807297
172617.187500	-142.946732
172623.046875	-142.336655
172628.906250	-137.127151
172634.765625	-136.072968
172640.625000	-138.521744
172646.484375	-140.855133
172652.343750	-137.585861
172658.203125	-137.123245
172664.062500	-138.256241
172669.921875	-137.924545
172675.781250	-136.919495
172681.640625	-137.326157
172687.500000	-139.456085
172693.359375	-140.195084
172699.218750	-140.167480
172705.078125	-140.632324
172710.937500	-139.172852
172716.796875	-138.829071
172722.656250	-139.286469
172728.515625	-139.610703
172734.375000	-138.619415
172740.234375	-137.035141
172746.093750	-136.080994
172751.953125	-136.354477
172757.812500	-136.663635
172763.671875	-136.806778
172769.531250	-139.179382
172775.390625	-143.254089
172781.250000	-140.827316
172787.109375	-140.481689
172792.968750	-142.466110
172798.828125	-140.860153
172804.687500	-138.503647
172810.546875	-138.743561
172816.406250	-140.791061
172822.265625	-140.938263
172828.125000	-138.292725
172833.984375	-137.702164
172839.843750	-138.453613
172845.703125	-138.592285
172851.562500	-139.016068
172857.421875	-139.992935
172863.281250	-140.480377
172869.140625	-139.366226
172875.000000	-137.834229
172880.859375	-139.098160
172886.718750	-141.577301
172892.578125	-142.702896
172898.437500	-141.008743
172904.296875	-140.292801
172910.156250	-141.111496
172916.015625	-140.512238
172921.875000	-140.843781
172927.734375	-141.056686
172933.593750	-141.222824
172939.453125	-139.526001
172945.312500	-139.341537
172951.171875	-144.375702
172957.031250	-146.553909
172962.890625	-142.445923
172968.750000	-140.609497
172974.609375	-139.348038
172980.468750	-138.370224
172986.328125	-137.860504
172992.187500	-138.362244
172998.046875	-139.050140
173003.906250	-138.952347
173009.765625	-139.250122
173015.625000	-140.495605
173021.484375	-141.447723
173027.343750	-138.623032
173033.203125	-139.473907
173039.062500	-141.002716
173044.921875	-140.731888
173050.781250	-139.714493
173056.640625	-138.642273
173062.500000	-137.612991
173068.359375	-139.318756
173074.218750	-143.822403
173080.078125	-143.366730
173085.937500	-142.164536
173091.796875	-141.309875
173097.656250	-141.760635
173103.515625	-141.858490
173109.375000	-140.207092
173115.234375	-141.345413
173121.093750	-142.777649
173126.953125	-140.021667
173132.812500	-139.815125
173138.671875	-140.912308
173144.531250	-139.827057
173150.390625	-137.953262
173156.250000	-137.902832
173162.109375	-138.102539
173167.968750	-139.884018
173173.828125	-142.531189
173179.687500	-141.739395
173185.546875	-140.245224
173191.406250	-138.323959
173197.265625	-139.776733
173203.125000	-140.227783
173208.984375	-137.929413
173214.843750	-138.474030
173220.703125	-139.542282
173226.562500	-138.421860
173232.421875	-139.664566
173238.281250	-143.988312
173244.140625	-144.063217
173250.000000	-139.181610
173255.859375	-136.567688
173261.718750	-137.162003
173267.578125	-140.243942
173273.437500	-141.990555
173279.296875	-142.337952
173285.156250	-143.036621
173291.015625	-145.311172
173296.875000	-146.149765
173302.734375	-142.354050
173308.593750	-138.468918
173314.453125	-135.861038
173320.312500	-136.234238
173326.171875	-138.252731
173332.031250	-141.404510
173337.890625	-143.467239
173343.750000	-142.444016
173349.609375	-140.375427
173355.468750	-140.476135
173361.328125	-140.847183
173367.187500	-141.758987
173373.046875	-142.317963
173378.906250	-141.328445
173384.765625	-140.715775
173390.625000	-141.757431
173396.484375	-142.020355
173402.343750	-140.179733
173408.203125	-139.839539
173414.062500	-139.840225
173419.921875	-138.704971
173425.781250	-139.245239
173431.640625	-144.001678
173437.500000	-143.745911
173443.359375	-141.291718
173449.218750	-139.748856
173455.078125	-137.552109
173460.937500	-137.040665
173466.796875	-139.351578
173472.656250	-141.116501
173478.515625	-141.296921
173484.375000	-141.915054
173490.234375	-141.386826
173496.093750	-141.754837
173501.953125	-139.643616
173507.812500	-138.029648
173513.671875	-137.296661
173519.531250	-137.457825
173525.390625	-138.341141
173531.250000	-137.431152
173537.109375	-137.269348
173542.968750	-140.728638
173548.828125	-142.076385
173554.687500	-138.461411
173560.546875	-138.342499
173566.406250	-141.963028
173572.265625	-145.347946
173578.125000	-145.609436
173583.984375	-145.382553
173589.843750	-144.035110
173595.703125	-140.839630
173601.562500	-139.382812
173607.421875	-139.045303
173613.281250	-139.524124
173619.140625	-140.487854
173625.000000	-138.753006
173630.859375	-138.981674
173636.718750	-138.674759
173642.578125	-138.902222
173648.437500	-139.543121
173654.296875	-138.873703
173660.156250	-139.909424
173666.015625	-139.795975
173671.875000	-138.764099
173677.734375	-138.708740
173683.593750	-138.084991
173689.453125	-140.669785
173695.312500	-140.013260
173701.171875	-137.825653
173707.031250	-137.527679
173712.890625	-138.668076
173718.750000	-140.206177
173724.609375	-139.512909
173730.468750	-139.256821
173736.328125	-141.104156
173742.187500	-142.232529
173748.046875	-140.940933
173753.906250	-141.650742
173759.765625	-144.685165
173765.625000	-143.691757
173771.484375	-141.411896
173777.343750	-139.827164
173783.203125	-139.419769
173789.062500	-140.643021
173794.921875	-142.572968
173800.781250	-138.627686
173806.640625	-138.033524
173812.500000	-141.250839
173818.359375	-143.010483
173824.218750	-140.284622
173830.078125	-139.374573
173835.937500	-139.830841
173841.796875	-139.801376
173847.656250	-139.673096
173853.515625	-140.130646
173859.375000	-143.316757
173865.234375	-143.827332
173871.093750	-141.929596
173876.953125	-142.601868
173882.812500	-140.158005
173888.671875	-139.741974
173894.531250	-139.553818
173900.390625	-138.719528
173906.250000	-138.444916
173912.109375	-138.450821
173917.968750	-141.233841
173923.828125	-143.266724
173929.687500	-140.047852
173935.546875	-138.554733
173941.406250	-140.335556
173947.265625	-143.042908
173953.125000	-143.272125
173958.984375	-140.025131
173964.843750	-140.359512
173970.703125	-140.709732
173976.562500	-137.192108
173982.421875	-135.949081
173988.281250	-138.501129
173994.140625	-141.573944
174000.000000	-143.683075
174005.859375	-143.310287
174011.718750	-139.522476
174017.578125	-139.809982
174023.437500	-139.988678
174029.296875	-137.552704
174035.156250	-137.756927
174041.015625	-138.272995
174046.875000	-138.118408
174052.734375	-139.448013
174058.593750	-140.799042
174064.453125	-138.192932
174070.312500	-138.385086
174076.171875	-141.935257
174082.031250	-144.471848
174087.890625	-147.249329
174093.750000	-141.001740
174099.609375	-139.757797
174105.468750	-141.301239
174111.328125	-142.186218
174117.187500	-142.591919
174123.046875	-138.347153
174128.906250	-137.675781
174134.765625	-137.967438
174140.625000	-139.827637
174146.484375	-142.315735
174152.343750	-140.529938
174158.203125	-139.521484
174164.062500	-138.719116
174169.921875	-139.106979
174175.781250	-139.651611
174181.640625	-140.823792
174187.500000	-141.201248
174193.359375	-140.322372
174199.218750	-139.171478
174205.078125	-138.414627
174210.937500	-139.331772
174216.796875	-140.281036
174222.656250	-140.151703
174228.515625	-140.549545
174234.375000	-140.441345
174240.234375	-141.055389
174246.093750	-140.930573
174251.953125	-140.996826
174257.812500	-141.271179
174263.671875	-140.039444
174269.531250	-138.151382
174275.390625	-138.749619
174281.250000	-142.813797
174287.109375	-144.061081
174292.968750	-140.400726
174298.828125	-138.944717
174304.687500	-138.694077
174310.546875	-140.696060
174316.406250	-142.111084
174322.265625	-140.567520
174328.125000	-141.117416
174333.984375	-141.762756
174339.843750	-139.297302
174345.703125	-141.062881
174351.562500	-140.936478
174357.421875	-142.312820
174363.281250	-142.552856
174369.140625	-141.112442
174375.000000	-140.044540
174380.859375	-142.729752
174386.718750	-143.718750
174392.578125	-141.029434
174398.437500	-142.289124
174404.296875	-146.684296
174410.156250	-139.317337
174416.015625	-137.071487
174421.875000	-140.070847
174427.734375	-141.786774
174433.593750	-140.116638
174439.453125	-142.999695
174445.312500	-143.864899
174451.171875	-139.560822
174457.031250	-141.377899
174462.890625	-142.294495
174468.750000	-139.190109
174474.609375	-138.298279
174480.468750	-137.374161
174486.328125	-137.307205
174492.187500	-138.454453
174498.046875	-138.748611
174503.906250	-139.236664
174509.765625	-140.105988
174515.625000	-140.590652
174521.484375	-139.707245
174527.343750	-138.390366
174533.203125	-140.529602
174539.062500	-142.667938
174544.921875	-145.016861
174550.781250	-146.490784
174556.640625	-141.471970
174562.500000	-138.852081
174568.359375	-138.742310
174574.218750	-141.021683
174580.078125	-139.483490
174585.937500	-138.387100
174591.796875	-139.581024
174597.656250	-141.512314
174603.515625	-142.592072
174609.375000	-142.685104
174615.234375	-140.769989
174621.093750	-139.453003
174626.953125	-137.627167
174632.812500	-136.978699
174638.671875	-137.918442
174644.531250	-139.948120
174650.390625	-142.481171
174656.250000	-141.490875
174662.109375	-141.020004
174667.968750	-141.390137
174673.828125	-141.390640
174679.687500	-142.633987
174685.546875	-144.830246
174691.406250	-143.736206
174697.265625	-142.498474
174703.125000	-143.046371
174708.984375	-142.468094
174714.843750	-139.690292
174720.703125	-138.987335
174726.562500	-139.258804
174732.421875	-141.607773
174738.281250	-142.073364
174744.140625	-138.652557
174750.000000	-138.588760
174755.859375	-140.039856
174761.718750	-140.574127
174767.578125	-141.223022
174773.437500	-139.178848
174779.296875	-138.132858
174785.156250	-139.635605
174791.015625	-142.840775
174796.875000	-141.716507
174802.734375	-139.161926
174808.593750	-138.302612
174814.453125	-138.431015
174820.312500	-137.857330
174826.171875	-137.917084
174832.031250	-140.582535
174837.890625	-142.683960
174843.750000	-140.905304
174849.609375	-138.907318
174855.468750	-140.733215
174861.328125	-144.185883
174867.187500	-141.927383
174873.046875	-138.747177
174878.906250	-139.251831
174884.765625	-139.570465
174890.625000	-138.584610
174896.484375	-140.244858
174902.343750	-144.012909
174908.203125	-145.122833
174914.062500	-145.593170
174919.921875	-141.524658
174925.781250	-141.022385
174931.640625	-143.531815
174937.500000	-141.318436
174943.359375	-140.354462
174949.218750	-141.588287
174955.078125	-140.459106
174960.937500	-140.327255
174966.796875	-143.294083
174972.656250	-141.420639
174978.515625	-139.989914
174984.375000	-141.296310
174990.234375	-141.699310
174996.093750	-140.756577
175001.953125	-139.941360
175007.812500	-141.416885
175013.671875	-143.347031
175019.531250	-142.720917
175025.390625	-141.143204
175031.250000	-142.018311
175037.109375	-141.960144
175042.968750	-140.494751
175048.828125	-138.274109
175054.687500	-139.314011
175060.546875	-141.276581
175066.406250	-139.725250
175072.265625	-141.049973
175078.125000	-140.182236
175083.984375	-136.890808
175089.843750	-136.292801
175095.703125	-139.115677
175101.562500	-140.624054
175107.421875	-142.023315
175113.281250	-143.758713
175119.140625	-142.813583
175125.000000	-142.048706
175130.859375	-140.417740
175136.718750	-141.142029
175142.578125	-140.759293
175148.437500	-137.121384
175154.296875	-135.812210
175160.156250	-138.727493
175166.015625	-143.234894
175171.875000	-143.288589
175177.734375	-142.722137
175183.593750	-141.520370
175189.453125	-141.574432
175195.312500	-143.028961
175201.171875	-140.885986
175207.031250	-140.568695
175212.890625	-139.764069
175218.750000	-137.782150
175224.609375	-136.717560
175230.468750	-137.695801
175236.328125	-140.102295
175242.187500	-140.683533
175248.046875	-140.309265
175253.906250	-139.596420
175259.765625	-139.343475
175265.625000	-139.200897
175271.484375	-138.270721
175277.343750	-139.228287
175283.203125	-140.360550
175289.062500	-139.974091
175294.921875	-138.391541
175300.781250	-137.171600
175306.640625	-136.767059
175312.500000	-137.508957
175318.359375	-138.639023
175324.218750	-139.063187
175330.078125	-137.742233
175335.937500	-137.663193
175341.796875	-137.978653
175347.656250	-138.304596
175353.515625	-139.375946
175359.375000	-140.753677
175365.234375	-141.756546
175371.093750	-140.626770
175376.953125	-140.639862
175382.812500	-139.383011
175388.671875	-139.149597
175394.531250	-140.340469
175400.390625	-140.245590
175406.250000	-139.810562
175412.109375	-142.795395
175417.968750	-148.487350
175423.828125	-148.183929
175429.687500	-144.500977
175435.546875	-142.558731
175441.406250	-143.764816
175447.265625	-142.546692
175453.125000	-138.408401
175458.984375	-137.740250
175464.843750	-141.406067
175470.703125	-144.448624
175476.562500	-142.299561
175482.421875	-142.144730
175488.281250	-141.715408
175494.140625	-143.686096
175500.000000	-143.200226
175505.859375	-141.628387
175511.718750	-141.789124
175517.578125	-139.323807
175523.437500	-138.395294
175529.296875	-139.427414
175535.156250	-139.948242
175541.015625	-140.059509
175546.875000	-139.690109
175552.734375	-139.228333
175558.593750	-139.959763
175564.453125	-139.742905
175570.312500	-140.321136
175576.171875	-139.997208
175582.031250	-139.245499
175587.890625	-141.299881
175593.750000	-141.155228
175599.609375	-140.033401
175605.468750	-139.319580
175611.328125	-140.273880
175617.187500	-140.721451
175623.046875	-140.125916
175628.906250	-140.512970
175634.765625	-143.604141
175640.625000	-144.528610
175646.484375	-143.198105
175652.343750	-140.796417
175658.203125	-140.185699
175664.062500	-140.406326
175669.921875	-140.308685
175675.781250	-142.216385
175681.640625	-144.612183
175687.500000	-141.938797
175693.359375	-139.607697
175699.218750	-139.965454
175705.078125	-142.043869
175710.937500	-143.656693
175716.796875	-147.466354
175722.656250	-149.977493
175728.515625	-145.840363
175734.375000	-140.574234
175740.234375	-138.695877
175746.093750	-139.181244
175751.953125	-140.466110
175757.812500	-140.738754
175763.671875	-140.919525
175769.531250	-140.424988
175775.390625	-139.336868
175781.250000	-139.724899
175787.109375	-142.118073
175792.968750	-145.181763
175798.828125	-142.801788
175804.687500	-140.147766
175810.546875	-139.441895
175816.406250	-140.704803
175822.265625	-144.969025
175828.125000	-143.143433
175833.984375	-138.408127
175839.843750	-135.591339
175845.703125	-135.252136
175851.562500	-136.780380
175857.421875	-139.153397
175863.281250	-142.123627
175869.140625	-142.909149
175875.000000	-142.461365
175880.859375	-141.450989
175886.718750	-140.443039
175892.578125	-139.332886
175898.437500	-138.318817
175904.296875	-138.276489
175910.156250	-140.853928
175916.015625	-142.412918
175921.875000	-141.157684
175927.734375	-138.430725
175933.593750	-137.542770
175939.453125	-140.045959
175945.312500	-141.534744
175951.171875	-140.407639
175957.031250	-141.010880
175962.890625	-142.854279
175968.750000	-141.968277
175974.609375	-139.962814
175980.468750	-138.265472
175986.328125	-137.495514
175992.187500	-136.988235
175998.046875	-136.987961
176003.906250	-137.551117
176009.765625	-139.407227
176015.625000	-140.380981
176021.484375	-139.009827
176027.343750	-137.448425
176033.203125	-137.362167
176039.062500	-138.289841
176044.921875	-138.981186
176050.781250	-138.868683
176056.640625	-138.904053
176062.500000	-141.746246
176068.359375	-143.574570
176074.218750	-139.756958
176080.078125	-138.885498
176085.937500	-138.913040
176091.796875	-140.236542
176097.656250	-139.144089
176103.515625	-138.927322
176109.375000	-139.701523
176115.234375	-139.547607
176121.093750	-142.368042
176126.953125	-144.853241
176132.812500	-140.366852
176138.671875	-138.648117
176144.531250	-140.335266
176150.390625	-143.990570
176156.250000	-141.859726
176162.109375	-141.482391
176167.968750	-140.783875
176173.828125	-138.786087
176179.687500	-137.999420
176185.546875	-136.820831
176191.406250	-136.234985
176197.265625	-136.519714
176203.125000	-138.218033
176208.984375	-138.079987
176214.843750	-137.610626
176220.703125	-141.616653
176226.562500	-143.624329
176232.421875	-141.533920
176238.281250	-141.865448
176244.140625	-143.136185
176250.000000	-142.449814
176255.859375	-140.454651
176261.718750	-141.527283
176267.578125	-143.125900
176273.437500	-144.674896
176279.296875	-144.606461
176285.156250	-139.209717
176291.015625	-138.996613
176296.875000	-139.134094
176302.734375	-138.618668
176308.593750	-139.081390
176314.453125	-141.972763
176320.312500	-142.934586
176326.171875	-138.638519
176332.031250	-137.016663
176337.890625	-137.916992
176343.750000	-137.813339
176349.609375	-137.910812
176355.468750	-140.709167
176361.328125	-143.456131
176367.187500	-140.731186
176373.046875	-140.725281
176378.906250	-140.388885
176384.765625	-139.019943
176390.625000	-137.668823
176396.484375	-138.251221
176402.343750	-143.389069
176408.203125	-144.377472
176414.062500	-142.269928
176419.921875	-140.011261
176425.781250	-138.179688
176431.640625	-138.779800
176437.500000	-142.159241
176443.359375	-142.963638
176449.218750	-140.542770
176455.078125	-140.257248
176460.937500	-140.405624
176466.796875	-139.529327
176472.656250	-139.518951
176478.515625	-138.919998
176484.375000	-139.672928
176490.234375	-140.173141
176496.093750	-138.296036
176501.953125	-136.645279
176507.812500	-136.907837
176513.671875	-140.675354
176519.531250	-143.651535
176525.390625	-141.147263
176531.250000	-141.783798
176537.109375	-143.465210
176542.968750	-142.822723
176548.828125	-140.589203
176554.687500	-138.087631
176560.546875	-137.913651
176566.406250	-139.637848
176572.265625	-140.436111
176578.125000	-141.788971
176583.984375	-141.297073
176589.843750	-139.563553
176595.703125	-138.293945
176601.562500	-138.512146
176607.421875	-139.641525
176613.281250	-138.975800
176619.140625	-139.226517
176625.000000	-140.720291
176630.859375	-141.813782
176636.718750	-142.947052
176642.578125	-143.124649
176648.437500	-140.069427
176654.296875	-139.299469
176660.156250	-142.773651
176666.015625	-144.053070
176671.875000	-140.031235
176677.734375	-137.766418
176683.593750	-139.174942
176689.453125	-142.574554
176695.312500	-143.336166
176701.171875	-142.418091
176707.031250	-141.121521
176712.890625	-139.022751
176718.750000	-138.417465
176724.609375	-136.090546
176730.468750	-136.408661
176736.328125	-140.587646
176742.187500	-140.756897
176748.046875	-139.755295
176753.906250	-140.371307
176759.765625	-140.837555
176765.625000	-141.396271
176771.484375	-138.861221
176777.343750	-138.430374
176783.203125	-142.337509
176789.062500	-141.985519
176794.921875	-144.386108
176800.781250	-144.578751
176806.640625	-140.253693
176812.500000	-139.608795
176818.359375	-138.612518
176824.218750	-138.586334
176830.078125	-139.372757
176835.937500	-139.780106
176841.796875	-139.874817
176847.656250	-137.924866
176853.515625	-136.625153
176859.375000	-138.122498
176865.234375	-139.112091
176871.093750	-138.458878
176876.953125	-138.647781
176882.812500	-139.980865
176888.671875	-139.288437
176894.531250	-138.582077
176900.390625	-139.528351
176906.250000	-141.060791
176912.109375	-140.142822
176917.968750	-138.680389
176923.828125	-138.937729
176929.687500	-139.422806
176935.546875	-139.101364
176941.406250	-137.504898
176947.265625	-136.659210
176953.125000	-136.959579
176958.984375	-137.962341
176964.843750	-140.306122
176970.703125	-141.563232
176976.562500	-141.151718
176982.421875	-140.202835
176988.281250	-138.593048
176994.140625	-137.791000
177000.000000	-137.571182
177005.859375	-140.487595
177011.718750	-141.745422
177017.578125	-138.549454
177023.437500	-140.653412
177029.296875	-141.924286
177035.156250	-141.211487
177041.015625	-142.882141
177046.875000	-141.583786
177052.734375	-138.445023
177058.593750	-139.138275
177064.453125	-140.984528
177070.312500	-140.541687
177076.171875	-140.000626
177082.031250	-141.760971
177087.890625	-140.739838
177093.750000	-140.276321
177099.609375	-140.284210
177105.468750	-139.427063
177111.328125	-141.481537
177117.187500	-143.712250
177123.046875	-139.991089
177128.906250	-141.731689
177134.765625	-143.272705
177140.625000	-143.371475
177146.484375	-144.717407
177152.343750	-144.237106
177158.203125	-141.205521
177164.062500	-137.278412
177169.921875	-136.871460
177175.781250	-139.272003
177181.640625	-140.611160
177187.500000	-140.462814
177193.359375	-140.677963
177199.218750	-141.841415
177205.078125	-140.458160
177210.937500	-138.083481
177216.796875	-137.449020
177222.656250	-137.468170
177228.515625	-138.761627
177234.375000	-141.047363
177240.234375	-141.974991
177246.093750	-141.294357
177251.953125	-139.890488
177257.812500	-139.421005
177263.671875	-140.181992
177269.531250	-138.257080
177275.390625	-136.407669
177281.250000	-138.136841
177287.109375	-143.565552
177292.968750	-143.332581
177298.828125	-137.771912
177304.687500	-135.569534
177310.546875	-134.996124
177316.406250	-135.141479
177322.265625	-136.676346
177328.125000	-137.926193
177333.984375	-136.179214
177339.843750	-134.651688
177345.703125	-134.656174
177351.562500	-136.514236
177357.421875	-140.264008
177363.281250	-141.300735
177369.140625	-138.650208
177375.000000	-138.026962
177380.859375	-138.494553
177386.718750	-139.769165
177392.578125	-140.823990
177398.437500	-141.818085
177404.296875	-140.529175
177410.156250	-138.282867
177416.015625	-138.077438
177421.875000	-137.916885
177427.734375	-136.845779
177433.593750	-136.908478
177439.453125	-137.806992
177445.312500	-139.243759
177451.171875	-139.350571
177457.031250	-141.036987
177462.890625	-142.998642
177468.750000	-140.864456
177474.609375	-140.245880
177480.468750	-141.630325
177486.328125	-141.872513
177492.187500	-142.095932
177498.046875	-143.561646
177503.906250	-143.012177
177509.765625	-139.745056
177515.625000	-137.869934
177521.484375	-138.351898
177527.343750	-139.564636
177533.203125	-139.121887
177539.062500	-138.752594
177544.921875	-139.542038
177550.781250	-142.788788
177556.640625	-143.596375
177562.500000	-138.802414
177568.359375	-136.849396
177574.218750	-136.518768
177580.078125	-136.929367
177585.937500	-139.867554
177591.796875	-140.995773
177597.656250	-138.839523
177603.515625	-139.121918
177609.375000	-142.890869
177615.234375	-141.918518
177621.093750	-140.560425
177626.953125	-139.261307
177632.812500	-138.940720
177638.671875	-138.927002
177644.531250	-138.719666
177650.390625	-141.172394
177656.250000	-144.553177
177662.109375	-142.993958
177667.968750	-142.386459
177673.828125	-142.197983
177679.687500	-140.072723
177685.546875	-138.945450
177691.406250	-140.617538
177697.265625	-141.216049
177703.125000	-141.341812
177708.984375	-141.992859
177714.843750	-141.102127
177720.703125	-140.575638
177726.562500	-140.623703
177732.421875	-140.961975
177738.281250	-142.657013
177744.140625	-143.935593
177750.000000	-141.607941
177755.859375	-139.415833
177761.718750	-137.882889
177767.578125	-138.398148
177773.437500	-138.984192
177779.296875	-138.683899
177785.156250	-140.784958
177791.015625	-143.408295
177796.875000	-145.903259
177802.734375	-139.813126
177808.593750	-139.330139
177814.453125	-140.991364
177820.312500	-139.176086
177826.171875	-137.468094
177832.031250	-139.204910
177837.890625	-142.229477
177843.750000	-141.243851
177849.609375	-139.702713
177855.468750	-138.948486
177861.328125	-140.501907
177867.187500	-142.602585
177873.046875	-140.966278
177878.906250	-140.914474
177884.765625	-140.925812
177890.625000	-140.894318
177896.484375	-141.133194
177902.343750	-141.943817
177908.203125	-141.450562
177914.062500	-138.659760
177919.921875	-137.680283
177925.781250	-139.301514
177931.640625	-141.107651
177937.500000	-141.699875
177943.359375	-141.876251
177949.218750	-141.037048
177955.078125	-141.172150
177960.937500	-141.400406
177966.796875	-140.807022
177972.656250	-138.926331
177978.515625	-137.800308
177984.375000	-138.186981
177990.234375	-139.597244
177996.093750	-140.577911
178001.953125	-140.238037
178007.812500	-139.527084
178013.671875	-140.003677
178019.531250	-138.033081
178025.390625	-136.993332
178031.250000	-137.393082
178037.109375	-138.423828
178042.968750	-138.305252
178048.828125	-138.054092
178054.687500	-138.120926
178060.546875	-137.359924
178066.406250	-137.381287
178072.265625	-138.839294
178078.125000	-142.004837
178083.984375	-144.131516
178089.843750	-140.053360
178095.703125	-138.688583
178101.562500	-140.808807
178107.421875	-140.076691
178113.281250	-139.233353
178119.140625	-139.342560
178125.000000	-139.036194
178130.859375	-138.804443
178136.718750	-140.251221
178142.578125	-142.060394
178148.437500	-140.665100
178154.296875	-139.305115
178160.156250	-139.499252
178166.015625	-140.836411
178171.875000	-139.505219
178177.734375	-138.731033
178183.593750	-140.052277
178189.453125	-142.850662
178195.312500	-141.388565
178201.171875	-139.324738
178207.031250	-139.148468
178212.890625	-140.109528
178218.750000	-140.403381
178224.609375	-140.230789
178230.468750	-138.910782
178236.328125	-137.774902
178242.187500	-138.335846
178248.046875	-139.258377
178253.906250	-138.913773
178259.765625	-136.655914
178265.625000	-135.488693
178271.484375	-135.803589
178277.343750	-137.708984
178283.203125	-141.293411
178289.062500	-140.954437
178294.921875	-139.616592
178300.781250	-139.433701
178306.640625	-140.396606
178312.500000	-142.083939
178318.359375	-138.436859
178324.218750	-139.270630
178330.078125	-141.730133
178335.937500	-142.268936
178341.796875	-138.801224
178347.656250	-138.595749
178353.515625	-141.207733
178359.375000	-141.062531
178365.234375	-140.848785
178371.093750	-138.522858
178376.953125	-137.615387
178382.812500	-139.610031
178388.671875	-138.973251
178394.531250	-139.849350
178400.390625	-142.581833
178406.250000	-139.362656
178412.109375	-137.183395
178417.968750	-137.393158
178423.828125	-139.752121
178429.687500	-141.217957
178435.546875	-143.657669
178441.406250	-143.430984
178447.265625	-139.381393
178453.125000	-139.003983
178458.984375	-141.171188
178464.843750	-142.152664
178470.703125	-141.073181
178476.562500	-139.036942
178482.421875	-136.914825
178488.281250	-136.530746
178494.140625	-137.018631
178500.000000	-138.128220
178505.859375	-138.582291
178511.718750	-138.161041
178517.578125	-139.242233
178523.437500	-140.679749
178529.296875	-139.645462
178535.156250	-139.148911
178541.015625	-138.015732
178546.875000	-137.454620
178552.734375	-137.600922
178558.593750	-138.540787
178564.453125	-139.717438
178570.312500	-139.119415
178576.171875	-137.190948
178582.031250	-138.024048
178587.890625	-142.008408
178593.750000	-141.359344
178599.609375	-141.952652
178605.468750	-141.282532
178611.328125	-140.116531
178617.187500	-139.845566
178623.046875	-142.700943
178628.906250	-142.176834
178634.765625	-137.159622
178640.625000	-138.393570
178646.484375	-139.296646
178652.343750	-138.928284
178658.203125	-137.898911
178664.062500	-137.941666
178669.921875	-139.052231
178675.781250	-140.326263
178681.640625	-141.393265
178687.500000	-140.699860
178693.359375	-139.834976
178699.218750	-139.302063
178705.078125	-139.344452
178710.937500	-139.706070
178716.796875	-139.620621
178722.656250	-139.284882
178728.515625	-138.284439
178734.375000	-138.623749
178740.234375	-140.797577
178746.093750	-141.226013
178751.953125	-140.965088
178757.812500	-140.806427
178763.671875	-139.716507
178769.531250	-140.461685
178775.390625	-140.431046
178781.250000	-139.683960
178787.109375	-139.154663
178792.968750	-137.672470
178798.828125	-138.189529
178804.687500	-140.670914
178810.546875	-140.901550
178816.406250	-140.645020
178822.265625	-141.427689
178828.125000	-140.445007
178833.984375	-140.359894
178839.843750	-140.849350
178845.703125	-142.084320
178851.562500	-141.114441
178857.421875	-138.960266
178863.281250	-139.627289
178869.140625	-140.624649
178875.000000	-141.885590
178880.859375	-141.424606
178886.718750	-139.761795
178892.578125	-138.654388
178898.437500	-138.750488
178904.296875	-140.524750
178910.156250	-139.956863
178916.015625	-138.256409
178921.875000	-137.846024
178927.734375	-139.583908
178933.593750	-142.537003
178939.453125	-146.241943
178945.312500	-143.361481
178951.171875	-138.305038
178957.031250	-137.158524
178962.890625	-137.369522
178968.750000	-138.783325
178974.609375	-141.374298
178980.468750	-139.413330
178986.328125	-138.167099
178992.187500	-140.355255
178998.046875	-143.253799
179003.906250	-141.259781
179009.765625	-141.254715
179015.625000	-140.892075
179021.484375	-139.108902
179027.343750	-140.098511
179033.203125	-141.180908
179039.062500	-141.541931
179044.921875	-143.760376
179050.781250	-144.433670
179056.640625	-145.560989
179062.500000	-142.439987
179068.359375	-139.500336
179074.218750	-139.596085
179080.078125	-142.795731
179085.937500	-141.741592
179091.796875	-139.389923
179097.656250	-140.881790
179103.515625	-144.775345
179109.375000	-140.648102
179115.234375	-138.508301
179121.093750	-138.734863
179126.953125	-139.282120
179132.812500	-138.590881
179138.671875	-138.869781
179144.531250	-137.663284
179150.390625	-137.742737
179156.250000	-139.058380
179162.109375	-141.116867
179167.968750	-140.171494
179173.828125	-137.339676
179179.687500	-136.496643
179185.546875	-138.479294
179191.406250	-140.699539
179197.265625	-139.753967
179203.125000	-139.724640
179208.984375	-140.744339
179214.843750	-139.362671
179220.703125	-138.426147
179226.562500	-138.835999
179232.421875	-138.812485
179238.281250	-137.983978
179244.140625	-137.185196
179250.000000	-136.454193
179255.859375	-137.178360
179261.718750	-138.464554
179267.578125	-139.491425
179273.437500	-141.813019
179279.296875	-143.014420
179285.156250	-142.935822
179291.015625	-142.241562
179296.875000	-141.960617
179302.734375	-144.160660
179308.593750	-142.524582
179314.453125	-141.800247
179320.312500	-139.925629
179326.171875	-139.196533
179332.031250	-139.211166
179337.890625	-139.109268
179343.750000	-138.204651
179349.609375	-139.120636
179355.468750	-140.301041
179361.328125	-139.884964
179367.187500	-139.483597
179373.046875	-138.891876
179378.906250	-138.862640
179384.765625	-138.383026
179390.625000	-138.216354
179396.484375	-139.855301
179402.343750	-139.305252
179408.203125	-137.684784
179414.062500	-138.589767
179419.921875	-139.790329
179425.781250	-139.169235
179431.640625	-137.968826
179437.500000	-137.147644
179443.359375	-137.575821
179449.218750	-140.277664
179455.078125	-144.208603
179460.937500	-143.298264
179466.796875	-140.669220
179472.656250	-138.963089
179478.515625	-139.087387
179484.375000	-140.733902
179490.234375	-140.405212
179496.093750	-138.774139
179501.953125	-139.481598
179507.812500	-139.331192
179513.671875	-138.713409
179519.531250	-140.466019
179525.390625	-140.636185
179531.250000	-140.322983
179537.109375	-141.253296
179542.968750	-141.493866
179548.828125	-138.864426
179554.687500	-139.752747
179560.546875	-142.873611
179566.406250	-140.122040
179572.265625	-138.951797
179578.125000	-138.892975
179583.984375	-138.146713
179589.843750	-139.670029
179595.703125	-138.314713
179601.562500	-137.702103
179607.421875	-139.835220
179613.281250	-141.081421
179619.140625	-139.052063
179625.000000	-137.466125
179630.859375	-138.284149
179636.718750	-140.275528
179642.578125	-143.556854
179648.437500	-139.776749
179654.296875	-138.999710
179660.156250	-142.643326
179666.015625	-143.276337
179671.875000	-141.350952
179677.734375	-139.372925
179683.593750	-138.384583
179689.453125	-138.075226
179695.312500	-138.666321
179701.171875	-142.861115
179707.031250	-143.159958
179712.890625	-140.272919
179718.750000	-140.011047
179724.609375	-140.887558
179730.468750	-140.147614
179736.328125	-138.799301
179742.187500	-140.578949
179748.046875	-142.769730
179753.906250	-144.252731
179759.765625	-140.379959
179765.625000	-138.392395
179771.484375	-138.670486
179777.343750	-139.922623
179783.203125	-141.056076
179789.062500	-142.054932
179794.921875	-141.112793
179800.781250	-138.738358
179806.640625	-136.367447
179812.500000	-136.487625
179818.359375	-136.690491
179824.218750	-136.594070
179830.078125	-137.190079
179835.937500	-138.746475
179841.796875	-143.606155
179847.656250	-139.201385
179853.515625	-136.194672
179859.375000	-136.867905
179865.234375	-141.002426
179871.093750	-142.529572
179876.953125	-141.716171
179882.812500	-142.713852
179888.671875	-143.004257
179894.531250	-141.588913
179900.390625	-138.661407
179906.250000	-137.070633
179912.109375	-136.767075
179917.968750	-136.507385
179923.828125	-137.994400
179929.687500	-139.934097
179935.546875	-140.504959
179941.406250	-140.498657
179947.265625	-139.507324
179953.125000	-139.487167
179958.984375	-143.544785
179964.843750	-143.703766
179970.703125	-140.051666
179976.562500	-139.969803
179982.421875	-140.967529
179988.281250	-142.992233
179994.140625	-144.248947
180000.000000	-144.026794
180005.859375	-144.780823
180011.718750	-142.121964
180017.578125	-137.471100
180023.437500	-136.253647
180029.296875	-139.284531
180035.156250	-142.457474
180041.015625	-141.105057
180046.875000	-140.771851
180052.734375	-142.294556
180058.593750	-139.525330
180064.453125	-135.489426
180070.312500	-135.345383
180076.171875	-136.357178
180082.031250	-137.297546
180087.890625	-138.487717
180093.750000	-139.347977
180099.609375	-139.178986
180105.468750	-139.220398
180111.328125	-142.463455
180117.187500	-145.484070
180123.046875	-143.881805
180128.906250	-141.959290
180134.765625	-140.112534
180140.625000	-139.028427
180146.484375	-137.739349
180152.343750	-137.959946
180158.203125	-139.749573
180164.062500	-139.275314
180169.921875	-138.365372
180175.781250	-139.623108
180181.640625	-141.798706
180187.500000	-141.667755
180193.359375	-142.838608
180199.218750	-144.540634
180205.078125	-141.005875
180210.937500	-141.703842
180216.796875	-141.515594
180222.656250	-139.910095
180228.515625	-140.627701
180234.375000	-139.755142
180240.234375	-140.894028
180246.093750	-144.112122
180251.953125	-141.818390
180257.812500	-140.268280
180263.671875	-140.120895
180269.531250	-141.014481
180275.390625	-140.443420
180281.250000	-135.815323
180287.109375	-134.635406
180292.968750	-136.160126
180298.828125	-138.679825
180304.687500	-140.383240
180310.546875	-141.517487
180316.406250	-142.392990
180322.265625	-138.371521
180328.125000	-136.555801
180333.984375	-139.133057
180339.843750	-140.899323
180345.703125	-139.114243
180351.562500	-137.405380
180357.421875	-136.880051
180363.281250	-138.105515
180369.140625	-139.525742
180375.000000	-140.799850
180380.859375	-139.522446
180386.718750	-137.112411
180392.578125	-135.281769
180398.437500	-135.756454
180404.296875	-136.883087
180410.156250	-137.776642
180416.015625	-142.325348
180421.875000	-143.580597
180427.734375	-141.882462
180433.593750	-141.388275
180439.453125	-141.657364
180445.312500	-140.670593
180451.171875	-139.739120
180457.031250	-139.893402
180462.890625	-137.980774
180468.750000	-136.557327
180474.609375	-137.587616
180480.468750	-138.926392
180486.328125	-139.339340
180492.187500	-139.847046
180498.046875	-142.396332
180503.906250	-140.111603
180509.765625	-139.049133
180515.625000	-140.907806
180521.484375	-142.080185
180527.343750	-141.275574
180533.203125	-140.413208
180539.062500	-139.951416
180544.921875	-140.658447
180550.781250	-143.629593
180556.640625	-143.908676
180562.500000	-140.768417
180568.359375	-138.574493
180574.218750	-137.026016
180580.078125	-137.850266
180585.937500	-141.041916
180591.796875	-142.872314
180597.656250	-140.244308
180603.515625	-138.507584
180609.375000	-139.402557
180615.234375	-141.940811
180621.093750	-142.388672
180626.953125	-140.382233
180632.812500	-138.651855
180638.671875	-137.792633
180644.531250	-137.293777
180650.390625	-136.785538
180656.250000	-136.499298
180662.109375	-138.585922
180667.968750	-138.228622
180673.828125	-138.423767
180679.687500	-141.758011
180685.546875	-141.179932
180691.406250	-139.366898
180697.265625	-139.833511
180703.125000	-140.201645
180708.984375	-138.597214
180714.843750	-137.617523
180720.703125	-138.888474
180726.562500	-139.283463
180732.421875	-138.166290
180738.281250	-139.544907
180744.140625	-142.982468
180750.000000	-139.738663
180755.859375	-138.437744
180761.718750	-141.291397
180767.578125	-142.876801
180773.437500	-141.658676
180779.296875	-141.271317
180785.156250	-143.696121
180791.015625	-147.266144
180796.875000	-142.959717
180802.734375	-141.513687
180808.593750	-140.779388
180814.453125	-137.883667
180820.312500	-135.987961
180826.171875	-136.067688
180832.031250	-135.657257
180837.890625	-137.223480
180843.750000	-142.426498
180849.609375	-139.017502
180855.468750	-139.750122
180861.328125	-142.111816
180867.187500	-140.678680
180873.046875	-140.404831
180878.906250	-141.340958
180884.765625	-141.499344
180890.625000	-139.611496
180896.484375	-140.070770
180902.343750	-139.850800
180908.203125	-139.308533
180914.062500	-140.534592
180919.921875	-139.841782
180925.781250	-141.046021
180931.640625	-142.853180
180937.500000	-139.489655
180943.359375	-137.222595
180949.218750	-137.222534
180955.078125	-138.136581
180960.937500	-139.083817
180966.796875	-142.620529
180972.656250	-142.369492
180978.515625	-141.802612
180984.375000	-140.432114
180990.234375	-140.114822
180996.093750	-141.630829
181001.953125	-141.491318
181007.812500	-141.429642
181013.671875	-139.153397
181019.531250	-138.879318
181025.390625	-140.570160
181031.250000	-140.013748
181037.109375	-139.362213
181042.968750	-139.780640
181048.828125	-138.839233
181054.687500	-136.252426
181060.546875	-136.900406
181066.406250	-139.038467
181072.265625	-138.782562
181078.125000	-137.403992
181083.984375	-137.747528
181089.843750	-139.802307
181095.703125	-140.942413
181101.562500	-138.306961
181107.421875	-138.139191
181113.281250	-141.184738
181119.140625	-139.404541
181125.000000	-139.466339
181130.859375	-140.243637
181136.718750	-140.127670
181142.578125	-139.521484
181148.437500	-138.156830
181154.296875	-137.800735
181160.156250	-137.572418
181166.015625	-137.955536
181171.875000	-138.909225
181177.734375	-138.477432
181183.593750	-139.327225
181189.453125	-141.727798
181195.312500	-140.463684
181201.171875	-136.890320
181207.031250	-136.865112
181212.890625	-139.565643
181218.750000	-140.644882
181224.609375	-140.583572
181230.468750	-139.764374
181236.328125	-136.791702
181242.187500	-136.084961
181248.046875	-138.319962
181253.906250	-140.189774
181259.765625	-140.631119
181265.625000	-140.064133
181271.484375	-137.237045
181277.343750	-136.861679
181283.203125	-139.297134
181289.062500	-141.002213
181294.921875	-139.437973
181300.781250	-136.976562
181306.640625	-137.372787
181312.500000	-139.828522
181318.359375	-143.002090
181324.218750	-144.718704
181330.078125	-144.343628
181335.937500	-143.505554
181341.796875	-143.441910
181347.656250	-142.884537
181353.515625	-141.513138
181359.375000	-139.194946
181365.234375	-136.444351
181371.093750	-137.165451
181376.953125	-139.773849
181382.812500	-136.177032
181388.671875	-135.983459
181394.531250	-138.526855
181400.390625	-140.109009
181406.250000	-139.616394
181412.109375	-137.900253
181417.968750	-137.640045
181423.828125	-139.257187
181429.687500	-141.695160
181435.546875	-142.778198
181441.406250	-139.067230
181447.265625	-136.097443
181453.125000	-137.181122
181458.984375	-141.585495
181464.843750	-144.526764
181470.703125	-142.770599
181476.562500	-139.118362
181482.421875	-138.015823
181488.281250	-139.156647
181494.140625	-141.384766
181500.000000	-142.386551
181505.859375	-142.171249
181511.718750	-142.906357
181517.578125	-146.307999
181523.437500	-143.626236
181529.296875	-141.062256
181535.156250	-140.500412
181541.015625	-142.099121
181546.875000	-143.110764
181552.734375	-142.046921
181558.593750	-140.311356
181564.453125	-138.776245
181570.312500	-140.054459
181576.171875	-142.155701
181582.031250	-140.162491
181587.890625	-137.599670
181593.750000	-136.429764
181599.609375	-136.367706
181605.468750	-136.483582
181611.328125	-137.911362
181617.187500	-140.413208
181623.046875	-140.735779
181628.906250	-143.216171
181634.765625	-145.755341
181640.625000	-142.420410
181646.484375	-138.918396
181652.343750	-137.188477
181658.203125	-137.726624
181664.062500	-140.092484
181669.921875	-140.305252
181675.781250	-136.757812
181681.640625	-135.850052
181687.500000	-136.598999
181693.359375	-138.363556
181699.218750	-140.294174
181705.078125	-141.162201
181710.937500	-138.016983
181716.796875	-136.383118
181722.656250	-138.532272
181728.515625	-139.459381
181734.375000	-138.205963
181740.234375	-140.316620
181746.093750	-142.397156
181751.953125	-140.559158
181757.812500	-139.119186
181763.671875	-139.558533
181769.531250	-142.549591
181775.390625	-146.928131
181781.250000	-143.210861
181787.109375	-139.883270
181792.968750	-141.169952
181798.828125	-140.709488
181804.687500	-139.362778
181810.546875	-139.482132
181816.406250	-140.161972
181822.265625	-139.578735
181828.125000	-137.623062
181833.984375	-139.233765
181839.843750	-144.034927
181845.703125	-146.099777
181851.562500	-144.136383
181857.421875	-139.115143
181863.281250	-137.210922
181869.140625	-138.610214
181875.000000	-138.871399
181880.859375	-138.512726
181886.718750	-140.641083
181892.578125	-141.793152
181898.437500	-141.417679
181904.296875	-141.145660
181910.156250	-141.612503
181916.015625	-142.247528
181921.875000	-142.609940
181927.734375	-144.996780
181933.593750	-141.886353
181939.453125	-137.471039
181945.312500	-137.218613
181951.171875	-138.768814
181957.031250	-139.089417
181962.890625	-139.882660
181968.750000	-140.087021
181974.609375	-142.175156
181980.468750	-142.488297
181986.328125	-139.998245
181992.187500	-140.307007
181998.046875	-139.308060
182003.906250	-136.789871
182009.765625	-138.006393
182015.625000	-140.612808
182021.484375	-140.990952
182027.343750	-139.747833
182033.203125	-137.988876
182039.062500	-138.246964
182044.921875	-139.370865
182050.781250	-140.170486
182056.640625	-138.133087
182062.500000	-137.672897
182068.359375	-138.229019
182074.218750	-138.592270
182080.078125	-140.348862
182085.937500	-143.112823
182091.796875	-144.079300
182097.656250	-143.094284
182103.515625	-141.114685
182109.375000	-139.680527
182115.234375	-139.740387
182121.093750	-138.814484
182126.953125	-138.096451
182132.812500	-138.786636
182138.671875	-141.005875
182144.531250	-143.930603
182150.390625	-142.339432
182156.250000	-142.190475
182162.109375	-141.266312
182167.968750	-139.151367
182173.828125	-138.693390
182179.687500	-139.566971
182185.546875	-140.065430
182191.406250	-139.387222
182197.265625	-141.671310
182203.125000	-143.171753
182208.984375	-140.112640
182214.843750	-138.694229
182220.703125	-139.214157
182226.562500	-141.695023
182232.421875	-144.159470
182238.281250	-141.617447
182244.140625	-139.677567
182250.000000	-140.341034
182255.859375	-137.589264
182261.718750	-137.884033
182267.578125	-140.266663
182273.437500	-138.380005
182279.296875	-136.653473
182285.156250	-138.207336
182291.015625	-141.128677
182296.875000	-139.803970
182302.734375	-139.188110
182308.593750	-140.281586
182314.453125	-141.881454
182320.312500	-144.392792
182326.171875	-143.411514
182332.031250	-140.860153
182337.890625	-140.798447
182343.750000	-138.766449
182349.609375	-136.594742
182355.468750	-136.432053
182361.328125	-138.234299
182367.187500	-142.441467
182373.046875	-141.614044
182378.906250	-141.208969
182384.765625	-141.616074
182390.625000	-137.976929
182396.484375	-137.851944
182402.343750	-138.526764
182408.203125	-137.679077
182414.062500	-137.179718
182419.921875	-138.573883
182425.781250	-140.518616
182431.640625	-139.730881
182437.500000	-139.780396
182443.359375	-139.615784
182449.218750	-140.419998
182455.078125	-143.171783
182460.937500	-141.803650
182466.796875	-139.813141
182472.656250	-139.418488
182478.515625	-139.899628
182484.375000	-141.491898
182490.234375	-141.133942
182496.093750	-139.145477
182501.953125	-139.106018
182507.812500	-140.595062
182513.671875	-141.146149
182519.531250	-141.238373
182525.390625	-141.777939
182531.250000	-144.042450
182537.109375	-143.301987
182542.968750	-140.154831
182548.828125	-137.561096
182554.687500	-136.906647
182560.546875	-137.638397
182566.406250	-139.887939
182572.265625	-142.118011
182578.125000	-143.300247
182583.984375	-141.404678
182589.843750	-139.332260
182595.703125	-139.045364
182601.562500	-141.110794
182607.421875	-143.060928
182613.281250	-144.615021
182619.140625	-144.689728
182625.000000	-139.627441
182630.859375	-136.847244
182636.718750	-137.224701
182642.578125	-139.587814
182648.437500	-139.735565
182654.296875	-139.282593
182660.156250	-138.589478
182666.015625	-137.376999
182671.875000	-137.800568
182677.734375	-138.789108
182683.593750	-139.297729
182689.453125	-140.634842
182695.312500	-140.765823
182701.171875	-139.942505
182707.031250	-138.729767
182712.890625	-137.913361
182718.750000	-139.260544
182724.609375	-139.604431
182730.468750	-137.770828
182736.328125	-137.299408
182742.187500	-141.833374
182748.046875	-141.714172
182753.906250	-137.837662
182759.765625	-137.814865
182765.625000	-142.278015
182771.484375	-144.977219
182777.343750	-142.869141
182783.203125	-142.283371
182789.062500	-138.433563
182794.921875	-137.919556
182800.781250	-138.350510
182806.640625	-138.424973
182812.500000	-138.687607
182818.359375	-139.927246
182824.218750	-141.419647
182830.078125	-141.936401
182835.937500	-141.703659
182841.796875	-142.770660
182847.656250	-139.533096
182853.515625	-137.953156
182859.375000	-138.989273
182865.234375	-139.181213
182871.093750	-138.553192
182876.953125	-136.452637
182882.812500	-136.950790
182888.671875	-139.610809
182894.531250	-140.678513
182900.390625	-140.688751
182906.250000	-140.905060
182912.109375	-140.898438
182917.968750	-139.816833
182923.828125	-139.360199
182929.687500	-138.536041
182935.546875	-138.013870
182941.406250	-140.244049
182947.265625	-142.304276
182953.125000	-141.684402
182958.984375	-141.502701
182964.843750	-140.372665
182970.703125	-140.471893
182976.562500	-138.339508
182982.421875	-136.587173
182988.281250	-136.817688
182994.140625	-135.766266
183000.000000	-137.808319
183005.859375	-142.390091
183011.718750	-142.810074
183017.578125	-145.030136
183023.437500	-142.473511
183029.296875	-140.204193
183035.156250	-140.304749
183041.015625	-141.803085
183046.875000	-144.708099
183052.734375	-144.631485
183058.593750	-141.908798
183064.453125	-141.655319
183070.312500	-140.321243
183076.171875	-139.899200
183082.031250	-140.045609
183087.890625	-139.256851
183093.750000	-139.231308
183099.609375	-138.835068
183105.468750	-138.774521
183111.328125	-139.191589
183117.187500	-138.267609
183123.046875	-138.818176
183128.906250	-140.803589
183134.765625	-140.734711
183140.625000	-140.264755
183146.484375	-140.220276
183152.343750	-137.647934
183158.203125	-137.195541
183164.062500	-139.347733
183169.921875	-140.133972
183175.781250	-139.403000
183181.640625	-140.084396
183187.500000	-140.073196
183193.359375	-140.297836
183199.218750	-141.430695
183205.078125	-140.875381
183210.937500	-139.632736
183216.796875	-139.238129
183222.656250	-141.872421
183228.515625	-141.989136
183234.375000	-140.404099
183240.234375	-139.340317
183246.093750	-138.528366
183251.953125	-139.674408
183257.812500	-140.080109
183263.671875	-138.715790
183269.531250	-138.049408
183275.390625	-138.578232
183281.250000	-141.637085
183287.109375	-142.083008
183292.968750	-142.205109
183298.828125	-141.592072
183304.687500	-140.380234
183310.546875	-140.280334
183316.406250	-141.611603
183322.265625	-141.837769
183328.125000	-141.794159
183333.984375	-141.626129
183339.843750	-142.262436
183345.703125	-144.286804
183351.562500	-141.504654
183357.421875	-139.273972
183363.281250	-137.721344
183369.140625	-139.046463
183375.000000	-143.717545
183380.859375	-142.210083
183386.718750	-142.392715
183392.578125	-143.027573
183398.437500	-140.655197
183404.296875	-140.171539
183410.156250	-143.518372
183416.015625	-146.283676
183421.875000	-145.067947
183427.734375	-146.644073
183433.593750	-143.740921
183439.453125	-140.339737
183445.312500	-137.887146
183451.171875	-138.847488
183457.031250	-140.650482
183462.890625	-140.673157
183468.750000	-141.129532
183474.609375	-141.697281
183480.468750	-140.970459
183486.328125	-140.682236
183492.187500	-140.813400
183498.046875	-140.707855
183503.906250	-139.832153
183509.765625	-140.321136
183515.625000	-141.318024
183521.484375	-138.653519
183527.343750	-138.135254
183533.203125	-140.879608
183539.062500	-141.376068
183544.921875	-140.019867
183550.781250	-142.149506
183556.640625	-141.965408
183562.500000	-141.525314
183568.359375	-145.070145
183574.218750	-143.054398
183580.078125	-139.647507
183585.937500	-137.088440
183591.796875	-137.445755
183597.656250	-139.079453
183603.515625	-139.257889
183609.375000	-139.455917
183615.234375	-141.195724
183621.093750	-142.592407
183626.953125	-140.418594
183632.812500	-139.127472
183638.671875	-139.783508
183644.531250	-141.264343
183650.390625	-139.914124
183656.250000	-140.481003
183662.109375	-140.044220
183667.968750	-141.112442
183673.828125	-143.433151
183679.687500	-141.517578
183685.546875	-142.160538
183691.406250	-144.627731
183697.265625	-140.815384
183703.125000	-136.979492
183708.984375	-136.666473
183714.843750	-138.178680
183720.703125	-138.800339
183726.562500	-138.208084
183732.421875	-139.459625
183738.281250	-141.719727
183744.140625	-143.597458
183750.000000	-142.146820
183755.859375	-139.110519
183761.718750	-139.302811
183767.578125	-140.314148
183773.437500	-141.128876
183779.296875	-141.956223
183785.156250	-141.169601
183791.015625	-138.670029
183796.875000	-137.656540
183802.734375	-137.972107
183808.593750	-141.216125
183814.453125	-142.348938
183820.312500	-141.315506
183826.171875	-139.766434
183832.031250	-140.671555
183837.890625	-141.538315
183843.750000	-140.610367
183849.609375	-139.788712
183855.468750	-139.877640
183861.328125	-141.504318
183867.187500	-140.546539
183873.046875	-139.035507
183878.906250	-138.478531
183884.765625	-138.970047
183890.625000	-141.418228
183896.484375	-140.112793
183902.343750	-138.799789
183908.203125	-137.777435
183914.062500	-138.109512
183919.921875	-140.581177
183925.781250	-146.056381
183931.640625	-143.393005
183937.500000	-138.957596
183943.359375	-138.525635
183949.218750	-140.382477
183955.078125	-140.804260
183960.937500	-138.080658
183966.796875	-139.014832
183972.656250	-139.600723
183978.515625	-139.485229
183984.375000	-142.935577
183990.234375	-143.591370
183996.093750	-141.679260
184001.953125	-142.910614
184007.812500	-141.008377
184013.671875	-137.616135
184019.531250	-137.934906
184025.390625	-140.717773
184031.250000	-141.394852
184037.109375	-139.671082
184042.968750	-138.859406
184048.828125	-140.474472
184054.687500	-139.764053
184060.546875	-137.672256
184066.406250	-138.135315
184072.265625	-138.111969
184078.125000	-137.605972
184083.984375	-140.459213
184089.843750	-139.922745
184095.703125	-138.856216
184101.562500	-141.541519
184107.421875	-144.942261
184113.281250	-145.637924
184119.140625	-143.647308
184125.000000	-141.874557
184130.859375	-140.785553
184136.718750	-139.111359
184142.578125	-138.414917
184148.437500	-139.378906
184154.296875	-141.139542
184160.156250	-140.403671
184166.015625	-138.725052
184171.875000	-139.791031
184177.734375	-140.778381
184183.593750	-142.319946
184189.453125	-143.003464
184195.312500	-142.038177
184201.171875	-137.686401
184207.031250	-137.793869
184212.890625	-140.364288
184218.750000	-137.927948
184224.609375	-136.959610
184230.468750	-138.174408
184236.328125	-140.979187
184242.187500	-142.777161
184248.046875	-139.719543
184253.906250	-136.266022
184259.765625	-137.119308
184265.625000	-139.848358
184271.484375	-141.250198
184277.343750	-141.547195
184283.203125	-140.069931
184289.062500	-140.774414
184294.921875	-141.014008
184300.781250	-138.041779
184306.640625	-137.242676
184312.500000	-138.641861
184318.359375	-141.292160
184324.218750	-141.885559
184330.078125	-139.933640
184335.937500	-139.474030
184341.796875	-142.353531
184347.656250	-141.396866
184353.515625	-137.728363
184359.375000	-137.282623
184365.234375	-138.654099
184371.093750	-139.923080
184376.953125	-138.209091
184382.812500	-137.448975
184388.671875	-138.038147
184394.531250	-141.409576
184400.390625	-144.718552
184406.250000	-140.654816
184412.109375	-137.780182
184417.968750	-137.581161
184423.828125	-139.296753
184429.687500	-139.197006
184435.546875	-140.534988
184441.406250	-143.069763
184447.265625	-140.978806
184453.125000	-139.143463
184458.984375	-140.579376
184464.843750	-139.666534
184470.703125	-139.764679
184476.562500	-140.561859
184482.421875	-141.371078
184488.281250	-140.730728
184494.140625	-140.543533
184500.000000	-139.535416
184505.859375	-138.722137
184511.718750	-141.336441
184517.578125	-144.644608
184523.437500	-141.980881
184529.296875	-138.455017
184535.156250	-137.806290
184541.015625	-139.223877
184546.875000	-141.129959
184552.734375	-141.185715
184558.593750	-139.632843
184564.453125	-141.049973
184570.312500	-140.174011
184576.171875	-136.574554
184582.031250	-136.238739
184587.890625	-137.436234
184593.750000	-139.221863
184599.609375	-143.232285
184605.468750	-142.497314
184611.328125	-138.574722
184617.187500	-137.894165
184623.046875	-139.986664
184628.906250	-139.908417
184634.765625	-138.839783
184640.625000	-140.210922
184646.484375	-144.317245
184652.343750	-144.657181
184658.203125	-142.874268
184664.062500	-141.349091
184669.921875	-143.532898
184675.781250	-145.652817
184681.640625	-143.617355
184687.500000	-143.757233
184693.359375	-143.140060
184699.218750	-139.956055
184705.078125	-139.435883
184710.937500	-139.688446
184716.796875	-138.442963
184722.656250	-139.033890
184728.515625	-141.159088
184734.375000	-140.958466
184740.234375	-141.306656
184746.093750	-140.496613
184751.953125	-138.837250
184757.812500	-139.312668
184763.671875	-140.638962
184769.531250	-140.764847
184775.390625	-139.706985
184781.250000	-140.064392
184787.109375	-142.212143
184792.968750	-145.511292
184798.828125	-143.724304
184804.687500	-142.264893
184810.546875	-141.562592
184816.406250	-139.369202
184822.265625	-138.589264
184828.125000	-138.886963
184833.984375	-137.543198
184839.843750	-136.981934
184845.703125	-138.487137
184851.562500	-140.145508
184857.421875	-141.027893
184863.281250	-141.873062
184869.140625	-141.703003
184875.000000	-141.259247
184880.859375	-141.830795
184886.718750	-141.767960
184892.578125	-141.554962
184898.437500	-139.493423
184904.296875	-137.430283
184910.156250	-138.076187
184916.015625	-138.668701
184921.875000	-139.801422
184927.734375	-141.108582
184933.593750	-138.333786
184939.453125	-137.474472
184945.312500	-138.555405
184951.171875	-139.815781
184957.031250	-141.542786
184962.890625	-144.175858
184968.750000	-143.362885
184974.609375	-140.459686
184980.468750	-139.812622
184986.328125	-139.416367
184992.187500	-139.145309
184998.046875	-138.705551
185003.906250	-139.924362
185009.765625	-140.515198
185015.625000	-140.109039
185021.484375	-141.512772
185027.343750	-140.379501
185033.203125	-139.201965
185039.062500	-139.104141
185044.921875	-138.942581
185050.781250	-138.823090
185056.640625	-140.981110
185062.500000	-142.047516
185068.359375	-140.657227
185074.218750	-142.506989
185080.078125	-144.388916
185085.937500	-141.213318
185091.796875	-139.389267
185097.656250	-138.403641
185103.515625	-139.706497
185109.375000	-143.058517
185115.234375	-142.722641
185121.093750	-140.319550
185126.953125	-140.219925
185132.812500	-140.399704
185138.671875	-137.705124
185144.531250	-138.803314
185150.390625	-142.144028
185156.250000	-140.144836
185162.109375	-139.115555
185167.968750	-140.402618
185173.828125	-140.555237
185179.687500	-137.703537
185185.546875	-137.753204
185191.406250	-141.876526
185197.265625	-142.622787
185203.125000	-138.018112
185208.984375	-137.179306
185214.843750	-139.401291
185220.703125	-141.183441
185226.562500	-140.568588
185232.421875	-141.819092
185238.281250	-140.695480
185244.140625	-138.799164
185250.000000	-141.128128
185255.859375	-143.171967
185261.718750	-140.609787
185267.578125	-140.241409
185273.437500	-140.859055
185279.296875	-141.718582
185285.156250	-141.371658
185291.015625	-139.375488
185296.875000	-139.071991
185302.734375	-138.995956
185308.593750	-140.218124
185314.453125	-143.592331
185320.312500	-139.030746
185326.171875	-138.929230
185332.031250	-139.760086
185337.890625	-138.159363
185343.750000	-137.420258
185349.609375	-139.268280
185355.468750	-140.831619
185361.328125	-143.837631
185367.187500	-142.489319
185373.046875	-138.494965
185378.906250	-139.579163
185384.765625	-141.308380
185390.625000	-140.313004
185396.484375	-139.795074
185402.343750	-140.260132
185408.203125	-141.546783
185414.062500	-141.412613
185419.921875	-141.615585
185425.781250	-142.758087
185431.640625	-141.410889
185437.500000	-139.954620
185443.359375	-138.985779
185449.218750	-137.975189
185455.078125	-138.134003
185460.937500	-139.594681
185466.796875	-142.613068
185472.656250	-142.342056
185478.515625	-142.270584
185484.375000	-142.464737
185490.234375	-141.095383
185496.093750	-141.699417
185501.953125	-141.941315
185507.812500	-141.590179
185513.671875	-141.277161
185519.531250	-139.312973
185525.390625	-138.649994
185531.250000	-141.700104
185537.109375	-145.018631
185542.968750	-146.300232
185548.828125	-148.733398
185554.687500	-141.953445
185560.546875	-137.624802
185566.406250	-138.313583
185572.265625	-139.131775
185578.125000	-138.795410
185583.984375	-138.370346
185589.843750	-139.926483
185595.703125	-142.318863
185601.562500	-142.752579
185607.421875	-142.844910
185613.281250	-140.409668
185619.140625	-139.655167
185625.000000	-140.464401
185630.859375	-141.079010
185636.718750	-141.179077
185642.578125	-140.032761
185648.437500	-140.753021
185654.296875	-142.557861
185660.156250	-138.703079
185666.015625	-137.299759
185671.875000	-139.737503
185677.734375	-140.362183
185683.593750	-139.502594
185689.453125	-141.190384
185695.312500	-142.753174
185701.171875	-140.850021
185707.031250	-141.536484
185712.890625	-139.267685
185718.750000	-136.954315
185724.609375	-138.141129
185730.468750	-138.913986
185736.328125	-138.780853
185742.187500	-139.012100
185748.046875	-140.125931
185753.906250	-141.811722
185759.765625	-141.289932
185765.625000	-140.404480
185771.484375	-140.388367
185777.343750	-139.285751
185783.203125	-138.902115
185789.062500	-139.448807
185794.921875	-141.227417
185800.781250	-139.501160
185806.640625	-139.921799
185812.500000	-140.342422
185818.359375	-139.902679
185824.218750	-138.579285
185830.078125	-137.925095
185835.937500	-139.651627
185841.796875	-143.559326
185847.656250	-139.843658
185853.515625	-138.113876
185859.375000	-139.115326
185865.234375	-140.714554
185871.093750	-142.311432
185876.953125	-143.341324
185882.812500	-143.854691
185888.671875	-146.027328
185894.531250	-143.450684
185900.390625	-141.701401
185906.250000	-141.072662
185912.109375	-141.961487
185917.968750	-142.887009
185923.828125	-143.954559
185929.687500	-144.167557
185935.546875	-141.220978
185941.406250	-141.065872
185947.265625	-142.423767
185953.125000	-142.417587
185958.984375	-140.936172
185964.843750	-139.737427
185970.703125	-141.987488
185976.562500	-143.734665
185982.421875	-141.463074
185988.281250	-139.160461
185994.140625	-137.921387
186000.000000	-139.621750
186005.859375	-140.607971
186011.718750	-137.128494
186017.578125	-135.681473
186023.437500	-136.696732
186029.296875	-138.718658
186035.156250	-140.562378
186041.015625	-141.882523
186046.875000	-141.653976
186052.734375	-141.093262
186058.593750	-140.330139
186064.453125	-141.233643
186070.312500	-141.180664
186076.171875	-139.060196
186082.031250	-139.079437
186087.890625	-140.836914
186093.750000	-142.795227
186099.609375	-144.942749
186105.468750	-144.645767
186111.328125	-143.142456
186117.187500	-141.573547
186123.046875	-138.727936
186128.906250	-136.407242
186134.765625	-136.870468
186140.625000	-141.238052
186146.484375	-141.602859
186152.343750	-140.517258
186158.203125	-141.101257
186164.062500	-142.835892
186169.921875	-143.573944
186175.781250	-141.487335
186181.640625	-138.688629
186187.500000	-139.318512
186193.359375	-141.246887
186199.218750	-140.054474
186205.078125	-140.242493
186210.937500	-141.063980
186216.796875	-139.820023
186222.656250	-138.322769
186228.515625	-137.161743
186234.375000	-136.709320
186240.234375	-138.966721
186246.093750	-139.462662
186251.953125	-138.331009
186257.812500	-140.251068
186263.671875	-141.953949
186269.531250	-142.453522
186275.390625	-142.762924
186281.250000	-141.107254
186287.109375	-142.536072
186292.968750	-144.031677
186298.828125	-141.860260
186304.687500	-141.539719
186310.546875	-139.421677
186316.406250	-138.079865
186322.265625	-140.229797
186328.125000	-142.590118
186333.984375	-142.977051
186339.843750	-143.385849
186345.703125	-139.791428
186351.562500	-138.858582
186357.421875	-140.265762
186363.281250	-143.270706
186369.140625	-145.859543
186375.000000	-141.874725
186380.859375	-140.054947
186386.718750	-139.767654
186392.578125	-140.291183
186398.437500	-139.511703
186404.296875	-139.452972
186410.156250	-139.824600
186416.015625	-137.968430
186421.875000	-137.652771
186427.734375	-138.935318
186433.593750	-139.408951
186439.453125	-140.407700
186445.312500	-142.602570
186451.171875	-142.938324
186457.031250	-139.721741
186462.890625	-139.449585
186468.750000	-141.103775
186474.609375	-143.616074
186480.468750	-142.055527
186486.328125	-139.892258
186492.187500	-139.127274
186498.046875	-141.049698
186503.906250	-142.486603
186509.765625	-141.432541
186515.625000	-139.533478
186521.484375	-137.556107
186527.343750	-137.452713
186533.203125	-139.552460
186539.062500	-143.078934
186544.921875	-144.351288
186550.781250	-141.813950
186556.640625	-138.836121
186562.500000	-137.896805
186568.359375	-139.859390
186574.218750	-141.283356
186580.078125	-140.936691
186585.937500	-141.394257
186591.796875	-141.722366
186597.656250	-140.226257
186603.515625	-139.125824
186609.375000	-139.489487
186615.234375	-139.488831
186621.093750	-138.628326
186626.953125	-140.376114
186632.812500	-142.289413
186638.671875	-142.203323
186644.531250	-143.090210
186650.390625	-141.824097
186656.250000	-140.597229
186662.109375	-139.665939
186667.968750	-139.337875
186673.828125	-139.226318
186679.687500	-139.678223
186685.546875	-139.570114
186691.406250	-140.196579
186697.265625	-142.169083
186703.125000	-140.681198
186708.984375	-140.417938
186714.843750	-141.165802
186720.703125	-140.464508
186726.562500	-140.092224
186732.421875	-141.725296
186738.281250	-145.956955
186744.140625	-146.450241
186750.000000	-143.361542
186755.859375	-143.618256
186761.718750	-142.006210
186767.578125	-139.000534
186773.437500	-137.201965
186779.296875	-137.568649
186785.156250	-139.153275
186791.015625	-139.418365
186796.875000	-139.157822
186802.734375	-138.137299
186808.593750	-139.545212
186814.453125	-142.326004
186820.312500	-139.635742
186826.171875	-139.006760
186832.031250	-140.792267
186837.890625	-142.005234
186843.750000	-139.841187
186849.609375	-137.867142
186855.468750	-138.370483
186861.328125	-141.370834
186867.187500	-140.910904
186873.046875	-140.058929
186878.906250	-138.732162
186884.765625	-137.653595
186890.625000	-139.826569
186896.484375	-142.926392
186902.343750	-142.109390
186908.203125	-141.098404
186914.062500	-140.940948
186919.921875	-140.650177
186925.781250	-140.214874
186931.640625	-138.795151
186937.500000	-139.036346
186943.359375	-141.358353
186949.218750	-142.086761
186955.078125	-141.967239
186960.937500	-139.291412
186966.796875	-138.552048
186972.656250	-139.238937
186978.515625	-137.443161
186984.375000	-137.483063
186990.234375	-139.444992
186996.093750	-143.610794
187001.953125	-142.653931
187007.812500	-138.977570
187013.671875	-139.727570
187019.531250	-142.458450
187025.390625	-141.974411
187031.250000	-139.450073
187037.109375	-137.949310
187042.968750	-138.421799
187048.828125	-139.580490
187054.687500	-140.791901
187060.546875	-140.360458
187066.406250	-140.477463
187072.265625	-142.068909
187078.125000	-138.600647
187083.984375	-137.382050
187089.843750	-139.409515
187095.703125	-141.425186
187101.562500	-139.541901
187107.421875	-139.656708
187113.281250	-139.059052
187119.140625	-138.414734
187125.000000	-138.693741
187130.859375	-138.901398
187136.718750	-138.320953
187142.578125	-138.381699
187148.437500	-138.469864
187154.296875	-138.617554
187160.156250	-139.805069
187166.015625	-142.915207
187171.875000	-144.128174
187177.734375	-144.072922
187183.593750	-143.164856
187189.453125	-141.407288
187195.312500	-139.379379
187201.171875	-139.065231
187207.031250	-141.385300
187212.890625	-144.068207
187218.750000	-142.163239
187224.609375	-140.702057
187230.468750	-139.563980
187236.328125	-139.076950
187242.187500	-137.668823
187248.046875	-137.320786
187253.906250	-137.921371
187259.765625	-138.909363
187265.625000	-140.179779
187271.484375	-141.488815
187277.343750	-138.880661
187283.203125	-137.025787
187289.062500	-138.454147
187294.921875	-140.370621
187300.781250	-140.335175
187306.640625	-140.895157
187312.500000	-140.899078
187318.359375	-140.987762
187324.218750	-142.924423
187330.078125	-140.562500
187335.937500	-136.909286
187341.796875	-136.301239
187347.656250	-138.041946
187353.515625	-139.540817
187359.375000	-138.392456
187365.234375	-137.880844
187371.093750	-140.503418
187376.953125	-146.517242
187382.812500	-142.237656
187388.671875	-139.945679
187394.531250	-140.832413
187400.390625	-142.983887
187406.250000	-142.318207
187412.109375	-140.596649
187417.968750	-139.211502
187423.828125	-139.169800
187429.687500	-138.711441
187435.546875	-137.688629
187441.406250	-136.907883
187447.265625	-138.918137
187453.125000	-143.704041
187458.984375	-141.841599
187464.843750	-140.319901
187470.703125	-140.311966
187476.562500	-140.156265
187482.421875	-139.398834
187488.281250	-139.576630
187494.140625	-140.861893
187500.000000	-140.639175
187505.859375	-141.334366
187511.718750	-140.245850
187517.578125	-138.964188
187523.437500	-139.669586
187529.296875	-140.424301
187535.156250	-139.004791
187541.015625	-138.808746
187546.875000	-139.312637
187552.734375	-138.933670
187558.593750	-138.583832
187564.453125	-140.159668
187570.312500	-142.839249
187576.171875	-140.489471
187582.031250	-138.469040
187587.890625	-137.975128
187593.750000	-137.677429
187599.609375	-138.652588
187605.468750	-140.142654
187611.328125	-139.603912
187617.187500	-140.679367
187623.046875	-140.510223
187628.906250	-139.384949
187634.765625	-140.352615
187640.625000	-142.676102
187646.484375	-142.750015
187652.343750	-139.964493
187658.203125	-138.949921
187664.062500	-140.244690
187669.921875	-141.628799
187675.781250	-139.467255
187681.640625	-139.290298
187687.500000	-142.389786
187693.359375	-142.171036
187699.218750	-138.538147
187705.078125	-137.847305
187710.937500	-139.551102
187716.796875	-141.512894
187722.656250	-139.889206
187728.515625	-138.137833
187734.375000	-138.925690
187740.234375	-139.391983
187746.093750	-140.149124
187751.953125	-140.675537
187757.812500	-140.950287
187763.671875	-143.050598
187769.531250	-142.040695
187775.390625	-140.373428
187781.250000	-139.998032
187787.109375	-141.490082
187792.968750	-142.644409
187798.828125	-142.465118
187804.687500	-140.489578
187810.546875	-139.834381
187816.406250	-141.347183
187822.265625	-142.938339
187828.125000	-143.694382
187833.984375	-139.522797
187839.843750	-139.011139
187845.703125	-139.251266
187851.562500	-139.734238
187857.421875	-140.527542
187863.281250	-140.942825
187869.140625	-141.121735
187875.000000	-140.375046
187880.859375	-141.360123
187886.718750	-140.396393
187892.578125	-139.418930
187898.437500	-139.609879
187904.296875	-139.552505
187910.156250	-139.581985
187916.015625	-140.080612
187921.875000	-141.009872
187927.734375	-141.341339
187933.593750	-141.557983
187939.453125	-139.693710
187945.312500	-139.374802
187951.171875	-140.931305
187957.031250	-141.012512
187962.890625	-139.813171
187968.750000	-138.593033
187974.609375	-138.404999
187980.468750	-140.837616
187986.328125	-144.105804
187992.187500	-142.685181
187998.046875	-140.252213
188003.906250	-138.764542
188009.765625	-139.503418
188015.625000	-141.151672
188021.484375	-140.948257
188027.343750	-140.668259
188033.203125	-141.489044
188039.062500	-142.001526
188044.921875	-140.817184
188050.781250	-138.962082
188056.640625	-140.298920
188062.500000	-142.530014
188068.359375	-142.971497
188074.218750	-142.039932
188080.078125	-140.447296
188085.937500	-141.197876
188091.796875	-141.001648
188097.656250	-139.808578
188103.515625	-141.762115
188109.375000	-141.391129
188115.234375	-141.046066
188121.093750	-142.502747
188126.953125	-143.177261
188132.812500	-144.109192
188138.671875	-144.273102
188144.531250	-140.539047
188150.390625	-140.072891
188156.250000	-141.646988
188162.109375	-141.715347
188167.968750	-142.043518
188173.828125	-139.524551
188179.687500	-138.195999
188185.546875	-140.916733
188191.406250	-142.162369
188197.265625	-140.179337
188203.125000	-138.179138
188208.984375	-137.847061
188214.843750	-139.591019
188220.703125	-141.032700
188226.562500	-143.467331
188232.421875	-144.430756
188238.281250	-142.272339
188244.140625	-141.210007
188250.000000	-139.656693
188255.859375	-140.133209
188261.718750	-142.293350
188267.578125	-143.385193
188273.437500	-144.048035
188279.296875	-143.011215
188285.156250	-140.694458
188291.015625	-140.073212
188296.875000	-140.198212
188302.734375	-138.489609
188308.593750	-138.011597
188314.453125	-139.699005
188320.312500	-141.149918
188326.171875	-142.325806
188332.031250	-143.820480
188337.890625	-140.544708
188343.750000	-138.412918
188349.609375	-139.904861
188355.468750	-143.691711
188361.328125	-145.980652
188367.187500	-144.336563
188373.046875	-143.903687
188378.906250	-142.384827
188384.765625	-140.887238
188390.625000	-142.464737
188396.484375	-145.049377
188402.343750	-145.474060
188408.203125	-142.732437
188414.062500	-141.612503
188419.921875	-141.205872
188425.781250	-139.324005
188431.640625	-136.519257
188437.500000	-136.142670
188443.359375	-138.574554
188449.218750	-139.614807
188455.078125	-138.633652
188460.937500	-139.139053
188466.796875	-139.622345
188472.656250	-139.046219
188478.515625	-138.993973
188484.375000	-140.250580
188490.234375	-143.377563
188496.093750	-140.982712
188501.953125	-138.407028
188507.812500	-138.783813
188513.671875	-140.962097
188519.531250	-142.752396
188525.390625	-140.229050
188531.250000	-137.034378
188537.109375	-137.633545
188542.968750	-139.692078
188548.828125	-139.839645
188554.687500	-140.212280
188560.546875	-140.618729
188566.406250	-140.609222
188572.265625	-139.560303
188578.125000	-139.236282
188583.984375	-139.060410
188589.843750	-139.919540
188595.703125	-140.491592
188601.562500	-138.156281
188607.421875	-137.338974
188613.281250	-138.321686
188619.140625	-139.963669
188625.000000	-138.994293
188630.859375	-139.031967
188636.718750	-141.792343
188642.578125	-143.280609
188648.437500	-143.320831
188654.296875	-139.427628
188660.156250	-138.062820
188666.015625	-140.927826
188671.875000	-143.841553
188677.734375	-142.887604
188683.593750	-139.316132
188689.453125	-138.933395
188695.312500	-140.763412
188701.171875	-140.837982
188707.031250	-138.767303
188712.890625	-138.316681
188718.750000	-139.475052
188724.609375	-140.903778
188730.468750	-142.429367
188736.328125	-142.594315
188742.187500	-141.405045
188748.046875	-139.534790
188753.906250	-138.652740
188759.765625	-138.380905
188765.625000	-139.132172
188771.484375	-141.970612
188777.343750	-140.833786
188783.203125	-140.000900
188789.062500	-141.141068
188794.921875	-141.716080
188800.781250	-140.604248
188806.640625	-141.147354
188812.500000	-138.150299
188818.359375	-137.475449
188824.218750	-139.270355
188830.078125	-140.589005
188835.937500	-142.441956
188841.796875	-143.639923
188847.656250	-142.367416
188853.515625	-141.896912
188859.375000	-139.616257
188865.234375	-138.200409
188871.093750	-139.700851
188876.953125	-143.388458
188882.812500	-144.481415
188888.671875	-142.183472
188894.531250	-140.432083
188900.390625	-139.528229
188906.250000	-141.393158
188912.109375	-144.620514
188917.968750	-147.234756
188923.828125	-148.973679
188929.687500	-144.802032
188935.546875	-141.145828
188941.406250	-143.465378
188947.265625	-142.603760
188953.125000	-140.929642
188958.984375	-140.845657
188964.843750	-140.453979
188970.703125	-140.899185
188976.562500	-140.452225
188982.421875	-139.593826
188988.281250	-139.549072
188994.140625	-140.641220
189000.000000	-142.723984
189005.859375	-140.264084
189011.718750	-139.707397
189017.578125	-140.764648
189023.437500	-140.163849
189029.296875	-137.499756
189035.156250	-138.230133
189041.015625	-140.089462
189046.875000	-138.803665
189052.734375	-137.745178
189058.593750	-138.187256
189064.453125	-139.977356
189070.312500	-140.630524
189076.171875	-139.534607
189082.031250	-137.993073
189087.890625	-138.029449
189093.750000	-138.944672
189099.609375	-138.375549
189105.468750	-138.183716
189111.328125	-137.642868
189117.187500	-138.010696
189123.046875	-139.087830
189128.906250	-138.695679
189134.765625	-139.493149
189140.625000	-142.364471
189146.484375	-140.001114
189152.343750	-140.389404
189158.203125	-140.054245
189164.062500	-139.740097
189169.921875	-140.209518
189175.781250	-140.266678
189181.640625	-139.969742
189187.500000	-139.398209
189193.359375	-138.338959
189199.218750	-138.272125
189205.078125	-137.787369
189210.937500	-138.898285
189216.796875	-140.928757
189222.656250	-141.915359
189228.515625	-142.835892
189234.375000	-143.680817
189240.234375	-142.216278
189246.093750	-141.563873
189251.953125	-138.130386
189257.812500	-137.828247
189263.671875	-137.344574
189269.531250	-137.200333
189275.390625	-138.602554
189281.250000	-138.921585
189287.109375	-138.847305
189292.968750	-138.055527
189298.828125	-137.928482
189304.687500	-138.000977
189310.546875	-137.173569
189316.406250	-137.530609
189322.265625	-142.199417
189328.125000	-146.351044
189333.984375	-142.742340
189339.843750	-140.753006
189345.703125	-138.867767
189351.562500	-138.170700
189357.421875	-139.027435
189363.281250	-138.756973
189369.140625	-139.556122
189375.000000	-140.299118
189380.859375	-141.032593
189386.718750	-141.372696
189392.578125	-141.029755
189398.437500	-141.724106
189404.296875	-140.703873
189410.156250	-140.238098
189416.015625	-141.206665
189421.875000	-140.710876
189427.734375	-141.296631
189433.593750	-141.265289
189439.453125	-139.017685
189445.312500	-140.001999
189451.171875	-141.617035
189457.031250	-140.480942
189462.890625	-138.514099
189468.750000	-138.368881
189474.609375	-139.401901
189480.468750	-139.715515
189486.328125	-139.559326
189492.187500	-139.812378
189498.046875	-141.044510
189503.906250	-141.397903
189509.765625	-140.775040
189515.625000	-141.619202
189521.484375	-140.643997
189527.343750	-140.269043
189533.203125	-143.186005
189539.062500	-142.079636
189544.921875	-138.550095
189550.781250	-138.440048
189556.640625	-140.981232
189562.500000	-141.270309
189568.359375	-140.184937
189574.218750	-140.062408
189580.078125	-140.839111
189585.937500	-142.830032
189591.796875	-142.155640
189597.656250	-141.033997
189603.515625	-139.490845
189609.375000	-138.964417
189615.234375	-138.330994
189621.093750	-138.629776
189626.953125	-139.731567
189632.812500	-139.228851
189638.671875	-137.286209
189644.531250	-137.186035
189650.390625	-137.920761
189656.250000	-138.984756
189662.109375	-139.935608
189667.968750	-140.781448
189673.828125	-140.812180
189679.687500	-140.345779
189685.546875	-139.374496
189691.406250	-139.013412
189697.265625	-141.460800
189703.125000	-141.390091
189708.984375	-141.282959
189714.843750	-141.742538
189720.703125	-141.782135
189726.562500	-142.149338
189732.421875	-142.974106
189738.281250	-141.219437
189744.140625	-140.453491
189750.000000	-139.299164
189755.859375	-139.840057
189761.718750	-138.590942
189767.578125	-137.500488
189773.437500	-138.618790
189779.296875	-140.554428
189785.156250	-142.130722
189791.015625	-145.874634
189796.875000	-144.879318
189802.734375	-144.173676
189808.593750	-142.837753
189814.453125	-140.113586
189820.312500	-138.713745
189826.171875	-137.925949
189832.031250	-138.646881
189837.890625	-139.482590
189843.750000	-138.926422
189849.609375	-138.949265
189855.468750	-137.945847
189861.328125	-136.749924
189867.187500	-137.822525
189873.046875	-139.574509
189878.906250	-141.015915
189884.765625	-139.898453
189890.625000	-139.733917
189896.484375	-142.474823
189902.343750	-144.560150
189908.203125	-141.356552
189914.062500	-140.959656
189919.921875	-141.765305
189925.781250	-140.066711
189931.640625	-139.982956
189937.500000	-141.144821
189943.359375	-140.832489
189949.218750	-139.586227
189955.078125	-138.510086
189960.937500	-139.077576
189966.796875	-142.494980
189972.656250	-144.430801
189978.515625	-140.387054
189984.375000	-137.473572
189990.234375	-137.925583
189996.093750	-140.420761
190001.953125	-142.523560
190007.812500	-140.345871
190013.671875	-140.348770
190019.531250	-142.625610
190025.390625	-139.623749
190031.250000	-137.402664
190037.109375	-138.575180
190042.968750	-140.073730
190048.828125	-140.732452
190054.687500	-143.691589
190060.546875	-142.298676
190066.406250	-138.912323
190072.265625	-139.190445
190078.125000	-142.492203
190083.984375	-143.054672
190089.843750	-140.277634
190095.703125	-140.091095
190101.562500	-140.452759
190107.421875	-143.148026
190113.281250	-145.104980
190119.140625	-144.916504
190125.000000	-142.794128
190130.859375	-142.104141
190136.718750	-141.344620
190142.578125	-141.327179
190148.437500	-142.177856
190154.296875	-139.230637
190160.156250	-136.764679
190166.015625	-136.119324
190171.875000	-138.393646
190177.734375	-141.491562
190183.593750	-142.119308
190189.453125	-140.645828
190195.312500	-140.735214
190201.171875	-140.615738
190207.031250	-140.374893
190212.890625	-139.691940
190218.750000	-138.108292
190224.609375	-137.020279
190230.468750	-139.284836
190236.328125	-141.677429
190242.187500	-140.738815
190248.046875	-140.413269
190253.906250	-138.335327
190259.765625	-138.189453
190265.625000	-139.402710
190271.484375	-139.837875
190277.343750	-141.662903
190283.203125	-144.785095
190289.062500	-145.839218
190294.921875	-144.384811
190300.781250	-142.715103
190306.640625	-143.888275
190312.500000	-142.928055
190318.359375	-143.283905
190324.218750	-141.971848
190330.078125	-137.951309
190335.937500	-136.455048
190341.796875	-136.472946
190347.656250	-136.947250
190353.515625	-138.640396
190359.375000	-140.717743
190365.234375	-141.068588
190371.093750	-141.317596
190376.953125	-141.992966
190382.812500	-143.703323
190388.671875	-145.137405
190394.531250	-143.861969
190400.390625	-143.621048
190406.250000	-143.453873
190412.109375	-140.733154
190417.968750	-140.367905
190423.828125	-140.564484
190429.687500	-142.499405
190435.546875	-141.595184
190441.406250	-138.644913
190447.265625	-137.771683
190453.125000	-139.313202
190458.984375	-140.184357
190464.843750	-140.478973
190470.703125	-139.978760
190476.562500	-137.514191
190482.421875	-140.576828
190488.281250	-143.971832
190494.140625	-141.967346
190500.000000	-139.790802
190505.859375	-139.436081
190511.718750	-141.632095
190517.578125	-141.464203
190523.437500	-138.922653
190529.296875	-136.454742
190535.156250	-137.665680
190541.015625	-140.978149
190546.875000	-140.349640
190552.734375	-139.225250
190558.593750	-138.816711
190564.453125	-137.809586
190570.312500	-138.298950
190576.171875	-140.931213
190582.031250	-139.481888
190587.890625	-138.633224
190593.750000	-140.468735
190599.609375	-140.330383
190605.468750	-140.280563
190611.328125	-141.220840
190617.187500	-140.588074
190623.046875	-138.826111
190628.906250	-141.059418
190634.765625	-143.633896
190640.625000	-141.337830
190646.484375	-138.832306
190652.343750	-139.340805
190658.203125	-141.175232
190664.062500	-140.794907
190669.921875	-141.685059
190675.781250	-142.361084
190681.640625	-141.090195
190687.500000	-139.973465
190693.359375	-140.398834
190699.218750	-142.035492
190705.078125	-141.721466
190710.937500	-143.721497
190716.796875	-147.731018
190722.656250	-145.821945
190728.515625	-146.566895
190734.375000	-148.752640
190740.234375	-145.420898
190746.093750	-139.100266
190751.953125	-136.729401
190757.812500	-136.388382
190763.671875	-138.695389
190769.531250	-142.085846
190775.390625	-142.052475
190781.250000	-141.618118
190787.109375	-140.378357
190792.968750	-140.565765
190798.828125	-140.428162
190804.687500	-138.571945
190810.546875	-138.949524
190816.406250	-140.735855
190822.265625	-143.634598
190828.125000	-144.105728
190833.984375	-140.667038
190839.843750	-139.238159
190845.703125	-140.670776
190851.562500	-141.226700
190857.421875	-139.285370
190863.281250	-138.934143
190869.140625	-138.877472
190875.000000	-140.240295
190880.859375	-142.889694
190886.718750	-143.135941
190892.578125	-145.191849
190898.437500	-147.264603
190904.296875	-144.771072
190910.156250	-143.897888
190916.015625	-141.632965
190921.875000	-140.621155
190927.734375	-140.651047
190933.593750	-142.619370
190939.453125	-143.944000
190945.312500	-141.541275
190951.171875	-140.444992
190957.031250	-141.013016
190962.890625	-141.379303
190968.750000	-140.407898
190974.609375	-141.252701
190980.468750	-144.931213
190986.328125	-140.801071
190992.187500	-137.664307
190998.046875	-136.570877
191003.906250	-136.658325
191009.765625	-139.359085
191015.625000	-143.709930
191021.484375	-143.807434
191027.343750	-141.407928
191033.203125	-140.081894
191039.062500	-140.974701
191044.921875	-141.952972
191050.781250	-140.370361
191056.640625	-139.142685
191062.500000	-138.626358
191068.359375	-137.953308
191074.218750	-137.363098
191080.078125	-138.929001
191085.937500	-140.347885
191091.796875	-138.710190
191097.656250	-138.119995
191103.515625	-139.149460
191109.375000	-141.088486
191115.234375	-142.694077
191121.093750	-141.928436
191126.953125	-138.979935
191132.812500	-140.102417
191138.671875	-141.935394
191144.531250	-139.565613
191150.390625	-138.137253
191156.250000	-138.195496
191162.109375	-138.784515
191167.968750	-139.678543
191173.828125	-138.815964
191179.687500	-137.966125
191185.546875	-137.766907
191191.406250	-137.954895
191197.265625	-138.508011
191203.125000	-140.635544
191208.984375	-141.524216
191214.843750	-140.083710
191220.703125	-139.079865
191226.562500	-139.968643
191232.421875	-141.021530
191238.281250	-139.877289
191244.140625	-139.303223
191250.000000	-141.337021
191255.859375	-142.275742
191261.718750	-140.571884
191267.578125	-142.554764
191273.437500	-144.144318
191279.296875	-145.593155
191285.156250	-141.346359
191291.015625	-140.030350
191296.875000	-138.708603
191302.734375	-139.277267
191308.593750	-139.905045
191314.453125	-139.691162
191320.312500	-142.105347
191326.171875	-145.266724
191332.031250	-146.355423
191337.890625	-142.458771
191343.750000	-141.373032
191349.609375	-144.116364
191355.468750	-142.152481
191361.328125	-140.013947
191367.187500	-139.107346
191373.046875	-138.787964
191378.906250	-139.794952
191384.765625	-143.511780
191390.625000	-147.123901
191396.484375	-143.943893
191402.343750	-141.551208
191408.203125	-141.929932
191414.062500	-142.527603
191419.921875	-141.662949
191425.781250	-140.115524
191431.640625	-139.589951
191437.500000	-141.064362
191443.359375	-145.734573
191449.218750	-144.979126
191455.078125	-144.390045
191460.937500	-143.482666
191466.796875	-142.448975
191472.656250	-141.540237
191478.515625	-140.050552
191484.375000	-140.648483
191490.234375	-142.882690
191496.093750	-143.423447
191501.953125	-141.064255
191507.812500	-140.720474
191513.671875	-141.064896
191519.531250	-138.220947
191525.390625	-138.134109
191531.250000	-140.571426
191537.109375	-141.334167
191542.968750	-140.003616
191548.828125	-140.133118
191554.687500	-140.936081
191560.546875	-140.274048
191566.406250	-139.201187
191572.265625	-140.265594
191578.125000	-142.286667
191583.984375	-142.172546
191589.843750	-141.082397
191595.703125	-140.145493
191601.562500	-138.712570
191607.421875	-139.153320
191613.281250	-141.657715
191619.140625	-140.943268
191625.000000	-141.154236
191630.859375	-138.444519
191636.718750	-138.409546
191642.578125	-140.679840
191648.437500	-140.196213
191654.296875	-140.293442
191660.156250	-138.795013
191666.015625	-137.716751
191671.875000	-139.909180
191677.734375	-142.084824
191683.593750	-141.139481
191689.453125	-143.501770
191695.312500	-143.981476
191701.171875	-143.532288
191707.031250	-145.393829
191712.890625	-145.178314
191718.750000	-143.064346
191724.609375	-142.238983
191730.468750	-139.403976
191736.328125	-138.788986
191742.187500	-140.989594
191748.046875	-138.617645
191753.906250	-139.073105
191759.765625	-140.991241
191765.625000	-139.578140
191771.484375	-137.266739
191777.343750	-138.468735
191783.203125	-141.282288
191789.062500	-140.021835
191794.921875	-139.392532
191800.781250	-142.554428
191806.640625	-143.432999
191812.500000	-138.084427
191818.359375	-137.192917
191824.218750	-139.537643
191830.078125	-141.808701
191835.937500	-142.274796
191841.796875	-142.179733
191847.656250	-141.947723
191853.515625	-140.316345
191859.375000	-140.712662
191865.234375	-142.452499
191871.093750	-143.254105
191876.953125	-143.044525
191882.812500	-142.314804
191888.671875	-141.062698
191894.531250	-140.407333
191900.390625	-140.732819
191906.250000	-138.731689
191912.109375	-136.834015
191917.968750	-136.716965
191923.828125	-138.754288
191929.687500	-141.416245
191935.546875	-143.117447
191941.406250	-142.152023
191947.265625	-142.797211
191953.125000	-142.424622
191958.984375	-142.020935
191964.843750	-142.944077
191970.703125	-140.418076
191976.562500	-139.115280
191982.421875	-140.291779
191988.281250	-142.365494
191994.140625	-144.717484
