Frequency (Hz)	Level (dB)
5.859375	-94.723518
11.718750	-93.596596
17.578125	-93.879532
23.437500	-104.849022
29.296875	-93.339775
35.156250	-49.436626
41.015625	-20.661541
46.875000	-6.369607
52.734375	-0.333236
58.593750	-1.085042
64.453125	-8.785958
70.312500	-25.463882
76.171875	-60.651424
82.031250	-92.706978
87.890625	-99.170799
93.750000	-93.175575
99.609375	-93.531815
105.468750	-95.176857
111.328125	-97.098793
117.187500	-98.993744
123.046875	-100.718391
128.906250	-102.764648
134.765625	-107.975357
140.625000	-107.065056
146.484375	-50.296616
152.343750	-26.068584
158.203125	-13.908068
164.062500	-9.468180
169.921875	-11.731181
175.781250	-21.189590
181.640625	-40.608379
187.500000	-87.108116
193.359375	-110.425827
199.218750	-110.978455
205.078125	-108.264000
210.937500	-108.829201
216.796875	-110.674713
222.656250	-112.109879
228.515625	-113.908867
234.375000	-114.575233
240.234375	-115.856010
246.093750	-114.939720
251.953125	-104.207596
257.812500	-47.629910
263.671875	-26.945166
269.531250	-16.729013
275.390625	-13.837932
281.250000	-17.635363
287.109375	-28.975611
292.968750	-51.652290
298.828125	-110.916481
304.687500	-116.368103
310.546875	-114.113396
316.406250	-113.132767
322.265625	-112.574097
328.125000	-111.846062
333.984375	-110.778107
339.843750	-109.800255
345.703125	-109.405769
351.562500	-112.535538
357.421875	-112.413521
363.281250	-83.380028
369.140625	-44.573547
375.000000	-26.816761
380.859375	-18.405146
386.718750	-17.032822
392.578125	-22.404882
398.437500	-35.792530
404.296875	-62.539440
410.156250	-113.028854
416.015625	-117.083748
421.875000	-110.928337
427.734375	-110.334770
433.593750	-110.512993
439.453125	-110.500298
445.312500	-109.935913
451.171875	-109.374954
457.031250	-109.515717
462.890625	-115.154137
468.750000	-112.853645
474.609375	-72.731407
480.468750	-41.649460
486.328125	-26.409849
492.187500	-19.697754
498.046875	-19.830284
503.906250	-26.836210
509.765625	-42.494797
515.625000	-74.735786
521.484375	-109.647118
527.343750	-120.278091
533.203125	-112.842514
539.062500	-112.686134
544.921875	-114.274559
550.781250	-115.376419
556.640625	-116.182823
562.500000	-116.567673
568.359375	-117.446770
574.218750	-121.916199
580.078125	-120.131302
585.937500	-64.954483
591.796875	-38.999706
597.656250	-25.987911
603.515625	-20.897371
609.375000	-22.536314
615.234375	-31.257755
621.093750	-49.497837
626.953125	-90.139153
632.812500	-119.021271
638.671875	-116.147743
644.531250	-113.652855
650.390625	-113.882126
656.250000	-115.261581
662.109375	-116.443527
667.968750	-117.461365
673.828125	-118.753700
679.687500	-119.217041
685.546875	-120.382904
691.406250	-119.789307
697.265625	-58.722992
703.125000	-36.668278
708.984375	-25.670916
714.843750	-22.146637
720.703125	-25.308422
726.562500	-35.856262
732.421875	-57.115051
738.281250	-119.211197
744.140625	-121.383087
750.000000	-121.745850
755.859375	-121.042931
761.718750	-120.730942
767.578125	-119.422089
773.437500	-119.534477
779.296875	-117.571625
785.156250	-117.991531
791.015625	-119.247131
796.875000	-121.833534
802.734375	-97.188934
808.593750	-53.567001
814.453125	-34.662498
820.312500	-25.522423
826.171875	-23.527260
832.031250	-28.244976
837.890625	-40.766094
843.750000	-65.713280
849.609375	-124.868256
855.468750	-124.308533
861.328125	-120.630287
867.187500	-120.037956
873.046875	-119.109802
878.906250	-119.967766
884.765625	-118.295815
890.625000	-117.543556
896.484375	-117.480354
902.343750	-122.525528
908.203125	-115.438980
914.062500	-83.068832
919.921875	-49.214458
925.781250	-32.980438
931.640625	-25.579172
937.500000	-25.092876
943.359375	-31.417307
949.218750	-46.109791
955.078125	-75.829300
960.937500	-118.094193
966.796875	-122.535927
972.656250	-115.916008
978.515625	-115.806778
984.375000	-116.281677
990.234375	-117.251274
996.093750	-117.656731
1001.953125	-117.018837
1007.812500	-118.382118
1013.671875	-123.343880
1019.531250	-119.252045
1025.390625	-73.391396
1031.250000	-45.515106
1037.109375	-31.615614
1042.968750	-25.865244
1048.828125	-26.882774
1054.687500	-34.886204
1060.546875	-52.018826
1066.406250	-88.652054
1072.265625	-119.310570
1078.125000	-120.784088
1083.984375	-117.957687
1089.843750	-117.885094
1095.703125	-119.052162
1101.562500	-119.912041
1107.421875	-121.836655
1113.281250	-120.771347
1119.140625	-123.679810
1125.000000	-124.564705
1130.859375	-122.804169
1136.718750	-65.912704
1142.578125	-42.366787
1148.437500	-30.561562
1154.296875	-26.397907
1160.156250	-28.929565
1166.015625	-38.709988
1171.875000	-58.660385
1177.734375	-108.509773
1183.593750	-125.176743
1189.453125	-126.213135
1195.312500	-124.159882
1201.171875	-124.653450
1207.031250	-125.935226
1212.890625	-124.883179
1218.750000	-125.508774
1224.609375	-124.948364
1230.468750	-126.529907
1236.328125	-125.871078
1242.187500	-110.818588
1248.046875	-59.832478
1253.906250	-39.701283
1259.765625	-29.812687
1265.625000	-27.191305
1271.484375	-31.263222
1277.343750	-42.951340
1283.203125	-66.277222
1289.062500	-124.046150
1294.921875	-127.005646
1300.781250	-125.495010
1306.640625	-123.788124
1312.500000	-124.127052
1318.359375	-122.866737
1324.218750	-121.886841
1330.078125	-121.196785
1335.937500	-120.116928
1341.796875	-124.579384
1347.656250	-121.284485
1353.515625	-91.931435
1359.375000	-54.756329
1365.234375	-37.469807
1371.093750	-29.364740
1376.953125	-28.258596
1382.812500	-33.914032
1388.671875	-47.684574
1394.531250	-75.268158
1400.390625	-123.657402
1406.250000	-127.000534
1412.109375	-121.153412
1417.968750	-120.268646
1423.828125	-120.706970
1429.687500	-121.623749
1435.546875	-120.240585
1441.406250	-120.959496
1447.265625	-120.233101
1453.125000	-127.307327
1458.984375	-120.622719
1464.843750	-80.528442
1470.703125	-50.463554
1476.562500	-35.636326
1482.421875	-29.215258
1488.281250	-29.613178
1494.140625	-36.915035
1500.000000	-53.004230
1505.859375	-86.408829
1511.718750	-120.746277
1517.578125	-125.107826
1523.437500	-119.977066
1529.296875	-120.371834
1535.156250	-121.566109
1541.015625	-121.365265
1546.875000	-123.760040
1552.734375	-122.333397
1558.593750	-124.715759
1564.453125	-127.145912
1570.312500	-128.559769
1576.171875	-72.006958
1582.031250	-46.817375
1587.890625	-34.174400
1593.750000	-29.363811
1599.609375	-31.269762
1605.468750	-40.304649
1611.328125	-59.039520
1617.187500	-101.915588
1623.046875	-126.366211
1628.906250	-126.767075
1634.765625	-123.895012
1640.625000	-124.462547
1646.484375	-126.187744
1652.343750	-126.359283
1658.203125	-128.379456
1664.062500	-128.336090
1669.921875	-128.947342
1675.781250	-129.291580
1681.640625	-129.058624
1687.500000	-65.178421
1693.359375	-43.723602
1699.218750	-33.064117
1705.078125	-29.811876
1710.937500	-33.245354
1716.796875	-44.129543
1722.656250	-65.981857
1728.515625	-131.486938
1734.375000	-129.874863
1740.234375	-129.991196
1746.093750	-130.355637
1751.953125	-128.050827
1757.812500	-128.466949
1763.671875	-126.840172
1769.531250	-124.816154
1775.390625	-126.003967
1781.250000	-127.286064
1787.109375	-125.112709
1792.968750	-100.979797
1798.828125	-59.518997
1804.687500	-41.116684
1810.546875	-32.290970
1816.406250	-30.563164
1822.265625	-35.560074
1828.125000	-48.448540
1833.984375	-74.139168
1839.843750	-135.406357
1845.703125	-130.755386
1851.562500	-125.167557
1857.421875	-124.130379
1863.281250	-124.923103
1869.140625	-124.539169
1875.000000	-125.257431
1880.859375	-123.381363
1886.718750	-124.398033
1892.578125	-129.432770
1898.437500	-121.629456
1904.296875	-87.391190
1910.156250	-54.750202
1916.015625	-38.949181
1921.875000	-31.844818
1927.734375	-31.623861
1933.593750	-38.238659
1939.453125	-53.340038
1945.312500	-84.066177
1951.171875	-123.567078
1957.031250	-126.735229
1962.890625	-120.994293
1968.750000	-121.836586
1974.609375	-121.348190
1980.468750	-122.284660
1986.328125	-122.832817
1992.187500	-121.597755
1998.046875	-123.822044
2003.906250	-127.608238
2009.765625	-128.624527
2015.625000	-77.706131
2021.484375	-50.700253
2027.343750	-37.185295
2033.203125	-31.719160
2039.062500	-33.002598
2044.921875	-41.311893
2050.781250	-58.908966
2056.640625	-97.241684
2062.500000	-123.329193
2068.359375	-129.377045
2074.218750	-127.470589
2080.078125	-126.161385
2085.937500	-128.819870
2091.796875	-129.645523
2097.656250	-129.286667
2103.515625	-132.032883
2109.375000	-130.961624
2115.234375	-135.995087
2121.093750	-128.566025
2126.953125	-70.146042
2132.812500	-47.254868
2138.671875	-35.799294
2144.531250	-31.910492
2150.390625	-34.711609
2156.250000	-44.818092
2162.109375	-65.317101
2167.968750	-119.241852
2173.828125	-133.072067
2179.687500	-131.541611
2185.546875	-131.003067
2191.406250	-131.900177
2197.265625	-131.396088
2203.125000	-132.704102
2208.984375	-130.110245
2214.843750	-131.516464
2220.703125	-130.673996
2226.562500	-131.026291
2232.421875	-111.826218
2238.281250	-63.930588
2244.140625	-44.336571
2250.000000	-34.771088
2255.859375	-32.418655
2261.718750	-36.766243
2267.578125	-48.807777
2273.437500	-72.803268
2279.296875	-128.433975
2285.156250	-129.593124
2291.015625	-128.110245
2296.875000	-126.012901
2302.734375	-125.709831
2308.593750	-126.416878
2314.453125	-124.181511
2320.312500	-124.195305
2326.171875	-123.417381
2332.031250	-128.046738
2337.890625	-126.490837
2343.750000	-94.327415
2349.609375	-58.717083
2355.468750	-41.887962
2361.328125	-34.086651
2367.187500	-33.246227
2373.046875	-39.187145
2378.906250	-53.347115
2384.765625	-81.826416
2390.625000	-125.498779
2396.484375	-130.323563
2402.343750	-126.081223
2408.203125	-124.950638
2414.062500	-126.368874
2419.921875	-124.485001
2425.781250	-124.876312
2431.640625	-123.895447
2437.500000	-123.850533
2443.359375	-132.093430
2449.218750	-129.089157
2455.078125	-83.368797
2460.937500	-54.293179
2466.796875	-39.867889
2472.656250	-33.735821
2478.515625	-34.399017
2484.375000	-41.999882
2490.234375	-58.528305
2496.093750	-93.319702
2501.953125	-124.790817
2507.812500	-133.274918
2513.671875	-127.248680
2519.531250	-127.722267
2525.390625	-128.258774
2531.250000	-131.881012
2537.109375	-129.614243
2542.968750	-133.759094
2548.828125	-129.694412
2554.687500	-133.311722
2560.546875	-133.721222
2566.406250	-74.993774
2572.265625	-50.524445
2578.125000	-38.244858
2583.984375	-33.712440
2589.843750	-35.886181
2595.703125	-45.237827
2601.562500	-64.484413
2607.421875	-109.555183
2613.281250	-134.279846
2619.140625	-128.792679
2625.000000	-128.133377
2630.859375	-127.325485
2636.718750	-129.273636
2642.578125	-129.769012
2648.437500	-130.778610
2654.296875	-129.872635
2660.156250	-132.701355
2666.015625	-131.060120
2671.875000	-125.266518
2677.734375	-68.195793
2683.593750	-47.321259
2689.453125	-36.995094
2695.312500	-34.013855
2701.171875	-37.720142
2707.031250	-48.945488
2712.890625	-71.413467
2718.750000	-129.551971
2724.609375	-132.521164
2730.468750	-129.275757
2736.328125	-130.512314
2742.187500	-129.270172
2748.046875	-127.897896
2753.906250	-127.420746
2759.765625	-125.833893
2765.625000	-125.893532
2771.484375	-128.479355
2777.343750	-132.840454
2783.203125	-101.902702
2789.062500	-62.533710
2794.921875	-44.615925
2800.781250	-36.101501
2806.640625	-34.640282
2812.500000	-39.918377
2818.359375	-53.179569
2824.218750	-79.661972
2830.078125	-129.833908
2835.937500	-137.179642
2841.796875	-132.473083
2847.656250	-132.066330
2853.515625	-129.755386
2859.375000	-134.950211
2865.234375	-128.952606
2871.093750	-130.385910
2876.953125	-128.888748
2882.812500	-139.561142
2888.671875	-124.407646
2894.531250	-89.227005
2900.390625	-57.738148
2906.250000	-42.361176
2912.109375	-35.551174
2917.968750	-35.595509
2923.828125	-42.502979
2929.687500	-58.022186
2935.546875	-89.829956
2941.406250	-129.144806
2947.265625	-128.829102
2953.125000	-125.739914
2958.984375	-124.122673
2964.843750	-126.247856
2970.703125	-126.483612
2976.562500	-127.317833
2982.421875	-127.113167
2988.281250	-128.650040
2994.140625	-130.957047
3000.000000	-131.207809
3005.859375	-79.871277
3011.718750	-53.656719
3017.578125	-40.520302
3023.437500	-35.336151
3029.296875	-36.886143
3035.156250	-45.503944
3041.015625	-63.580952
3046.875000	-103.594696
3052.734375	-131.615555
3058.593750	-129.258163
3064.453125	-128.744766
3070.312500	-127.928375
3076.171875	-128.329910
3082.031250	-132.066162
3087.890625	-130.091949
3093.750000	-131.761826
3099.609375	-134.443863
3105.468750	-131.723007
3111.328125	-133.060242
3117.187500	-72.434853
3123.046875	-50.177456
3128.906250	-39.066513
3134.765625	-35.451366
3140.625000	-38.522816
3146.484375	-48.959633
3152.343750	-70.023872
3158.203125	-128.067764
3164.062500	-133.424057
3169.921875	-134.270737
3175.781250	-133.365189
3181.640625	-134.142868
3187.500000	-133.268997
3193.359375	-133.401886
3199.218750	-132.936310
3205.078125	-130.700653
3210.937500	-133.248199
3216.796875	-131.038635
3222.656250	-110.916702
3228.515625	-66.299149
3234.375000	-47.225639
3240.234375	-37.979736
3246.093750	-35.895412
3251.953125	-40.520275
3257.812500	-52.920620
3263.671875	-77.619171
3269.531250	-136.126984
3275.390625	-137.610275
3281.250000	-132.515228
3287.109375	-130.286530
3292.968750	-131.716522
3298.828125	-130.859451
3304.687500	-131.370102
3310.546875	-129.489594
3316.406250	-130.173172
3322.265625	-135.085449
3328.125000	-126.929588
3333.984375	-95.452332
3339.843750	-61.126007
3345.703125	-44.745758
3351.562500	-37.244808
3357.421875	-36.670105
3363.281250	-42.898174
3369.140625	-57.456718
3375.000000	-86.844246
3380.859375	-130.251175
3386.718750	-132.023727
3392.578125	-126.586304
3398.437500	-125.770615
3404.296875	-127.316887
3410.156250	-126.324089
3416.015625	-127.230629
3421.875000	-126.879898
3427.734375	-126.785744
3433.593750	-132.509354
3439.453125	-132.115509
3445.312500	-84.879753
3451.171875	-56.727074
3457.031250	-42.696980
3462.890625	-36.851646
3468.750000	-37.780468
3474.609375	-45.682980
3480.468750	-62.662071
3486.328125	-98.894310
3492.187500	-128.740341
3498.046875	-134.767807
3503.906250	-130.708893
3509.765625	-130.150131
3515.625000	-134.361069
3521.484375	-130.577744
3527.343750	-135.711655
3533.203125	-132.719772
3539.062500	-133.018829
3544.921875	-139.499146
3550.781250	-132.927185
3556.640625	-76.742126
3562.500000	-52.971737
3568.359375	-41.048779
3574.218750	-36.793190
3580.078125	-39.235214
3585.937500	-48.907787
3591.796875	-68.678772
3597.656250	-117.201485
3603.515625	-136.299408
3609.375000	-135.255539
3615.234375	-132.456314
3621.093750	-134.152588
3626.953125	-136.006165
3632.812500	-133.978683
3638.671875	-135.041550
3644.531250	-137.220078
3650.390625	-133.373184
3656.250000	-138.594254
3662.109375	-123.457092
3667.968750	-70.090462
3673.828125	-49.775288
3679.687500	-39.777859
3685.546875	-37.066673
3691.406250	-41.046936
3697.265625	-52.618553
3703.125000	-75.724892
3708.984375	-132.257065
3714.843750	-135.099167
3720.703125	-135.375916
3726.562500	-131.725281
3732.421875	-133.326126
3738.281250	-131.722458
3744.140625	-130.404465
3750.000000	-130.635071
3755.859375	-129.419540
3761.718750	-131.490906
3767.578125	-131.343063
3773.437500	-102.180130
3779.296875	-64.515480
3785.156250	-47.073811
3791.015625	-38.866966
3796.875000	-37.672127
3802.734375	-43.232883
3808.593750	-56.874855
3814.453125	-84.175171
3820.312500	-132.630783
3826.171875	-134.029907
3832.031250	-131.720764
3837.890625	-128.405106
3843.750000	-130.659012
3849.609375	-130.370667
3855.468750	-128.327408
3861.328125	-129.599319
3867.187500	-129.203354
3873.046875	-133.447098
3878.906250	-129.306381
3884.765625	-90.175117
3890.625000	-59.785347
3896.484375	-44.821560
3902.343750	-38.303726
3908.203125	-38.613163
3914.062500	-45.816113
3919.921875	-61.760696
3925.781250	-94.776985
3931.640625	-129.140991
3937.500000	-134.672699
3943.359375	-129.752136
3949.218750	-129.753296
3955.078125	-130.172165
3960.937500	-132.197327
3966.796875	-130.870407
3972.656250	-132.120438
3978.515625	-132.070038
3984.375000	-138.060562
3990.234375	-135.945847
3996.093750	-81.185875
4001.953125	-55.748714
4007.812500	-42.983494
4013.671875	-38.079826
4019.531250	-39.896698
4025.390625	-48.826809
4031.250000	-67.395126
4037.109375	-109.540565
4042.968750	-135.109314
4048.828125	-135.103119
4054.687500	-131.244247
4060.546875	-133.620544
4066.406250	-132.975616
4072.265625	-134.946854
4078.125000	-136.580521
4083.984375	-134.409851
4089.843750	-140.116898
4095.703125	-134.441971
4101.562500	-138.155075
4107.421875	-73.956253
4113.281250	-52.304924
4119.140625	-41.533360
4125.000000	-38.190552
4130.859375	-41.533298
4136.718750	-52.304649
4142.578125	-73.955002
4148.437500	-138.577118
4154.296875	-137.353790
4160.156250	-138.152039
4166.015625	-137.572601
4171.875000	-134.948730
4177.734375	-137.866074
4183.593750	-132.321518
4189.453125	-135.176010
4195.312500	-132.054886
4201.171875	-135.805573
4207.031250	-134.065308
4212.890625	-110.220474
4218.750000	-67.949539
4224.609375	-49.381630
4230.468750	-40.451488
4236.328125	-38.634666
4242.187500	-43.538319
4248.046875	-56.303818
4253.906250	-81.741554
4259.765625	-136.762009
4265.625000	-136.068680
4271.484375	-132.380341
4277.343750	-130.841537
4283.203125	-131.196213
4289.062500	-131.468781
4294.921875	-130.599579
4300.781250	-129.703857
4306.640625	-128.890503
4312.500000	-135.326660
4318.359375	-131.175995
4324.218750	-95.870346
4330.078125	-62.871639
4335.937500	-46.926430
4341.796875	-39.723568
4347.656250	-39.414059
4353.515625	-45.931927
4359.375000	-60.895054
4365.234375	-91.297424
4371.093750	-129.932007
4376.953125	-135.591919
4382.812500	-130.728485
4388.671875	-130.893555
4394.531250	-130.609833
4400.390625	-131.441010
4406.250000	-131.012192
4412.109375	-131.120605
4417.968750	-131.252335
4423.828125	-136.766068
4429.687500	-135.946548
4435.546875	-85.834854
4441.406250	-58.542309
4447.265625	-44.900047
4453.125000	-39.339352
4458.984375	-40.534126
4464.843750	-48.741089
4470.703125	-66.182251
4476.562500	-103.901917
4482.421875	-131.261398
4488.281250	-135.076279
4494.140625	-132.645142
4500.000000	-132.210739
4505.859375	-134.352997
4511.718750	-133.789551
4517.578125	-137.377731
4523.437500	-135.717072
4529.296875	-137.752609
4535.156250	-137.391037
4541.015625	-136.388718
4546.875000	-77.953011
4552.734375	-54.844543
4558.593750	-43.273106
4564.453125	-39.292774
4570.312500	-42.003994
4576.171875	-52.001167
4582.031250	-72.315605
4587.890625	-124.093719
4593.750000	-140.290359
4599.609375	-134.452179
4605.468750	-136.952057
4611.328125	-136.997696
4617.187500	-134.993225
4623.046875	-135.631958
4628.906250	-137.078766
4634.765625	-133.892944
4640.625000	-137.486832
4646.484375	-139.474258
4652.343750	-119.930756
4658.203125	-71.466827
4664.062500	-51.695431
4669.921875	-42.022934
4675.781250	-39.580894
4681.640625	-43.836479
4687.500000	-55.759228
4693.359375	-79.528091
4699.218750	-135.443954
4705.078125	-137.553894
4710.937500	-133.554840
4716.796875	-133.673889
4722.656250	-132.631470
4728.515625	-132.050049
4734.375000	-131.942383
4740.234375	-130.581284
4746.093750	-130.344116
4751.953125	-133.375031
4757.812500	-134.910416
4763.671875	-102.107353
4769.531250	-66.016556
4775.390625	-49.035507
4781.250000	-41.133377
4787.109375	-40.204346
4792.968750	-46.049900
4798.828125	-60.078655
4804.687500	-88.257950
4810.546875	-131.943680
4816.406250	-139.637100
4822.265625	-133.307220
4828.125000	-134.172638
4833.984375	-136.548874
4839.843750	-133.370575
4845.703125	-136.775513
4851.562500	-132.352921
4857.421875	-136.895187
4863.281250	-137.328323
4869.140625	-130.601257
4875.000000	-90.800575
4880.859375	-61.377357
4886.718750	-46.820427
4892.578125	-40.592064
4898.437500	-41.166992
4904.296875	-48.667488
4910.156250	-65.049271
4916.015625	-99.243759
4921.875000	-133.828918
4927.734375	-133.807465
4933.593750	-129.666443
4939.453125	-130.460068
4945.312500	-131.874878
4951.171875	-130.537109
4957.031250	-134.796890
4962.890625	-130.502914
4968.750000	-135.101288
4974.609375	-134.733688
4980.468750	-135.015244
4986.328125	-82.124741
4992.187500	-57.417191
4998.046875	-45.016735
5003.906250	-40.391766
5009.765625	-42.476124
5015.625000	-51.721848
5021.484375	-70.796242
5027.343750	-115.360146
5033.203125	-138.004883
5039.062500	-134.127350
5044.921875	-134.669006
5050.781250	-135.720978
5056.640625	-133.944641
5062.500000	-136.794830
5068.359375	-136.593796
5074.218750	-137.382202
5080.078125	-139.406647
5085.937500	-136.923996
5091.796875	-136.162109
5097.656250	-75.105583
5103.515625	-54.036308
5109.375000	-43.599422
5115.234375	-40.527912
5121.093750	-44.143120
5126.953125	-55.253937
5132.812500	-77.511971
5138.671875	-139.289200
5144.531250	-137.538910
5150.390625	-140.333252
5156.250000	-135.996109
5162.109375	-140.747086
5167.968750	-135.950333
5173.828125	-136.356796
5179.687500	-136.260178
5185.546875	-134.312256
5191.406250	-135.501114
5197.265625	-136.251953
5203.125000	-109.465721
5208.984375	-69.243637
5214.843750	-51.167622
5220.703125	-42.549561
5226.562500	-40.999680
5232.421875	-46.183701
5238.281250	-59.320740
5244.140625	-85.527756
5250.000000	-136.628876
5255.859375	-138.991302
5261.718750	-134.628433
5267.578125	-132.916718
5273.437500	-133.348831
5279.296875	-135.594147
5285.156250	-136.454941
5291.015625	-132.345154
5296.875000	-135.839249
5302.734375	-140.984680
5308.593750	-130.544250
5314.453125	-96.177620
5320.312500	-64.279144
5326.171875	-48.761482
5332.031250	-41.853523
5337.890625	-41.809464
5343.750000	-48.619118
5349.609375	-63.998699
5355.468750	-95.435776
5361.328125	-134.863541
5367.187500	-134.061417
5373.046875	-129.970825
5378.906250	-129.879639
5384.765625	-131.798492
5390.625000	-130.381821
5396.484375	-132.484024
5402.343750	-130.284180
5408.203125	-132.039551
5414.062500	-135.171799
5419.921875	-139.821747
5425.781250	-86.500244
5431.640625	-60.042225
5437.500000	-46.779778
5443.359375	-41.502033
5449.218750	-42.963009
5455.078125	-51.478092
5460.937500	-69.393951
5466.796875	-109.219086
5472.656250	-133.956253
5478.515625	-137.198715
5484.375000	-135.300278
5490.234375	-138.803894
5496.093750	-138.451447
5501.953125	-137.448746
5507.812500	-139.211517
5513.671875	-141.215485
5519.531250	-135.856842
5525.390625	-136.149170
5531.250000	-133.825790
5537.109375	-78.887749
5542.968750	-56.420128
5548.828125	-45.194965
5554.687500	-41.488735
5560.546875	-44.469955
5566.406250	-54.796021
5572.265625	-75.670586
5578.125000	-133.754333
5583.984375	-137.209305
5589.843750	-135.761276
5595.703125	-138.465195
5601.562500	-136.714478
5607.421875	-139.918091
5613.281250	-134.674545
5619.140625	-134.795563
5625.000000	-136.469589
5630.859375	-135.222351
5636.718750	-134.199997
5642.578125	-118.095436
5648.437500	-72.579163
5654.296875	-53.337330
5660.156250	-43.985455
5666.015625	-41.811935
5671.875000	-46.344124
5677.734375	-58.624535
5683.593750	-83.083817
5689.453125	-135.451614
5695.312500	-137.652725
5701.171875	-132.547577
5707.031250	-132.458450
5712.890625	-131.181107
5718.750000	-134.649994
5724.609375	-130.274170
5730.468750	-132.714127
5736.328125	-132.444672
5742.187500	-132.813644
5748.046875	-131.388458
5753.906250	-101.947983
5759.765625	-67.266068
5765.625000	-50.736141
5771.484375	-43.135693
5777.343750	-42.472301
5783.203125	-48.604576
5789.062500	-63.028015
5794.921875	-92.121544
5800.781250	-132.160583
5806.640625	-136.760620
5812.500000	-131.663635
5818.359375	-134.171265
5824.218750	-131.973282
5830.078125	-131.688538
5835.937500	-132.054489
5841.796875	-131.250259
5847.656250	-129.495636
5853.515625	-138.047485
5859.375000	-135.320877
5865.234375	-91.173576
5871.093750	-62.734642
5876.953125	-48.574615
5882.812500	-42.634064
5888.671875	-43.474316
5894.531250	-51.275898
5900.390625	-68.104027
5906.250000	-103.942223
5912.109375	-135.004974
5917.968750	-137.654694
5923.828125	-131.484665
5929.687500	-136.143463
5935.546875	-129.991501
5941.406250	-133.888550
5947.265625	-132.857086
5953.125000	-138.655045
5958.984375	-135.217728
5964.843750	-137.776733
5970.703125	-135.657074
5976.562500	-82.858017
5982.421875	-58.861992
5988.281250	-46.821259
5994.140625	-42.473541
6000.000000	-44.826122
6005.859375	-54.391178
6011.718750	-73.985466
6017.578125	-120.422440
6023.437500	-134.729568
6029.296875	-132.993347
6035.156250	-138.015717
6041.015625	-131.397797
6046.875000	-136.619400
6052.734375	-136.715805
6058.593750	-134.663589
6064.453125	-135.749268
6070.312500	-135.885071
6076.171875	-138.464600
6082.031250	-127.848312
6087.890625	-76.054321
6093.750000	-55.557899
6099.609375	-45.451599
6105.468750	-42.650539
6111.328125	-46.539490
6117.187500	-57.995399
6123.046875	-80.883118
6128.906250	-137.250732
6134.765625	-132.539597
6140.625000	-135.040085
6146.484375	-131.030701
6152.343750	-133.392670
6158.203125	-131.661728
6164.062500	-136.661636
6169.921875	-130.664078
6175.781250	-134.413483
6181.640625	-132.306747
6187.500000	-133.858627
6193.359375	-108.546135
6199.218750	-70.356972
6205.078125	-52.757069
6210.937500	-44.448021
6216.796875	-43.164333
6222.656250	-48.630581
6228.515625	-62.144051
6234.375000	-89.163307
6240.234375	-132.409042
6246.093750	-133.086456
6251.953125	-133.050827
6257.812500	-129.707825
6263.671875	-137.159500
6269.531250	-133.853821
6275.390625	-142.990997
6281.250000	-131.491226
6287.109375	-133.241531
6292.968750	-132.902908
6298.828125	-131.219604
6304.687500	-96.225929
6310.546875	-65.510826
6316.406250	-50.412010
6322.265625	-43.797112
6328.125000	-44.018246
6333.984375	-51.122303
6339.843750	-66.923302
6345.703125	-99.400955
6351.562500	-129.119949
6357.421875	-131.812378
6363.281250	-130.018585
6369.140625	-134.937454
6375.000000	-130.809998
6380.859375	-135.101532
6386.718750	-134.147873
6392.578125	-133.834183
6398.437500	-132.326614
6404.296875	-130.997375
6410.156250	-135.652969
6416.015625	-87.071472
6421.875000	-61.375710
6427.734375	-48.487560
6433.593750	-43.490643
6439.453125	-45.218521
6445.312500	-54.044197
6451.171875	-72.448662
6457.031250	-114.154922
6462.890625	-139.036697
6468.750000	-139.388779
6474.609375	-132.390503
6480.468750	-136.197174
6486.328125	-133.044022
6492.187500	-135.139160
6498.046875	-132.799927
6503.906250	-137.355362
6509.765625	-136.219025
6515.625000	-132.361252
6521.484375	-130.674744
6527.343750	-79.701813
6533.203125	-57.841179
6539.062500	-46.956512
6544.921875	-43.522964
6550.781250	-46.775150
6556.640625	-57.434566
6562.500000	-78.889038
6568.359375	-133.043610
6574.218750	-131.438507
6580.078125	-131.497467
6585.937500	-130.832428
6591.796875	-133.839905
6597.656250	-135.266373
6603.515625	-129.380295
6609.375000	-133.329254
6615.234375	-128.427200
6621.093750	-132.987183
6626.953125	-133.845123
6632.812500	-116.015854
6638.671875	-73.565918
6644.531250	-54.833347
6650.390625	-45.798531
6656.250000	-43.892624
6662.109375	-48.703175
6667.968750	-61.345833
6673.828125	-86.518974
6679.687500	-132.070511
6685.546875	-130.340607
6691.406250	-135.673859
6697.265625	-132.301270
6703.125000	-132.968842
6708.984375	-129.419281
6714.843750	-134.460159
6720.703125	-135.343002
6726.562500	-129.481201
6732.421875	-135.631042
6738.281250	-135.486053
6744.140625	-101.991646
6750.000000	-68.391899
6755.859375	-52.300774
6761.718750	-44.998718
6767.578125	-44.600719
6773.437500	-51.021435
6779.296875	-65.846977
6785.156250	-95.858849
6791.015625	-130.127945
6796.875000	-131.377213
6802.734375	-135.224564
6808.593750	-131.011353
6814.453125	-129.248047
6820.312500	-134.084778
6826.171875	-130.037613
6832.031250	-130.837387
6837.890625	-127.594131
6843.750000	-133.018677
6849.609375	-134.270737
6855.468750	-91.581665
6861.328125	-63.971569
6867.187500	-50.202019
6873.046875	-44.546860
6878.906250	-45.653111
6884.765625	-53.758263
6890.625000	-71.046349
6896.484375	-108.303215
6902.343750	-136.286118
6908.203125	-137.817581
6914.062500	-132.031952
6919.921875	-131.448257
6925.781250	-131.213959
6931.640625	-131.902359
6937.500000	-137.521210
6943.359375	-134.138626
6949.218750	-133.443207
6955.078125	-131.822525
6960.937500	-132.980545
6966.796875	-83.519394
6972.656250	-60.195492
6978.515625	-48.507729
6984.375000	-44.435875
6990.234375	-47.057198
6996.093750	-56.945225
7001.953125	-77.068817
7007.812500	-124.785950
7013.671875	-129.678482
7019.531250	-127.979378
7025.390625	-133.199173
7031.250000	-142.456512
7037.109375	-129.661667
7042.968750	-130.418640
7048.828125	-127.139412
7054.687500	-128.778091
7060.546875	-128.777283
7066.406250	-130.682190
7072.265625	-125.236519
7078.125000	-76.922859
7083.984375	-56.974483
7089.843750	-47.194546
7095.703125	-44.662907
7101.562500	-48.826595
7107.421875	-60.631256
7113.281250	-84.163422
7119.140625	-131.023453
7125.000000	-130.684021
7130.859375	-128.678223
7136.718750	-128.041534
7142.578125	-131.899490
7148.437500	-135.493317
7154.296875	-135.515976
7160.156250	-131.712173
7166.015625	-132.880875
7171.875000	-131.626419
7177.734375	-131.479004
7183.593750	-107.867249
7189.453125	-71.377655
7195.312500	-54.248699
7201.171875	-46.245419
7207.031250	-45.228065
7212.890625	-50.978455
7218.750000	-64.878418
7224.609375	-92.722626
7230.468750	-132.653625
7236.328125	-130.647583
7242.187500	-129.795486
7248.046875	-132.122147
7253.906250	-135.227509
7259.765625	-132.481888
7265.625000	-130.168884
7271.484375	-131.213486
7277.343750	-130.266388
7283.203125	-129.753738
7289.062500	-127.940613
7294.921875	-96.436150
7300.781250	-66.663628
7306.640625	-51.972378
7312.500000	-45.647907
7318.359375	-46.134361
7324.218750	-53.535336
7330.078125	-69.770187
7335.937500	-103.579758
7341.796875	-130.538071
7347.656250	-131.169220
7353.515625	-128.879379
7359.375000	-129.831024
7365.234375	-127.541901
7371.093750	-131.701385
7376.953125	-130.947342
7382.812500	-135.185318
7388.671875	-132.170837
7394.531250	-131.350876
7400.390625	-129.671997
7406.250000	-87.584045
7412.109375	-62.633606
7417.968750	-50.111938
7423.828125	-45.394508
7429.687500	-47.389603
7435.546875	-56.529881
7441.406250	-75.425499
7447.265625	-117.413368
7453.125000	-126.039284
7458.984375	-129.526978
7464.843750	-131.058762
7470.703125	-131.759247
7476.562500	-131.336578
7482.421875	-132.145447
7488.281250	-134.463715
7494.140625	-132.722305
7500.000000	-129.787170
7505.859375	-129.572205
7511.718750	-131.542587
7517.578125	-80.453140
7523.437500	-59.190624
7529.296875	-48.641872
7535.156250	-45.479870
7541.015625	-49.003891
7546.875000	-59.999958
7552.734375	-82.039490
7558.593750	-129.334518
7564.453125	-127.624008
7570.312500	-125.801048
7576.171875	-125.911934
7582.031250	-127.110962
7587.890625	-131.500610
7593.750000	-134.209503
7599.609375	-132.455139
7605.468750	-133.276398
7611.328125	-129.509338
7617.187500	-128.398895
7623.046875	-115.536980
7628.906250	-74.502815
7634.765625	-56.264172
7640.625000	-47.542175
7646.484375	-45.903400
7652.343750	-50.993546
7658.203125	-64.006447
7664.062500	-89.973488
7669.921875	-133.221039
7675.781250	-131.133713
7681.640625	-133.090393
7687.500000	-130.150635
7693.359375	-128.109619
7699.218750	-129.170105
7705.078125	-125.402863
7710.937500	-129.708832
7716.796875	-129.469696
7722.656250	-132.710464
7728.515625	-132.704941
7734.375000	-101.564034
7740.234375	-69.462929
7746.093750	-53.804241
7751.953125	-46.799000
7757.812500	-46.666344
7763.671875	-53.378876
7769.531250	-68.617439
7775.390625	-99.802956
7781.250000	-131.858047
7787.109375	-128.994400
7792.968750	-130.967545
7798.828125	-131.011856
7804.687500	-132.110260
7810.546875	-130.161163
7816.406250	-131.318146
7822.265625	-129.314209
7828.125000	-130.788589
7833.984375	-133.223572
7839.843750	-128.455353
7845.703125	-91.968048
7851.562500	-65.166641
7857.421875	-51.775444
7863.281250	-46.403111
7869.140625	-47.775116
7875.000000	-56.186527
7880.859375	-73.938904
7886.718750	-112.655296
7892.578125	-130.306168
7898.437500	-131.968628
7904.296875	-129.260117
7910.156250	-128.163559
7916.015625	-128.330353
7921.875000	-129.551529
7927.734375	-128.324234
7933.593750	-127.994759
7939.453125	-129.155869
7945.312500	-126.851120
7951.171875	-128.603180
7957.031250	-84.169487
7962.890625	-61.485687
7968.750000	-50.145767
7974.609375	-46.348232
7980.468750	-49.239330
7986.328125	-59.454720
7992.187500	-80.129463
7998.046875	-126.898582
8003.906250	-129.931381
8009.765625	-129.691925
8015.625000	-130.308655
8021.484375	-129.851608
8027.343750	-129.160416
8033.203125	-127.762878
8039.062500	-128.997711
8044.921875	-128.160904
8050.781250	-129.682495
8056.640625	-129.613983
8062.500000	-121.212044
8068.359375	-77.764778
8074.218750	-58.352470
8080.078125	-48.894318
8085.937500	-46.631207
8091.796875	-51.071014
8097.656250	-63.230141
8103.515625	-87.430870
8109.375000	-126.013321
8115.234375	-127.816116
8121.093750	-126.396538
8126.953125	-126.535225
8132.812500	-125.723244
8138.671875	-128.049942
8144.531250	-128.467133
8150.390625	-130.849091
8156.250000	-126.663788
8162.109375	-128.912750
8167.968750	-127.550865
8173.828125	-107.345398
8179.687500	-72.379089
8185.546875	-55.704395
8191.406250	-48.004765
8197.265625	-47.253105
8203.125000	-53.290325
8208.984375	-67.583977
8214.843750	-96.435112
8220.703125	-129.429962
8226.562500	-131.739517
8232.421875	-128.796204
8238.281250	-128.033920
8244.140625	-133.061539
8250.000000	-135.896072
8255.859375	-131.994781
8261.718750	-131.722382
8267.578125	-130.520660
8273.437500	-129.869324
8279.296875	-128.806686
8285.156250	-96.620552
8291.015625	-67.791801
8296.875000	-53.502563
8302.734375	-47.466450
8308.593750	-48.218678
8314.453125	-55.919525
8320.312500	-72.602982
8326.171875	-108.038033
8332.031250	-128.502304
8337.890625	-129.598312
8343.750000	-127.032303
8349.609375	-127.473801
8355.468750	-126.833443
8361.328125	-127.197266
8367.187500	-129.595779
8373.046875	-130.832108
8378.906250	-126.046989
8384.765625	-126.719719
8390.625000	-126.963135
8396.484375	-88.112556
8402.343750	-63.870476
8408.203125	-51.711201
8414.062500	-47.271507
8419.921875	-49.534615
8425.781250	-58.992714
8431.640625	-78.408737
8437.500000	-120.893234
8443.359375	-128.289978
8449.218750	-130.679016
8455.078125	-130.073410
8460.937500	-129.701462
8466.796875	-129.198288
8472.656250	-130.117767
8478.515625	-127.816635
8484.375000	-125.952393
8490.234375	-125.746628
8496.093750	-126.083214
8501.953125	-124.524002
8507.812500	-81.205200
8513.671875	-60.522430
8519.531250	-50.306610
8525.390625	-47.415470
8531.250000	-51.213223
8537.109375	-62.555107
8542.968750	-85.274582
8548.828125	-126.268005
8554.687500	-126.065575
8560.546875	-128.311874
8566.406250	-131.058838
8572.265625	-128.623978
8578.125000	-128.740143
8583.984375	-127.874847
8589.843750	-129.995499
8595.703125	-129.997696
8601.562500	-130.161530
8607.421875	-128.432953
8613.281250	-113.920967
8619.140625	-75.432449
8625.000000	-57.681503
8630.859375	-49.270119
8636.718750	-47.897976
8642.578125	-53.269836
8648.437500	-66.656754
8654.296875	-93.315880
8660.156250	-126.958488
8666.015625	-128.339890
8671.875000	-127.383354
8677.734375	-127.717476
8683.593750	-131.378372
8689.453125	-128.241501
8695.312500	-127.644737
8701.171875	-130.577850
8707.031250	-127.609268
8712.890625	-129.480408
8718.750000	-130.802902
8724.609375	-101.844513
8730.468750	-70.538948
8736.328125	-55.300972
8742.187500	-48.588978
8748.046875	-48.721714
8753.906250	-55.726383
8759.765625	-71.381416
8765.625000	-103.530510
8771.484375	-131.666031
8777.343750	-129.689911
8783.203125	-129.109222
8789.062500	-127.887375
8794.921875	-128.352844
8800.781250	-127.947372
8806.640625	-127.790733
8812.500000	-127.059433
8818.359375	-126.882309
8824.218750	-133.517990
8830.078125	-132.676147
8835.937500	-92.256477
8841.796875	-66.354561
8847.656250	-53.343182
8853.515625	-48.253151
8859.375000	-49.892159
8865.234375	-58.615414
8871.093750	-76.863564
8876.953125	-117.611168
8882.812500	-128.627487
8888.671875	-129.761215
8894.531250	-133.250153
8900.390625	-132.284866
8906.250000	-128.224243
8912.109375	-129.533356
8917.968750	-128.254898
8923.828125	-128.970139
8929.687500	-127.600601
8935.546875	-124.867470
8941.406250	-126.473312
8947.265625	-84.849945
8953.125000	-62.782440
8958.984375	-51.783642
8964.843750	-48.259022
8970.703125	-51.420444
8976.562500	-61.966957
8982.421875	-83.222008
8988.281250	-127.284912
8994.140625	-128.652313
9000.000000	-130.325043
9005.859375	-131.240036
9011.718750	-130.657227
9017.578125	-130.465500
9023.437500	-128.434708
9029.296875	-127.728203
9035.156250	-128.343124
9041.015625	-129.904633
9046.875000	-128.034592
9052.734375	-120.989647
9058.593750	-78.635902
9064.453125	-59.737247
9070.312500	-50.597446
9076.171875	-48.602585
9082.031250	-53.320103
9087.890625	-65.840515
9093.750000	-90.740761
9099.609375	-129.225403
9105.468750	-131.447189
9111.328125	-127.811806
9117.187500	-127.592720
9123.046875	-128.073166
9128.906250	-127.205383
9134.765625	-125.071693
9140.625000	-125.166931
9146.484375	-127.219704
9152.343750	-128.577698
9158.203125	-129.566879
9164.062500	-107.419479
9169.921875	-73.413551
9175.781250	-57.173943
9181.640625	-49.772385
9187.500000	-49.285736
9193.359375	-55.609592
9199.218750	-70.295372
9205.078125	-99.820183
9210.937500	-126.508995
9216.796875	-130.587936
9222.656250	-131.444443
9228.515625	-129.424622
9234.375000	-127.066895
9240.234375	-127.981628
9246.093750	-126.086090
9251.953125	-124.956726
9257.812500	-124.725006
9263.671875	-124.322441
9269.531250	-126.412300
9275.390625	-96.755737
9281.250000	-68.944244
9287.109375	-55.047440
9292.968750	-49.297527
9298.828125	-50.315086
9304.687500	-58.319019
9310.546875	-75.450897
9316.406250	-111.701500
9322.265625	-128.666382
9328.125000	-130.070160
9333.984375	-127.380142
9339.843750	-122.867683
9345.703125	-125.290085
9351.562500	-126.687111
9357.421875	-130.939362
9363.281250	-127.732262
9369.140625	-125.227837
9375.000000	-125.971352
9380.859375	-126.968575
9386.718750	-88.714706
9392.578125	-65.134369
9398.437500	-53.328171
9404.296875	-49.164406
9410.156250	-51.696049
9416.015625	-61.476212
9421.875000	-81.423599
9427.734375	-127.020340
9433.593750	-131.256958
9439.453125	-129.573288
9445.312500	-128.367691
9451.171875	-131.370453
9457.031250	-129.427353
9462.890625	-125.149193
9468.750000	-122.908485
9474.609375	-125.719284
9480.468750	-128.811905
9486.328125	-130.619629
9492.187500	-129.346344
9498.046875	-81.994064
9503.906250	-61.877754
9509.765625	-51.991432
9515.625000	-49.370373
9521.484375	-53.441811
9527.343750	-65.127182
9533.203125	-88.431732
9539.062500	-126.222343
9544.921875	-126.031197
9550.781250	-127.046333
9556.640625	-127.640053
9562.500000	-128.706085
9568.359375	-132.288788
9574.218750	-129.899597
9580.078125	-127.068756
9585.937500	-126.767677
9591.796875	-125.947258
9597.656250	-127.312714
9603.515625	-113.475563
9609.375000	-76.414047
9615.234375	-59.127277
9621.093750	-51.021969
9626.953125	-49.915695
9632.812500	-55.570869
9638.671875	-69.341553
9644.531250	-96.941887
9650.390625	-127.192841
9656.250000	-126.232430
9662.109375	-125.021149
9667.968750	-124.208168
9673.828125	-126.450386
9679.687500	-125.379593
9685.546875	-126.430634
9691.406250	-124.247566
9697.265625	-127.174179
9703.125000	-126.584633
9708.984375	-127.030365
9714.843750	-101.525131
9720.703125	-71.653358
9726.562500	-56.827091
9732.421875	-50.405972
9738.281250	-50.803669
9744.140625	-58.105362
9750.000000	-74.193077
9755.859375	-107.680115
9761.718750	-126.929695
9767.578125	-127.741348
9773.437500	-127.825706
9779.296875	-131.526443
9785.156250	-129.442017
9791.015625	-126.865517
9796.875000	-125.926407
9802.734375	-127.408501
9808.593750	-126.582169
9814.453125	-128.070740
9820.312500	-132.382339
9826.171875	-92.787720
9832.031250	-67.587181
9837.890625	-54.945225
9843.750000	-50.134872
9849.609375	-52.040642
9855.468750	-61.074837
9861.328125	-79.807205
9867.187500	-122.431526
9873.046875	-125.309914
9878.906250	-124.942513
9884.765625	-124.365616
9890.625000	-124.691460
9896.484375	-124.636383
9902.343750	-125.454643
9908.203125	-124.847931
9914.062500	-125.017403
9919.921875	-128.825745
9925.781250	-130.981781
9931.640625	-129.436569
9937.500000	-85.575439
9943.359375	-64.117828
9949.218750	-53.457161
9955.078125	-50.204670
9960.937500	-53.638203
9966.796875	-64.523064
9972.656250	-86.376556
9978.515625	-129.814072
9984.375000	-130.948166
9990.234375	-129.819656
9996.093750	-129.011963
10001.953125	-129.548035
10007.812500	-129.608231
10013.671875	-130.209366
10019.531250	-127.026581
10025.390625	-126.342255
10031.250000	-126.411316
10037.109375	-129.436890
10042.968750	-121.039291
10048.828125	-79.568977
10054.687500	-61.166557
10060.546875	-52.341152
10066.406250	-50.613400
10072.265625	-55.610760
10078.125000	-68.500397
10083.984375	-94.204330
10089.843750	-131.423889
10095.703125	-127.123688
10101.562500	-125.459732
10107.421875	-126.309547
10113.281250	-126.665665
10119.140625	-125.072372
10125.000000	-125.651642
10130.859375	-125.819504
10136.718750	-127.602806
10142.578125	-126.619476
10148.437500	-126.343407
10154.296875	-107.120789
10160.156250	-74.485962
10166.015625	-58.685459
10171.875000	-51.582226
10177.734375	-51.361359
10183.593750	-57.977131
10189.453125	-73.078316
10195.312500	-103.751289
10201.171875	-127.779236
10207.031250	-126.011803
10212.890625	-127.744614
10218.750000	-127.549507
10224.609375	-126.094696
10230.468750	-126.327461
10236.328125	-130.033752
10242.187500	-133.903503
10248.046875	-131.088730
10253.906250	-129.461853
10259.765625	-128.785614
10265.625000	-97.154495
10271.484375	-70.155281
10277.343750	-56.640507
10283.203125	-51.173584
10289.062500	-52.456860
10294.921875	-60.763920
10300.781250	-78.352325
10306.640625	-115.419464
10312.500000	-126.765945
10318.359375	-126.108894
10324.218750	-127.210777
10330.078125	-126.635048
10335.937500	-125.742317
10341.796875	-126.059708
10347.656250	-124.348610
10353.515625	-123.779839
10359.375000	-124.786201
10365.234375	-129.924332
10371.093750	-127.295403
10376.953125	-89.383568
10382.812500	-66.453728
10388.671875	-54.995705
10394.531250	-51.106396
10400.390625	-53.907242
10406.250000	-64.013130
10412.109375	-84.515366
10417.968750	-128.986664
10423.828125	-125.735268
10429.687500	-123.904892
10435.546875	-125.914436
10441.406250	-129.873062
10447.265625	-129.282516
10453.125000	-127.032310
10458.984375	-127.663330
10464.843750	-127.699249
10470.703125	-130.917221
10476.562500	-127.856163
10482.421875	-124.653908
10488.281250	-82.901260
10494.140625	-63.296658
10500.000000	-53.730686
10505.859375	-51.377838
10511.718750	-55.725349
10517.578125	-67.764381
10523.437500	-91.739639
10529.296875	-127.033699
10535.156250	-126.487839
10541.015625	-128.010574
10546.875000	-128.443024
10552.734375	-127.465408
10558.593750	-124.789818
10564.453125	-123.682503
10570.312500	-124.772263
10576.171875	-124.925011
10582.031250	-125.620071
10587.890625	-125.257744
10593.750000	-112.533859
10599.609375	-77.453453
10605.468750	-60.632332
10611.328125	-52.830856
10617.187500	-51.990814
10623.046875	-57.931934
10628.906250	-72.096481
10634.765625	-100.576294
10640.625000	-130.001038
10646.484375	-129.133759
10652.343750	-131.842697
10658.203125	-130.853836
10664.062500	-129.262772
10669.921875	-132.357986
10675.781250	-128.423767
10681.640625	-129.887390
10687.500000	-128.383041
10693.359375	-127.684296
10699.218750	-128.206543
10705.078125	-102.069618
10710.937500	-72.835861
10716.796875	-58.413383
10722.656250	-52.281509
10728.515625	-52.945194
10734.375000	-60.545746
10740.234375	-77.076172
10746.093750	-111.290840
10751.953125	-126.236771
10757.812500	-127.099030
10763.671875	-127.248543
10769.531250	-125.259933
10775.390625	-124.679390
10781.250000	-124.942894
10787.109375	-127.397720
10792.968750	-125.704437
10798.828125	-125.109528
10804.687500	-129.276443
10810.546875	-128.177444
10816.406250	-93.357674
10822.265625	-68.893959
10828.125000	-56.611790
10833.984375	-52.079548
10839.843750	-54.253349
10845.703125	-63.607258
10851.562500	-82.854012
10857.421875	-124.185417
10863.281250	-127.362434
10869.140625	-126.889755
10875.000000	-126.517700
10880.859375	-126.939972
10886.718750	-129.811874
10892.578125	-129.575882
10898.437500	-127.490044
10904.296875	-127.469910
10910.156250	-124.596298
10916.015625	-125.256020
10921.875000	-126.814537
10927.734375	-86.396751
10933.593750	-65.524017
10939.453125	-55.196651
10945.312500	-52.215237
10951.171875	-55.921547
10957.031250	-67.146996
10962.890625	-89.619537
10968.750000	-131.083984
10974.609375	-130.494461
10980.468750	-129.422119
10986.328125	-130.133575
10992.187500	-132.032410
10998.046875	-129.504776
11003.906250	-128.730804
11009.765625	-126.693573
11015.625000	-127.132179
11021.484375	-129.671036
11027.343750	-132.286392
11033.203125	-132.664062
11039.062500	-128.377426
11044.921875	-128.582916
11050.781250	-129.613220
11056.640625	-129.393860
11062.500000	-129.314545
11068.359375	-131.286514
11074.218750	-132.574066
11080.078125	-131.458984
11085.937500	-130.083939
11091.796875	-133.843857
11097.656250	-131.370270
11103.515625	-126.055138
11109.375000	-126.175751
11115.234375	-127.090843
11121.093750	-132.054428
11126.953125	-131.428329
11132.812500	-126.233620
11138.671875	-126.120735
11144.531250	-127.102188
11150.390625	-128.609467
11156.250000	-133.067657
11162.109375	-129.695694
11167.968750	-127.087341
11173.828125	-126.606094
11179.687500	-128.800476
11185.546875	-130.946793
11191.406250	-132.422226
11197.265625	-130.205246
11203.125000	-130.131012
11208.984375	-130.523682
11214.843750	-128.331421
11220.703125	-127.586159
11226.562500	-125.065002
11232.421875	-125.923836
11238.281250	-127.844193
11244.140625	-136.134979
11250.000000	-132.834961
11255.859375	-132.767593
11261.718750	-132.298599
11267.578125	-129.079056
11273.437500	-128.564041
11279.296875	-130.492538
11285.156250	-128.342163
11291.015625	-129.233627
11296.875000	-128.619247
11302.734375	-128.356293
11308.593750	-127.923698
11314.453125	-128.155060
11320.312500	-127.633270
11326.171875	-126.515762
11332.031250	-125.796051
11337.890625	-127.050369
11343.750000	-128.214249
11349.609375	-130.858276
11355.468750	-132.931198
11361.328125	-134.860489
11367.187500	-130.212387
11373.046875	-129.704117
11378.906250	-129.367310
11384.765625	-125.475075
11390.625000	-126.762474
11396.484375	-127.935097
11402.343750	-129.393890
11408.203125	-128.895660
11414.062500	-131.154663
11419.921875	-132.076431
11425.781250	-129.468582
11431.640625	-133.222946
11437.500000	-128.937653
11443.359375	-128.155823
11449.218750	-126.830887
11455.078125	-128.610214
11460.937500	-132.322098
11466.796875	-129.389328
11472.656250	-126.699646
11478.515625	-128.516678
11484.375000	-129.986801
11490.234375	-127.069954
11496.093750	-125.975945
11501.953125	-125.201134
11507.812500	-129.769974
11513.671875	-131.092148
11519.531250	-133.598038
11525.390625	-131.967712
11531.250000	-130.470505
11537.109375	-127.651878
11542.968750	-129.465302
11548.828125	-131.574692
11554.687500	-131.846924
11560.546875	-129.985779
11566.406250	-128.700302
11572.265625	-129.475296
11578.125000	-126.845428
11583.984375	-125.271927
11589.843750	-126.500160
11595.703125	-130.431885
11601.562500	-128.268555
11607.421875	-128.111557
11613.281250	-127.014214
11619.140625	-130.346588
11625.000000	-128.652313
11630.859375	-127.668159
11636.718750	-127.601311
11642.578125	-129.524567
11648.437500	-129.621735
11654.296875	-129.010910
11660.156250	-130.429092
11666.015625	-127.535194
11671.875000	-126.736000
11677.734375	-129.610336
11683.593750	-133.572769
11689.453125	-129.395721
11695.312500	-128.719574
11701.171875	-129.074234
11707.031250	-126.493370
11712.890625	-124.372192
11718.750000	-124.687271
11724.609375	-128.607971
11730.468750	-129.967209
11736.328125	-129.435944
11742.187500	-127.602409
11748.046875	-126.215355
11753.906250	-125.797882
11759.765625	-126.672142
11765.625000	-130.703964
11771.484375	-131.231735
11777.343750	-134.692963
11783.203125	-134.501770
11789.062500	-130.263336
11794.921875	-130.880203
11800.781250	-133.582565
11806.640625	-128.915894
11812.500000	-128.000931
11818.359375	-128.455872
11824.218750	-126.976730
11830.078125	-128.149796
11835.937500	-128.893341
11841.796875	-128.273254
11847.656250	-130.293701
11853.515625	-132.190720
11859.375000	-128.204758
11865.234375	-129.701736
11871.093750	-131.029694
11876.953125	-126.143135
11882.812500	-127.585854
11888.671875	-132.759369
11894.531250	-134.077515
11900.390625	-133.296524
11906.250000	-131.314880
11912.109375	-129.128937
11917.968750	-128.747131
11923.828125	-127.591675
11929.687500	-127.683525
11935.546875	-126.427185
11941.406250	-128.996689
11947.265625	-132.924164
11953.125000	-133.758942
11958.984375	-130.470673
11964.843750	-131.900314
11970.703125	-130.222382
11976.562500	-131.385376
11982.421875	-128.497452
11988.281250	-128.126770
11994.140625	-128.525482
12000.000000	-130.186829
12005.859375	-131.792419
12011.718750	-134.419830
12017.578125	-134.132401
12023.437500	-132.455353
12029.296875	-131.892929
12035.156250	-128.914383
12041.015625	-128.867966
12046.875000	-128.991333
12052.734375	-127.041557
12058.593750	-128.410156
12064.453125	-128.550751
12070.312500	-133.047256
12076.171875	-129.702667
12082.031250	-131.300629
12087.890625	-131.506729
12093.750000	-129.738235
12099.609375	-127.808434
12105.468750	-127.072578
12111.328125	-128.143204
12117.187500	-130.329758
12123.046875	-133.646423
12128.906250	-130.838715
12134.765625	-128.636749
12140.625000	-129.463486
12146.484375	-131.506393
12152.343750	-133.263214
12158.203125	-130.851364
12164.062500	-128.506271
12169.921875	-128.724930
12175.781250	-129.577347
12181.640625	-130.122681
12187.500000	-128.298996
12193.359375	-129.905670
12199.218750	-128.475891
12205.078125	-128.742310
12210.937500	-131.153061
12216.796875	-133.566559
12222.656250	-132.515930
12228.515625	-131.697586
12234.375000	-130.783401
12240.234375	-128.205048
12246.093750	-130.480972
12251.953125	-130.327805
12257.812500	-133.134659
12263.671875	-132.764984
12269.531250	-130.649887
12275.390625	-128.655991
12281.250000	-129.221466
12287.109375	-134.663269
12292.968750	-131.148315
12298.828125	-130.083344
12304.687500	-131.026398
12310.546875	-130.871002
12316.406250	-130.907730
12322.265625	-131.706131
12328.125000	-133.023758
12333.984375	-134.870804
12339.843750	-131.182632
12345.703125	-130.582581
12351.562500	-131.523682
12357.421875	-141.316879
12363.281250	-137.447327
12369.140625	-133.672531
12375.000000	-134.045380
12380.859375	-131.420090
12386.718750	-131.323120
12392.578125	-135.094818
12398.437500	-131.845749
12404.296875	-130.434570
12410.156250	-130.860947
12416.015625	-131.971176
12421.875000	-136.880981
12427.734375	-137.450729
12433.593750	-131.506516
12439.453125	-127.729683
12445.312500	-129.663864
12451.171875	-132.680298
12457.031250	-133.701828
12462.890625	-133.278107
12468.750000	-131.378525
12474.609375	-130.817520
12480.468750	-131.596207
12486.328125	-131.128586
12492.187500	-131.978027
12498.046875	-132.228302
12503.906250	-132.219315
12509.765625	-130.108734
12515.625000	-129.298248
12521.484375	-133.137558
12527.343750	-132.398987
12533.203125	-133.090256
12539.062500	-133.019104
12544.921875	-134.287231
12550.781250	-134.617722
12556.640625	-134.161041
12562.500000	-134.042236
12568.359375	-134.828751
12574.218750	-132.819260
12580.078125	-136.162521
12585.937500	-138.452759
12591.796875	-134.421219
12597.656250	-131.433105
12603.515625	-129.027481
12609.375000	-130.747345
12615.234375	-131.543427
12621.093750	-132.772873
12626.953125	-131.845215
12632.812500	-132.190689
12638.671875	-131.517899
12644.531250	-132.002304
12650.390625	-129.838303
12656.250000	-130.528412
12662.109375	-130.745804
12667.968750	-131.653625
12673.828125	-130.018677
12679.687500	-133.330872
12685.546875	-132.650620
12691.406250	-132.681320
12697.265625	-130.162659
12703.125000	-131.823517
12708.984375	-131.594513
12714.843750	-136.729019
12720.703125	-134.950317
12726.562500	-133.367416
12732.421875	-135.003967
12738.281250	-133.663681
12744.140625	-131.393784
12750.000000	-130.226242
12755.859375	-129.945023
12761.718750	-131.101349
12767.578125	-134.430618
12773.437500	-132.606369
12779.296875	-132.715912
12785.156250	-132.274506
12791.015625	-132.359467
12796.875000	-130.366486
12802.734375	-130.928879
12808.593750	-132.020523
12814.453125	-131.967422
12820.312500	-133.756790
12826.171875	-133.660156
12832.031250	-136.897858
12837.890625	-138.389206
12843.750000	-138.005020
12849.609375	-136.024155
12855.468750	-136.591278
12861.328125	-135.991653
12867.187500	-137.577805
12873.046875	-136.821899
12878.906250	-131.844223
12884.765625	-130.686325
12890.625000	-131.509216
12896.484375	-133.589539
12902.343750	-134.983200
12908.203125	-133.110565
12914.062500	-134.904373
12919.921875	-133.166168
12925.781250	-133.663589
12931.640625	-133.015289
12937.500000	-135.238388
12943.359375	-136.389572
12949.218750	-136.875015
12955.078125	-137.744614
12960.937500	-134.990997
12966.796875	-132.043015
12972.656250	-131.814880
12978.515625	-132.881668
12984.375000	-132.174545
12990.234375	-131.247849
12996.093750	-131.467041
13001.953125	-134.793304
13007.812500	-132.635483
13013.671875	-134.004517
13019.531250	-137.072662
13025.390625	-133.318542
13031.250000	-133.937134
13037.109375	-134.514343
13042.968750	-135.057938
13048.828125	-133.709045
13054.687500	-135.505341
13060.546875	-133.846863
13066.406250	-135.359894
13072.265625	-137.387314
13078.125000	-133.483887
13083.984375	-132.957642
13089.843750	-133.260956
13095.703125	-132.313004
13101.562500	-134.939026
13107.421875	-133.780807
13113.281250	-137.973862
13119.140625	-136.223160
13125.000000	-138.683487
13130.859375	-138.906845
13136.718750	-136.361908
13142.578125	-133.596268
13148.437500	-133.275970
13154.296875	-131.795792
13160.156250	-133.672501
13166.015625	-131.777939
13171.875000	-133.484406
13177.734375	-134.570755
13183.593750	-136.361252
13189.453125	-133.308228
13195.312500	-137.002396
13201.171875	-131.910294
13207.031250	-133.367737
13212.890625	-134.035965
13218.750000	-136.625427
13224.609375	-134.934830
13230.468750	-133.978867
13236.328125	-136.765259
13242.187500	-138.709534
13248.046875	-138.803879
13253.906250	-135.457321
13259.765625	-138.031815
13265.625000	-137.559113
13271.484375	-142.787582
13277.343750	-137.267258
13283.203125	-134.543686
13289.062500	-135.330643
13294.921875	-135.709717
13300.781250	-139.596130
13306.640625	-136.216400
13312.500000	-134.249954
13318.359375	-133.153839
13324.218750	-133.968933
13330.078125	-133.187668
13335.937500	-138.422577
13341.796875	-137.433868
13347.656250	-139.680923
13353.515625	-137.307755
13359.375000	-133.924438
13365.234375	-134.765930
13371.093750	-136.911026
13376.953125	-135.348328
13382.812500	-134.980606
13388.671875	-139.967178
13394.531250	-135.040802
13400.390625	-136.019226
13406.250000	-135.881866
13412.109375	-137.981491
13417.968750	-134.680954
13423.828125	-136.554550
13429.687500	-135.482162
13435.546875	-136.879990
13441.406250	-134.320206
13447.265625	-137.388901
13453.125000	-136.035049
13458.984375	-138.353088
13464.843750	-142.407700
13470.703125	-139.369995
13476.562500	-138.225281
13482.421875	-135.139816
13488.281250	-132.076385
13494.140625	-130.984985
13500.000000	-132.070572
13505.859375	-135.836548
13511.718750	-140.479523
13517.578125	-137.596634
13523.437500	-134.646118
13529.296875	-135.846130
13535.156250	-136.284637
13541.015625	-136.023193
13546.875000	-132.534180
13552.734375	-133.759567
13558.593750	-133.428894
13564.453125	-135.068146
13570.312500	-137.093292
13576.171875	-139.527649
13582.031250	-134.364670
13587.890625	-134.535019
13593.750000	-138.634735
13599.609375	-137.670700
13605.468750	-135.251770
13611.328125	-136.353668
13617.187500	-134.725266
13623.046875	-138.008118
13628.906250	-135.872864
13634.765625	-142.599243
13640.625000	-136.750458
13646.484375	-139.924072
13652.343750	-138.434341
13658.203125	-134.541962
13664.062500	-134.359741
13669.921875	-134.379425
13675.781250	-134.762466
13681.640625	-133.703110
13687.500000	-134.811447
13693.359375	-138.313675
13699.218750	-133.963608
13705.078125	-134.509750
13710.937500	-134.346191
13716.796875	-140.584641
13722.656250	-137.550369
13728.515625	-140.932877
13734.375000	-137.103622
13740.234375	-133.473633
13746.093750	-131.988342
13751.953125	-136.468842
13757.812500	-139.836838
13763.671875	-134.474426
13769.531250	-132.478760
13775.390625	-133.675964
13781.250000	-132.709183
13787.109375	-134.772919
13792.968750	-133.693542
13798.828125	-132.950592
13804.687500	-137.194717
13810.546875	-138.639313
13816.406250	-137.196472
13822.265625	-136.150345
13828.125000	-135.026901
13833.984375	-133.353363
13839.843750	-135.052292
13845.703125	-133.977859
13851.562500	-132.040817
13857.421875	-131.208633
13863.281250	-131.602051
13869.140625	-132.638458
13875.000000	-135.163895
13880.859375	-137.124084
13886.718750	-138.948441
13892.578125	-137.307129
13898.437500	-135.271622
13904.296875	-137.991714
13910.156250	-137.957306
13916.015625	-137.474548
13921.875000	-133.855286
13927.734375	-133.012482
13933.593750	-132.052933
13939.453125	-132.318161
13945.312500	-131.840820
13951.171875	-131.547195
13957.031250	-135.324036
13962.890625	-133.441116
13968.750000	-132.978043
13974.609375	-132.388138
13980.468750	-131.685379
13986.328125	-131.694473
13992.187500	-132.036118
13998.046875	-132.220718
14003.906250	-132.196075
14009.765625	-128.648956
14015.625000	-130.931610
14021.484375	-133.392899
14027.343750	-134.646667
14033.203125	-139.544907
14039.062500	-138.472748
14044.921875	-134.199112
14050.781250	-131.671021
14056.640625	-132.003860
14062.500000	-133.813019
14068.359375	-136.311188
14074.218750	-134.776260
14080.078125	-131.748596
14085.937500	-131.955963
14091.796875	-132.202530
14097.656250	-132.419266
14103.515625	-133.681961
14109.375000	-136.150055
14115.234375	-133.223099
14121.093750	-131.821533
14126.953125	-135.566635
14132.812500	-138.305481
14138.671875	-132.102219
14144.531250	-131.565491
14150.390625	-131.328339
14156.250000	-131.651321
14162.109375	-131.041519
14167.968750	-130.226700
14173.828125	-130.747711
14179.687500	-133.350403
14185.546875	-134.380142
14191.406250	-133.008362
14197.265625	-133.995346
14203.125000	-132.270645
14208.984375	-134.512314
14214.843750	-132.763947
14220.703125	-131.182968
14226.562500	-131.150848
14232.421875	-132.264542
14238.281250	-132.331589
14244.140625	-129.864365
14250.000000	-128.547195
14255.859375	-127.998970
14261.718750	-128.761124
14267.578125	-129.002350
14273.437500	-128.989609
14279.296875	-128.734879
14285.156250	-130.508469
14291.015625	-133.334335
14296.875000	-130.393723
14302.734375	-133.504059
14308.593750	-134.376892
14314.453125	-131.235580
14320.312500	-131.247086
14326.171875	-130.681961
14332.031250	-132.122543
14337.890625	-131.002625
14343.750000	-134.879013
14349.609375	-133.456573
14355.468750	-133.569870
14361.328125	-138.302612
14367.187500	-133.487793
14373.046875	-136.277863
14378.906250	-134.882065
14384.765625	-134.346268
14390.625000	-130.421188
14396.484375	-131.352921
14402.343750	-133.292694
14408.203125	-133.740189
14414.062500	-132.016541
14419.921875	-133.378265
14425.781250	-136.962692
14431.640625	-135.750244
14437.500000	-133.821396
14443.359375	-131.469696
14449.218750	-132.442795
14455.078125	-130.352188
14460.937500	-132.855789
14466.796875	-132.900314
14472.656250	-130.059219
14478.515625	-130.378494
14484.375000	-132.710663
14490.234375	-131.137238
14496.093750	-130.960587
14501.953125	-130.317230
14507.812500	-129.852158
14513.671875	-129.755447
14519.531250	-130.676498
14525.390625	-130.553513
14531.250000	-132.325470
14537.109375	-128.795700
14542.968750	-128.149109
14548.828125	-129.253494
14554.687500	-129.003662
14560.546875	-128.150513
14566.406250	-130.034286
14572.265625	-131.815109
14578.125000	-135.092239
14583.984375	-133.455078
14589.843750	-128.954163
14595.703125	-127.581169
14601.562500	-129.998322
14607.421875	-131.998077
14613.281250	-133.111115
14619.140625	-132.688644
14625.000000	-130.027267
14630.859375	-126.563858
14636.718750	-125.386833
14642.578125	-127.238564
14648.437500	-130.274109
14654.296875	-131.471466
14660.156250	-130.446671
14666.015625	-128.337814
14671.875000	-129.457550
14677.734375	-131.160706
14683.593750	-129.304764
14689.453125	-127.094193
14695.312500	-124.929352
14701.171875	-125.340736
14707.031250	-126.724457
14712.890625	-127.807281
14718.750000	-126.308777
14724.609375	-128.115219
14730.468750	-127.006477
14736.328125	-125.326920
14742.187500	-124.436653
14748.046875	-125.732399
14753.906250	-128.570663
14759.765625	-126.629509
14765.625000	-127.130692
14771.484375	-129.112747
14777.343750	-128.696945
14783.203125	-126.810524
14789.062500	-125.029457
14794.921875	-124.903603
14800.781250	-129.019760
14806.640625	-129.804474
14812.500000	-126.868553
14818.359375	-124.329147
14824.218750	-125.738274
14830.078125	-128.784271
14835.937500	-127.046349
14841.796875	-126.553032
14847.656250	-126.258461
14853.515625	-129.434418
14859.375000	-134.545670
14865.234375	-132.495270
14871.093750	-130.828369
14876.953125	-131.146255
14882.812500	-130.136108
14888.671875	-129.317017
14894.531250	-129.597183
14900.390625	-126.489838
14906.250000	-126.442123
14912.109375	-128.613235
14917.968750	-127.264755
14923.828125	-124.595314
14929.687500	-126.528305
14935.546875	-131.012192
14941.406250	-128.356857
14947.265625	-127.441124
14953.125000	-129.711365
14958.984375	-129.611847
14964.843750	-128.134583
14970.703125	-128.278656
14976.562500	-127.171867
14982.421875	-128.894989
14988.281250	-129.932922
14994.140625	-129.529114
15000.000000	-128.942139
15005.859375	-128.929489
15011.718750	-127.690933
15017.578125	-127.181122
15023.437500	-125.883850
15029.296875	-125.829720
15035.156250	-127.405441
15041.015625	-129.030548
15046.875000	-125.280365
15052.734375	-125.791847
15058.593750	-131.346024
15064.453125	-131.399353
15070.312500	-131.646439
15076.171875	-127.108940
15082.031250	-125.637444
15087.890625	-125.837654
15093.750000	-127.700699
15099.609375	-129.986160
15105.468750	-129.689697
15111.328125	-129.044250
15117.187500	-124.351562
15123.046875	-125.541145
15128.906250	-127.584549
15134.765625	-126.483398
15140.625000	-128.358292
15146.484375	-128.987518
15152.343750	-126.763443
15158.203125	-126.723534
15164.062500	-126.043495
15169.921875	-124.176575
15175.781250	-124.877693
15181.640625	-127.625488
15187.500000	-127.321411
15193.359375	-125.708244
15199.218750	-125.304474
15205.078125	-125.578522
15210.937500	-124.960670
15216.796875	-125.989586
15222.656250	-129.925812
15228.515625	-128.589493
15234.375000	-126.707954
15240.234375	-131.382309
15246.093750	-125.861748
15251.953125	-123.659286
15257.812500	-125.449203
15263.671875	-125.488159
15269.531250	-125.971779
15275.390625	-127.975304
15281.250000	-126.466667
15287.109375	-124.450005
15292.968750	-124.903969
15298.828125	-125.725365
15304.687500	-124.913246
15310.546875	-123.110893
15316.406250	-124.104637
15322.265625	-130.175659
15328.125000	-127.328514
15333.984375	-125.427788
15339.843750	-127.067642
15345.703125	-130.017090
15351.562500	-132.146332
15357.421875	-133.737152
15363.281250	-128.403412
15369.140625	-123.763443
15375.000000	-122.762321
15380.859375	-125.403267
15386.718750	-128.328323
15392.578125	-125.862701
15398.437500	-124.943581
15404.296875	-125.897919
15410.156250	-128.865723
15416.015625	-128.266373
15421.875000	-126.753685
15427.734375	-127.297829
15433.593750	-125.808708
15439.453125	-124.079498
15445.312500	-125.579391
15451.171875	-126.443115
15457.031250	-123.487953
15462.890625	-121.600800
15468.750000	-122.661911
15474.609375	-122.420364
15480.468750	-120.444603
15486.328125	-121.512627
15492.187500	-125.472694
15498.046875	-126.728188
15503.906250	-123.962975
15509.765625	-122.284195
15515.625000	-121.245613
15521.484375	-121.560783
15527.343750	-124.478119
15533.203125	-124.326683
15539.062500	-123.353355
15544.921875	-123.956757
15550.781250	-123.741127
15556.640625	-124.513878
15562.500000	-123.691612
15568.359375	-124.258118
15574.218750	-124.438171
15580.078125	-126.061935
15585.937500	-127.307152
15591.796875	-129.612564
15597.656250	-127.237755
15603.515625	-124.763817
15609.375000	-121.527657
15615.234375	-120.713066
15621.093750	-122.603928
15626.953125	-125.500412
15632.812500	-125.482033
15638.671875	-126.883316
15644.531250	-127.264854
15650.390625	-125.252213
15656.250000	-124.779442
15662.109375	-123.957474
15667.968750	-122.358780
15673.828125	-122.425598
15679.687500	-124.557953
15685.546875	-125.217194
15691.406250	-124.482117
15697.265625	-123.030724
15703.125000	-121.805481
15708.984375	-120.819710
15714.843750	-120.615807
15720.703125	-120.944092
15726.562500	-122.326866
15732.421875	-122.996590
15738.281250	-123.368889
15744.140625	-123.827019
15750.000000	-124.983116
15755.859375	-125.624855
15761.718750	-126.197739
15767.578125	-125.548897
15773.437500	-124.490448
15779.296875	-124.304802
15785.156250	-124.609337
15791.015625	-123.465805
15796.875000	-121.752472
15802.734375	-121.028076
15808.593750	-121.018608
15814.453125	-120.725487
15820.312500	-121.188133
15826.171875	-123.407730
15832.031250	-123.394897
15837.890625	-121.289253
15843.750000	-118.802048
15849.609375	-118.854355
15855.468750	-119.383545
15861.328125	-121.800598
15867.187500	-125.918900
15873.046875	-129.585526
15878.906250	-126.767357
15884.765625	-123.762863
15890.625000	-124.409622
15896.484375	-126.059464
15902.343750	-122.569443
15908.203125	-121.774490
15914.062500	-121.551056
15919.921875	-121.233147
15925.781250	-120.650475
15931.640625	-121.448334
15937.500000	-121.824532
15943.359375	-122.732292
15949.218750	-122.714027
15955.078125	-125.648254
15960.937500	-124.328072
15966.796875	-121.887398
15972.656250	-120.199623
15978.515625	-119.549232
15984.375000	-121.158897
15990.234375	-121.149811
15996.093750	-120.937828
16001.953125	-124.045311
16007.812500	-124.570595
16013.671875	-123.644508
16019.531250	-123.196396
16025.390625	-123.549294
16031.250000	-123.654106
16037.109375	-123.637505
16042.968750	-125.013573
16048.828125	-122.981079
16054.687500	-121.322426
16060.546875	-122.090454
16066.406250	-123.591354
16072.265625	-122.079979
16078.125000	-123.313675
16083.984375	-125.200012
16089.843750	-121.473099
16095.703125	-120.589249
16101.562500	-122.364204
16107.421875	-127.545265
16113.281250	-124.739433
16119.140625	-121.764297
16125.000000	-120.700966
16130.859375	-122.584244
16136.718750	-125.179092
16142.578125	-123.369568
16148.437500	-121.043785
16154.296875	-121.446579
16160.156250	-120.913406
16166.015625	-119.876877
16171.875000	-120.929306
16177.734375	-121.052536
16183.593750	-119.942863
16189.453125	-118.005394
16195.312500	-118.089127
16201.171875	-120.494156
16207.031250	-121.666992
16212.890625	-121.986679
16218.750000	-121.601494
16224.609375	-121.484650
16230.468750	-119.742546
16236.328125	-119.604927
16242.187500	-120.925606
16248.046875	-121.306999
16253.906250	-121.296875
16259.765625	-119.167664
16265.625000	-119.552582
16271.484375	-122.959419
16277.343750	-121.218597
16283.203125	-120.983948
16289.062500	-121.940102
16294.921875	-123.101807
16300.781250	-123.749809
16306.640625	-122.262741
16312.500000	-120.277107
16318.359375	-120.834839
16324.218750	-122.148598
16330.078125	-122.936562
16335.937500	-123.163368
16341.796875	-120.610741
16347.656250	-117.700836
16353.515625	-117.865532
16359.375000	-119.004448
16365.234375	-120.283791
16371.093750	-121.501587
16376.953125	-119.903458
16382.812500	-120.798943
16388.671875	-120.104141
16394.531250	-119.661804
16400.390625	-121.141617
16406.250000	-121.051254
16412.109375	-119.954651
16417.968750	-120.482841
16423.828125	-122.676720
16429.687500	-119.968246
16435.546875	-118.778236
16441.406250	-120.399292
16447.265625	-120.910873
16453.125000	-119.170364
16458.984375	-119.635094
16464.843750	-123.581421
16470.703125	-121.605782
16476.562500	-120.304993
16482.421875	-120.554260
16488.281250	-122.622993
16494.140625	-122.833221
16500.000000	-121.692978
16505.859375	-120.872833
16511.718750	-120.365211
16517.578125	-120.129959
16523.437500	-119.894455
16529.296875	-119.476868
16535.156250	-121.614098
16541.015625	-122.568481
16546.875000	-121.995140
16552.734375	-126.282425
16558.593750	-130.652634
16564.453125	-122.871780
16570.312500	-121.165848
16576.171875	-120.487022
16582.031250	-118.694664
16587.890625	-117.859673
16593.750000	-118.996178
16599.609375	-123.208549
16605.468750	-122.848846
16611.328125	-119.518204
16617.187500	-119.315506
16623.046875	-121.235306
16628.906250	-120.979408
16634.765625	-117.127945
16640.625000	-118.017433
16646.484375	-123.975891
16652.343750	-124.153343
16658.203125	-120.169998
16664.062500	-120.506660
16669.921875	-121.131332
16675.781250	-119.911766
16681.640625	-120.129318
16687.500000	-121.292091
16693.359375	-124.415314
16699.218750	-120.410286
16705.078125	-119.748466
16710.937500	-122.424629
16716.796875	-124.431046
16722.656250	-118.454636
16728.515625	-115.993759
16734.375000	-117.171066
16740.234375	-120.063644
16746.093750	-122.249222
16751.953125	-121.624283
16757.812500	-119.491394
16763.671875	-118.562187
16769.531250	-120.068657
16775.390625	-119.613319
16781.250000	-120.705879
16787.109375	-120.204201
16792.968750	-118.468933
16798.828125	-119.043633
16804.687500	-119.184364
16810.546875	-117.022087
16816.406250	-116.544006
16822.265625	-117.433304
16828.125000	-118.343552
16833.984375	-119.219597
16839.843750	-120.622063
16845.703125	-123.202919
16851.562500	-124.007706
16857.421875	-120.803535
16863.281250	-120.112030
16869.140625	-119.207680
16875.000000	-116.726799
16880.859375	-116.974792
16886.718750	-120.417397
16892.578125	-124.807999
16898.437500	-129.218491
16904.296875	-125.373741
16910.156250	-121.027191
16916.015625	-118.822311
16921.875000	-118.063332
16927.734375	-118.988121
16933.593750	-121.938446
16939.453125	-122.541359
16945.312500	-122.493446
16951.171875	-121.791153
16957.031250	-121.657516
16962.890625	-118.491455
16968.750000	-117.630302
16974.609375	-120.873787
16980.468750	-122.691307
16986.328125	-120.863419
16992.187500	-117.702629
16998.046875	-116.174538
17003.906250	-114.809204
17009.765625	-116.555733
17015.625000	-121.674942
17021.484375	-121.504662
17027.343750	-120.520218
17033.203125	-119.482834
17039.062500	-119.816399
17044.921875	-121.450409
17050.781250	-123.116165
17056.640625	-124.570526
17062.500000	-123.521271
17068.359375	-120.240173
17074.218750	-117.286690
17080.078125	-116.612823
17085.937500	-115.302383
17091.796875	-116.057930
17097.656250	-118.271416
17103.515625	-119.861259
17109.375000	-121.992668
17115.234375	-123.027771
17121.093750	-120.496178
17126.953125	-119.036636
17132.812500	-119.649323
17138.671875	-119.472771
17144.531250	-117.781227
17150.390625	-116.677078
17156.250000	-117.282799
17162.109375	-116.589920
17167.968750	-116.794762
17173.828125	-116.841667
17179.687500	-118.258759
17185.546875	-121.400185
17191.406250	-122.543434
17197.265625	-118.853790
17203.125000	-117.523048
17208.984375	-118.606194
17214.843750	-120.656067
17220.703125	-119.030029
17226.562500	-117.545097
17232.421875	-118.104240
17238.281250	-121.451836
17244.140625	-122.375526
17250.000000	-120.546997
17255.859375	-119.830658
17261.718750	-120.141739
17267.578125	-117.211342
17273.437500	-118.192833
17279.296875	-120.291931
17285.156250	-117.717331
17291.015625	-118.717010
17296.875000	-121.292931
17302.734375	-122.006851
17308.593750	-120.251030
17314.453125	-116.896729
17320.312500	-116.818092
17326.171875	-117.789017
17332.031250	-118.549049
17337.890625	-121.721893
17343.750000	-123.932373
17349.609375	-119.516594
17355.468750	-120.226517
17361.328125	-120.736870
17367.187500	-117.112724
17373.046875	-116.252617
17378.906250	-117.107887
17384.765625	-118.559357
17390.625000	-120.021255
17396.484375	-118.954292
17402.343750	-119.238060
17408.203125	-119.476173
17414.062500	-120.670685
17419.921875	-124.541191
17425.781250	-123.271477
17431.640625	-118.363441
17437.500000	-117.590813
17443.359375	-117.936218
17449.218750	-116.503517
17455.078125	-115.597008
17460.937500	-116.779770
17466.796875	-118.874908
17472.656250	-117.781609
17478.515625	-116.268074
17484.375000	-115.595642
17490.234375	-116.634270
17496.093750	-118.127022
17501.953125	-121.496864
17507.812500	-130.668045
17513.671875	-122.255409
17519.531250	-118.820557
17525.390625	-120.344589
17531.250000	-116.821960
17537.109375	-114.291725
17542.968750	-116.392113
17548.828125	-121.111229
17554.687500	-119.901634
17560.546875	-117.754128
17566.406250	-119.672981
17572.265625	-121.320557
17578.125000	-120.495308
17583.984375	-119.044075
17589.843750	-119.862267
17595.703125	-122.502945
17601.562500	-122.117271
17607.421875	-117.481216
17613.281250	-114.872513
17619.140625	-115.741058
17625.000000	-116.736755
17630.859375	-117.928207
17636.718750	-119.760300
17642.578125	-118.480003
17648.437500	-118.130348
17654.296875	-120.715851
17660.156250	-118.346748
17666.015625	-117.516289
17671.875000	-120.575272
17677.734375	-120.943733
17683.593750	-119.761787
17689.453125	-117.960854
17695.312500	-116.107002
17701.171875	-119.321915
17707.031250	-125.397751
17712.890625	-120.813530
17718.750000	-121.933121
17724.609375	-120.305061
17730.468750	-116.786491
17736.328125	-115.824310
17742.187500	-116.076599
17748.046875	-117.790932
17753.906250	-119.415344
17759.765625	-119.435280
17765.625000	-121.579216
17771.484375	-118.364296
17777.343750	-116.361824
17783.203125	-119.472832
17789.062500	-121.944092
17794.921875	-116.814789
17800.781250	-116.245499
17806.640625	-119.876305
17812.500000	-119.083939
17818.359375	-116.017418
17824.218750	-114.939674
17830.078125	-114.511208
17835.937500	-114.544571
17841.796875	-117.387093
17847.656250	-121.575348
17853.515625	-119.446335
17859.375000	-116.390205
17865.234375	-115.250603
17871.093750	-117.271385
17876.953125	-118.619812
17882.812500	-118.722847
17888.671875	-119.720512
17894.531250	-119.912270
17900.390625	-118.221703
17906.250000	-116.119263
17912.109375	-115.232910
17917.968750	-116.182205
17923.828125	-116.028084
17929.687500	-116.615021
17935.546875	-120.405777
17941.406250	-119.704727
17947.265625	-116.630104
17953.125000	-116.877357
17958.984375	-116.230232
17964.843750	-115.309288
17970.703125	-116.601837
17976.562500	-119.422264
17982.421875	-117.485565
17988.281250	-117.188477
17994.140625	-118.753777
18000.000000	-120.119843
18005.859375	-120.371948
18011.718750	-117.474014
18017.578125	-115.422539
18023.437500	-114.047516
18029.296875	-116.759575
18035.156250	-120.641792
18041.015625	-118.887634
18046.875000	-119.237129
18052.734375	-119.080833
18058.593750	-118.459564
18064.453125	-118.086792
18070.312500	-119.417763
18076.171875	-117.523399
18082.031250	-116.731110
18087.890625	-117.865089
18093.750000	-118.883575
18099.609375	-120.072433
18105.468750	-119.421227
18111.328125	-116.568069
18117.187500	-114.488747
18123.046875	-114.598503
18128.906250	-115.751923
18134.765625	-117.704758
18140.625000	-118.507614
18146.484375	-115.682915
18152.343750	-114.893944
18158.203125	-116.675102
18164.062500	-117.860359
18169.921875	-117.084801
18175.781250	-117.344650
18181.640625	-117.414330
18187.500000	-114.689018
18193.359375	-113.654984
18199.218750	-115.602699
18205.078125	-118.471115
18210.937500	-116.158722
18216.796875	-114.687294
18222.656250	-114.141586
18228.515625	-114.833618
18234.375000	-118.329315
18240.234375	-118.051964
18246.093750	-115.037025
18251.953125	-116.120445
18257.812500	-118.219978
18263.671875	-116.283859
18269.531250	-115.676682
18275.390625	-116.493370
18281.250000	-116.485741
18287.109375	-113.524750
18292.968750	-113.280907
18298.828125	-115.317085
18304.687500	-119.268539
18310.546875	-118.916809
18316.406250	-115.942101
18322.265625	-115.864227
18328.125000	-115.637337
18333.984375	-116.440659
18339.843750	-118.224373
18345.703125	-116.546173
18351.562500	-115.017365
18357.421875	-116.693222
18363.281250	-116.705940
18369.140625	-112.741096
18375.000000	-112.457527
18380.859375	-114.961960
18386.718750	-114.766487
18392.578125	-114.889275
18398.437500	-115.195786
18404.296875	-114.907799
18410.156250	-115.748672
18416.015625	-117.868935
18421.875000	-118.580978
18427.734375	-116.574318
18433.593750	-118.186440
18439.453125	-119.307808
18445.312500	-116.745132
18451.171875	-115.066536
18457.031250	-115.878616
18462.890625	-116.099487
18468.750000	-115.884300
18474.609375	-116.016251
18480.468750	-116.635315
18486.328125	-116.092499
18492.187500	-115.076408
18498.046875	-116.712425
18503.906250	-118.966385
18509.765625	-115.760246
18515.625000	-114.372459
18521.484375	-114.800972
18527.343750	-115.232773
18533.203125	-116.598213
18539.062500	-117.004387
18544.921875	-117.380302
18550.781250	-115.133156
18556.640625	-112.446587
18562.500000	-113.041924
18568.359375	-116.071243
18574.218750	-118.035774
18580.078125	-116.082222
18585.937500	-114.958939
18591.796875	-113.573509
18597.656250	-113.982689
18603.515625	-116.138603
18609.375000	-120.081718
18615.234375	-118.870415
18621.093750	-115.982826
18626.953125	-115.616867
18632.812500	-116.851952
18638.671875	-116.391251
18644.531250	-116.773300
18650.390625	-118.513672
18656.250000	-117.140816
18662.109375	-115.857033
18667.968750	-116.780342
18673.828125	-120.480629
18679.687500	-122.426125
18685.546875	-120.616905
18691.406250	-117.775688
18697.265625	-116.954788
18703.125000	-117.685829
18708.984375	-117.337105
18714.843750	-115.653046
18720.703125	-116.556778
18726.562500	-117.207359
18732.421875	-114.965019
18738.281250	-117.066704
18744.140625	-122.531723
18750.000000	-117.261131
18755.859375	-114.524742
18761.718750	-114.073372
18767.578125	-115.157173
18773.437500	-116.571068
18779.296875	-115.983910
18785.156250	-114.740738
18791.015625	-114.640816
18796.875000	-114.664818
18802.734375	-116.683235
18808.593750	-117.646744
18814.453125	-114.352768
18820.312500	-113.668800
18826.171875	-115.156631
18832.031250	-116.850349
18837.890625	-116.834099
18843.750000	-116.359856
18849.609375	-116.223907
18855.468750	-118.230354
18861.328125	-118.783531
18867.187500	-117.868530
18873.046875	-117.617966
18878.906250	-118.714935
18884.765625	-117.305542
18890.625000	-116.441414
18896.484375	-120.027695
18902.343750	-114.304100
18908.203125	-111.325256
18914.062500	-112.595444
18919.921875	-114.249794
18925.781250	-115.307602
18931.640625	-117.702202
18937.500000	-119.448570
18943.359375	-115.435036
18949.218750	-113.815590
18955.078125	-114.226173
18960.937500	-115.508949
18966.796875	-116.882362
18972.656250	-116.534355
18978.515625	-115.949814
18984.375000	-116.120537
18990.234375	-115.191376
18996.093750	-116.336838
19001.953125	-120.472565
19007.812500	-120.313217
19013.671875	-117.610085
19019.531250	-116.286194
19025.390625	-114.741402
19031.250000	-115.582039
19037.109375	-115.335052
19042.968750	-116.150414
19048.828125	-116.603851
19054.687500	-114.271851
19060.546875	-113.614624
19066.406250	-113.892517
19072.265625	-112.807121
19078.125000	-112.013863
19083.984375	-112.586678
19089.843750	-112.274773
19095.703125	-112.858803
19101.562500	-115.936806
19107.421875	-114.327477
19113.281250	-112.181351
19119.140625	-112.467514
19125.000000	-112.752548
19130.859375	-113.249420
19136.718750	-113.926590
19142.578125	-115.275383
19148.437500	-116.967491
19154.296875	-116.904846
19160.156250	-117.089264
19166.015625	-115.234810
19171.875000	-112.470718
19177.734375	-112.894653
19183.593750	-115.019913
19189.453125	-116.031410
19195.312500	-118.742821
19201.171875	-119.170280
19207.031250	-117.011177
19212.890625	-116.000793
19218.750000	-116.925659
19224.609375	-117.343536
19230.468750	-116.410797
19236.328125	-115.587494
19242.187500	-116.183327
19248.046875	-116.647408
19253.906250	-116.711823
19259.765625	-115.811981
19265.625000	-114.390900
19271.484375	-115.462761
19277.343750	-116.363472
19283.203125	-116.503693
19289.062500	-114.859077
19294.921875	-111.226120
19300.781250	-109.693100
19306.640625	-112.281174
19312.500000	-115.858658
19318.359375	-120.030556
19324.218750	-120.392731
19330.078125	-118.241737
19335.937500	-116.322182
19341.796875	-113.166664
19347.656250	-111.978012
19353.515625	-112.611450
19359.375000	-112.887886
19365.234375	-114.342331
19371.093750	-115.902298
19376.953125	-113.392738
19382.812500	-113.681587
19388.671875	-117.209038
19394.531250	-117.012329
19400.390625	-118.866447
19406.250000	-120.102669
19412.109375	-116.408394
19417.968750	-116.742775
19423.828125	-114.698853
19429.687500	-111.547836
19435.546875	-111.648926
19441.406250	-113.882751
19447.265625	-116.800766
19453.125000	-120.091675
19458.984375	-118.919807
19464.843750	-116.330521
19470.703125	-115.245323
19476.562500	-115.634155
19482.421875	-121.364838
19488.281250	-118.486137
19494.140625	-115.105087
19500.000000	-113.031303
19505.859375	-112.325302
19511.718750	-112.490265
19517.578125	-114.420403
19523.437500	-115.853645
19529.296875	-115.144058
19535.156250	-115.203827
19541.015625	-117.633423
19546.875000	-120.260765
19552.734375	-119.618950
19558.593750	-118.366508
19564.453125	-118.105957
19570.312500	-116.012199
19576.171875	-112.661629
19582.031250	-112.633720
19587.890625	-113.592873
19593.750000	-115.153214
19599.609375	-114.026939
19605.468750	-113.606873
19611.328125	-115.069580
19617.187500	-114.846382
19623.046875	-114.936340
19628.906250	-117.098045
19634.765625	-118.245636
19640.625000	-117.255463
19646.484375	-116.090919
19652.343750	-114.967072
19658.203125	-115.720947
19664.062500	-117.175049
19669.921875	-115.701012
19675.781250	-118.607468
19681.640625	-118.497665
19687.500000	-119.089233
19693.359375	-117.416939
19699.218750	-114.719246
19705.078125	-116.719254
19710.937500	-119.348923
19716.796875	-114.418228
19722.656250	-114.784836
19728.515625	-118.426849
19734.375000	-117.735558
19740.234375	-115.653908
19746.093750	-117.419731
19751.953125	-117.431114
19757.812500	-115.240906
19763.671875	-117.417793
19769.531250	-121.856277
19775.390625	-120.834923
19781.250000	-117.499153
19787.109375	-118.376305
19792.968750	-119.238716
19798.828125	-118.321266
19804.687500	-116.251831
19810.546875	-114.377975
19816.406250	-113.227600
19822.265625	-112.511993
19828.125000	-112.781219
19833.984375	-115.532585
19839.843750	-116.612831
19845.703125	-115.840218
19851.562500	-114.450882
19857.421875	-111.145844
19863.281250	-111.118019
19869.140625	-112.278061
19875.000000	-114.460526
19880.859375	-119.697815
19886.718750	-117.288246
19892.578125	-113.673347
19898.437500	-112.687981
19904.296875	-112.168190
19910.156250	-112.067467
19916.015625	-110.862251
19921.875000	-110.408127
19927.734375	-113.330551
19933.593750	-117.589371
19939.453125	-114.177605
19945.312500	-111.718094
19951.171875	-113.799911
19957.031250	-118.647827
19962.890625	-117.236351
19968.750000	-115.055717
19974.609375	-114.460732
19980.468750	-115.096161
19986.328125	-114.212860
19992.187500	-112.421371
19998.046875	-112.984825
20003.906250	-114.950790
20009.765625	-118.926384
20015.625000	-122.193298
20021.484375	-120.291389
20027.343750	-115.547867
20033.203125	-113.715446
20039.062500	-113.186577
20044.921875	-113.737083
20050.781250	-115.335625
20056.640625	-114.440826
20062.500000	-113.906570
20068.359375	-115.251961
20074.218750	-116.513145
20080.078125	-115.161522
20085.937500	-115.827057
20091.796875	-114.528854
20097.656250	-113.072853
20103.515625	-114.286659
20109.375000	-116.442871
20115.234375	-116.598030
20121.093750	-115.623108
20126.953125	-115.679291
20132.812500	-116.322884
20138.671875	-117.547783
20144.531250	-116.042549
20150.390625	-111.925880
20156.250000	-111.330940
20162.109375	-112.854294
20167.968750	-112.983223
20173.828125	-113.646988
20179.687500	-115.430214
20185.546875	-113.566566
20191.406250	-112.073471
20197.265625	-112.593323
20203.125000	-113.989273
20208.984375	-115.879364
20214.843750	-119.509071
20220.703125	-117.846512
20226.562500	-115.220322
20232.421875	-116.162437
20238.281250	-117.428192
20244.140625	-113.504448
20250.000000	-112.501289
20255.859375	-115.044601
20261.718750	-117.331207
20267.578125	-116.496017
20273.437500	-115.407532
20279.296875	-114.542526
20285.156250	-115.587807
20291.015625	-118.963554
20296.875000	-115.081764
20302.734375	-112.776283
20308.593750	-114.053612
20314.453125	-114.010223
20320.312500	-114.204971
20326.171875	-119.276299
20332.031250	-116.775635
20337.890625	-114.743820
20343.750000	-114.826447
20349.609375	-118.661644
20355.468750	-121.795799
20361.328125	-117.550522
20367.187500	-119.782379
20373.046875	-116.446350
20378.906250	-112.082008
20384.765625	-110.843040
20390.625000	-112.496124
20396.484375	-115.907990
20402.343750	-115.685448
20408.203125	-115.379105
20414.062500	-116.741386
20419.921875	-113.585144
20425.781250	-114.339340
20431.640625	-119.132149
20437.500000	-118.184174
20443.359375	-116.750229
20449.218750	-114.024269
20455.078125	-115.278145
20460.937500	-119.038979
20466.796875	-115.275864
20472.656250	-113.849472
20478.515625	-114.676842
20484.375000	-114.714104
20490.234375	-114.399673
20496.093750	-115.444855
20501.953125	-115.259903
20507.812500	-117.531326
20513.671875	-116.130310
20519.531250	-113.503342
20525.390625	-113.738327
20531.250000	-111.674324
20537.109375	-111.879631
20542.968750	-113.060181
20548.828125	-114.308487
20554.687500	-114.157776
20560.546875	-115.447937
20566.406250	-116.774948
20572.265625	-116.401207
20578.125000	-115.307167
20583.984375	-114.315132
20589.843750	-113.189537
20595.703125	-114.374191
20601.562500	-113.816391
20607.421875	-112.614822
20613.281250	-112.848709
20619.140625	-115.086182
20625.000000	-115.369072
20630.859375	-113.696060
20636.718750	-114.852974
20642.578125	-117.274391
20648.437500	-116.940140
20654.296875	-116.338081
20660.156250	-116.172150
20666.015625	-116.774635
20671.875000	-117.786659
20677.734375	-114.796112
20683.593750	-114.627563
20689.453125	-114.010040
20695.312500	-115.068214
20701.171875	-113.912552
20707.031250	-112.163383
20712.890625	-113.226135
20718.750000	-114.393074
20724.609375	-113.611450
20730.468750	-114.831635
20736.328125	-121.406258
20742.187500	-117.930862
20748.046875	-112.634521
20753.906250	-111.944473
20759.765625	-113.978027
20765.625000	-115.812721
20771.484375	-113.528084
20777.343750	-112.514488
20783.203125	-113.659935
20789.062500	-114.758629
20794.921875	-113.800858
20800.781250	-113.811996
20806.640625	-115.569214
20812.500000	-115.389221
20818.359375	-112.332939
20824.218750	-110.961662
20830.078125	-110.497208
20835.937500	-112.107246
20841.796875	-114.816246
20847.656250	-114.589958
20853.515625	-113.351654
20859.375000	-113.472542
20865.234375	-115.414230
20871.093750	-115.385620
20876.953125	-113.176422
20882.812500	-111.816956
20888.671875	-110.893814
20894.531250	-110.969559
20900.390625	-111.155487
20906.250000	-113.265373
20912.109375	-114.519966
20917.968750	-113.697235
20923.828125	-115.632118
20929.687500	-119.381165
20935.546875	-117.981148
20941.406250	-113.721909
20947.265625	-113.053040
20953.125000	-115.573883
20958.984375	-119.804260
20964.843750	-115.399643
20970.703125	-113.144737
20976.562500	-111.183594
20982.421875	-110.975067
20988.281250	-112.368561
20994.140625	-113.748825
21000.000000	-112.976120
21005.859375	-114.767334
21011.718750	-115.965187
21017.578125	-112.490356
21023.437500	-113.518547
21029.296875	-122.084930
21035.156250	-113.820709
21041.015625	-111.209183
21046.875000	-113.384567
21052.734375	-114.340767
21058.593750	-114.622231
21064.453125	-113.892181
21070.312500	-112.134720
21076.171875	-113.450912
21082.031250	-116.233673
21087.890625	-117.527367
21093.750000	-114.847717
21099.609375	-113.028656
21105.468750	-113.382271
21111.328125	-114.288391
21117.187500	-115.636810
21123.046875	-114.320526
21128.906250	-113.194702
21134.765625	-113.830315
21140.625000	-115.037552
21146.484375	-120.271042
21152.343750	-116.019699
21158.203125	-113.934326
21164.062500	-114.499886
21169.921875	-116.253624
21175.781250	-117.202667
21181.640625	-115.377808
21187.500000	-114.114578
21193.359375	-114.330902
21199.218750	-115.413124
21205.078125	-115.594978
21210.937500	-110.963356
21216.796875	-109.454346
21222.656250	-111.574043
21228.515625	-113.605148
21234.375000	-115.355431
21240.234375	-118.340088
21246.093750	-118.775841
21251.953125	-115.683052
21257.812500	-113.829903
21263.671875	-113.956947
21269.531250	-116.295746
21275.390625	-118.996826
21281.250000	-123.614288
21287.109375	-119.851997
21292.968750	-115.893921
21298.828125	-115.419296
21304.687500	-116.144112
21310.546875	-116.228615
21316.406250	-116.091545
21322.265625	-115.156555
21328.125000	-114.236916
21333.984375	-113.266251
21339.843750	-114.151390
21345.703125	-115.941940
21351.562500	-114.398788
21357.421875	-113.226349
21363.281250	-112.732193
21369.140625	-112.027580
21375.000000	-113.069527
21380.859375	-114.134560
21386.718750	-116.629333
21392.578125	-118.728676
21398.437500	-115.123734
21404.296875	-115.030449
21410.156250	-115.840569
21416.015625	-118.580231
21421.875000	-118.586685
21427.734375	-115.992188
21433.593750	-114.755142
21439.453125	-115.673279
21445.312500	-117.110031
21451.171875	-116.502739
21457.031250	-112.734787
21462.890625	-112.126694
21468.750000	-115.776932
21474.609375	-117.061478
21480.468750	-114.070953
21486.328125	-114.530502
21492.187500	-116.277512
21498.046875	-115.897781
21503.906250	-115.593697
21509.765625	-115.657127
21515.625000	-115.550735
21521.484375	-115.272522
21527.343750	-118.164619
21533.203125	-122.034210
21539.062500	-118.035286
21544.921875	-116.765816
21550.781250	-112.356590
21556.640625	-110.333366
21562.500000	-112.366356
21568.359375	-113.087784
21574.218750	-111.693817
21580.078125	-113.285271
21585.937500	-116.270439
21591.796875	-114.440781
21597.656250	-113.810417
21603.515625	-116.870735
21609.375000	-115.777557
21615.234375	-113.899223
21621.093750	-113.558365
21626.953125	-113.926239
21632.812500	-113.991066
21638.671875	-112.726921
21644.531250	-114.693451
21650.390625	-117.040489
21656.250000	-118.071754
21662.109375	-119.628128
21667.968750	-114.543266
21673.828125	-114.473228
21679.687500	-115.529129
21685.546875	-111.089432
21691.406250	-110.173271
21697.265625	-112.719917
21703.125000	-114.644203
21708.984375	-113.305801
21714.843750	-111.690704
21720.703125	-112.677574
21726.562500	-113.870613
21732.421875	-113.357780
21738.281250	-112.379959
21744.140625	-111.342926
21750.000000	-111.278847
21755.859375	-113.816849
21761.718750	-116.654877
21767.578125	-116.123009
21773.437500	-118.221581
21779.296875	-119.327271
21785.156250	-118.567444
21791.015625	-120.790573
21796.875000	-114.588524
21802.734375	-111.834572
21808.593750	-113.226837
21814.453125	-116.286873
21820.312500	-116.068985
21826.171875	-115.360519
21832.031250	-114.859352
21837.890625	-115.881012
21843.750000	-115.683472
21849.609375	-116.353935
21855.468750	-117.644806
21861.328125	-119.464462
21867.187500	-117.523834
21873.046875	-116.557266
21878.906250	-117.993980
21884.765625	-116.583572
21890.625000	-115.414146
21896.484375	-117.815620
21902.343750	-117.657448
21908.203125	-115.172607
21914.062500	-113.920303
21919.921875	-113.439087
21925.781250	-112.188324
21931.640625	-112.173538
21937.500000	-112.807655
21943.359375	-114.558136
21949.218750	-114.936050
21955.078125	-114.652809
21960.937500	-114.045433
21966.796875	-113.583908
21972.656250	-112.464859
21978.515625	-112.839180
21984.375000	-115.134628
21990.234375	-116.761177
21996.093750	-117.517090
22001.953125	-117.511406
22007.812500	-117.082268
22013.671875	-115.445511
22019.531250	-113.060593
22025.390625	-112.799179
22031.250000	-113.639580
22037.109375	-114.400635
22042.968750	-114.461105
22048.828125	-112.530930
22054.687500	-112.221886
22060.546875	-114.000870
22066.406250	-113.685707
22072.265625	-113.866554
22078.125000	-114.913681
22083.984375	-116.757156
22089.843750	-119.374382
22095.703125	-117.744614
22101.562500	-113.042259
22107.421875	-111.695541
22113.281250	-115.821671
22119.140625	-123.150650
22125.000000	-118.782028
22130.859375	-118.831528
22136.718750	-116.890991
22142.578125	-116.725960
22148.437500	-118.176529
22154.296875	-114.334442
22160.156250	-111.571831
22166.015625	-113.550949
22171.875000	-116.624641
22177.734375	-116.403839
22183.593750	-114.880493
22189.453125	-113.212311
22195.312500	-112.626312
22201.171875	-112.593483
22207.031250	-114.374977
22212.890625	-117.199051
22218.750000	-114.298729
22224.609375	-110.853645
22230.468750	-111.657104
22236.328125	-115.048843
22242.187500	-119.863808
22248.046875	-116.019707
22253.906250	-112.358994
22259.765625	-113.440559
22265.625000	-117.302055
22271.484375	-115.177986
22277.343750	-113.186348
22283.203125	-112.641891
22289.062500	-111.098732
22294.921875	-111.516190
22300.781250	-114.948418
22306.640625	-116.740822
22312.500000	-117.129883
22318.359375	-116.026299
22324.218750	-117.037552
22330.078125	-117.479347
22335.937500	-115.140770
22341.796875	-112.947678
22347.656250	-112.663963
22353.515625	-113.450798
22359.375000	-115.028244
22365.234375	-116.029922
22371.093750	-115.633827
22376.953125	-114.719345
22382.812500	-112.540413
22388.671875	-111.438919
22394.531250	-113.063293
22400.390625	-116.546814
22406.250000	-114.077827
22412.109375	-111.697388
22417.968750	-112.046852
22423.828125	-111.573952
22429.687500	-111.557770
22435.546875	-114.437248
22441.406250	-117.449463
22447.265625	-117.015160
22453.125000	-117.096436
22458.984375	-112.830093
22464.843750	-111.998756
22470.703125	-113.406914
22476.562500	-113.050308
22482.421875	-110.752960
22488.281250	-109.366257
22494.140625	-111.185501
22500.000000	-115.011452
22505.859375	-115.923866
22511.718750	-115.448959
22517.578125	-115.117188
22523.437500	-114.697708
22529.296875	-113.779419
22535.156250	-115.847305
22541.015625	-114.298264
22546.875000	-111.378693
22552.734375	-111.593056
22558.593750	-114.241035
22564.453125	-115.140083
22570.312500	-116.687614
22576.171875	-115.576729
22582.031250	-112.696892
22587.890625	-112.764961
22593.750000	-115.520882
22599.609375	-113.226051
22605.468750	-111.490189
22611.328125	-110.564735
22617.187500	-110.914917
22623.046875	-112.232193
22628.906250	-115.328758
22634.765625	-113.341881
22640.625000	-113.550674
22646.484375	-118.025101
22652.343750	-117.991089
22658.203125	-114.794243
22664.062500	-115.976212
22669.921875	-118.176880
22675.781250	-115.835815
22681.640625	-112.863228
22687.500000	-109.880875
22693.359375	-109.219040
22699.218750	-111.228592
22705.078125	-112.756386
22710.937500	-118.544357
22716.796875	-118.167877
22722.656250	-112.880386
22728.515625	-111.866173
22734.375000	-112.821083
22740.234375	-114.288811
22746.093750	-115.974037
22751.953125	-117.521606
22757.812500	-116.021187
22763.671875	-114.414886
22769.531250	-114.279266
22775.390625	-113.098969
22781.250000	-110.714806
22787.109375	-110.306328
22792.968750	-112.229019
22798.828125	-114.255661
22804.687500	-113.385406
22810.546875	-112.586349
22816.406250	-113.628479
22822.265625	-115.864075
22828.125000	-112.700676
22833.984375	-110.188622
22839.843750	-110.321419
22845.703125	-113.306297
22851.562500	-114.870049
22857.421875	-113.198059
22863.281250	-112.501160
22869.140625	-113.466087
22875.000000	-113.928627
22880.859375	-113.446869
22886.718750	-113.240776
22892.578125	-114.204536
22898.437500	-113.709938
22904.296875	-113.091545
22910.156250	-113.914986
22916.015625	-114.376465
22921.875000	-114.235847
22927.734375	-113.275230
22933.593750	-112.696053
22939.453125	-116.327499
22945.312500	-118.085129
22951.171875	-118.480606
22957.031250	-121.064529
22962.890625	-125.492805
22968.750000	-118.229286
22974.609375	-115.687630
22980.468750	-115.355621
22986.328125	-115.774635
22992.187500	-114.951958
22998.046875	-112.905838
23003.906250	-112.995522
23009.765625	-115.952385
23015.625000	-120.137245
23021.484375	-115.523041
23027.343750	-113.384529
23033.203125	-114.088379
23039.062500	-112.286964
23044.921875	-110.671074
23050.781250	-110.666809
23056.640625	-110.607178
23062.500000	-112.437759
23068.359375	-114.405411
23074.218750	-113.033096
23080.078125	-111.979431
23085.937500	-114.332085
23091.796875	-116.550377
23097.656250	-113.576965
23103.515625	-111.786751
23109.375000	-113.816299
23115.234375	-117.589890
23121.093750	-117.494698
23126.953125	-113.045364
23132.812500	-111.110062
23138.671875	-111.635078
23144.531250	-113.727287
23150.390625	-114.782387
23156.250000	-115.191750
23162.109375	-116.545723
23167.968750	-115.518929
23173.828125	-113.712578
23179.687500	-114.649506
23185.546875	-116.752853
23191.406250	-118.499695
23197.265625	-115.564613
23203.125000	-116.477211
23208.984375	-116.451134
23214.843750	-114.637947
23220.703125	-114.814590
23226.562500	-116.079964
23232.421875	-115.288170
23238.281250	-114.588585
23244.140625	-116.756088
23250.000000	-120.631081
23255.859375	-120.132935
23261.718750	-117.562622
23267.578125	-118.414940
23273.437500	-115.813560
23279.296875	-114.793243
23285.156250	-114.619064
23291.015625	-114.050858
23296.875000	-113.220291
23302.734375	-112.870979
23308.593750	-114.183792
23314.453125	-113.147583
23320.312500	-111.686653
23326.171875	-111.599953
23332.031250	-113.731346
23337.890625	-113.821846
23343.750000	-112.277367
23349.609375	-114.193512
23355.468750	-116.588600
23361.328125	-117.701218
23367.187500	-113.103279
23373.046875	-111.780609
23378.906250	-114.232025
23384.765625	-114.813911
23390.625000	-116.475647
23396.484375	-117.905922
23402.343750	-116.196846
23408.203125	-113.417862
23414.062500	-114.674995
23419.921875	-119.957848
23425.781250	-116.723274
23431.640625	-114.435524
23437.500000	-115.918213
23443.359375	-118.249687
23449.218750	-118.086189
23455.078125	-117.403969
23460.937500	-119.662003
23466.796875	-121.603073
23472.656250	-116.124870
23478.515625	-113.452721
23484.375000	-113.497353
23490.234375	-114.669228
23496.093750	-112.829170
23501.953125	-112.661133
23507.812500	-117.898361
23513.671875	-117.889603
23519.531250	-115.672249
23525.390625	-115.336937
23531.250000	-116.108635
23537.109375	-115.629768
23542.968750	-114.581795
23548.828125	-113.692482
23554.687500	-114.145653
23560.546875	-117.215485
23566.406250	-117.713600
23572.265625	-114.344139
23578.125000	-113.707542
23583.984375	-115.213928
23589.843750	-114.513397
23595.703125	-114.482338
23601.562500	-119.519279
23607.421875	-117.114288
23613.281250	-113.936066
23619.140625	-113.306061
23625.000000	-115.623108
23630.859375	-114.571327
23636.718750	-115.833160
23642.578125	-122.874863
23648.437500	-120.273689
23654.296875	-115.294350
23660.156250	-113.427048
23666.015625	-114.149574
23671.875000	-115.858719
23677.734375	-115.144417
23683.593750	-113.794968
23689.453125	-114.546837
23695.312500	-116.526871
23701.171875	-117.234818
23707.031250	-116.009697
23712.890625	-115.368378
23718.750000	-115.042290
23724.609375	-114.999146
23730.468750	-115.995262
23736.328125	-115.621902
23742.187500	-114.524490
23748.046875	-112.592911
23753.906250	-112.442276
23759.765625	-114.318359
23765.625000	-115.172485
23771.484375	-113.896255
23777.343750	-112.471710
23783.203125	-113.218781
23789.062500	-113.636948
23794.921875	-111.244370
23800.781250	-109.399284
23806.640625	-109.350098
23812.500000	-112.113319
23818.359375	-117.282677
23824.218750	-116.712418
23830.078125	-117.014183
23835.937500	-116.174751
23841.796875	-115.211685
23847.656250	-114.328438
23853.515625	-114.476036
23859.375000	-115.947197
23865.234375	-116.835068
23871.093750	-115.621758
23876.953125	-117.977272
23882.812500	-117.135696
23888.671875	-114.737450
23894.531250	-113.577438
23900.390625	-112.479813
23906.250000	-112.988800
23912.109375	-114.143150
23917.968750	-112.285149
23923.828125	-114.725815
23929.687500	-120.173660
23935.546875	-118.197624
23941.406250	-114.408997
23947.265625	-115.346405
23953.125000	-117.649498
23958.984375	-120.181946
23964.843750	-121.615440
23970.703125	-119.165733
23976.562500	-115.984482
23982.421875	-115.866020
23988.281250	-116.976707
23994.140625	-118.080444
24000.000000	-119.885948
24005.859375	-118.174988
24011.718750	-117.034966
24017.578125	-115.937958
24023.437500	-116.011093
24029.296875	-119.123566
24035.156250	-121.877670
24041.015625	-119.931023
24046.875000	-117.492386
24052.734375	-115.306534
24058.593750	-114.532227
24064.453125	-118.567581
24070.312500	-120.146187
24076.171875	-114.535065
24082.031250	-112.122574
24087.890625	-114.460396
24093.750000	-113.581276
24099.609375	-112.763687
24105.468750	-113.788498
24111.328125	-114.914536
24117.187500	-117.648811
24123.046875	-118.617332
24128.906250	-116.118248
24134.765625	-117.360504
24140.625000	-116.087006
24146.484375	-114.626411
24152.343750	-114.450134
24158.203125	-115.487534
24164.062500	-116.654488
24169.921875	-117.426048
24175.781250	-117.004951
24181.640625	-117.520836
24187.500000	-112.453506
24193.359375	-109.560356
24199.218750	-109.733154
24205.078125	-111.526718
24210.937500	-114.070290
24216.796875	-113.562874
24222.656250	-112.712921
24228.515625	-114.186058
24234.375000	-115.335045
24240.234375	-114.597290
24246.093750	-112.703964
24251.953125	-112.874207
24257.812500	-114.801239
24263.671875	-115.848679
24269.531250	-116.209358
24275.390625	-115.377739
24281.250000	-115.487488
24287.109375	-115.929031
24292.968750	-116.446411
24298.828125	-118.010597
24304.687500	-117.394165
24310.546875	-115.062401
24316.406250	-114.362495
24322.265625	-115.643456
24328.125000	-116.281372
24333.984375	-114.178932
24339.843750	-113.846283
24345.703125	-115.881073
24351.562500	-121.495132
24357.421875	-123.918900
24363.281250	-115.941696
24369.140625	-114.796593
24375.000000	-115.694740
24380.859375	-113.411598
24386.718750	-114.139374
24392.578125	-117.269814
24398.437500	-119.605110
24404.296875	-114.682831
24410.156250	-114.927940
24416.015625	-115.831093
24421.875000	-114.582436
24427.734375	-114.965652
24433.593750	-118.704758
24439.453125	-118.126900
24445.312500	-114.813164
24451.171875	-114.476463
24457.031250	-115.525551
24462.890625	-116.532646
24468.750000	-116.882103
24474.609375	-116.339348
24480.468750	-116.741302
24486.328125	-118.455223
24492.187500	-118.308403
24498.046875	-113.407974
24503.906250	-113.422813
24509.765625	-115.407356
24515.625000	-114.084145
24521.484375	-114.207466
24527.343750	-117.017159
24533.203125	-121.976051
24539.062500	-120.189613
24544.921875	-118.234734
24550.781250	-118.533119
24556.640625	-118.960373
24562.500000	-116.406479
24568.359375	-115.188332
24574.218750	-117.194031
24580.078125	-120.900658
24585.937500	-115.579536
24591.796875	-114.211372
24597.656250	-116.910736
24603.515625	-119.226387
24609.375000	-117.742355
24615.234375	-115.576027
24621.093750	-114.998665
24626.953125	-112.500137
24632.812500	-113.892097
24638.671875	-118.180588
24644.531250	-117.703201
24650.390625	-115.377495
24656.250000	-113.377892
24662.109375	-114.781891
24667.968750	-114.702126
24673.828125	-112.742027
24679.687500	-112.598503
24685.546875	-114.123589
24691.406250	-115.326744
24697.265625	-113.967056
24703.125000	-114.356529
24708.984375	-114.913582
24714.843750	-115.769241
24720.703125	-115.940407
24726.562500	-116.948792
24732.421875	-119.688026
24738.281250	-118.495995
24744.140625	-121.282539
24750.000000	-121.728073
24755.859375	-118.044495
24761.718750	-115.886086
24767.578125	-116.639481
24773.437500	-117.494316
24779.296875	-116.138321
24785.156250	-115.808418
24791.015625	-117.576775
24796.875000	-117.751457
24802.734375	-116.933853
24808.593750	-119.966995
24814.453125	-117.991760
24820.312500	-115.895805
24826.171875	-115.172630
24832.031250	-116.925674
24837.890625	-117.245590
24843.750000	-116.031487
24849.609375	-115.735252
24855.468750	-114.932701
24861.328125	-112.893196
24867.187500	-112.490326
24873.046875	-114.264626
24878.906250	-118.968651
24884.765625	-119.205803
24890.625000	-115.173653
24896.484375	-113.161011
24902.343750	-115.068321
24908.203125	-117.687859
24914.062500	-115.647247
24919.921875	-113.233078
24925.781250	-114.350578
24931.640625	-115.621758
24937.500000	-113.767365
24943.359375	-111.856209
24949.218750	-111.859001
24955.078125	-112.108742
24960.937500	-113.938301
24966.796875	-115.733604
24972.656250	-114.829414
24978.515625	-116.995979
24984.375000	-121.461662
24990.234375	-117.398582
24996.093750	-114.398552
25001.953125	-114.375114
25007.812500	-116.383286
25013.671875	-117.151604
25019.531250	-116.633011
25025.390625	-117.124748
25031.250000	-119.447441
25037.109375	-126.531693
25042.968750	-121.886642
25048.828125	-119.451775
25054.687500	-119.459534
25060.546875	-118.191757
25066.406250	-114.401222
25072.265625	-115.016663
25078.125000	-115.783699
25083.984375	-115.868988
25089.843750	-115.291786
25095.703125	-114.690926
25101.562500	-115.131134
25107.421875	-115.677048
25113.281250	-114.684128
25119.140625	-114.902000
25125.000000	-115.249214
25130.859375	-114.819748
25136.718750	-114.079651
25142.578125	-114.703743
25148.437500	-116.434868
25154.296875	-115.061394
25160.156250	-112.033669
25166.015625	-111.890213
25171.875000	-114.295364
25177.734375	-117.291374
25183.593750	-115.322693
25189.453125	-114.056107
25195.312500	-114.740547
25201.171875	-115.651833
25207.031250	-113.881622
25212.890625	-111.888954
25218.750000	-112.437874
25224.609375	-114.702682
25230.468750	-116.070404
25236.328125	-116.137131
25242.187500	-117.885818
25248.046875	-118.979744
25253.906250	-117.476784
25259.765625	-115.863365
25265.625000	-114.408112
25271.484375	-113.514496
25277.343750	-114.628418
25283.203125	-119.893257
25289.062500	-120.705147
25294.921875	-114.679314
25300.781250	-113.048302
25306.640625	-111.108070
25312.500000	-111.962700
25318.359375	-114.913025
25324.218750	-117.943550
25330.078125	-119.782700
25335.937500	-117.670052
25341.796875	-116.405441
25347.656250	-119.828796
25353.515625	-120.344162
25359.375000	-115.726898
25365.234375	-115.412781
25371.093750	-117.286453
25376.953125	-114.031670
25382.812500	-112.752701
25388.671875	-112.206963
25394.531250	-113.380730
25400.390625	-115.210953
25406.250000	-117.769226
25412.109375	-115.112000
25417.968750	-114.741112
25423.828125	-117.661324
25429.687500	-118.728722
25435.546875	-116.898300
25441.406250	-116.065666
25447.265625	-113.463829
25453.125000	-113.317520
25458.984375	-116.097420
25464.843750	-117.731972
25470.703125	-115.612511
25476.562500	-116.546394
25482.421875	-117.137932
25488.281250	-117.436768
25494.140625	-118.353592
25500.000000	-117.200157
25505.859375	-113.435524
25511.718750	-111.573013
25517.578125	-112.993950
25523.437500	-115.449394
25529.296875	-115.973511
25535.156250	-114.604317
25541.015625	-115.156639
25546.875000	-119.181000
25552.734375	-119.071663
25558.593750	-119.108688
25564.453125	-116.258286
25570.312500	-113.712944
25576.171875	-113.744431
25582.031250	-114.320297
25587.890625	-113.723618
25593.750000	-116.124626
25599.609375	-118.314728
25605.468750	-115.256493
25611.328125	-113.455162
25617.187500	-114.648491
25623.046875	-116.900108
25628.906250	-118.074883
25634.765625	-118.197220
25640.625000	-117.273888
25646.484375	-115.806366
25652.343750	-114.985138
25658.203125	-115.463699
25664.062500	-117.313507
25669.921875	-119.647865
25675.781250	-118.984978
25681.640625	-118.065048
25687.500000	-119.122063
25693.359375	-118.818802
25699.218750	-116.715767
25705.078125	-113.800636
25710.937500	-113.654526
25716.796875	-115.218552
25722.656250	-115.630257
25728.515625	-117.818878
25734.375000	-119.852943
25740.234375	-115.900879
25746.093750	-114.949387
25751.953125	-118.658379
25757.812500	-122.607185
25763.671875	-118.113014
25769.531250	-114.367485
25775.390625	-113.436401
25781.250000	-116.843735
25787.109375	-119.691002
25792.968750	-116.651794
25798.828125	-114.904175
25804.687500	-114.966049
25810.546875	-115.769096
25816.406250	-117.462654
25822.265625	-119.060707
25828.125000	-119.246201
25833.984375	-116.037292
25839.843750	-114.086922
25845.703125	-116.649048
25851.562500	-120.255188
25857.421875	-119.513855
25863.281250	-119.477737
25869.140625	-121.309975
25875.000000	-121.337265
25880.859375	-126.014572
25886.718750	-118.507088
25892.578125	-114.365852
25898.437500	-115.703033
25904.296875	-120.396507
25910.156250	-122.171944
25916.015625	-119.205460
25921.875000	-117.302559
25927.734375	-116.758629
25933.593750	-116.566986
25939.453125	-116.882355
25945.312500	-114.867302
25951.171875	-115.343948
25957.031250	-117.257172
25962.890625	-117.249886
25968.750000	-116.410088
25974.609375	-115.537064
25980.468750	-115.809624
25986.328125	-118.089958
25992.187500	-119.961906
25998.046875	-120.397675
26003.906250	-120.168938
26009.765625	-118.990623
26015.625000	-117.733810
26021.484375	-115.594101
26027.343750	-115.476440
26033.203125	-116.434883
26039.062500	-117.030678
26044.921875	-117.453087
26050.781250	-117.698029
26056.640625	-117.396400
26062.500000	-115.682983
26068.359375	-115.010704
26074.218750	-115.134056
26080.078125	-116.117004
26085.937500	-116.823120
26091.796875	-118.254211
26097.656250	-120.718704
26103.515625	-120.254662
26109.375000	-118.353226
26115.234375	-119.537857
26121.093750	-121.347198
26126.953125	-119.601013
26132.812500	-120.718048
26138.671875	-122.667992
26144.531250	-120.874756
26150.390625	-119.766304
26156.250000	-118.818405
26162.109375	-119.293297
26167.968750	-117.686966
26173.828125	-117.981865
26179.687500	-118.855370
26185.546875	-119.253021
26191.406250	-116.507042
26197.265625	-115.129784
26203.125000	-117.621796
26208.984375	-124.436340
26214.843750	-122.012695
26220.703125	-122.870041
26226.562500	-121.570930
26232.421875	-118.922989
26238.281250	-119.514282
26244.140625	-116.968292
26250.000000	-114.359444
26255.859375	-114.281761
26261.718750	-115.515114
26267.578125	-116.715034
26273.437500	-117.057655
26279.296875	-116.073448
26285.156250	-115.020935
26291.015625	-116.553856
26296.875000	-117.804367
26302.734375	-116.413422
26308.593750	-113.846947
26314.453125	-114.758934
26320.312500	-119.107857
26326.171875	-118.046272
26332.031250	-117.812798
26337.890625	-122.165779
26343.750000	-120.922623
26349.609375	-120.344551
26355.468750	-118.040825
26361.328125	-116.156258
26367.187500	-117.579956
26373.046875	-117.558121
26378.906250	-117.033798
26384.765625	-117.574127
26390.625000	-119.498886
26396.484375	-121.056244
26402.343750	-117.647949
26408.203125	-117.964790
26414.062500	-120.142975
26419.921875	-116.851028
26425.781250	-114.955612
26431.640625	-116.297241
26437.500000	-115.643822
26443.359375	-113.726791
26449.218750	-115.618088
26455.078125	-120.353127
26460.937500	-121.497246
26466.796875	-125.243744
26472.656250	-121.555336
26478.515625	-118.433670
26484.375000	-118.530281
26490.234375	-118.886757
26496.093750	-119.070396
26501.953125	-119.489166
26507.812500	-119.737411
26513.671875	-118.234756
26519.531250	-117.589890
26525.390625	-120.500343
26531.250000	-119.212280
26537.109375	-115.632286
26542.968750	-116.393318
26548.828125	-120.026833
26554.687500	-120.638275
26560.546875	-119.923233
26566.406250	-118.716110
26572.265625	-119.744751
26578.125000	-122.323296
26583.984375	-122.213333
26589.843750	-119.369820
26595.703125	-118.938980
26601.562500	-118.910515
26607.421875	-122.336655
26613.281250	-119.738991
26619.140625	-117.372292
26625.000000	-116.918617
26630.859375	-115.819336
26636.718750	-116.495811
26642.578125	-117.088539
26648.437500	-118.286819
26654.296875	-119.736855
26660.156250	-117.871140
26666.015625	-117.133751
26671.875000	-118.062759
26677.734375	-118.848198
26683.593750	-119.685120
26689.453125	-120.287544
26695.312500	-119.967926
26701.171875	-119.330841
26707.031250	-119.451408
26712.890625	-123.677605
26718.750000	-128.195267
26724.609375	-123.158279
26730.468750	-120.163345
26736.328125	-117.566612
26742.187500	-117.705086
26748.046875	-119.311592
26753.906250	-122.472809
26759.765625	-122.726280
26765.625000	-119.533653
26771.484375	-117.488174
26777.343750	-115.389977
26783.203125	-113.303612
26789.062500	-114.701134
26794.921875	-119.297691
26800.781250	-119.096336
26806.640625	-118.138420
26812.500000	-117.880379
26818.359375	-119.043571
26824.218750	-121.031082
26830.078125	-120.480415
26835.937500	-118.553581
26841.796875	-118.188400
26847.656250	-120.564751
26853.515625	-125.117943
26859.375000	-119.644325
26865.234375	-118.267792
26871.093750	-117.494400
26876.953125	-118.490189
26882.812500	-119.768250
26888.671875	-118.461304
26894.531250	-117.781006
26900.390625	-117.185532
26906.250000	-118.787209
26912.109375	-121.180725
26917.968750	-120.107185
26923.828125	-117.768211
26929.687500	-116.403160
26935.546875	-118.218536
26941.406250	-118.741730
26947.265625	-118.806046
26953.125000	-117.746658
26958.984375	-115.615341
26964.843750	-117.969994
26970.703125	-126.905914
26976.562500	-118.093285
26982.421875	-117.104340
26988.281250	-120.463188
26994.140625	-119.035851
27000.000000	-117.368500
27005.859375	-118.183456
27011.718750	-116.972382
27017.578125	-115.573013
27023.437500	-115.686050
27029.296875	-117.533432
27035.156250	-119.847511
27041.015625	-123.906036
27046.875000	-119.681854
27052.734375	-117.333740
27058.593750	-118.170982
27064.453125	-122.444725
27070.312500	-123.521881
27076.171875	-120.422348
27082.031250	-118.079323
27087.890625	-119.042908
27093.750000	-117.970016
27099.609375	-115.572197
27105.468750	-115.232262
27111.328125	-115.240028
27117.187500	-116.372948
27123.046875	-117.662361
27128.906250	-119.875145
27134.765625	-120.129433
27140.625000	-118.118179
27146.484375	-117.899376
27152.343750	-119.233063
27158.203125	-119.417915
27164.062500	-116.750229
27169.921875	-115.201668
27175.781250	-115.758133
27181.640625	-117.216034
27187.500000	-120.718956
27193.359375	-120.556450
27199.218750	-118.384613
27205.078125	-118.123566
27210.937500	-119.272545
27216.796875	-118.168846
27222.656250	-117.178322
27228.515625	-118.135727
27234.375000	-120.052757
27240.234375	-118.195122
27246.093750	-116.225105
27251.953125	-116.765732
27257.812500	-122.005508
27263.671875	-125.753914
27269.531250	-119.579750
27275.390625	-117.980339
27281.250000	-118.744614
27287.109375	-117.411415
27292.968750	-116.551842
27298.828125	-118.432526
27304.687500	-119.627502
27310.546875	-118.447449
27316.406250	-118.888206
27322.265625	-119.227737
27328.125000	-122.352592
27333.984375	-121.531021
27339.843750	-120.685783
27345.703125	-121.085091
27351.562500	-121.501617
27357.421875	-122.379349
27363.281250	-119.666527
27369.140625	-118.406326
27375.000000	-119.875832
27380.859375	-119.939575
27386.718750	-117.801865
27392.578125	-117.595093
27398.437500	-118.760803
27404.296875	-119.184883
27410.156250	-118.008400
27416.015625	-119.360367
27421.875000	-120.207268
27427.734375	-121.509308
27433.593750	-122.116867
27439.453125	-120.595459
27445.312500	-119.430710
27451.171875	-119.478363
27457.031250	-118.085411
27462.890625	-116.872314
27468.750000	-116.836525
27474.609375	-119.024361
27480.468750	-118.572685
27486.328125	-121.041893
27492.187500	-122.184647
27498.046875	-120.247398
27503.906250	-120.493729
27509.765625	-119.437920
27515.625000	-119.559441
27521.484375	-119.461143
27527.343750	-118.800468
27533.203125	-120.321342
27539.062500	-123.911179
27544.921875	-120.486824
27550.781250	-119.241348
27556.640625	-122.284332
27562.500000	-123.814323
27568.359375	-124.049095
27574.218750	-119.040794
27580.078125	-118.330482
27585.937500	-121.965012
27591.796875	-120.433250
27597.656250	-120.798309
27603.515625	-121.156830
27609.375000	-117.805855
27615.234375	-116.131775
27621.093750	-117.354614
27626.953125	-121.193184
27632.812500	-124.222923
27638.671875	-122.716728
27644.531250	-127.197517
27650.390625	-124.038437
27656.250000	-120.581772
27662.109375	-120.204491
27667.968750	-122.374817
27673.828125	-125.102333
27679.687500	-119.761398
27685.546875	-119.589096
27691.406250	-119.830025
27697.265625	-118.161194
27703.125000	-120.593704
27708.984375	-123.460953
27714.843750	-120.437386
27720.703125	-119.964333
27726.562500	-121.284943
27732.421875	-122.586960
27738.281250	-123.178650
27744.140625	-120.711075
27750.000000	-117.955513
27755.859375	-118.928566
27761.718750	-122.492096
27767.578125	-121.682884
27773.437500	-120.716667
27779.296875	-123.196236
27785.156250	-124.587349
27791.015625	-120.885284
27796.875000	-119.402069
27802.734375	-118.015808
27808.593750	-117.765877
27814.453125	-119.158218
27820.312500	-120.799355
27826.171875	-119.133186
27832.031250	-118.332642
27837.890625	-118.434341
27843.750000	-117.095299
27849.609375	-117.404663
27855.468750	-121.220360
27861.328125	-123.382896
27867.187500	-121.804695
27873.046875	-121.143288
27878.906250	-121.218987
27884.765625	-122.337982
27890.625000	-121.809525
27896.484375	-119.677620
27902.343750	-118.572495
27908.203125	-120.142555
27914.062500	-121.108345
27919.921875	-120.582512
27925.781250	-122.050522
27931.640625	-120.874352
27937.500000	-119.767723
27943.359375	-120.332344
27949.218750	-121.178162
27955.078125	-119.242363
27960.937500	-118.899216
27966.796875	-119.219048
27972.656250	-121.338531
27978.515625	-126.569298
27984.375000	-127.809036
27990.234375	-124.933762
27996.093750	-120.884468
28001.953125	-118.627174
28007.812500	-118.296379
28013.671875	-119.857140
28019.531250	-120.856255
28025.390625	-120.287643
28031.250000	-121.157883
28037.109375	-122.974899
28042.968750	-124.608154
28048.828125	-119.872269
28054.687500	-117.919411
28060.546875	-120.089645
28066.406250	-122.956528
28072.265625	-118.863586
28078.125000	-116.130196
28083.984375	-116.852760
28089.843750	-118.003120
28095.703125	-117.676315
28101.562500	-118.336594
28107.421875	-119.502693
28113.281250	-123.361237
28119.140625	-125.873077
28125.000000	-120.470177
28130.859375	-118.553551
28136.718750	-117.259987
28142.578125	-117.036201
28148.437500	-120.262985
28154.296875	-121.844162
28160.156250	-123.062057
28166.015625	-121.936867
28171.875000	-119.192566
28177.734375	-118.773575
28183.593750	-119.441040
28189.453125	-120.398773
28195.312500	-122.222908
28201.171875	-124.340408
28207.031250	-125.711967
28212.890625	-124.518547
28218.750000	-123.663750
28224.609375	-127.228294
28230.468750	-127.889641
28236.328125	-123.214813
28242.187500	-120.544220
28248.046875	-122.676033
28253.906250	-123.816467
28259.765625	-122.143059
28265.625000	-124.379753
28271.484375	-125.169899
28277.343750	-120.798347
28283.203125	-120.275528
28289.062500	-125.294182
28294.921875	-122.718781
28300.781250	-120.668320
28306.640625	-123.562889
28312.500000	-125.662506
28318.359375	-124.740044
28324.218750	-124.701691
28330.078125	-122.104385
28335.937500	-123.491646
28341.796875	-122.307449
28347.656250	-121.592644
28353.515625	-122.051308
28359.375000	-123.641006
28365.234375	-124.508224
28371.093750	-123.371269
28376.953125	-121.288185
28382.812500	-120.883240
28388.671875	-121.033966
28394.531250	-119.990021
28400.390625	-120.524635
28406.250000	-121.418465
28412.109375	-119.904007
28417.968750	-118.878975
28423.828125	-118.988800
28429.687500	-122.204041
28435.546875	-124.407394
28441.406250	-124.710434
28447.265625	-126.046219
28453.125000	-126.733505
28458.984375	-124.470505
28464.843750	-122.210320
28470.703125	-122.086586
28476.562500	-122.807381
28482.421875	-120.699310
28488.281250	-118.649063
28494.140625	-118.564041
28500.000000	-119.558762
28505.859375	-121.523697
28511.718750	-124.658379
28517.578125	-126.352112
28523.437500	-121.945679
28529.296875	-121.627449
28535.156250	-122.524437
28541.015625	-125.160118
28546.875000	-126.194214
28552.734375	-123.329987
28558.593750	-120.858398
28564.453125	-118.327492
28570.312500	-117.991379
28576.171875	-120.720703
28582.031250	-122.724884
28587.890625	-122.883331
28593.750000	-126.253387
28599.609375	-125.768044
28605.468750	-123.772141
28611.328125	-124.455597
28617.187500	-120.557091
28623.046875	-119.979240
28628.906250	-122.171341
28634.765625	-120.874992
28640.625000	-119.258560
28646.484375	-119.259262
28652.343750	-118.704987
28658.203125	-119.864799
28664.062500	-122.989525
28669.921875	-125.169960
28675.781250	-128.071991
28681.640625	-127.129562
28687.500000	-122.406708
28693.359375	-119.030418
28699.218750	-116.439255
28705.078125	-117.954910
28710.937500	-121.286507
28716.796875	-123.100433
28722.656250	-122.765617
28728.515625	-121.679558
28734.375000	-120.855186
28740.234375	-122.254951
28746.093750	-123.324013
28751.953125	-123.840202
28757.812500	-123.787407
28763.671875	-123.549644
28769.531250	-124.210297
28775.390625	-124.398163
28781.250000	-123.861336
28787.109375	-122.942650
28792.968750	-123.890388
28798.828125	-125.725807
28804.687500	-124.882851
28810.546875	-122.566429
28816.406250	-121.385254
28822.265625	-119.504700
28828.125000	-119.096931
28833.984375	-121.937706
28839.843750	-123.964645
28845.703125	-123.666946
28851.562500	-123.541451
28857.421875	-121.910606
28863.281250	-121.088486
28869.140625	-120.164360
28875.000000	-119.760582
28880.859375	-119.341347
28886.718750	-119.317146
28892.578125	-121.359268
28898.437500	-122.718460
28904.296875	-119.704224
28910.156250	-119.252251
28916.015625	-119.696075
28921.875000	-119.377113
28927.734375	-120.115303
28933.593750	-121.059235
28939.453125	-121.182289
28945.312500	-121.611137
28951.171875	-124.264915
28957.031250	-123.857452
28962.890625	-122.712646
28968.750000	-122.679001
28974.609375	-122.064682
28980.468750	-123.776199
28986.328125	-124.944420
28992.187500	-128.253784
28998.046875	-129.066406
29003.906250	-123.908295
29009.765625	-122.736626
29015.625000	-122.916809
29021.484375	-122.798424
29027.343750	-123.935173
29033.203125	-124.009880
29039.062500	-123.002769
29044.921875	-122.063492
29050.781250	-121.649223
29056.640625	-123.902954
29062.500000	-127.544991
29068.359375	-125.433266
29074.218750	-123.007492
29080.078125	-121.433762
29085.937500	-119.813210
29091.796875	-118.655136
29097.656250	-121.782326
29103.515625	-126.520515
29109.375000	-123.204315
29115.234375	-124.477676
29121.093750	-125.787148
29126.953125	-124.748802
29132.812500	-124.581978
29138.671875	-125.317215
29144.531250	-126.225578
29150.390625	-123.873230
29156.250000	-123.594406
29162.109375	-124.305832
29167.968750	-123.887764
29173.828125	-122.012146
29179.687500	-120.498283
29185.546875	-121.868103
29191.406250	-125.642982
29197.265625	-123.565231
29203.125000	-121.384392
29208.984375	-121.698532
29214.843750	-122.191399
29220.703125	-122.949570
29226.562500	-123.802269
29232.421875	-122.994186
29238.281250	-122.102051
29244.140625	-122.735397
29250.000000	-125.157608
29255.859375	-129.952087
29261.718750	-125.090347
29267.578125	-123.280449
29273.437500	-124.987251
29279.296875	-124.193817
29285.156250	-123.304993
29291.015625	-124.834129
29296.875000	-125.244156
29302.734375	-124.305885
29308.593750	-125.189644
29314.453125	-127.870247
29320.312500	-130.692169
29326.171875	-128.665405
29332.031250	-124.486099
29337.890625	-123.026817
29343.750000	-124.664940
29349.609375	-126.048836
29355.468750	-124.809067
29361.328125	-124.200523
29367.187500	-124.530548
29373.046875	-123.394646
29378.906250	-124.096962
29384.765625	-126.856956
29390.625000	-127.425087
29396.484375	-123.425514
29402.343750	-121.349869
29408.203125	-120.862144
29414.062500	-122.423363
29419.921875	-124.101219
29425.781250	-126.193642
29431.640625	-124.794258
29437.500000	-121.203323
29443.359375	-120.461700
29449.218750	-122.797920
29455.078125	-124.874611
29460.937500	-124.742233
29466.796875	-124.592430
29472.656250	-122.702736
29478.515625	-122.290558
29484.375000	-121.805260
29490.234375	-123.058693
29496.093750	-126.288124
29501.953125	-124.381958
29507.812500	-122.597679
29513.671875	-123.713264
29519.531250	-124.287071
29525.390625	-123.542458
29531.250000	-123.968750
29537.109375	-124.312859
29542.968750	-123.218994
29548.828125	-122.419296
29554.687500	-123.844948
29560.546875	-126.933144
29566.406250	-126.579979
29572.265625	-124.846901
29578.125000	-127.025436
29583.984375	-126.343498
29589.843750	-124.267380
29595.703125	-123.302200
29601.562500	-123.758827
29607.421875	-123.297935
29613.281250	-123.483017
29619.140625	-123.474266
29625.000000	-120.859642
29630.859375	-120.967056
29636.718750	-124.763390
29642.578125	-124.811081
29648.437500	-123.526474
29654.296875	-124.529678
29660.156250	-127.101196
29666.015625	-124.710579
29671.875000	-123.811378
29677.734375	-123.966637
29683.593750	-123.741707
29689.453125	-126.879044
29695.312500	-127.968513
29701.171875	-123.964760
29707.031250	-121.531876
29712.890625	-121.798561
29718.750000	-124.369415
29724.609375	-124.661377
29730.468750	-123.542961
29736.328125	-124.886879
29742.187500	-127.419289
29748.046875	-124.101028
29753.906250	-122.978607
29759.765625	-125.889565
29765.625000	-126.916626
29771.484375	-123.286659
29777.343750	-122.405357
29783.203125	-122.915535
29789.062500	-124.666794
29794.921875	-126.683617
29800.781250	-123.755157
29806.640625	-121.719284
29812.500000	-123.279175
29818.359375	-126.222862
29824.218750	-126.057961
29830.078125	-125.341904
29835.937500	-125.953812
29841.796875	-124.305557
29847.656250	-122.975830
29853.515625	-123.848755
29859.375000	-126.281296
29865.234375	-125.270744
29871.093750	-123.528801
29876.953125	-122.905502
29882.812500	-123.074982
29888.671875	-125.198601
29894.531250	-127.753258
29900.390625	-128.506088
29906.250000	-127.502945
29912.109375	-127.016037
29917.968750	-126.017509
29923.828125	-126.386734
29929.687500	-127.390991
29935.546875	-126.504402
29941.406250	-126.193062
29947.265625	-126.565544
29953.125000	-126.890778
29958.984375	-127.188431
29964.843750	-128.378769
29970.703125	-124.833969
29976.562500	-122.270172
29982.421875	-123.616470
29988.281250	-125.248604
29994.140625	-129.207336
30000.000000	-129.232590
30005.859375	-127.714233
30011.718750	-125.771904
30017.578125	-126.281189
30023.437500	-127.896957
30029.296875	-124.887955
30035.156250	-123.669060
30041.015625	-125.373238
30046.875000	-126.585152
30052.734375	-126.286591
30058.593750	-128.996124
30064.453125	-129.430695
30070.312500	-125.653557
30076.171875	-124.619385
30082.031250	-124.581459
30087.890625	-123.870239
30093.750000	-124.477516
30099.609375	-126.982559
30105.468750	-128.196075
30111.328125	-128.364349
30117.187500	-126.903839
30123.046875	-126.995995
30128.906250	-125.435814
30134.765625	-124.223457
30140.625000	-125.391319
30146.484375	-128.272522
30152.343750	-130.221176
30158.203125	-127.009254
30164.062500	-124.114151
30169.921875	-123.469795
30175.781250	-123.877739
30181.640625	-125.095573
30187.500000	-128.918350
30193.359375	-128.511795
30199.218750	-125.491982
30205.078125	-125.524162
30210.937500	-131.447311
30216.796875	-129.553574
30222.656250	-125.069344
30228.515625	-127.304619
30234.375000	-131.158066
30240.234375	-128.328613
30246.093750	-127.921593
30251.953125	-126.223068
30257.812500	-124.741829
30263.671875	-124.479630
30269.531250	-125.744682
30275.390625	-129.271606
30281.250000	-131.437378
30287.109375	-130.115402
30292.968750	-136.044083
30298.828125	-129.158478
30304.687500	-125.645622
30310.546875	-127.268471
30316.406250	-129.069275
30322.265625	-130.679794
30328.125000	-130.465149
30333.984375	-126.354424
30339.843750	-127.210327
30345.703125	-130.097351
30351.562500	-127.443909
30357.421875	-126.878471
30363.281250	-128.110062
30369.140625	-127.340973
30375.000000	-126.341774
30380.859375	-125.236046
30386.718750	-123.936417
30392.578125	-126.593880
30398.437500	-130.709305
30404.296875	-131.787277
30410.156250	-129.654617
30416.015625	-129.391495
30421.875000	-129.947037
30427.734375	-130.030273
30433.593750	-128.556046
30439.453125	-127.053963
30445.312500	-130.173386
30451.171875	-130.546188
30457.031250	-126.718620
30462.890625	-124.511703
30468.750000	-126.876053
30474.609375	-130.412552
30480.468750	-129.135086
30486.328125	-131.066742
30492.187500	-137.789841
30498.046875	-131.527405
30503.906250	-128.309067
30509.765625	-126.466019
30515.625000	-125.246788
30521.484375	-125.791458
30527.343750	-127.320663
30533.203125	-127.639427
30539.062500	-125.980301
30544.921875	-125.431259
30550.781250	-126.278572
30556.640625	-127.990402
30562.500000	-126.772690
30568.359375	-127.701050
30574.218750	-132.650757
30580.078125	-132.289352
30585.937500	-128.697525
30591.796875	-127.758629
30597.656250	-127.646240
30603.515625	-128.212524
30609.375000	-129.631165
30615.234375	-128.043411
30621.093750	-127.245773
30626.953125	-125.894432
30632.812500	-126.708687
30638.671875	-129.226807
30644.531250	-130.935349
30650.390625	-130.330292
30656.250000	-135.111053
30662.109375	-130.429504
30667.968750	-127.809914
30673.828125	-128.165909
30679.687500	-127.275642
30685.546875	-126.795921
30691.406250	-129.554474
30697.265625	-131.070312
30703.125000	-130.733597
30708.984375	-127.850601
30714.843750	-127.701149
30720.703125	-129.716293
30726.562500	-127.530899
30732.421875	-127.205109
30738.281250	-130.408157
30744.140625	-131.719513
30750.000000	-131.522156
30755.859375	-133.678467
30761.718750	-132.368439
30767.578125	-128.199265
30773.437500	-127.413177
30779.296875	-127.947281
30785.156250	-130.303802
30791.015625	-128.230057
30796.875000	-126.574493
30802.734375	-128.066055
30808.593750	-131.127075
30814.453125	-129.992157
30820.312500	-127.700005
30826.171875	-126.374290
30832.031250	-126.974777
30837.890625	-126.913086
30843.750000	-127.984138
30849.609375	-127.503670
30855.468750	-128.117508
30861.328125	-128.974121
30867.187500	-129.405273
30873.046875	-128.387405
30878.906250	-129.655014
30884.765625	-132.254761
30890.625000	-133.563660
30896.484375	-131.914825
30902.343750	-129.349869
30908.203125	-126.425888
30914.062500	-125.675568
30919.921875	-126.677162
30925.781250	-126.751114
30931.640625	-129.203140
30937.500000	-133.331207
30943.359375	-134.533066
30949.218750	-130.737762
30955.078125	-129.795212
30960.937500	-129.212265
30966.796875	-130.368027
30972.656250	-130.881180
30978.515625	-132.450943
30984.375000	-131.297165
30990.234375	-126.616112
30996.093750	-124.953094
31001.953125	-126.435600
31007.812500	-127.975227
31013.671875	-131.376999
31019.531250	-132.738647
31025.390625	-131.126404
31031.250000	-127.813110
31037.109375	-129.242386
31042.968750	-131.776962
31048.828125	-130.892166
31054.687500	-131.945801
31060.546875	-132.393890
31066.406250	-132.960190
31072.265625	-130.064194
31078.125000	-128.267960
31083.984375	-128.009766
31089.843750	-129.688782
31095.703125	-133.596451
31101.562500	-137.176315
31107.421875	-133.632095
31113.281250	-130.443863
31119.140625	-127.819756
31125.000000	-126.984047
31130.859375	-129.293427
31136.718750	-130.121155
31142.578125	-130.355850
31148.437500	-133.535645
31154.296875	-135.399399
31160.156250	-132.152847
31166.015625	-130.619873
31171.875000	-129.178635
31177.734375	-128.509659
31183.593750	-127.206749
31189.453125	-127.460876
31195.312500	-129.416367
31201.171875	-129.717850
31207.031250	-129.589340
31212.890625	-129.823944
31218.750000	-129.628342
31224.609375	-130.196198
31230.468750	-131.969162
31236.328125	-130.062424
31242.187500	-130.729340
31248.046875	-133.098129
31253.906250	-133.152634
31259.765625	-131.967468
31265.625000	-128.930771
31271.484375	-127.518005
31277.343750	-128.775955
31283.203125	-135.554749
31289.062500	-133.404694
31294.921875	-129.520889
31300.781250	-130.655746
31306.640625	-133.822296
31312.500000	-131.571243
31318.359375	-130.514481
31324.218750	-131.034882
31330.078125	-131.319992
31335.937500	-131.355011
31341.796875	-131.399811
31347.656250	-135.760376
31353.515625	-135.412842
31359.375000	-128.303818
31365.234375	-127.222580
31371.093750	-130.222641
31376.953125	-131.758026
31382.812500	-129.628738
31388.671875	-129.133575
31394.531250	-132.070786
31400.390625	-132.806656
31406.250000	-129.768829
31412.109375	-128.979858
31417.968750	-130.114883
31423.828125	-130.797684
31429.687500	-132.598190
31435.546875	-134.392578
31441.406250	-140.320023
31447.265625	-136.835083
31453.125000	-132.978226
31458.984375	-135.652588
31464.843750	-133.960922
31470.703125	-130.335556
31476.562500	-131.600983
31482.421875	-131.409088
31488.281250	-131.593842
31494.140625	-131.105545
31500.000000	-131.751114
31505.859375	-133.042770
31511.718750	-133.574524
31517.578125	-130.776474
31523.437500	-131.021042
31529.296875	-131.826553
31535.156250	-132.636215
31541.015625	-130.367264
31546.875000	-130.080475
31552.734375	-131.502045
31558.593750	-130.911301
31564.453125	-128.942566
31570.312500	-130.415390
31576.171875	-133.365250
31582.031250	-131.424088
31587.890625	-131.738586
31593.750000	-132.457352
31599.609375	-132.810730
31605.468750	-130.768387
31611.328125	-129.662979
31617.187500	-131.775497
31623.046875	-132.263031
31628.906250	-133.615448
31634.765625	-131.829544
31640.625000	-130.073547
31646.484375	-128.361069
31652.343750	-128.647186
31658.203125	-131.874283
31664.062500	-134.432831
31669.921875	-133.802597
31675.781250	-132.466125
31681.640625	-131.830917
31687.500000	-131.905884
31693.359375	-133.094055
31699.218750	-133.748337
31705.078125	-134.190125
31710.937500	-133.403732
31716.796875	-133.086075
31722.656250	-134.230988
31728.515625	-134.943848
31734.375000	-130.238541
31740.234375	-129.960526
31746.093750	-131.593048
31751.953125	-132.174179
31757.812500	-131.878082
31763.671875	-130.802490
31769.531250	-131.906433
31775.390625	-131.652298
31781.250000	-131.998413
31787.109375	-132.306641
31792.968750	-132.730713
31798.828125	-132.003632
31804.687500	-129.579102
31810.546875	-129.192780
31816.406250	-131.302719
31822.265625	-132.969528
31828.125000	-133.469971
31833.984375	-132.744934
31839.843750	-133.867157
31845.703125	-135.671555
31851.562500	-133.912506
31857.421875	-135.924347
31863.281250	-135.471161
31869.140625	-132.921494
31875.000000	-132.158554
31880.859375	-132.228638
31886.718750	-135.238373
31892.578125	-136.961060
31898.437500	-133.856003
31904.296875	-132.092682
31910.156250	-133.284180
31916.015625	-137.642914
31921.875000	-136.430206
31927.734375	-135.614471
31933.593750	-136.050507
31939.453125	-134.222855
31945.312500	-132.810547
31951.171875	-133.962723
31957.031250	-136.481171
31962.890625	-135.553146
31968.750000	-134.580841
31974.609375	-133.531158
31980.468750	-132.680283
31986.328125	-133.317307
31992.187500	-135.085159
31998.046875	-135.682693
32003.906250	-131.908386
32009.765625	-132.314377
32015.625000	-133.130707
32021.484375	-131.507629
32027.343750	-131.495880
32033.203125	-131.930634
32039.062500	-135.024414
32044.921875	-139.382126
32050.781250	-135.693710
32056.640625	-133.742950
32062.500000	-132.623581
32068.359375	-131.449478
32074.218750	-131.452957
32080.078125	-132.398987
32085.937500	-133.396652
32091.796875	-132.291611
32097.656250	-132.573044
32103.515625	-135.070328
32109.375000	-135.176788
32115.234375	-135.972366
32121.093750	-137.245117
32126.953125	-135.402954
32132.812500	-134.535751
32138.671875	-132.729904
32144.531250	-130.459534
32150.390625	-130.367691
32156.250000	-130.914810
32162.109375	-133.695145
32167.968750	-135.795319
32173.828125	-134.122604
32179.687500	-133.034866
32185.546875	-132.616104
32191.406250	-133.996048
32197.265625	-132.738602
32203.125000	-132.265198
32208.984375	-134.074188
32214.843750	-134.825958
32220.703125	-136.818573
32226.562500	-136.979218
32232.421875	-136.570770
32238.281250	-136.354065
32244.140625	-134.424484
32250.000000	-135.519363
32255.859375	-135.813828
32261.718750	-135.577194
32267.578125	-133.930695
32273.437500	-132.886978
32279.296875	-133.132751
32285.156250	-131.804413
32291.015625	-132.457825
32296.875000	-133.509384
32302.734375	-136.613876
32308.593750	-137.406219
32314.453125	-137.969910
32320.312500	-138.770950
32326.171875	-135.237991
32332.031250	-134.540405
32337.890625	-134.079575
32343.750000	-137.225449
32349.609375	-137.441925
32355.468750	-135.953506
32361.328125	-133.656113
32367.187500	-133.875061
32373.046875	-136.259628
32378.906250	-136.437958
32384.765625	-133.679459
32390.625000	-132.963989
32396.484375	-135.551422
32402.343750	-136.222702
32408.203125	-137.577713
32414.062500	-138.211884
32419.921875	-138.853607
32425.781250	-136.938995
32431.640625	-136.221649
32437.500000	-135.246460
32443.359375	-135.855530
32449.218750	-135.781235
32455.078125	-135.750305
32460.937500	-137.761002
32466.796875	-142.260666
32472.656250	-142.921707
32478.515625	-137.121475
32484.375000	-134.593903
32490.234375	-134.271973
32496.093750	-136.431137
32501.953125	-138.153030
32507.812500	-139.345963
32513.671875	-133.267014
32519.531250	-131.831436
32525.390625	-133.170990
32531.250000	-134.976654
32537.109375	-134.582626
32542.968750	-135.876572
32548.828125	-137.725677
32554.687500	-137.555862
32560.546875	-137.462280
32566.406250	-137.002274
32572.265625	-136.094086
32578.125000	-137.781235
32583.984375	-137.514511
32589.843750	-138.515076
32595.703125	-138.447433
32601.562500	-138.030014
32607.421875	-137.265015
32613.281250	-138.493698
32619.140625	-137.237396
32625.000000	-135.825851
32630.859375	-136.581589
32636.718750	-141.711258
32642.578125	-144.035889
32648.437500	-140.702301
32654.296875	-137.875366
32660.156250	-138.566620
32666.015625	-138.086365
32671.875000	-138.753281
32677.734375	-141.417908
32683.593750	-136.881638
32689.453125	-134.865250
32695.312500	-138.036957
32701.171875	-137.897049
32707.031250	-136.586960
32712.890625	-136.182144
32718.750000	-137.378754
32724.609375	-137.879623
32730.468750	-135.990036
32736.328125	-136.139694
32742.187500	-135.864288
32748.046875	-135.354889
32753.906250	-136.394669
32759.765625	-139.688324
32765.625000	-138.377121
32771.484375	-140.382126
32777.343750	-141.305389
32783.203125	-136.493729
32789.062500	-135.133011
32794.921875	-137.862045
32800.781250	-138.365738
32806.640625	-141.403030
32812.500000	-145.633163
32818.359375	-139.700211
32824.218750	-135.043930
32830.078125	-135.443848
32835.937500	-140.804169
32841.796875	-141.492035
32847.656250	-136.042587
32853.515625	-136.022705
32859.375000	-137.947891
32865.234375	-139.954193
32871.093750	-139.280792
32876.953125	-139.230438
32882.812500	-136.999786
32888.671875	-138.854797
32894.531250	-138.145996
32900.390625	-138.518860
32906.250000	-137.632660
32912.109375	-140.818008
32917.968750	-139.505646
32923.828125	-140.644547
32929.687500	-141.004105
32935.546875	-143.005753
32941.406250	-140.643372
32947.265625	-138.355652
32953.125000	-139.285553
32958.984375	-145.180511
32964.843750	-139.744064
32970.703125	-137.923630
32976.562500	-137.502441
32982.421875	-137.325958
32988.281250	-135.855362
32994.140625	-135.975006
33000.000000	-140.240662
33005.859375	-144.702911
33011.718750	-141.335693
33017.578125	-139.974289
33023.437500	-138.749146
33029.296875	-139.837341
33035.156250	-140.362381
33041.015625	-140.866486
33046.875000	-142.060257
33052.734375	-139.275909
33058.593750	-137.086960
33064.453125	-139.659561
33070.312500	-138.147964
33076.171875	-138.648026
33082.031250	-142.319702
33087.890625	-143.312805
33093.750000	-141.114166
33099.609375	-143.526672
33105.468750	-141.855515
33111.328125	-137.382568
33117.187500	-137.638824
33123.046875	-138.645264
33128.906250	-140.198898
33134.765625	-140.186279
33140.625000	-140.757248
33146.484375	-143.913849
33152.343750	-139.821793
33158.203125	-139.514877
33164.062500	-139.151474
33169.921875	-140.805939
33175.781250	-136.174179
33181.640625	-134.651993
33187.500000	-136.260605
33193.359375	-138.885590
33199.218750	-138.589935
33205.078125	-137.305298
33210.937500	-138.118271
33216.796875	-140.926926
33222.656250	-143.570251
33228.515625	-141.055252
33234.375000	-141.496552
33240.234375	-140.432190
33246.093750	-138.899063
33251.953125	-140.275955
33257.812500	-137.357925
33263.671875	-136.674988
33269.531250	-136.385986
33275.390625	-140.974152
33281.250000	-140.048553
33287.109375	-138.730698
33292.968750	-137.664780
33298.828125	-137.688400
33304.687500	-136.118484
33310.546875	-135.827637
33316.406250	-137.353165
33322.265625	-140.418991
33328.125000	-144.543716
33333.984375	-142.559540
33339.843750	-141.518860
33345.703125	-141.099106
33351.562500	-139.236176
33357.421875	-138.956787
33363.281250	-136.664734
33369.140625	-137.691956
33375.000000	-141.703552
33380.859375	-145.989151
33386.718750	-141.568695
33392.578125	-140.521301
33398.437500	-139.120102
33404.296875	-138.644806
33410.156250	-140.065796
33416.015625	-143.302094
33421.875000	-140.184830
33427.734375	-139.125931
33433.593750	-140.108322
33439.453125	-139.113312
33445.312500	-141.881531
33451.171875	-141.554977
33457.031250	-139.022949
33462.890625	-140.786880
33468.750000	-139.911270
33474.609375	-139.510513
33480.468750	-138.040207
33486.328125	-140.914108
33492.187500	-142.200378
33498.046875	-141.438629
33503.906250	-140.225510
33509.765625	-143.483505
33515.625000	-142.410828
33521.484375	-143.074753
33527.343750	-142.335556
33533.203125	-142.814240
33539.062500	-143.567856
33544.921875	-144.583313
33550.781250	-142.800201
33556.640625	-140.031006
33562.500000	-139.514038
33568.359375	-142.570618
33574.218750	-142.370880
33580.078125	-142.362793
33585.937500	-142.132965
33591.796875	-145.791504
33597.656250	-141.584061
33603.515625	-140.578537
33609.375000	-141.349030
33615.234375	-140.558304
33621.093750	-139.437531
33626.953125	-142.118652
33632.812500	-146.010254
33638.671875	-140.287811
33644.531250	-139.086899
33650.390625	-139.140259
33656.250000	-140.990768
33662.109375	-142.243942
33667.968750	-141.099121
33673.828125	-142.165115
33679.687500	-141.034576
33685.546875	-141.703476
33691.406250	-139.482071
33697.265625	-141.036148
33703.125000	-144.279343
33708.984375	-145.896942
33714.843750	-144.892105
33720.703125	-143.887909
33726.562500	-142.446014
33732.421875	-142.495544
33738.281250	-142.091690
33744.140625	-140.137451
33750.000000	-140.062302
33755.859375	-141.170380
33761.718750	-139.327911
33767.578125	-140.324783
33773.437500	-140.999054
33779.296875	-140.005341
33785.156250	-137.881454
33791.015625	-137.264404
33796.875000	-138.353271
33802.734375	-139.533463
33808.593750	-144.446182
33814.453125	-144.347763
33820.312500	-142.923920
33826.171875	-140.385117
33832.031250	-138.058060
33837.890625	-140.592926
33843.750000	-139.566696
33849.609375	-141.323441
33855.468750	-141.616577
33861.328125	-141.102783
33867.187500	-142.201950
33873.046875	-143.143311
33878.906250	-143.526825
33884.765625	-145.988708
33890.625000	-145.073456
33896.484375	-143.600388
33902.343750	-141.097610
33908.203125	-139.861542
33914.062500	-140.192535
33919.921875	-139.798462
33925.781250	-141.054092
33931.640625	-144.644211
33937.500000	-141.988480
33943.359375	-142.148376
33949.218750	-141.921875
33955.078125	-141.480286
33960.937500	-143.264374
33966.796875	-144.062347
33972.656250	-141.587997
33978.515625	-143.795639
33984.375000	-144.219131
33990.234375	-141.937378
33996.093750	-142.760498
34001.953125	-139.933929
34007.812500	-143.002136
34013.671875	-142.477722
34019.531250	-145.610535
34025.390625	-143.334122
34031.250000	-142.366196
34037.109375	-143.836533
34042.968750	-146.229980
34048.828125	-140.505157
34054.687500	-139.179428
34060.546875	-139.560913
34066.406250	-141.165985
34072.265625	-142.795578
34078.125000	-145.217148
34083.984375	-141.859177
34089.843750	-140.142654
34095.703125	-142.180603
34101.562500	-147.914795
34107.421875	-143.776566
34113.281250	-147.501770
34119.140625	-144.591339
34125.000000	-142.579834
34130.859375	-145.046249
34136.718750	-144.645081
34142.578125	-145.785400
34148.437500	-143.138748
34154.296875	-140.563934
34160.156250	-140.776443
34166.015625	-142.970245
34171.875000	-141.823990
34177.734375	-142.311111
34183.593750	-141.402344
34189.453125	-144.244980
34195.312500	-144.638412
34201.171875	-144.786514
34207.031250	-144.789474
34212.890625	-143.916550
34218.750000	-143.963989
34224.609375	-142.979431
34230.468750	-143.522995
34236.328125	-141.404541
34242.187500	-145.924301
34248.046875	-143.986557
34253.906250	-141.829865
34259.765625	-141.310318
34265.625000	-143.489761
34271.484375	-144.112228
34277.343750	-146.898636
34283.203125	-144.597977
34289.062500	-142.553787
34294.921875	-140.879303
34300.781250	-138.474701
34306.640625	-137.444427
34312.500000	-141.151474
34318.359375	-144.915009
34324.218750	-142.604767
34330.078125	-142.267548
34335.937500	-145.143921
34341.796875	-144.160828
34347.656250	-142.576996
34353.515625	-142.027802
34359.375000	-140.086533
34365.234375	-141.431503
34371.093750	-145.248260
34376.953125	-147.717453
34382.812500	-145.554916
34388.671875	-143.382599
34394.531250	-146.277588
34400.390625	-140.220398
34406.250000	-139.543594
34412.109375	-139.625580
34417.968750	-142.384247
34423.828125	-143.064392
34429.687500	-140.689682
34435.546875	-138.867233
34441.406250	-140.656021
34447.265625	-141.373138
34453.125000	-145.879257
34458.984375	-143.676163
34464.843750	-139.731049
34470.703125	-139.246323
34476.562500	-141.124298
34482.421875	-140.094559
34488.281250	-139.133224
34494.140625	-141.678543
34500.000000	-142.566238
34505.859375	-142.468185
34511.718750	-140.916107
34517.578125	-142.790833
34523.437500	-141.708847
34529.296875	-145.164246
34535.156250	-142.185547
34541.015625	-140.790619
34546.875000	-147.044739
34552.734375	-146.248398
34558.593750	-145.243484
34564.453125	-143.894135
34570.312500	-141.880341
34576.171875	-143.442978
34582.031250	-143.670822
34587.890625	-144.689529
34593.750000	-142.387238
34599.609375	-140.396286
34605.468750	-143.538055
34611.328125	-143.449799
34617.187500	-143.572662
34623.046875	-142.530579
34628.906250	-146.189606
34634.765625	-143.850525
34640.625000	-140.199234
34646.484375	-143.587128
34652.343750	-146.200729
34658.203125	-143.429184
34664.062500	-141.746414
34669.921875	-141.426620
34675.781250	-140.867645
34681.640625	-142.606873
34687.500000	-141.218430
34693.359375	-141.642120
34699.218750	-141.297241
34705.078125	-140.511932
34710.937500	-140.141968
34716.796875	-140.463242
34722.656250	-139.565231
34728.515625	-138.482956
34734.375000	-139.258469
34740.234375	-140.018005
34746.093750	-142.289734
34751.953125	-143.390671
34757.812500	-141.378021
34763.671875	-142.807693
34769.531250	-142.708862
34775.390625	-142.197296
34781.250000	-141.775269
34787.109375	-142.168259
34792.968750	-141.131561
34798.828125	-140.044739
34804.687500	-139.698166
34810.546875	-141.736755
34816.406250	-145.529846
34822.265625	-144.797134
34828.125000	-142.638077
34833.984375	-143.333420
34839.843750	-145.722549
34845.703125	-147.839172
34851.562500	-145.207794
34857.421875	-144.084991
34863.281250	-141.580063
34869.140625	-140.805191
34875.000000	-143.796143
34880.859375	-145.450165
34886.718750	-144.501175
34892.578125	-146.182587
34898.437500	-143.257568
34904.296875	-141.213028
34910.156250	-142.984497
34916.015625	-142.453247
34921.875000	-144.924316
34927.734375	-142.271530
34933.593750	-142.782394
34939.453125	-140.861954
34945.312500	-140.612839
34951.171875	-140.470306
34957.031250	-141.641953
34962.890625	-148.293930
34968.750000	-145.278275
34974.609375	-150.039215
34980.468750	-145.165161
34986.328125	-144.590714
34992.187500	-151.450836
34998.046875	-143.530853
35003.906250	-139.593796
35009.765625	-141.982819
35015.625000	-143.148163
35021.484375	-144.472412
35027.343750	-143.026260
35033.203125	-141.334595
35039.062500	-143.959198
35044.921875	-145.124084
35050.781250	-142.994781
35056.640625	-140.866287
35062.500000	-141.089600
35068.359375	-139.638092
35074.218750	-141.747513
35080.078125	-141.798401
35085.937500	-139.908524
35091.796875	-141.463074
35097.656250	-141.681580
35103.515625	-143.690414
35109.375000	-141.229492
35115.234375	-141.897842
35121.093750	-142.954102
35126.953125	-145.102036
35132.812500	-148.345581
35138.671875	-144.175354
35144.531250	-145.426224
35150.390625	-144.812592
35156.250000	-145.062302
35162.109375	-140.718735
35167.968750	-143.439026
35173.828125	-146.562439
35179.687500	-139.164474
35185.546875	-141.716125
35191.406250	-146.609634
35197.265625	-144.172821
35203.125000	-142.810577
35208.984375	-143.335938
35214.843750	-143.317429
35220.703125	-139.338226
35226.562500	-139.711945
35232.421875	-139.949570
35238.281250	-143.095596
35244.140625	-142.468338
35250.000000	-145.392349
35255.859375	-144.488235
35261.718750	-143.488022
35267.578125	-141.365677
35273.437500	-142.912781
35279.296875	-145.597931
35285.156250	-141.931641
35291.015625	-140.377792
35296.875000	-141.259079
35302.734375	-141.132980
35308.593750	-143.908203
35314.453125	-143.242767
35320.312500	-141.031815
35326.171875	-142.734695
35332.031250	-141.394958
35337.890625	-141.925171
35343.750000	-140.250931
35349.609375	-142.137833
35355.468750	-142.676071
35361.328125	-143.010513
35367.187500	-140.362183
35373.046875	-143.437271
35378.906250	-142.686371
35384.765625	-141.510757
35390.625000	-141.316254
35396.484375	-143.611282
35402.343750	-143.136078
35408.203125	-140.064316
35414.062500	-142.112411
35419.921875	-142.434769
35425.781250	-146.265503
35431.640625	-141.798386
35437.500000	-140.306564
35443.359375	-138.834808
35449.218750	-140.167435
35455.078125	-140.857361
35460.937500	-143.463531
35466.796875	-146.150604
35472.656250	-148.212509
35478.515625	-145.278778
35484.375000	-145.329742
35490.234375	-140.067001
35496.093750	-139.428864
35501.953125	-139.211685
35507.812500	-140.725082
35513.671875	-140.859528
35519.531250	-140.803864
35525.390625	-139.238358
35531.250000	-141.613617
35537.109375	-142.713943
35542.968750	-142.674301
35548.828125	-143.363434
35554.687500	-142.873535
35560.546875	-140.739258
35566.406250	-143.397995
35572.265625	-140.587067
35578.125000	-142.305450
35583.984375	-140.489075
35589.843750	-143.061386
35595.703125	-141.192719
35601.562500	-142.308655
35607.421875	-141.590958
35613.281250	-144.720367
35619.140625	-145.527023
35625.000000	-143.167175
35630.859375	-142.019638
35636.718750	-140.601242
35642.578125	-141.440002
35648.437500	-140.562729
35654.296875	-145.020569
35660.156250	-141.708298
35666.015625	-142.162903
35671.875000	-141.906631
35677.734375	-145.299744
35683.593750	-144.823761
35689.453125	-144.029343
35695.312500	-140.207672
35701.171875	-141.819901
35707.031250	-143.334045
35712.890625	-144.734360
35718.750000	-143.120422
35724.609375	-143.740997
35730.468750	-145.929993
35736.328125	-141.315460
35742.187500	-139.947098
35748.046875	-137.165894
35753.906250	-138.086807
35759.765625	-139.468201
35765.625000	-139.791733
35771.484375	-140.321304
35777.343750	-141.136932
35783.203125	-140.901520
35789.062500	-140.283386
35794.921875	-140.182922
35800.781250	-139.104599
35806.640625	-139.929565
35812.500000	-141.600494
35818.359375	-143.270081
35824.218750	-141.955978
35830.078125	-142.337631
35835.937500	-139.643814
35841.796875	-142.013214
35847.656250	-140.603683
35853.515625	-141.459961
35859.375000	-140.696136
35865.234375	-144.177750
35871.093750	-141.847839
35876.953125	-144.946869
35882.812500	-143.395340
35888.671875	-143.431412
35894.531250	-141.226959
35900.390625	-141.607437
35906.250000	-140.886520
35912.109375	-143.462982
35917.968750	-144.232651
35923.828125	-139.821503
35929.687500	-142.148590
35935.546875	-144.822815
35941.406250	-147.814163
35947.265625	-145.539612
35953.125000	-144.500137
35958.984375	-144.035172
35964.843750	-140.082916
35970.703125	-140.950165
35976.562500	-141.924072
35982.421875	-140.544159
35988.281250	-139.659241
35994.140625	-140.532730
36000.000000	-140.999496
36005.859375	-141.135147
36011.718750	-142.229523
36017.578125	-143.015732
36023.437500	-147.760284
36029.296875	-142.233917
36035.156250	-141.112183
36041.015625	-138.194061
36046.875000	-142.108673
36052.734375	-145.042633
36058.593750	-145.099716
36064.453125	-143.884964
36070.312500	-142.092331
36076.171875	-142.110626
36082.031250	-144.579453
36087.890625	-144.456940
36093.750000	-144.503860
36099.609375	-143.021469
36105.468750	-144.761490
36111.328125	-140.765320
36117.187500	-139.522781
36123.046875	-139.107117
36128.906250	-142.638901
36134.765625	-138.967361
36140.625000	-138.886719
36146.484375	-143.167862
36152.343750	-144.322220
36158.203125	-138.675369
36164.062500	-138.530289
36169.921875	-141.146698
36175.781250	-141.326385
36181.640625	-143.420212
36187.500000	-141.579147
36193.359375	-140.176102
36199.218750	-140.353302
36205.078125	-141.902359
36210.937500	-142.216370
36216.796875	-143.192566
36222.656250	-141.988419
36228.515625	-140.119324
36234.375000	-141.365280
36240.234375	-141.563751
36246.093750	-139.609619
36251.953125	-139.060562
36257.812500	-139.254852
36263.671875	-142.467453
36269.531250	-142.311340
36275.390625	-144.792740
36281.250000	-144.089859
36287.109375	-144.776672
36292.968750	-142.521606
36298.828125	-139.358826
36304.687500	-140.380508
36310.546875	-139.728348
36316.406250	-142.369354
36322.265625	-142.715805
36328.125000	-142.430023
36333.984375	-143.380829
36339.843750	-143.832031
36345.703125	-142.976273
36351.562500	-140.256607
36357.421875	-142.288589
36363.281250	-140.969315
36369.140625	-143.045593
36375.000000	-142.858231
36380.859375	-140.604050
36386.718750	-139.809189
36392.578125	-140.198425
36398.437500	-144.747040
36404.296875	-141.031616
36410.156250	-140.059052
36416.015625	-142.300522
36421.875000	-141.149155
36427.734375	-141.093414
36433.593750	-139.065125
36439.453125	-139.604523
36445.312500	-138.520660
36451.171875	-139.088013
36457.031250	-138.653427
36462.890625	-141.421951
36468.750000	-140.900223
36474.609375	-141.371323
36480.468750	-142.172607
36486.328125	-140.477417
36492.187500	-139.823181
36498.046875	-143.275238
36503.906250	-142.295853
36509.765625	-144.929276
36515.625000	-142.941467
36521.484375	-144.533066
36527.343750	-141.495178
36533.203125	-141.306549
36539.062500	-139.071426
36544.921875	-140.746704
36550.781250	-141.083588
36556.640625	-140.799286
36562.500000	-143.910156
36568.359375	-146.717407
36574.218750	-141.592056
36580.078125	-141.790054
36585.937500	-139.395340
36591.796875	-139.570175
36597.656250	-141.334702
36603.515625	-143.352829
36609.375000	-142.473694
36615.234375	-141.180817
36621.093750	-142.350464
36626.953125	-142.012894
36632.812500	-141.869080
36638.671875	-141.839737
36644.531250	-142.456772
36650.390625	-139.872192
36656.250000	-139.328110
36662.109375	-140.117599
36667.968750	-142.001999
36673.828125	-142.589432
36679.687500	-141.062592
36685.546875	-142.075165
36691.406250	-141.771759
36697.265625	-143.259888
36703.125000	-142.366409
36708.984375	-140.845978
36714.843750	-141.089127
36720.703125	-139.727112
36726.562500	-141.529099
36732.421875	-142.941620
36738.281250	-142.540268
36744.140625	-141.356186
36750.000000	-140.814926
36755.859375	-138.871567
36761.718750	-138.046768
36767.578125	-138.223267
36773.437500	-138.610016
36779.296875	-141.660080
36785.156250	-142.899658
36791.015625	-145.074295
36796.875000	-143.308670
36802.734375	-140.579727
36808.593750	-142.500488
36814.453125	-141.533859
36820.312500	-144.705032
36826.171875	-143.483749
36832.031250	-144.232361
36837.890625	-147.144852
36843.750000	-147.841721
36849.609375	-146.290649
36855.468750	-144.107407
36861.328125	-141.198044
36867.187500	-141.456909
36873.046875	-144.122787
36878.906250	-149.426102
36884.765625	-141.891937
36890.625000	-138.806274
36896.484375	-139.240921
36902.343750	-141.130264
36908.203125	-140.958862
36914.062500	-141.377686
36919.921875	-142.080872
36925.781250	-143.877914
36931.640625	-144.950211
36937.500000	-144.382324
36943.359375	-139.611023
36949.218750	-140.395676
36955.078125	-140.231369
36960.937500	-141.452362
36966.796875	-138.978317
36972.656250	-141.930161
36978.515625	-141.679077
36984.375000	-144.212006
36990.234375	-144.705887
36996.093750	-145.942993
37001.953125	-145.172913
37007.812500	-148.605713
37013.671875	-150.402466
37019.531250	-146.439606
37025.390625	-144.924240
37031.250000	-141.420349
37037.109375	-110.539772
37042.968750	-88.090172
37048.828125	-76.863052
37054.687500	-73.156548
37060.546875	-76.138275
37066.406250	-86.467102
37072.265625	-107.349899
37078.125000	-144.258774
37083.984375	-144.073547
37089.843750	-143.048111
37095.703125	-140.912354
37101.562500	-137.952072
37107.421875	-139.911209
37113.281250	-142.209564
37119.140625	-144.269043
37125.000000	-144.631485
37130.859375	-148.194733
37136.718750	-146.029037
37142.578125	-144.382553
37148.437500	-104.011841
37154.296875	-84.769226
37160.156250	-75.419250
37166.015625	-73.246445
37171.875000	-77.780228
37177.734375	-90.067680
37183.593750	-114.635254
37189.453125	-137.986725
37195.312500	-140.044891
37201.171875	-144.686096
37207.031250	-141.023178
37212.890625	-142.256439
37218.750000	-142.334213
37224.609375	-139.906906
37230.468750	-139.758072
37236.328125	-143.177887
37242.187500	-147.526199
37248.046875	-148.411346
37253.906250	-132.361145
37259.765625	-98.454018
37265.625000	-81.937653
37271.484375	-74.337944
37277.343750	-73.675056
37283.203125	-79.808037
37289.062500	-94.239517
37294.921875	-123.530373
37300.781250	-143.324112
37306.640625	-142.064148
37312.500000	-143.452393
37318.359375	-146.014923
37324.218750	-141.644730
37330.078125	-141.779816
37335.937500	-139.513458
37341.796875	-140.187195
37347.656250	-141.054260
37353.515625	-141.279861
37359.375000	-144.326996
37365.234375	-122.425804
37371.093750	-93.728821
37376.953125	-79.556122
37382.812500	-73.612923
37388.671875	-74.452927
37394.531250	-82.254471
37400.390625	-99.084824
37406.250000	-133.701797
37412.109375	-143.847549
37417.968750	-140.963913
37423.828125	-142.714157
37429.687500	-141.750900
37435.546875	-140.853180
37441.406250	-143.827896
37447.265625	-140.111893
37453.125000	-139.419250
37458.984375	-138.925751
37464.843750	-140.019043
37470.703125	-137.971069
37476.562500	-113.518806
37482.421875	-89.613708
37488.281250	-77.575027
37494.140625	-73.228188
37500.000000	-75.581429
37505.859375	-85.150841
37511.718750	-104.748680
37517.578125	-141.865189
37523.437500	-141.585831
37529.296875	-142.702713
37535.156250	-143.965668
37541.015625	-142.498978
37546.875000	-141.182404
37552.734375	-141.123505
37558.593750	-142.450089
37564.453125	-146.614487
37570.312500	-142.874115
37576.171875	-141.695297
37582.031250	-140.100800
37587.890625	-106.610596
37593.750000	-86.102364
37599.609375	-75.992104
37605.468750	-73.189888
37611.328125	-77.077919
37617.187500	-88.531082
37623.046875	-111.380867
37628.906250	-145.053238
37634.765625	-144.879028
37640.625000	-142.748764
37646.484375	-141.354126
37652.343750	-146.698303
37658.203125	-143.441376
37664.062500	-142.573990
37669.921875	-139.510010
37675.781250	-140.814819
37681.640625	-140.483154
37687.500000	-141.414490
37693.359375	-137.570328
37699.218750	-100.670006
37705.078125	-83.084129
37710.937500	-74.773682
37716.796875	-73.490616
37722.656250	-78.957001
37728.515625	-92.478661
37734.375000	-119.457840
37740.234375	-147.930679
37746.093750	-143.513245
37751.953125	-139.869202
37757.812500	-140.191635
37763.671875	-141.092911
37769.531250	-144.020920
37775.390625	-139.210449
37781.250000	-139.750366
37787.109375	-140.143234
37792.968750	-145.002518
37798.828125	-143.758972
37804.687500	-127.467682
37810.546875	-95.659966
37816.406250	-80.529449
37822.265625	-73.913010
37828.125000	-74.132462
37833.984375	-81.235809
37839.843750	-97.025452
37845.703125	-129.673767
37851.562500	-141.856995
37857.421875	-141.109894
37863.281250	-141.269211
37869.140625	-142.455704
37875.000000	-146.844238
37880.859375	-144.699631
37886.718750	-142.254730
37892.578125	-143.970505
37898.437500	-141.515671
37904.296875	-141.289734
37910.156250	-143.853134
37916.015625	-116.739555
37921.875000	-91.279053
37927.734375	-78.396561
37933.593750	-73.400665
37939.453125	-75.128906
37945.312500	-83.959274
37951.171875	-102.416306
37957.031250	-142.158997
37962.890625	-138.184525
37968.750000	-141.175598
37974.609375	-143.603989
37980.468750	-143.715973
37986.328125	-141.960449
37992.187500	-145.534515
37998.046875	-144.219116
38003.906250	-146.242310
38009.765625	-145.247269
38015.625000	-142.608536
38021.484375	-144.152130
38027.343750	-109.316757
38033.203125	-87.545113
38039.062500	-76.665718
38044.921875	-73.232384
38050.781250	-76.483650
38056.640625	-87.139641
38062.500000	-108.562813
38068.359375	-144.556686
38074.218750	-144.455063
38080.078125	-144.611923
38085.937500	-145.647476
38091.796875	-144.521530
38097.656250	-144.544876
38103.515625	-144.702484
38109.375000	-143.674683
38115.234375	-140.893005
38121.093750	-141.730225
38126.953125	-139.743622
38132.812500	-142.279892
38138.671875	-103.084930
38144.531250	-84.345284
38150.390625	-75.310028
38156.250000	-73.403755
38162.109375	-78.214760
38167.968750	-90.858932
38173.828125	-116.154434
38179.687500	-141.726196
38185.546875	-141.574661
38191.406250	-139.772202
38197.265625	-140.944626
38203.125000	-143.162476
38208.984375	-138.884781
38214.843750	-140.480667
38220.703125	-138.897354
38226.562500	-140.677307
38232.421875	-141.996323
38238.281250	-146.339828
38244.140625	-129.625778
38250.000000	-97.683388
38255.859375	-81.613564
38261.718750	-74.316147
38267.578125	-73.918602
38273.437500	-80.342697
38279.296875	-95.156456
38285.156250	-123.949768
38291.015625	-136.581833
38296.875000	-140.838837
38302.734375	-141.633865
38308.593750	-142.936447
38314.453125	-142.234634
38320.312500	-142.977493
38326.171875	-140.907928
38332.031250	-139.191025
38337.890625	-139.197357
38343.750000	-140.346146
38349.609375	-141.970718
38355.468750	-120.557434
38361.328125	-93.089516
38367.187500	-79.327812
38373.046875	-73.671608
38378.906250	-74.778114
38384.765625	-82.878403
38390.625000	-100.151604
38396.484375	-135.720474
38402.343750	-146.498566
38408.203125	-144.914200
38414.062500	-144.547684
38419.921875	-143.593689
38425.781250	-141.741943
38431.640625	-142.199768
38437.500000	-140.434418
38443.359375	-142.279144
38449.218750	-143.705933
38455.078125	-142.929733
38460.937500	-143.414856
38466.796875	-112.425636
38472.656250	-89.134964
38478.515625	-77.446846
38484.375000	-73.375244
38490.234375	-75.997971
38496.093750	-85.891525
38501.953125	-106.051743
38507.812500	-142.834930
38513.671875	-141.236877
38519.531250	-144.190826
38525.390625	-146.661819
38531.250000	-146.303619
38537.109375	-143.626022
38542.968750	-144.154251
38548.828125	-147.239182
38554.687500	-148.060791
38560.546875	-144.152924
38566.406250	-141.792892
38572.265625	-140.676605
38578.125000	-105.667458
38583.984375	-85.731232
38589.843750	-75.950050
38595.703125	-73.417702
38601.562500	-77.582146
38607.421875	-89.384903
38613.281250	-112.889442
38619.140625	-142.855988
38625.000000	-139.859756
38630.859375	-142.289413
38636.718750	-142.209305
38642.578125	-141.280762
38648.437500	-141.760132
38654.296875	-139.945358
38660.156250	-139.045242
38666.015625	-139.883896
38671.875000	-143.835526
38677.734375	-151.755280
38683.593750	-138.183670
38689.453125	-99.981613
38695.312500	-82.829727
38701.171875	-74.822517
38707.031250	-73.805435
38712.890625	-79.556030
38718.750000	-93.459366
38724.609375	-121.073631
38730.468750	-138.863800
38736.328125	-140.044769
38742.187500	-144.403244
38748.046875	-144.722137
38753.906250	-141.543091
38759.765625	-140.279678
38765.625000	-141.669479
38771.484375	-141.143402
38777.343750	-139.469055
38783.203125	-142.669617
38789.062500	-141.163635
38794.921875	-125.107529
38800.781250	-95.079208
38806.640625	-80.374619
38812.500000	-74.046577
38818.359375	-74.533318
38824.218750	-81.936134
38830.078125	-98.205688
38835.937500	-133.050766
38841.796875	-145.018295
38847.656250	-148.479721
38853.515625	-145.559708
38859.375000	-139.465103
38865.234375	-139.986435
38871.093750	-139.303223
38876.953125	-140.342453
38882.812500	-141.080673
38888.671875	-142.196671
38894.531250	-140.918808
38900.390625	-139.458786
38906.250000	-115.612839
38912.109375	-90.860077
38917.968750	-78.338181
38923.828125	-73.620636
38929.687500	-75.614540
38935.546875	-84.754402
38941.406250	-103.628357
38947.265625	-141.506317
38953.125000	-141.401367
38958.984375	-143.432587
38964.843750	-146.635498
38970.703125	-143.636780
38976.562500	-142.389084
38982.421875	-142.559097
38988.281250	-140.585724
38994.140625	-140.193420
39000.000000	-141.392044
39005.859375	-142.456284
39011.718750	-144.349365
39017.578125	-108.493309
39023.437500	-87.241272
39029.296875	-76.693748
39035.156250	-73.532417
39041.015625	-77.058113
39046.875000	-88.061646
39052.734375	-110.176041
39058.593750	-144.762344
39064.453125	-143.989166
39070.312500	-144.072342
39076.171875	-142.524231
39082.031250	-144.829544
39087.890625	-141.848755
39093.750000	-141.477936
39099.609375	-141.137009
39105.468750	-144.357468
39111.328125	-141.946716
39117.187500	-139.396820
39123.046875	-138.230484
39128.906250	-102.389366
39134.765625	-84.153839
39140.625000	-75.429222
39146.484375	-73.790077
39152.343750	-78.877823
39158.203125	-91.881653
39164.062500	-117.641396
39169.921875	-143.868011
39175.781250	-145.432022
39181.640625	-143.949295
39187.500000	-143.156952
39193.359375	-142.622772
39199.218750	-148.231796
39205.078125	-145.419983
39210.937500	-147.176346
39216.796875	-141.136658
39222.656250	-140.566559
39228.515625	-140.257812
39234.375000	-128.490540
39240.234375	-97.156326
39246.093750	-81.523651
39251.953125	-74.522408
39257.812500	-74.389305
39263.671875	-81.099670
39269.531250	-96.315720
39275.390625	-127.011658
39281.250000	-142.351501
39287.109375	-141.183777
39292.968750	-143.270172
39298.828125	-145.949722
39304.687500	-145.657700
39310.546875	-141.718369
39316.406250	-138.602264
39322.265625	-138.049240
39328.125000	-140.702530
39333.984375	-143.607071
39339.843750	-142.809570
39345.703125	-119.421097
39351.562500	-92.731865
39357.421875	-79.338020
39363.281250	-73.965172
39369.140625	-75.336342
39375.000000	-83.744522
39380.859375	-101.464935
39386.718750	-136.630371
39392.578125	-140.993713
39398.437500	-141.079361
39404.296875	-140.435364
39410.156250	-144.431915
39416.015625	-145.273407
39421.875000	-146.274292
39427.734375	-144.193985
39433.593750	-141.780914
39439.453125	-142.727509
39445.312500	-140.147156
39451.171875	-139.770554
39457.031250	-111.563759
39462.890625	-88.892921
39468.750000	-77.548737
39474.609375	-73.750275
39480.468750	-76.642059
39486.328125	-86.860191
39492.187500	-107.542801
39498.046875	-140.627777
39503.906250	-138.012177
39509.765625	-138.629028
39515.625000	-144.415527
39521.484375	-145.667801
39527.343750	-143.758255
39533.203125	-145.698898
39539.062500	-144.091599
39544.921875	-147.542526
39550.781250	-146.063034
39556.640625	-143.600769
39562.500000	-140.315521
39568.359375	-105.016685
39574.218750	-85.602394
39580.078125	-76.143188
39585.937500	-73.879593
39591.796875	-78.318726
39597.656250	-90.474823
39603.515625	-114.672310
39609.375000	-141.065796
39615.234375	-141.610931
39621.093750	-140.898178
39626.953125	-143.007996
39632.812500	-145.689621
39638.671875	-143.478195
39644.531250	-144.596024
39650.390625	-147.984634
39656.250000	-143.287415
39662.109375	-140.461426
39667.968750	-139.126114
39673.828125	-132.383545
39679.687500	-99.476906
39685.546875	-82.803406
39691.406250	-75.101334
39697.265625	-74.348236
39703.125000	-80.383461
39708.984375	-94.674187
39714.843750	-123.683342
39720.703125	-142.734924
39726.562500	-140.349915
39732.421875	-140.506226
39738.281250	-141.297272
39744.140625	-142.577606
39750.000000	-142.144318
39755.859375	-141.272003
39761.718750	-143.862595
39767.578125	-150.356201
39773.437500	-147.127258
39779.296875	-144.378204
39785.156250	-123.613434
39791.015625	-94.743889
39796.875000	-80.450096
39802.734375	-74.413818
39808.593750	-75.165565
39814.453125	-82.866730
39820.312500	-99.553215
39826.171875	-134.186951
39832.031250	-144.136154
39837.890625	-146.074295
39843.750000	-143.764511
39849.609375	-141.045670
39855.468750	-142.753220
39861.328125	-141.341156
39867.187500	-140.127594
39873.046875	-138.937332
39878.906250	-138.672958
39884.765625	-139.291840
39890.625000	-141.461639
39896.484375	-114.721146
39902.343750	-90.664284
39908.203125	-78.510361
39914.062500	-74.071442
39919.921875	-76.336029
39925.781250	-85.800552
39931.640625	-105.254120
39937.500000	-143.556946
39943.359375	-143.773224
39949.218750	-144.600220
39955.078125	-143.135941
39960.937500	-140.793625
39966.796875	-142.859360
39972.656250	-144.521027
39978.515625	-144.867798
39984.375000	-141.547882
39990.234375	-142.047195
39996.093750	-141.658646
40001.953125	-141.303482
40007.812500	-107.826782
40013.671875	-87.181107
40019.531250	-76.964592
40025.390625	-74.073563
40031.250000	-77.872032
40037.109375	-89.218285
40042.968750	-111.967834
40048.828125	-142.677124
40054.687500	-141.195465
40060.546875	-141.870941
40066.406250	-142.286575
40072.265625	-140.334671
40078.125000	-139.518234
40083.984375	-141.135056
40089.843750	-143.845230
40095.703125	-142.174698
40101.562500	-143.751511
40107.421875	-141.954300
40113.281250	-141.700546
40119.140625	-102.021240
40125.000000	-84.205688
40130.859375	-75.789391
40136.718750	-74.416405
40142.578125	-79.788200
40148.437500	-93.174797
40154.296875	-120.160141
40160.156250	-141.074600
40166.015625	-140.473892
40171.875000	-145.864838
40177.734375	-140.861984
40183.593750	-138.469910
40189.453125	-139.765213
40195.312500	-142.001785
40201.171875	-144.729355
40207.031250	-140.940781
40212.890625	-139.955688
40218.750000	-140.311600
40224.609375	-128.778534
40230.468750	-96.919769
40236.328125	-81.677414
40242.187500	-74.967087
40248.046875	-75.099579
40253.906250	-82.105461
40259.765625	-97.757538
40265.625000	-129.572144
40271.484375	-140.487061
40277.343750	-143.401093
40283.203125	-142.903381
40289.062500	-142.898346
40294.921875	-141.537415
40300.781250	-141.173111
40306.640625	-140.528503
40312.500000	-143.486618
40318.359375	-142.143021
40324.218750	-140.452606
40330.078125	-141.568909
40335.937500	-118.571602
40341.796875	-92.594490
40347.656250	-79.587433
40353.515625	-74.497566
40359.375000	-76.136879
40365.234375	-84.855049
40371.093750	-103.058167
40376.953125	-136.629486
40382.812500	-141.001205
40388.671875	-138.833160
40394.531250	-138.323273
40400.390625	-138.864059
40406.250000	-142.593567
40412.109375	-145.105652
40417.968750	-145.398544
40423.828125	-143.277252
40429.687500	-143.849319
40435.546875	-142.924179
40441.406250	-141.342834
40447.265625	-111.047119
40453.125000	-88.904099
40458.984375	-77.898552
40464.843750	-74.372826
40470.703125	-77.534668
40476.562500	-88.086060
40482.421875	-109.401520
40488.281250	-143.972504
40494.140625	-142.627975
40500.000000	-139.207916
40505.859375	-139.515366
40511.718750	-142.486237
40517.578125	-144.468628
40523.437500	-143.406067
40529.296875	-144.455902
40535.156250	-142.860168
40541.015625	-144.310440
40546.875000	-143.825821
40552.734375	-140.801865
40558.593750	-104.618828
40564.453125	-85.718697
40570.312500	-76.580078
40576.171875	-74.584747
40582.031250	-79.303658
40587.890625	-91.825249
40593.750000	-116.830765
40599.609375	-143.005844
40605.468750	-140.491211
40611.328125	-141.138596
40617.187500	-142.611191
40623.046875	-146.688965
40628.906250	-145.342270
40634.765625	-145.539047
40640.625000	-146.325180
40646.484375	-147.197403
40652.343750	-149.241150
40658.203125	-147.142426
40664.062500	-132.694565
40669.921875	-99.268433
40675.781250	-83.035492
40681.640625	-75.632187
40687.500000	-75.146210
40693.359375	-81.469429
40699.218750	-96.157967
40705.078125	-125.309792
40710.937500	-144.454956
40716.796875	-141.308792
40722.656250	-143.474365
40728.515625	-147.139801
40734.375000	-140.547302
40740.234375	-139.472992
40746.093750	-139.010422
40751.953125	-140.955582
40757.812500	-139.596268
40763.671875	-138.750488
40769.531250	-140.951080
40775.390625	-122.623543
40781.250000	-94.688110
40787.109375	-80.786346
40792.968750	-75.034187
40798.828125	-76.051476
40804.687500	-84.052582
40810.546875	-101.185715
40816.406250	-136.820175
40822.265625	-141.974411
40828.125000	-142.359375
40833.984375	-141.764923
40839.843750	-139.429657
40845.703125	-142.145111
40851.562500	-145.041748
40857.421875	-145.755478
40863.281250	-143.283707
40869.140625	-142.266129
40875.000000	-144.175003
40880.859375	-145.955307
40886.718750	-114.202408
40892.578125	-90.748085
40898.437500	-78.942093
40904.296875	-74.779221
40910.156250	-77.311234
40916.015625	-87.095818
40921.875000	-107.067772
40927.734375	-143.472641
40933.593750	-143.810287
40939.453125	-143.390289
40945.312500	-140.304504
40951.171875	-142.426331
40957.031250	-143.542435
40962.890625	-144.452072
40968.750000	-141.593216
40974.609375	-141.371170
40980.468750	-141.570206
40986.328125	-143.620132
40992.187500	-144.312454
40998.046875	-107.476036
41003.906250	-87.374977
41009.765625	-77.486755
41015.625000	-74.864975
41021.484375	-78.934677
41027.343750	-90.614372
41033.203125	-113.904305
41039.062500	-143.341934
41044.921875	-144.236237
41050.781250	-143.894135
41056.640625	-142.796844
41062.500000	-142.776672
41068.359375	-141.981888
41074.218750	-140.242691
41080.078125	-141.468948
41085.937500	-141.687195
41091.796875	-141.986374
41097.656250	-146.055466
41103.515625	-141.507263
41109.375000	-101.818436
41115.234375	-84.518356
41121.093750	-76.408745
41126.953125	-75.302917
41132.812500	-80.956657
41138.671875	-94.724937
41144.531250	-121.824905
41150.390625	-143.290787
41156.250000	-141.958466
41162.109375	-141.959579
41167.968750	-142.298859
41173.828125	-145.428345
41179.687500	-142.768143
41185.546875	-142.409927
41191.406250	-141.629211
41197.265625	-140.603653
41203.125000	-141.094955
41208.984375	-139.210678
41214.843750	-127.268608
41220.703125	-96.941727
41226.562500	-82.097778
41232.421875	-75.677635
41238.281250	-76.074821
41244.140625	-83.378952
41250.000000	-99.456642
41255.859375	-132.316040
41261.718750	-143.786957
41267.578125	-143.328903
41273.437500	-142.160431
41279.296875	-144.086929
41285.156250	-144.267395
41291.015625	-146.493958
41296.875000	-144.681015
41302.734375	-142.899536
41308.593750	-143.118469
41314.453125	-143.612869
41320.312500	-145.163010
41326.171875	-117.851089
41332.031250	-92.746979
41337.890625	-80.107971
41343.750000	-75.298660
41349.609375	-77.205261
41355.468750	-86.244408
41361.328125	-104.972961
41367.187500	-141.086639
41373.046875	-142.043167
41378.906250	-142.750519
41384.765625	-143.082031
41390.625000	-146.639206
41396.484375	-146.068619
41402.343750	-146.182114
41408.203125	-144.349960
41414.062500	-142.643066
41419.921875	-145.383774
41425.781250	-143.645691
41431.640625	-142.480103
41437.500000	-110.724495
41443.359375	-89.185440
41449.218750	-78.518204
41455.078125	-75.264748
41460.937500	-78.697998
41466.796875	-89.580544
41472.656250	-111.359413
41478.515625	-143.120865
41484.375000	-142.640610
41490.234375	-143.424408
41496.093750	-142.736511
41501.953125	-141.301590
41507.812500	-141.234894
41513.671875	-140.528778
41519.531250	-141.494476
41525.390625	-142.874969
41531.250000	-140.855377
41537.109375	-141.848587
41542.968750	-144.839920
41548.828125	-104.490768
41554.687500	-86.113953
41560.546875	-77.295143
41566.406250	-75.568840
41572.265625	-80.568436
41578.125000	-93.464470
41583.984375	-119.200394
41589.843750	-142.061874
41595.703125	-143.288101
41601.562500	-144.163300
41607.421875	-141.988419
41613.281250	-140.626740
41619.140625	-139.562714
41625.000000	-140.329895
41630.859375	-142.120651
41636.718750	-144.539551
41642.578125	-141.102264
41648.437500	-141.530594
41654.296875	-131.591110
41660.156250	-99.362251
41666.015625	-83.545609
41671.875000	-76.441620
41677.734375	-76.219276
41683.593750	-82.833511
41689.453125	-97.909142
41695.312500	-127.904411
41701.171875	-139.582718
41707.031250	-140.976944
41712.890625	-139.063019
41718.750000	-141.195755
41724.609375	-144.332306
41730.468750	-142.942139
41736.328125	-141.441162
41742.187500	-140.998581
41748.046875	-140.810608
41753.906250	-140.974564
41759.765625	-142.965347
41765.625000	-122.106544
41771.484375	-94.912537
41777.343750	-81.401550
41783.203125	-75.934731
41789.062500	-77.218849
41794.921875	-85.524300
41800.781250	-103.103836
41806.640625	-136.710983
41812.500000	-144.359604
41818.359375	-142.555511
41824.218750	-142.508209
41830.078125	-144.415924
41835.937500	-142.137009
41841.796875	-140.973969
41847.656250	-140.893005
41853.515625	-141.285782
41859.375000	-141.180466
41865.234375	-145.866333
41871.093750	-147.537674
41876.953125	-113.996552
41882.812500	-91.126701
41888.671875	-79.667290
41894.531250	-75.777092
41900.390625	-78.576469
41906.250000	-88.675041
41912.109375	-109.082008
41917.968750	-142.898300
41923.828125	-146.388504
41929.687500	-150.045258
41935.546875	-149.360947
41941.406250	-145.799469
41947.265625	-145.792969
41953.125000	-142.801239
41958.984375	-141.109238
41964.843750	-139.981064
41970.703125	-141.223267
41976.562500	-142.284073
41982.421875	-146.286896
41988.281250	-107.530983
41994.140625	-87.880936
42000.000000	-78.311798
42005.859375	-75.958023
42011.718750	-80.306168
42017.578125	-92.348000
42023.437500	-116.364380
42029.296875	-140.539703
42035.156250	-141.935699
42041.015625	-141.661636
42046.875000	-141.214172
42052.734375	-141.903870
42058.593750	-142.525558
42064.453125	-142.837173
42070.312500	-141.862213
42076.171875	-140.438293
42082.031250	-140.327316
42087.890625	-141.735245
42093.750000	-137.514786
42099.609375	-101.986244
42105.468750	-85.133186
42111.328125	-77.326653
42117.187500	-76.486115
42123.046875	-82.428619
42128.906250	-96.596268
42134.765625	-124.511780
42140.625000	-142.677734
42146.484375	-142.321625
42152.343750	-139.708374
42158.203125	-138.734085
42164.062500	-139.875977
42169.921875	-138.919693
42175.781250	-139.048325
42181.640625	-140.228760
42187.500000	-143.178421
42193.359375	-143.381775
42199.218750	-143.946136
42205.078125	-126.301430
42210.937500	-97.244431
42216.796875	-82.823898
42222.656250	-76.692169
42228.515625	-77.355865
42234.375000	-84.954811
42240.234375	-101.479271
42246.093750	-135.731796
42251.953125	-145.487411
42257.812500	-147.002106
42263.671875	-146.469818
42269.531250	-143.804901
42275.390625	-144.154648
42281.250000	-144.103195
42287.109375	-142.111618
42292.968750	-141.733307
42298.828125	-142.776611
42304.687500	-143.973999
42310.546875	-142.142456
42316.406250	-117.941032
42322.265625	-93.236732
42328.125000	-80.944656
42333.984375	-76.410912
42339.843750	-78.583351
42345.703125	-87.932838
42351.562500	-107.168831
42357.421875	-147.406204
42363.281250	-144.914963
42369.140625	-144.030899
42375.000000	-142.467133
42380.859375	-138.972137
42386.718750	-138.134293
42392.578125	-142.922455
42398.437500	-143.512695
42404.296875	-142.991241
42410.156250	-143.778824
42416.015625	-141.743668
42421.875000	-139.261185
42427.734375	-110.620049
42433.593750	-89.778915
42439.453125	-79.450256
42445.312500	-76.468071
42451.171875	-80.173042
42457.031250	-91.388817
42462.890625	-113.685745
42468.750000	-143.415421
42474.609375	-141.399231
42480.468750	-140.278854
42486.328125	-140.935913
42492.187500	-143.904160
42498.046875	-140.713760
42503.906250	-139.978592
42509.765625	-143.069885
42515.625000	-147.206268
42521.484375	-140.974533
42527.343750	-138.122192
42533.203125	-135.425980
42539.062500	-104.693184
42544.921875	-86.844383
42550.781250	-78.334000
42556.640625	-76.873825
42562.500000	-82.152740
42568.359375	-95.420738
42574.218750	-122.067650
42580.078125	-143.051208
42585.937500	-143.085159
42591.796875	-143.390839
42597.656250	-145.209534
42603.515625	-145.641541
42609.375000	-141.223679
42615.234375	-141.418427
42621.093750	-140.441330
42626.953125	-138.537582
42632.812500	-138.754425
42638.671875	-139.563126
42644.531250	-130.179245
42650.390625	-99.768669
42656.250000	-84.392204
42662.109375	-77.580673
42667.968750	-77.624619
42673.828125	-84.531303
42679.687500	-100.039665
42685.546875	-131.002838
42691.406250	-141.571960
42697.265625	-142.221909
42703.125000	-139.807678
42708.984375	-140.953522
42714.843750	-141.589874
42720.703125	-141.694397
42726.562500	-141.196472
42732.421875	-140.526352
42738.281250	-140.699982
42744.140625	-142.706329
42750.000000	-140.177612
42755.859375	-121.554886
42761.718750	-95.488434
42767.578125	-82.355492
42773.437500	-77.171875
42779.296875	-78.721489
42785.156250	-87.336212
42791.015625	-105.394135
42796.875000	-142.528900
42802.734375	-142.056534
42808.593750	-141.015366
42814.453125	-141.305634
42820.312500	-142.851318
42826.171875	-145.443634
42832.031250	-145.157532
42837.890625	-145.028168
42843.750000	-144.799622
42849.609375	-145.005096
42855.468750	-143.772385
42861.328125	-143.411102
42867.187500	-114.112564
42873.046875	-91.840187
42878.906250	-80.729218
42884.765625	-77.114395
42890.625000	-80.187012
42896.484375	-90.629784
42902.343750	-111.707115
42908.203125	-141.620682
42914.062500	-142.588959
42919.921875	-143.728668
42925.781250	-145.081497
42931.640625	-140.562424
42937.500000	-142.241577
42943.359375	-142.072754
42949.218750	-141.582581
42955.078125	-142.474640
42960.937500	-141.524155
42966.796875	-140.438431
42972.656250	-140.653244
42978.515625	-107.733910
42984.375000	-88.720749
42990.234375	-79.480827
42996.093750	-77.397728
43001.953125	-82.021660
43007.812500	-94.416534
43013.671875	-119.108795
43019.531250	-146.265015
43025.390625	-145.940704
43031.250000	-144.726105
43037.109375	-146.464966
43042.968750	-147.349442
43048.828125	-144.236923
43054.687500	-143.211014
43060.546875	-143.498978
43066.406250	-145.666611
43072.265625	-145.191757
43078.125000	-146.654984
43083.984375	-136.425278
43089.843750	-102.476860
43095.703125	-86.103455
43101.562500	-78.600647
43107.421875	-78.025391
43113.281250	-84.249138
43119.140625	-98.783134
43125.000000	-127.062126
43130.859375	-145.209152
43136.718750	-144.716232
43142.578125	-140.251999
43148.437500	-139.306198
43154.296875	-140.337585
43160.156250	-141.664917
43166.015625	-138.877502
43171.875000	-139.751846
43177.734375	-140.062439
43183.593750	-140.527069
43189.453125	-142.812714
43195.312500	-125.995125
43201.171875	-97.969360
43207.031250	-83.926094
43212.890625	-78.079353
43218.750000	-79.007668
43224.609375	-86.915421
43230.468750	-103.895935
43236.328125	-136.737640
43242.187500	-142.252457
43248.046875	-144.096176
43253.906250	-147.567947
43259.765625	-143.433517
43265.625000	-145.418686
43271.484375	-144.610672
43277.343750	-141.560837
43283.203125	-142.607407
43289.062500	-144.103149
43294.921875	-141.943481
43300.781250	-142.143494
43306.640625	-117.917267
43312.500000	-94.073906
43318.359375	-82.152153
43324.218750	-77.897003
43330.078125	-80.338837
43335.937500	-90.009811
43341.796875	-109.748474
43347.656250	-142.991028
43353.515625	-150.612671
43359.375000	-147.610565
43365.234375	-145.216461
43371.093750	-141.693237
43376.953125	-139.546570
43382.812500	-138.620346
43388.671875	-142.594879
43394.531250	-144.948944
43400.390625	-147.062592
43406.250000	-148.127655
43412.109375	-143.543015
43417.968750	-111.107338
43423.828125	-90.784004
43429.687500	-80.779564
43435.546875	-78.067070
43441.406250	-82.045631
43447.265625	-93.615036
43453.125000	-116.738785
43458.984375	-141.955536
43464.843750	-140.616943
43470.703125	-142.656921
43476.562500	-142.575470
43482.421875	-143.349686
43488.281250	-144.324402
43494.140625	-139.559067
43500.000000	-139.062286
43505.859375	-141.686935
43511.718750	-147.162125
43517.578125	-145.365829
43523.437500	-140.895966
43529.296875	-105.386345
43535.156250	-87.969948
43541.015625	-79.770248
43546.875000	-78.575783
43552.734375	-84.136948
43558.593750	-97.771538
43564.453125	-124.801918
43570.312500	-143.488846
43576.171875	-146.443756
43582.031250	-146.619049
43587.890625	-142.792007
43593.750000	-140.738007
43599.609375	-142.657730
43605.468750	-140.243866
43611.328125	-140.181717
43617.187500	-142.460480
43623.046875	-143.680038
43628.906250	-147.771225
43634.765625	-131.003738
43640.625000	-100.643654
43646.484375	-85.650436
43652.343750	-79.130600
43658.203125	-79.437637
43664.062500	-86.641144
43669.921875	-102.576340
43675.781250	-135.577835
43681.640625	-147.357437
43687.500000	-140.699753
43693.359375	-140.506424
43699.218750	-138.654037
43705.078125	-139.965485
43710.937500	-142.086914
43716.796875	-143.311127
43722.656250	-143.962112
43728.515625	-142.470169
43734.375000	-142.998535
43740.234375	-142.385239
43746.093750	-122.600266
43751.953125	-96.526726
43757.812500	-83.744873
43763.671875	-78.838303
43769.531250	-80.658051
43775.390625	-89.595795
43781.250000	-108.276573
43787.109375	-142.955612
43792.968750	-143.820847
43798.828125	-144.087799
43804.687500	-142.387619
43810.546875	-142.512634
43816.406250	-140.566299
43822.265625	-142.084488
43828.125000	-142.225952
43833.984375	-139.501129
43839.843750	-137.324020
43845.703125	-137.410034
43851.562500	-138.333069
43857.421875	-114.638878
43863.281250	-93.012070
43869.140625	-82.236031
43875.000000	-78.891533
43880.859375	-82.231224
43886.718750	-92.988251
43892.578125	-114.537071
43898.437500	-145.854828
43904.296875	-149.009491
43910.156250	-143.867172
43916.015625	-142.888168
43921.875000	-141.918839
43927.734375	-140.950989
43933.593750	-141.200607
43939.453125	-142.838409
43945.312500	-143.010178
43951.171875	-144.160004
43957.031250	-143.111191
43962.890625	-141.391190
43968.750000	-108.633629
43974.609375	-90.036499
43980.468750	-81.108818
43986.328125	-79.291786
43992.187500	-84.200966
43998.046875	-96.980492
44003.906250	-122.528809
44009.765625	-139.772034
44015.625000	-139.321167
44021.484375	-139.616440
44027.343750	-138.652954
44033.203125	-137.463898
44039.062500	-140.935822
44044.921875	-143.216492
44050.781250	-145.251358
44056.640625	-142.298004
44062.500000	-141.347229
44068.359375	-139.951782
44074.218750	-136.034348
44080.078125	-103.528397
44085.937500	-87.560799
44091.796875	-80.351105
44097.656250	-80.041908
44103.515625	-86.558075
44109.375000	-101.530319
44115.234375	-131.253616
44121.093750	-140.321457
44126.953125	-141.971756
44132.812500	-141.199463
44138.671875	-140.379089
44144.531250	-140.134872
44150.390625	-140.638672
44156.250000	-142.153168
44162.109375	-140.599777
44167.968750	-143.379257
44173.828125	-145.122452
44179.687500	-144.029694
44185.546875	-126.708611
44191.406250	-99.154762
44197.265625	-85.509468
44203.125000	-79.947044
44208.984375	-81.143097
44214.843750	-89.351448
44220.703125	-106.782661
44226.562500	-137.488983
44232.421875	-140.845001
44238.281250	-141.826462
44244.140625	-140.968597
44250.000000	-141.633636
44255.859375	-142.168961
44261.718750	-140.095062
44267.578125	-141.980392
44273.437500	-145.909210
44279.296875	-143.372849
44285.156250	-143.091125
44291.015625	-140.955658
44296.875000	-118.552010
44302.734375	-95.447891
44308.593750	-83.871521
44314.453125	-79.891243
44320.312500	-82.603058
44326.171875	-92.609909
44332.031250	-113.010307
44337.890625	-140.540100
44343.750000	-142.084702
44349.609375	-140.991318
44355.468750	-139.143631
44361.328125	-139.356476
44367.187500	-140.443649
44373.046875	-141.702988
44378.906250	-141.519424
44384.765625	-140.422424
44390.625000	-141.621078
44396.484375	-143.689301
44402.343750	-142.218170
44408.203125	-112.052521
44414.062500	-92.309288
44419.921875	-82.631851
44425.781250	-80.188217
44431.640625	-84.441872
44437.500000	-96.362610
44443.359375	-120.211884
44449.218750	-137.260651
44455.078125	-140.820709
44460.937500	-142.080048
44466.796875	-144.188873
44472.656250	-143.865524
44478.515625	-141.165054
44484.375000	-140.353638
44490.234375	-140.839828
44496.093750	-145.046707
44501.953125	-150.179932
44507.812500	-142.445480
44513.671875	-137.984711
44519.531250	-106.568085
44525.390625	-89.651169
44531.250000	-81.748672
44537.109375	-80.821274
44542.968750	-86.667564
44548.828125	-100.730042
44554.687500	-129.259186
44560.546875	-141.090134
44566.406250	-142.208679
44572.265625	-141.831757
44578.125000	-143.370148
44583.984375	-141.281479
44589.843750	-143.275833
44595.703125	-143.647461
44601.562500	-143.648743
44607.421875	-142.849106
44613.281250	-143.510284
44619.140625	-141.905807
44625.000000	-130.354752
44630.859375	-102.050247
44636.718750	-87.482414
44642.578125	-81.254128
44648.437500	-81.829048
44654.296875	-89.338249
44660.156250	-105.739197
44666.015625	-137.244949
44671.875000	-140.348389
44677.734375	-140.546799
44683.593750	-141.665085
44689.453125	-141.609192
44695.312500	-142.696289
44701.171875	-143.241577
44707.031250	-144.774734
44712.890625	-141.427216
44718.750000	-141.452225
44724.609375	-145.258026
44730.468750	-142.786331
44736.328125	-122.147911
44742.187500	-98.092659
44748.046875	-85.716202
44753.906250	-81.093842
44759.765625	-83.177322
44765.625000	-92.421623
44771.484375	-111.540413
44777.343750	-140.829376
44783.203125	-138.755554
44789.062500	-140.348526
44794.921875	-143.448517
44800.781250	-145.091675
44806.640625	-147.781036
44812.500000	-146.047653
44818.359375	-143.147827
44824.218750	-142.802155
44830.078125	-144.949463
44835.937500	-145.202072
44841.796875	-144.872604
44847.656250	-115.971069
44853.515625	-94.801727
44859.375000	-84.362122
44865.234375	-81.291161
44871.093750	-84.908638
44876.953125	-96.038071
44882.812500	-118.572975
44888.671875	-141.591995
44894.531250	-141.390991
44900.390625	-139.770569
44906.250000	-138.727371
44912.109375	-143.906769
44917.968750	-144.430176
44923.828125	-144.471329
44929.687500	-145.144440
44935.546875	-148.191269
44941.406250	-148.722717
44947.265625	-145.448135
44953.125000	-141.040405
44958.984375	-110.043068
44964.843750	-91.995789
44970.703125	-83.378784
44976.562500	-81.828568
44982.421875	-87.014931
44988.281250	-100.155731
44994.140625	-125.897156
45000.000000	-138.355728
45005.859375	-136.663055
45011.718750	-138.853729
45017.578125	-143.217377
45023.437500	-145.454636
45029.296875	-142.059570
45035.156250	-143.563248
45041.015625	-149.613861
45046.875000	-143.670135
45052.734375	-141.122787
45058.593750	-140.498138
45064.453125	-136.774979
45070.312500	-105.227554
45076.171875	-89.684235
45082.031250	-82.776665
45087.890625	-82.731255
45093.750000	-89.536514
45099.609375	-104.881477
45105.468750	-136.009048
45111.328125	-148.626373
45117.187500	-144.572464
45123.046875	-142.924759
45128.906250	-140.395248
45134.765625	-139.688385
45140.625000	-141.965530
45146.484375	-141.194550
45152.343750	-141.269409
45158.203125	-144.039612
45164.062500	-144.633377
45169.921875	-144.199814
45175.781250	-127.773163
45181.640625	-101.072105
45187.500000	-87.813652
45193.359375	-82.537079
45199.218750	-84.001060
45205.078125	-92.525299
45210.937500	-110.499413
45216.796875	-143.349792
45222.656250	-148.517853
45228.515625	-145.914108
45234.375000	-141.172180
45240.234375	-140.254227
45246.093750	-141.286285
45251.953125	-142.523254
45257.812500	-144.212509
45263.671875	-142.444565
45269.531250	-140.505188
45275.390625	-138.639206
45281.250000	-139.228882
45287.109375	-120.476845
45292.968750	-97.602798
45298.828125	-86.356842
45304.687500	-82.648338
45310.546875	-85.633514
45316.406250	-95.981110
45322.265625	-117.021988
45328.125000	-144.605881
45333.984375	-145.264450
45339.843750	-143.934647
45345.703125	-144.505432
45351.562500	-146.079727
45357.421875	-143.170471
45363.281250	-141.177246
45369.140625	-139.883484
45375.000000	-140.659607
45380.859375	-142.339066
45386.718750	-145.209457
45392.578125	-146.832764
45398.437500	-113.892769
45404.296875	-94.628448
45410.156250	-85.279083
45416.015625	-83.106834
45421.875000	-87.638840
45427.734375	-99.906715
45433.593750	-123.905983
45439.453125	-142.578537
45445.312500	-143.907394
45451.171875	-147.063309
45457.031250	-145.672058
45462.890625	-145.374527
45468.750000	-145.339554
45474.609375	-146.098557
45480.468750	-146.078308
45486.328125	-144.591324
45492.187500	-142.668747
45498.046875	-140.312103
45503.906250	-139.040939
45509.765625	-108.646957
45515.625000	-92.172997
45521.484375	-84.584663
45527.343750	-83.922142
45533.203125	-90.050003
45539.062500	-104.451378
45544.921875	-133.572571
45550.781250	-142.964188
45556.640625	-143.483368
45562.500000	-142.815750
45568.359375	-146.735962
45574.218750	-141.081528
45580.078125	-138.723999
45585.937500	-139.368057
45591.796875	-140.068863
45597.656250	-139.931473
45603.515625	-139.455490
45609.375000	-140.640701
45615.234375	-132.375992
45621.093750	-104.427124
45626.953125	-90.220688
45632.812500	-84.271767
45638.671875	-85.110603
45644.531250	-92.919250
45650.390625	-109.761749
45656.250000	-139.264511
45662.109375	-142.689301
45667.968750	-142.740936
45673.828125	-143.380905
45679.687500	-141.292847
45685.546875	-142.719894
45691.406250	-141.339737
45697.265625	-142.115631
45703.125000	-146.646225
45708.984375	-145.773468
45714.843750	-143.485687
45720.703125	-142.034103
45726.562500	-125.146843
45732.421875	-100.687828
45738.281250	-88.649246
45744.140625	-84.302681
45750.000000	-86.656487
45755.859375	-96.217010
45761.718750	-115.668488
45767.578125	-140.213486
45773.437500	-140.388550
45779.296875	-145.981613
45785.156250	-145.157944
45791.015625	-143.258362
45796.875000	-144.583893
45802.734375	-144.044128
45808.593750	-144.934219
45814.453125	-145.401428
45820.312500	-144.318314
45826.171875	-143.239456
45832.031250	-143.831055
45837.890625	-118.037254
45843.750000	-97.612717
45849.609375	-87.509125
45855.468750	-84.707916
45861.328125	-88.598587
45867.187500	-100.061218
45873.046875	-122.885773
45878.906250	-142.827286
45884.765625	-148.801926
45890.625000	-145.391006
45896.484375	-142.184341
45902.343750	-139.784729
45908.203125	-141.189743
45914.062500	-142.795609
45919.921875	-145.798431
45925.781250	-144.747879
45931.640625	-140.788116
45937.500000	-142.534805
45943.359375	-141.442978
45949.218750	-112.693794
45955.078125	-95.073387
45960.937500	-86.759674
45966.796875	-85.472801
45972.656250	-90.943901
45978.515625	-104.481339
45984.375000	-133.071136
45990.234375	-141.317169
45996.093750	-141.049026
46001.953125	-143.580933
46007.812500	-143.557709
46013.671875	-145.287735
46019.531250	-143.802917
46025.390625	-143.640793
46031.250000	-145.707901
46037.109375	-145.369553
46042.968750	-145.716125
46048.828125	-144.893494
46054.687500	-138.861282
46060.546875	-108.127373
46066.406250	-93.003792
46072.265625	-86.379868
46078.125000	-86.599571
46083.984375	-93.692574
46089.843750	-109.487122
46095.703125	-139.584808
46101.562500	-142.225449
46107.421875	-142.830322
46113.281250	-142.488556
46119.140625	-145.034271
46125.000000	-144.547562
46130.859375	-145.249741
46136.718750	-142.989517
46142.578125	-140.120438
46148.437500	-142.294312
46154.296875	-141.477646
46160.156250	-142.230911
46166.015625	-129.845901
46171.875000	-104.232826
46177.734375	-91.375381
46183.593750	-86.382576
46189.453125	-88.108772
46195.312500	-96.922516
46201.171875	-115.363586
46207.031250	-146.265259
46212.890625	-139.871964
46218.750000	-140.751816
46224.609375	-141.325272
46230.468750	-141.830383
46236.328125	-140.875885
46242.187500	-142.683563
46248.046875	-142.453293
46253.906250	-142.517395
46259.765625	-141.804413
46265.625000	-143.921829
46271.484375	-143.615128
46277.343750	-123.140900
46283.203125	-101.105957
46289.062500	-90.198502
46294.921875	-86.760445
46300.781250	-90.010483
46306.640625	-100.664993
46312.500000	-121.935432
46318.359375	-140.002869
46324.218750	-140.150620
46330.078125	-145.013000
46335.937500	-143.415558
46341.796875	-142.591949
46347.656250	-140.788956
46353.515625	-141.786987
46359.375000	-142.484406
46365.234375	-143.092438
46371.093750	-145.703217
46376.953125	-143.741852
46382.812500	-142.715729
46388.671875	-116.942085
46394.531250	-98.424942
46400.390625	-89.409737
46406.250000	-87.511253
46412.109375	-92.329758
46417.968750	-105.006973
46423.828125	-129.829437
46429.687500	-143.131058
46435.546875	-140.055786
46441.406250	-140.267365
46447.265625	-140.434860
46453.125000	-142.046188
46458.984375	-146.056793
46464.843750	-143.447388
46470.703125	-141.753967
46476.562500	-141.309769
46482.421875	-143.858337
46488.281250	-145.527603
46494.140625	-144.780716
46500.000000	-112.445381
46505.859375	-96.343872
46511.718750	-89.033661
46517.578125	-88.642662
46523.437500	-95.072800
46529.296875	-109.969025
46535.156250	-137.341339
46541.015625	-144.149750
46546.875000	-143.613876
46552.734375	-144.144455
46558.593750	-142.206009
46564.453125	-141.781357
46570.312500	-140.407562
46576.171875	-140.995270
46582.031250	-144.073242
46587.890625	-149.543411
46593.750000	-150.283432
46599.609375	-142.143799
46605.468750	-134.639969
46611.328125	-108.547005
46617.187500	-94.725334
46623.046875	-89.067017
46628.906250	-90.167976
46634.765625	-98.285477
46640.625000	-115.550484
46646.484375	-145.127151
46652.343750	-148.465820
46658.203125	-143.987457
46664.062500	-142.277161
46669.921875	-144.477173
46675.781250	-143.481125
46681.640625	-145.692612
46687.500000	-141.275604
46693.359375	-137.693298
46699.218750	-138.952286
46705.078125	-142.224533
46710.937500	-144.082779
46716.796875	-128.999878
46722.656250	-105.254784
46728.515625	-93.554382
46734.375000	-89.483360
46740.234375	-92.108932
46746.093750	-102.015297
46751.953125	-122.213310
46757.812500	-141.672195
46763.671875	-146.010941
46769.531250	-146.031830
46775.390625	-146.061539
46781.250000	-145.493057
46787.109375	-145.141586
46792.968750	-144.340820
46798.828125	-140.740128
46804.687500	-139.554916
46810.546875	-139.087372
46816.406250	-138.555634
46822.265625	-138.648041
46828.125000	-122.104317
46833.984375	-102.614647
46839.843750	-92.831108
46845.703125	-90.299538
46851.562500	-94.458656
46857.421875	-106.259109
46863.281250	-129.147491
46869.140625	-142.775955
46875.000000	-146.850754
46880.859375	-144.777145
46886.718750	-143.476471
46892.578125	-141.618820
46898.437500	-142.730255
46904.296875	-142.616043
46910.156250	-142.735352
46916.015625	-140.437958
46921.875000	-142.717926
46927.734375	-144.762512
46933.593750	-148.798355
46939.453125	-117.666573
46945.312500	-100.554115
46951.171875	-92.570610
46957.031250	-91.557747
46962.890625	-97.325691
46968.750000	-111.292244
46974.609375	-140.587021
46980.468750	-144.041031
46986.328125	-141.125397
46992.187500	-141.353378
46998.046875	-143.011917
47003.906250	-145.814270
47009.765625	-147.394424
47015.625000	-144.789551
47021.484375	-142.365128
47027.343750	-141.305283
47033.203125	-139.654556
47039.062500	-143.049957
47044.921875	-140.799728
47050.781250	-113.746780
47056.640625	-99.061981
47062.500000	-92.750313
47068.359375	-93.225555
47074.218750	-100.590790
47080.078125	-116.514267
47085.937500	-142.558517
47091.796875	-141.566437
47097.656250	-140.767303
47103.515625	-140.130386
47109.375000	-139.756088
47115.234375	-139.779968
47121.093750	-142.264053
47126.953125	-142.019211
47132.812500	-141.412064
47138.671875	-142.720856
47144.531250	-146.561737
47150.390625	-144.188614
47156.250000	-132.253555
47162.109375	-110.412689
47167.968750	-98.108795
47173.828125	-93.422226
47179.687500	-95.440689
47185.546875	-104.622917
47191.406250	-123.881996
47197.265625	-143.592834
47203.125000	-145.956116
47208.984375	-142.684464
47214.843750	-140.610672
47220.703125	-143.838577
47226.562500	-144.249405
47232.421875	-144.178345
47238.281250	-147.195312
47244.140625	-142.870468
47250.000000	-144.992508
47255.859375	-143.674316
47261.718750	-142.018265
47267.578125	-128.571198
47273.437500	-108.220665
47279.296875	-97.705757
47285.156250	-94.542404
47291.015625	-98.048943
47296.875000	-108.950745
47302.734375	-129.751404
47308.593750	-143.269989
47314.453125	-144.617325
47320.312500	-145.691193
47326.171875	-146.681976
47332.031250	-143.150818
47337.890625	-141.493500
47343.750000	-143.817490
47349.609375	-149.267212
47355.468750	-144.121246
47361.328125	-141.307587
47367.187500	-140.612671
47373.046875	-141.070999
47378.906250	-124.596672
47384.765625	-106.626930
47390.625000	-97.913399
47396.484375	-96.260620
47402.343750	-101.334045
47408.203125	-114.270576
47414.062500	-138.851562
47419.921875	-142.532700
47425.781250	-143.109039
47431.640625	-141.334061
47437.500000	-138.836456
47443.359375	-137.081604
47449.218750	-136.982086
47455.078125	-137.749390
47460.937500	-140.726883
47466.796875	-142.340317
47472.656250	-142.128357
47478.515625	-143.479980
47484.375000	-141.210495
47490.234375	-121.107811
47496.093750	-105.748512
47501.953125	-98.759804
47507.812500	-98.647644
47513.671875	-105.406700
47519.531250	-120.992104
47525.390625	-142.494934
47531.250000	-143.892700
47537.109375	-141.439423
47542.968750	-142.172516
47548.828125	-142.317841
47554.687500	-141.196045
47560.546875	-141.086685
47566.406250	-143.461761
47572.265625	-145.272537
47578.125000	-145.661316
47583.984375	-142.715439
47589.843750	-139.705399
47595.703125	-137.620041
47601.562500	-119.001633
47607.421875	-105.790741
47613.281250	-100.419136
47619.140625	-101.790726
47625.000000	-110.202644
47630.859375	-128.138443
47636.718750	-143.662933
47642.578125	-140.028290
47648.437500	-140.057114
47654.296875	-142.391495
47660.156250	-141.689896
47666.015625	-140.097382
47671.875000	-138.566544
47677.734375	-139.929230
47683.593750	-140.355316
47689.453125	-143.592026
47695.312500	-142.310501
47701.171875	-144.115906
47707.031250	-137.795883
47712.890625	-118.196541
47718.750000	-107.041481
47724.609375	-103.284286
47730.468750	-106.177299
47736.328125	-116.316971
47742.187500	-134.276062
47748.046875	-140.700211
47753.906250	-139.180771
47759.765625	-141.869125
47765.625000	-145.275452
47771.484375	-142.493179
47777.343750	-140.012726
47783.203125	-140.657532
47789.062500	-144.024414
47794.921875	-139.436005
47800.781250	-139.565262
47806.640625	-142.096283
47812.500000	-145.827072
47818.359375	-139.126007
47824.218750	-120.166481
47830.078125	-110.706345
47835.937500	-108.442795
47841.796875	-112.905937
47847.656250	-125.071213
47853.515625	-145.278702
47859.375000	-141.782166
47865.234375	-141.152237
47871.093750	-140.221069
47876.953125	-140.016190
47882.812500	-139.594696
47888.671875	-140.504150
47894.531250	-142.582520
47900.390625	-143.425552
47906.250000	-147.915024
47912.109375	-142.850266
47917.968750	-139.965790
47923.828125	-139.849258
47929.687500	-140.979034
47935.546875	-139.564133
47941.406250	-133.940308
47947.265625	-133.860413
47953.125000	-137.747101
47958.984375	-140.405106
47964.843750	-139.453568
47970.703125	-139.018921
47976.562500	-138.443802
47982.421875	-139.989960
47988.281250	-142.826782
47994.140625	-147.566849
48000.000000	-144.136520
48005.859375	-141.535126
48011.718750	-140.430603
48017.578125	-143.726562
48023.437500	-143.681686
48029.296875	-141.907974
48035.156250	-140.349411
48041.015625	-140.031204
48046.875000	-136.925461
48052.734375	-133.806137
48058.593750	-134.608414
48064.453125	-141.391205
48070.312500	-140.726105
48076.171875	-141.717529
48082.031250	-142.924728
48087.890625	-144.384949
48093.750000	-143.084610
48099.609375	-144.440979
48105.468750	-141.045227
48111.328125	-139.784470
48117.187500	-138.484222
48123.046875	-138.233582
48128.906250	-138.014328
48134.765625	-141.873230
48140.625000	-146.019943
48146.484375	-143.412643
48152.343750	-124.806221
48158.203125	-112.846222
48164.062500	-108.425247
48169.921875	-110.681282
48175.781250	-119.963173
48181.640625	-136.733154
48187.500000	-143.323730
48193.359375	-140.660583
48199.218750	-142.281143
48205.078125	-144.892227
48210.937500	-141.932709
48216.796875	-141.275314
48222.656250	-141.921768
48228.515625	-142.882812
48234.375000	-141.140488
48240.234375	-140.670609
48246.093750	-141.330032
48251.953125	-146.479706
48257.812500	-137.251892
48263.671875	-116.623016
48269.531250	-106.378387
48275.390625	-103.472885
48281.250000	-107.199631
48287.109375	-118.310799
48292.968750	-137.842697
48298.828125	-139.639175
48304.687500	-141.105728
48310.546875	-143.347885
48316.406250	-147.553146
48322.265625	-144.632980
48328.125000	-142.754822
48333.984375	-141.498932
48339.843750	-142.054733
48345.703125	-143.299057
48351.562500	-144.030975
48357.421875	-141.983719
48363.281250	-142.001129
48369.140625	-128.489136
48375.000000	-110.495850
48380.859375	-102.057533
48386.718750	-100.675194
48392.578125	-106.037567
48398.437500	-119.301140
48404.296875	-139.165863
48410.156250	-141.647110
48416.015625	-141.570251
48421.875000	-140.975983
48427.734375	-140.705688
48433.593750	-143.341324
48439.453125	-142.088028
48445.312500	-142.609482
48451.171875	-141.963486
48457.031250	-144.396118
48462.890625	-143.645691
48468.750000	-141.491898
48474.609375	-142.144608
48480.468750	-121.246574
48486.328125	-105.733864
48492.187500	-99.006119
48498.046875	-99.133606
48503.906250	-106.153748
48509.765625	-121.696022
48515.625000	-143.019531
48521.484375	-148.632477
48527.343750	-146.657593
48533.203125	-144.374802
48539.062500	-143.249542
48544.921875	-140.593033
48550.781250	-140.329651
48556.640625	-138.763138
48562.500000	-140.168228
48568.359375	-143.640869
48574.218750	-142.809662
48580.078125	-143.115005
48585.937500	-138.331360
48591.796875	-114.634705
48597.656250	-101.749435
48603.515625	-96.673691
48609.375000	-98.334579
48615.234375	-107.105064
48621.093750	-125.722084
48626.953125	-139.413422
48632.812500	-141.052200
48638.671875	-142.003784
48644.531250	-139.973724
48650.390625	-141.542160
48656.250000	-141.903244
48662.109375	-143.810196
48667.968750	-142.814407
48673.828125	-140.770462
48679.687500	-141.062103
48685.546875	-146.275009
48691.406250	-146.511002
48697.265625	-130.618408
48703.125000	-109.436089
48708.984375	-98.551781
48714.843750	-95.052704
48720.703125	-98.210876
48726.562500	-108.701263
48732.421875	-129.457520
48738.281250	-142.380142
48744.140625	-141.185669
48750.000000	-142.651077
48755.859375	-142.204254
48761.718750	-143.400238
48767.578125	-138.641281
48773.437500	-139.021835
48779.296875	-143.121750
48785.156250	-144.525879
48791.015625	-144.168228
48796.875000	-142.740372
48802.734375	-141.994232
48808.593750	-124.513130
48814.453125	-105.146156
48820.312500	-95.984192
48826.171875	-93.979179
48832.031250	-98.686501
48837.890625	-111.081642
48843.750000	-133.823822
48849.609375	-142.250809
48855.468750	-141.349640
48861.328125	-144.311081
48867.187500	-141.847565
48873.046875	-139.263550
48878.906250	-139.261490
48884.765625	-140.434341
48890.625000	-144.788452
48896.484375	-148.491760
48902.343750	-141.868759
48908.203125	-140.642899
48914.062500	-143.333786
48919.921875	-117.514709
48925.781250	-101.276001
48931.640625	-93.875946
48937.500000	-93.395844
48943.359375	-99.712753
48949.218750	-114.451492
48955.078125	-142.367065
48960.937500	-140.306778
48966.796875	-140.027313
48972.656250	-142.565140
48978.515625	-146.349228
48984.375000	-145.618759
48990.234375	-142.735458
48996.093750	-140.250183
49001.953125	-139.868668
49007.812500	-143.178467
49013.671875	-141.106262
49019.531250	-139.869690
49025.390625	-142.045868
49031.250000	-112.078568
49037.109375	-98.038330
49042.968750	-92.274513
49048.828125	-93.299103
49054.687500	-101.312538
49060.546875	-118.488342
49066.406250	-143.774490
49072.265625	-144.853821
49078.125000	-141.971405
49083.984375	-140.226364
49089.843750	-142.849976
49095.703125	-140.602890
49101.562500	-139.314087
49107.421875	-140.959732
49113.281250	-144.427597
49119.140625	-147.192459
49125.000000	-148.865067
49130.859375	-145.793716
49136.718750	-130.329712
49142.578125	-107.059174
49148.437500	-95.254601
49154.296875	-91.094162
49160.156250	-93.621002
49166.015625	-103.395821
49171.875000	-123.157326
49177.734375	-142.074570
49183.593750	-144.589966
49189.453125	-142.128204
49195.312500	-142.638565
49201.171875	-143.331818
49207.031250	-144.522995
49212.890625	-141.252365
49218.750000	-142.001190
49224.609375	-140.246964
49230.468750	-139.823547
49236.328125	-139.248779
49242.187500	-138.468369
49248.046875	-122.837685
49253.906250	-102.826508
49259.765625	-92.952904
49265.625000	-90.335220
49271.484375	-94.402077
49277.343750	-106.059891
49283.203125	-129.174133
49289.062500	-146.399734
49294.921875	-147.347656
49300.781250	-143.261948
49306.640625	-140.741486
49312.500000	-141.030807
49318.359375	-142.716568
49324.218750	-141.301605
49330.078125	-142.771805
49335.937500	-144.034119
49341.796875	-143.617493
49347.656250	-147.227203
49353.515625	-146.860168
49359.375000	-116.452095
49365.234375	-99.214249
49371.093750	-91.111786
49376.953125	-90.014023
49382.812500	-95.663879
49388.671875	-109.441910
49394.531250	-135.613739
49400.390625	-142.232208
49406.250000	-141.364990
49412.109375	-139.529678
49417.968750	-139.354721
49423.828125	-138.684494
49429.687500	-141.326126
49435.546875	-140.396408
49441.406250	-140.813690
49447.265625	-145.351715
49453.125000	-146.814224
49458.984375	-141.427689
49464.843750	-137.877075
49470.703125	-110.900146
49476.562500	-96.075310
49482.421875	-89.662689
49488.281250	-90.057076
49494.140625	-97.367569
49500.000000	-113.450417
49505.859375	-142.218414
49511.718750	-145.351837
49517.578125	-143.863098
49523.437500	-142.218033
49529.296875	-142.087753
49535.156250	-144.018433
49541.015625	-145.314301
49546.875000	-145.455399
49552.734375	-144.334335
49558.593750	-141.807083
49564.453125	-142.070160
49570.312500	-143.765793
49576.171875	-129.736069
49582.031250	-105.955002
49587.890625	-93.385323
49593.750000	-88.590080
49599.609375	-90.498016
49605.468750	-99.527359
49611.328125	-118.096725
49617.187500	-142.892685
49623.046875	-140.920944
49628.906250	-143.404709
49634.765625	-146.458023
49640.625000	-143.464539
49646.484375	-141.231842
49652.343750	-138.936951
49658.203125	-139.280777
49664.062500	-140.749680
49669.921875	-141.843430
49675.781250	-142.112015
49681.640625	-144.655991
49687.500000	-123.257896
49693.359375	-101.813614
49699.218750	-91.174171
49705.078125	-87.928078
49710.937500	-91.360970
49716.796875	-102.224808
49722.656250	-123.579185
49728.515625	-141.515213
49734.375000	-143.460724
49740.234375	-141.886261
49746.093750	-141.248596
49751.953125	-141.093323
49757.812500	-144.542145
49763.671875	-147.417923
49769.531250	-143.999054
49775.390625	-142.088516
49781.250000	-141.983322
49787.109375	-145.544220
49792.968750	-142.947098
49798.828125	-116.565773
49804.687500	-98.179031
49810.546875	-89.359360
49816.406250	-87.631645
49822.265625	-92.627014
49828.125000	-105.500671
49833.984375	-131.286362
49839.843750	-143.701309
49845.703125	-145.838654
49851.562500	-145.580704
49857.421875	-141.476151
49863.281250	-141.022720
49869.140625	-141.355133
49875.000000	-142.421661
49880.859375	-144.047531
49886.718750	-144.101776
49892.578125	-140.065689
49898.437500	-141.296844
49904.296875	-140.260101
49910.156250	-110.752678
49916.015625	-95.003563
49921.875000	-87.919426
49927.734375	-87.697906
49933.593750	-94.307213
49939.453125	-109.351639
49945.312500	-140.094147
49951.171875	-147.997162
49957.031250	-143.217636
49962.890625	-148.455841
49968.750000	-144.114548
49974.609375	-140.003387
49980.468750	-140.881409
49986.328125	-141.658234
49992.187500	-144.137939
49998.046875	-147.438034
50003.906250	-145.152954
50009.765625	-144.037704
50015.625000	-132.558289
50021.484375	-105.825478
50027.343750	-92.338921
50033.203125	-86.871506
50039.062500	-88.153717
50044.921875	-96.443275
50050.781250	-113.897392
50056.640625	-140.630875
50062.500000	-144.197891
50068.359375	-143.495834
50074.218750	-145.359680
50080.078125	-145.520706
50085.937500	-144.945618
50091.796875	-146.567993
50097.656250	-146.323502
50103.515625	-145.900391
50109.375000	-141.641418
50115.234375	-139.944351
50121.093750	-139.719971
50126.953125	-124.382011
50132.812500	-101.542511
50138.671875	-90.075119
50144.531250	-86.183197
50150.390625	-88.982819
50156.250000	-99.079765
50162.109375	-119.481880
50167.968750	-143.056519
50173.828125	-144.155807
50179.687500	-143.237701
50185.546875	-141.594559
50191.406250	-140.245956
50197.265625	-141.651199
50203.125000	-144.076492
50208.984375	-144.425140
50214.843750	-143.623001
50220.703125	-142.546112
50226.562500	-140.004776
50232.421875	-141.205170
50238.281250	-117.171631
50244.140625	-97.761887
50250.000000	-88.203781
50255.859375	-85.850082
50261.718750	-90.200722
50267.578125	-102.264999
50273.437500	-127.049515
50279.296875	-141.117706
50285.156250	-140.591553
50291.015625	-141.553574
50296.875000	-140.737549
50302.734375	-141.700989
50308.593750	-140.634064
50314.453125	-138.534805
50320.312500	-136.038895
50326.171875	-136.658188
50332.031250	-140.074875
50337.890625	-144.076202
50343.750000	-139.108276
50349.609375	-111.232201
50355.468750	-94.523438
50361.328125	-86.733315
50367.187500	-85.895912
50373.046875	-91.834381
50378.906250	-105.975365
50384.765625	-133.145309
50390.625000	-140.653625
50396.484375	-140.610138
50402.343750	-138.699707
50408.203125	-138.794815
50414.062500	-140.268677
50419.921875	-142.277283
50425.781250	-143.019318
50431.640625	-144.293564
50437.500000	-142.366180
50443.359375	-141.703369
50449.218750	-140.190506
50455.078125	-135.017975
50460.937500	-106.173141
50466.796875	-91.755798
50472.656250	-85.625847
50478.515625	-86.291962
50484.375000	-93.896141
50490.234375	-110.421486
50496.093750	-136.535309
50501.953125	-137.672501
50507.812500	-138.385254
50513.671875	-140.867920
50519.531250	-141.858231
50525.390625	-145.143524
50531.250000	-144.594208
50537.109375	-141.429977
50542.968750	-141.059036
50548.828125	-143.961594
50554.687500	-142.696945
50560.546875	-140.579483
50566.406250	-126.104691
50572.265625	-101.689056
50578.125000	-89.413330
50583.984375	-84.881935
50589.843750	-87.054558
50595.703125	-96.407455
50601.562500	-115.716019
50607.421875	-145.853806
50613.281250	-139.743469
50619.140625	-139.433167
50625.000000	-140.596710
50630.859375	-141.692810
50636.718750	-142.458237
50642.578125	-143.860153
50648.437500	-142.997681
50654.296875	-142.387466
50660.156250	-143.722931
50666.015625	-143.376892
50671.875000	-142.710464
50677.734375	-118.611557
50683.593750	-97.793129
50689.453125	-87.472702
50695.312500	-84.492149
50701.171875	-88.200775
50707.031250	-99.448036
50712.890625	-122.365982
50718.750000	-142.598572
50724.609375	-142.763916
50730.468750	-143.861221
50736.328125	-141.602371
50742.187500	-139.891602
50748.046875	-141.357712
50753.906250	-142.968140
50759.765625	-142.335495
50765.625000	-141.014618
50771.484375	-143.529938
50777.343750	-142.623108
50783.203125	-138.346268
50789.062500	-112.277100
50794.921875	-94.436981
50800.781250	-85.928604
50806.640625	-84.468391
50812.500000	-89.745964
50818.359375	-103.005928
50824.218750	-129.622070
50830.078125	-144.657516
50835.937500	-145.856812
50841.796875	-144.314926
50847.656250	-141.289886
50853.515625	-141.654572
50859.375000	-142.085037
50865.234375	-140.509888
50871.093750	-141.860764
50876.953125	-145.117035
50882.812500	-144.645340
50888.671875	-143.496887
50894.531250	-135.546036
50900.390625	-106.870232
50906.250000	-91.543480
50912.109375	-84.737038
50917.968750	-84.782509
50923.828125	-91.691521
50929.687500	-107.235176
50935.546875	-139.055420
50941.406250	-147.536407
50947.265625	-143.052933
50953.125000	-142.168167
50958.984375	-144.801895
50964.843750	-143.760880
50970.703125	-140.792648
50976.562500	-143.163086
50982.421875	-148.360260
50988.281250	-143.496704
50994.140625	-139.641663
51000.000000	-139.132523
51005.859375	-126.965584
51011.718750	-102.187408
51017.578125	-89.093567
51023.437500	-83.913910
51029.296875	-85.466003
51035.156250	-94.090294
51041.015625	-112.254913
51046.875000	-142.041016
51052.734375	-143.627670
51058.593750	-143.267914
51064.453125	-143.564789
51070.312500	-146.668823
51076.171875	-145.740219
51082.031250	-145.338333
51087.890625	-141.540802
51093.750000	-141.178497
51099.609375	-142.592239
51105.468750	-145.020050
51111.328125	-142.453217
51117.187500	-120.417427
51123.046875	-98.168610
51128.906250	-87.058830
51134.765625	-83.443382
51140.625000	-86.513016
51146.484375	-96.948387
51152.343750	-118.151566
51158.203125	-143.590744
51164.062500	-141.122986
51169.921875	-141.530502
51175.781250	-140.171417
51181.640625	-140.754852
51187.500000	-141.704727
51193.359375	-140.882767
51199.218750	-141.192352
51205.078125	-142.683167
51210.937500	-143.505875
51216.796875	-142.241699
51222.656250	-139.589478
51228.515625	-113.736290
51234.375000	-94.657242
51240.234375	-85.413055
51246.093750	-83.327553
51251.953125	-87.945251
51257.812500	-100.317307
51263.671875	-125.054909
51269.531250	-143.018890
51275.390625	-142.920212
51281.250000	-142.847412
51287.109375	-139.509491
51292.968750	-140.691589
51298.828125	-143.870895
51304.687500	-144.390457
51310.546875	-143.976669
51316.406250	-146.042496
51322.265625	-143.844299
51328.125000	-143.029343
51333.984375	-140.951782
51339.843750	-108.088539
51345.703125	-91.645180
51351.562500	-84.134697
51357.421875	-83.561096
51363.281250	-89.794975
51369.140625	-104.421974
51375.000000	-134.401093
51380.859375	-142.450546
51386.718750	-141.463852
51392.578125	-140.630203
51398.437500	-139.134369
51404.296875	-138.746140
51410.156250	-138.403275
51416.015625	-141.587967
51421.875000	-147.618134
51427.734375	-145.626709
51433.593750	-141.650543
51439.453125	-139.617325
51445.312500	-131.406754
51451.171875	-103.114525
51457.031250	-89.053383
51462.890625	-83.207352
51468.750000	-84.134979
51474.609375	-92.044792
51480.468750	-109.077446
51486.328125	-141.690109
51492.187500	-141.258041
51498.046875	-143.885330
51503.906250	-144.354309
51509.765625	-141.207520
51515.625000	-142.333221
51521.484375	-143.147736
51527.343750	-143.744659
51533.203125	-141.995819
51539.062500	-140.217667
51544.921875	-143.108871
51550.781250	-138.761169
51556.640625	-122.492279
51562.500000	-98.811455
51568.359375	-86.898766
51574.218750	-82.645836
51580.078125	-85.086876
51585.937500	-94.747604
51591.796875	-114.297478
51597.656250	-142.146790
51603.515625	-143.799469
51609.375000	-143.865555
51615.234375	-143.694611
51621.093750	-142.784180
51626.953125	-142.635574
51632.812500	-144.450531
51638.671875	-141.654495
51644.531250	-140.829514
51650.390625	-143.044693
51656.250000	-144.879440
51662.109375	-146.414490
51667.968750	-115.468155
51673.828125	-95.151024
51679.687500	-85.142593
51685.546875	-82.428978
51691.406250	-86.407410
51697.265625	-97.980560
51703.125000	-121.012459
51708.984375	-141.203110
51714.843750	-141.020752
51720.703125	-141.055145
51726.562500	-144.436752
51732.421875	-142.056808
51738.281250	-141.770645
51744.140625	-145.378906
51750.000000	-148.017593
51755.859375	-145.168961
51761.718750	-144.183929
51767.578125	-141.227753
51773.437500	-137.893829
51779.296875	-109.329887
51785.156250	-91.955681
51791.015625	-83.752487
51796.875000	-82.557190
51802.734375	-88.119247
51808.593750	-101.755852
51814.453125	-129.028931
51820.312500	-144.234299
51826.171875	-149.329025
51832.031250	-144.460663
51837.890625	-140.097855
51843.750000	-141.206787
51849.609375	-141.672546
51855.468750	-144.664917
51861.328125	-142.262436
51867.187500	-140.076553
51873.046875	-141.295471
51878.906250	-144.321884
51884.765625	-133.485886
51890.625000	-104.183029
51896.484375	-89.237961
51902.343750	-82.727600
51908.203125	-83.038040
51914.062500	-90.249176
51919.921875	-106.219849
51925.781250	-137.611755
51931.640625	-140.278000
51937.500000	-141.752319
51943.359375	-139.810547
51949.218750	-141.106491
51955.078125	-145.159317
51960.937500	-143.050003
51966.796875	-143.860046
51972.656250	-147.664276
51978.515625	-146.371384
51984.375000	-144.514114
51990.234375	-143.857513
51996.093750	-125.370552
52001.953125	-99.739113
52007.812500	-86.961746
52013.671875	-82.053421
52019.531250	-83.870018
52025.390625	-92.795517
52031.250000	-111.438431
52037.109375	-143.541748
52042.968750	-140.891129
52048.828125	-141.669220
52054.687500	-141.938400
52060.546875	-144.200470
52066.406250	-144.361633
52072.265625	-147.559753
52078.125000	-150.412354
52083.984375	-145.139755
52089.843750	-144.472763
52095.703125	-145.055008
52101.562500	-141.954987
52107.421875	-117.427788
52113.281250	-95.835495
52119.140625	-85.073265
52125.000000	-81.731758
52130.859375	-85.073265
52136.718750	-95.842453
52142.578125	-117.549355
52148.437500	-142.234467
52154.296875	-139.832779
52160.156250	-139.698669
52166.015625	-141.950180
52171.875000	-144.732300
52177.734375	-141.272171
52183.593750	-139.582901
52189.453125	-141.564682
52195.312500	-144.011826
52201.171875	-143.106247
52207.031250	-141.628159
52212.890625	-140.883469
52218.750000	-111.122345
52224.609375	-92.503899
52230.468750	-83.574730
52236.328125	-81.757355
52242.187500	-86.666054
52248.046875	-99.449768
52253.906250	-125.402802
52259.765625	-140.228973
52265.625000	-141.550415
52271.484375	-143.075241
52277.343750	-145.423065
52283.203125	-142.753738
52289.062500	-142.416977
52294.921875	-142.027298
52300.781250	-142.250275
52306.640625	-146.262039
52312.500000	-144.448700
52318.359375	-141.698914
52324.218750	-141.997910
52330.078125	-105.672935
52335.937500	-89.643608
52341.796875	-82.429138
52347.656250	-82.119423
52353.515625	-88.634689
52359.375000	-103.595284
52365.234375	-132.432861
52371.093750	-143.424042
52376.953125	-147.169540
52382.812500	-144.295334
52388.671875	-140.622314
52394.531250	-142.169601
52400.390625	-141.826508
52406.250000	-141.085907
52412.109375	-143.464325
52417.968750	-141.500595
52423.828125	-142.020645
52429.687500	-143.206818
52435.546875	-127.847260
52441.406250	-100.823471
52447.265625	-87.199966
52453.125000	-81.641319
52458.984375	-82.837341
52464.843750	-91.040787
52470.703125	-108.481964
52476.562500	-140.324524
52482.421875	-139.971848
52488.281250	-141.610413
52494.140625	-143.859070
52500.000000	-145.966797
52505.859375	-145.630493
52511.718750	-145.729828
52517.578125	-144.863358
52523.437500	-142.694733
52529.296875	-142.907959
52535.156250	-142.550430
52541.015625	-143.764236
52546.875000	-119.926453
52552.734375	-96.773666
52558.593750	-85.192520
52564.453125	-81.211678
52570.312500	-83.922455
52576.171875	-93.920128
52582.031250	-114.243752
52587.890625	-142.970108
52593.750000	-143.590561
52599.609375	-142.757294
52605.468750	-146.204239
52611.328125	-148.888855
52617.187500	-144.074677
52623.046875	-143.261978
52628.906250	-142.785950
52634.765625	-146.108337
52640.625000	-142.421448
52646.484375	-140.166763
52652.343750	-139.763596
52658.203125	-113.080208
52664.062500	-93.229362
52669.921875	-83.556419
52675.781250	-81.114799
52681.640625	-85.369209
52687.500000	-97.293449
52693.359375	-121.289696
52699.218750	-142.725861
52705.078125	-142.751633
52710.937500	-143.704895
52716.796875	-144.789200
52722.656250	-142.424606
52728.515625	-141.769363
52734.375000	-140.046738
52740.234375	-142.670670
52746.093750	-144.333740
52751.953125	-144.311935
52757.812500	-143.850418
52763.671875	-140.512070
52769.531250	-107.264984
52775.390625	-90.212234
52781.250000	-82.300308
52787.109375	-81.371887
52792.968750	-87.218071
52798.828125	-101.256874
52804.687500	-128.718552
52810.546875	-142.528549
52816.406250	-144.033218
52822.265625	-144.217041
52828.125000	-147.778076
52833.984375	-142.469101
52839.843750	-140.588333
52845.703125	-140.430023
52851.562500	-141.058121
52857.421875	-139.424881
52863.281250	-141.499222
52869.140625	-142.010223
52875.000000	-129.848419
52880.859375	-102.181984
52886.718750	-87.630074
52892.578125	-81.401031
52898.437500	-81.975014
52904.296875	-89.479004
52910.156250	-105.847534
52916.015625	-137.361786
52921.875000	-143.206436
52927.734375	-142.201797
52933.593750	-141.272552
52939.453125	-144.880920
52945.312500	-143.807327
52951.171875	-142.866104
52957.031250	-140.944016
52962.890625	-141.203171
52968.750000	-139.709930
52974.609375	-142.028763
52980.468750	-141.436752
52986.328125	-122.539124
52992.187500	-97.865738
52998.046875	-85.468925
53003.906250	-80.845467
53009.765625	-82.929558
53015.625000	-92.170715
53021.484375	-111.137863
53027.343750	-140.593414
53033.203125	-142.084106
53039.062500	-141.395325
53044.921875	-140.535812
53050.781250	-140.891708
53056.640625	-139.463730
53062.500000	-139.755035
53068.359375	-139.079163
53074.218750	-140.055588
53080.078125	-141.717667
53085.937500	-144.784851
53091.796875	-143.678162
53097.656250	-115.111687
53103.515625	-94.131325
53109.375000	-83.701981
53115.234375	-80.632088
53121.093750	-84.247528
53126.953125	-95.356384
53132.812500	-117.497002
53138.671875	-138.479111
53144.531250	-142.336716
53150.390625	-143.599869
53156.250000	-144.651230
53162.109375	-146.834183
53167.968750	-142.289368
53173.828125	-141.864960
53179.687500	-141.211670
53185.546875	-140.362030
53191.406250	-140.765274
53197.265625	-141.672913
53203.125000	-139.400925
53208.984375	-108.913582
53214.843750	-90.925583
53220.703125	-82.317078
53226.562500	-80.769615
53232.421875	-85.956192
53238.281250	-99.093773
53244.140625	-125.034622
53250.000000	-143.920975
53255.859375	-148.496140
53261.718750	-151.376053
53267.578125	-144.937897
53273.437500	-145.540817
53279.296875	-145.775314
53285.156250	-143.105743
53291.015625	-142.181335
53296.875000	-142.238708
53302.734375	-143.970963
53308.593750	-145.062027
53314.453125	-135.428421
53320.312500	-103.675369
53326.171875	-88.199440
53332.031250	-81.300011
53337.890625	-81.257584
53343.750000	-88.070236
53349.609375	-103.459053
53355.468750	-134.492767
53361.328125	-141.275696
53367.187500	-140.714233
53373.046875	-139.882538
53378.906250	-139.531418
53384.765625	-140.637802
53390.625000	-142.423706
53396.484375	-143.146866
53402.343750	-143.087616
53408.203125	-142.437805
53414.062500	-142.604156
53419.921875	-144.922256
53425.781250	-125.734535
53431.640625	-99.152763
53437.500000	-85.899773
53443.359375	-80.623749
53449.218750	-82.083351
53455.078125	-90.588409
53460.937500	-108.399864
53466.796875	-138.651428
53472.656250	-142.977371
53478.515625	-142.816544
53484.375000	-142.114243
53490.234375	-140.464859
53496.093750	-142.234970
53501.953125	-143.502426
53507.812500	-141.776703
53513.671875	-141.126556
53519.531250	-141.090759
53525.390625	-142.719131
53531.250000	-144.677521
53537.109375	-117.612740
53542.968750	-95.220695
53548.828125	-84.003136
53554.687500	-80.298767
53560.546875	-83.282326
53566.406250	-93.617409
53572.265625	-114.527702
53578.125000	-137.159973
53583.984375	-140.161133
53589.843750	-143.590622
53595.703125	-143.374130
53601.562500	-140.045517
53607.421875	-138.083298
53613.281250	-138.295151
53619.140625	-140.104370
53625.000000	-143.783447
53630.859375	-147.355804
53636.718750	-143.638702
53642.578125	-143.567642
53648.437500	-111.169342
53654.296875	-91.847153
53660.156250	-82.491936
53666.015625	-80.318146
53671.875000	-84.848213
53677.734375	-97.116028
53683.593750	-121.306885
53689.453125	-145.483475
53695.312500	-143.089401
53701.171875	-142.147720
53707.031250	-142.093582
53712.890625	-142.887756
53718.750000	-143.461868
53724.609375	-143.851166
53730.468750	-143.228821
53736.328125	-142.268219
53742.187500	-145.574631
53748.046875	-145.790527
53753.906250	-137.764923
53759.765625	-105.431084
53765.625000	-88.936829
53771.484375	-81.340027
53777.343750	-80.676849
53783.203125	-86.811249
53789.062500	-101.254509
53794.921875	-130.866104
53800.781250	-141.630524
53806.640625	-143.857193
53812.500000	-143.033386
53818.359375	-140.348038
53824.218750	-140.757645
53830.078125	-140.964218
53835.937500	-142.846024
53841.796875	-141.655991
53847.656250	-141.757660
53853.515625	-143.405731
53859.375000	-144.482086
53865.234375	-128.543701
53871.093750	-100.592728
53876.953125	-86.473709
53882.812500	-80.541275
53888.671875	-81.383423
53894.531250	-89.189552
53900.390625	-106.031776
53906.250000	-137.707611
53912.109375	-139.826614
53917.968750	-141.048660
53923.828125	-140.953156
53929.687500	-139.735092
53935.546875	-139.913284
53941.406250	-140.862305
53947.265625	-139.568100
53953.125000	-139.045059
53958.984375	-140.603928
53964.843750	-141.011932
53970.703125	-140.081375
53976.562500	-120.415977
53982.421875	-96.458656
53988.281250	-84.435547
53994.140625	-80.091644
54000.000000	-82.446426
54005.859375	-92.016022
54011.718750	-111.785339
54017.578125	-142.008865
54023.437500	-143.051453
54029.296875	-143.694229
54035.156250	-143.074860
54041.015625	-142.675049
54046.875000	-141.375381
54052.734375	-140.666489
54058.593750	-140.789902
54064.453125	-140.827530
54070.312500	-144.625610
54076.171875	-148.751556
54082.031250	-145.440689
54087.890625	-113.422897
54093.750000	-92.894394
54099.609375	-82.791672
54105.468750	-79.991379
54111.328125	-83.879845
54117.187500	-95.335449
54123.046875	-118.297165
54128.906250	-140.071564
54134.765625	-140.737823
54140.625000	-139.201752
54146.484375	-140.402557
54152.343750	-140.785797
54158.203125	-142.454056
54164.062500	-141.226425
54169.921875	-138.657654
54175.781250	-139.232437
54181.640625	-141.757751
54187.500000	-143.652740
54193.359375	-138.637131
54199.218750	-107.400658
54205.078125	-89.815384
54210.937500	-81.507446
54216.796875	-80.223213
54222.656250	-85.693405
54228.515625	-99.223450
54234.375000	-126.680557
54240.234375	-141.495407
54246.093750	-141.449509
54251.953125	-141.485443
54257.812500	-141.985123
54263.671875	-143.042099
54269.531250	-142.603516
54275.390625	-144.269730
54281.250000	-142.488388
54287.109375	-140.994415
54292.968750	-144.643494
54298.828125	-139.930511
54304.687500	-131.069733
54310.546875	-102.259895
54316.406250	-87.200958
54322.265625	-80.587860
54328.125000	-80.810760
54333.984375	-87.915016
54339.843750	-103.741158
54345.703125	-135.763550
54351.562500	-144.755356
54357.421875	-145.995209
54363.281250	-144.257706
54369.140625	-142.680176
54375.000000	-142.950317
54380.859375	-144.573441
54386.718750	-144.882339
54392.578125	-144.399490
54398.437500	-143.262390
54404.296875	-141.733871
54410.156250	-141.882568
54416.015625	-123.476074
54421.875000	-97.907021
54427.734375	-85.014313
54433.593750	-80.014862
54439.453125	-81.741234
54445.312500	-90.560371
54451.171875	-108.955315
54457.031250	-141.697006
54462.890625	-139.305618
54468.750000	-140.456360
54474.609375	-142.626907
54480.468750	-143.200485
54486.328125	-141.127090
54492.187500	-140.534821
54498.046875	-141.183090
54503.906250	-143.745422
54509.765625	-145.360428
54515.625000	-144.713470
54521.484375	-143.139923
54527.343750	-115.991661
54533.203125	-94.110847
54539.062500	-83.223709
54544.921875	-79.789032
54550.781250	-83.040306
54556.640625	-93.701294
54562.500000	-115.229004
54568.359375	-147.400940
54574.218750	-145.578644
54580.078125	-144.071472
54585.937500	-148.080673
54591.796875	-141.726379
54597.656250	-138.602020
54603.515625	-138.042862
54609.375000	-141.370270
54615.234375	-141.698074
54621.093750	-140.661682
54626.953125	-141.833649
54632.812500	-141.428360
54638.671875	-109.501274
54644.531250	-90.829460
54650.390625	-81.799156
54656.250000	-79.893913
54662.109375	-84.699699
54667.968750	-97.312386
54673.828125	-121.942917
54679.687500	-147.250305
54685.546875	-149.733093
54691.406250	-145.628525
54697.265625	-143.279175
54703.125000	-142.190414
54708.984375	-143.177231
54714.843750	-142.688782
54720.703125	-144.432205
54726.562500	-141.716324
54732.421875	-141.663528
54738.281250	-141.046753
54744.140625	-135.922882
54750.000000	-104.129730
54755.859375	-88.058388
54761.718750	-80.754524
54767.578125	-80.357048
54773.437500	-86.773087
54779.296875	-101.591164
54785.156250	-131.028320
54791.015625	-138.101456
54796.875000	-137.503311
54802.734375	-139.970078
54808.593750	-144.315292
54814.453125	-141.937271
54820.312500	-140.248444
54826.171875	-140.935181
54832.031250	-139.584930
54837.890625	-142.049072
54843.750000	-143.089355
54849.609375	-142.877899
54855.468750	-126.770973
54861.328125	-99.491066
54867.187500	-85.713142
54873.046875	-80.058029
54878.906250	-81.160645
54884.765625	-89.258476
54890.625000	-106.483002
54896.484375	-139.551910
54902.343750	-143.082794
54908.203125	-141.002319
54914.062500	-141.225418
54919.921875	-142.761597
54925.781250	-143.344269
54931.640625	-143.749725
54937.500000	-141.811188
54943.359375	-141.844513
54949.218750	-141.763657
54955.078125	-140.770966
54960.937500	-139.204193
54966.796875	-118.891068
54972.656250	-95.454041
54978.515625	-83.765518
54984.375000	-79.694527
54990.234375	-82.316483
54996.093750	-92.205421
55001.953125	-112.300018
55007.812500	-145.377609
55013.671875	-142.826523
55019.531250	-143.806717
55025.390625	-141.933990
55031.250000	-141.806213
55037.109375	-141.350464
55042.968750	-142.605270
55048.828125	-141.097168
55054.687500	-141.191757
55060.546875	-141.723312
55066.406250	-139.900711
55072.265625	-137.786102
55078.125000	-112.025429
55083.984375	-91.999496
55089.843750	-82.216515
55095.703125	-79.684677
55101.562500	-83.844490
55107.421875	-95.633385
55113.281250	-118.865273
55119.140625	-143.260391
55125.000000	-142.972275
55130.859375	-143.061737
55136.718750	-147.557922
55142.578125	-146.758484
55148.437500	-142.939163
55154.296875	-140.034073
55160.156250	-139.096924
55166.015625	-142.540665
55171.875000	-140.411133
55177.734375	-139.251053
55183.593750	-138.118362
55189.453125	-106.240570
55195.312500	-89.049362
55201.171875	-81.038536
55207.031250	-80.020050
55212.890625	-85.774918
55218.750000	-99.683929
55224.609375	-127.401825
55230.468750	-141.364410
55236.328125	-140.681641
55242.187500	-139.886154
55248.046875	-141.554581
55253.906250	-141.177734
55259.765625	-141.695572
55265.625000	-141.572830
55271.484375	-143.350815
55277.343750	-146.429947
55283.203125	-144.145203
55289.062500	-141.315613
55294.921875	-129.992905
55300.781250	-101.228615
55306.640625	-86.532059
55312.500000	-80.207642
55318.359375	-80.691826
55324.218750	-88.088959
55330.078125	-104.283630
55335.937500	-137.033218
55341.796875	-143.332657
55347.656250	-142.013397
55353.515625	-142.812225
55359.375000	-143.527603
55365.234375	-142.601883
55371.093750	-142.233124
55376.953125	-140.297119
55382.812500	-138.301025
55388.671875	-139.145828
55394.531250	-140.088501
55400.390625	-141.141769
55406.250000	-121.976913
55412.109375	-96.960091
55417.968750	-84.441315
55423.828125	-79.723518
55429.687500	-81.720589
55435.546875	-90.865547
55441.406250	-109.795303
55447.265625	-140.817032
55453.125000	-139.641495
55458.984375	-140.097168
55464.843750	-141.552551
55470.703125	-144.897308
55476.562500	-142.563828
55482.421875	-140.603378
55488.281250	-141.947983
55494.140625	-142.383545
55500.000000	-142.481644
55505.859375	-142.260468
55511.718750	-141.698257
55517.578125	-114.566429
55523.437500	-93.291069
55529.296875	-82.748726
55535.156250	-79.589027
55541.015625	-83.116982
55546.875000	-94.133804
55552.734375	-116.381462
55558.593750	-143.345932
55564.453125	-142.460648
55570.312500	-142.982239
55576.171875	-143.361481
55582.031250	-144.410461
55587.890625	-144.561401
55593.750000	-143.785416
55599.609375	-139.417175
55605.468750	-140.129471
55611.328125	-143.310349
55617.187500	-147.511536
55623.046875	-143.774094
55628.906250	-108.433495
55634.765625	-90.158737
55640.625000	-81.432388
55646.484375	-79.792267
55652.343750	-84.885796
55658.203125	-97.911499
55664.062500	-124.079132
55669.921875	-148.640060
55675.781250	-143.623016
55681.640625	-143.522324
55687.500000	-142.655457
55693.359375	-141.866425
55699.218750	-142.947083
55705.078125	-144.516663
55710.937500	-145.814575
55716.796875	-149.169830
55722.656250	-144.899353
55728.515625	-144.070084
55734.375000	-136.126816
55740.234375	-103.126968
55746.093750	-87.474312
55751.953125	-80.469963
55757.812500	-80.337799
55763.671875	-87.047089
55769.531250	-102.271240
55775.390625	-132.230774
55781.250000	-142.053513
55787.109375	-142.916702
55792.968750	-142.327042
55798.828125	-140.647308
55804.687500	-140.063141
55810.546875	-142.260376
55816.406250	-138.847397
55822.265625	-136.979019
55828.125000	-139.081192
55833.984375	-141.002151
55839.843750	-142.190002
55845.703125	-124.708168
55851.562500	-98.600121
55857.421875	-85.234299
55863.281250	-79.864250
55869.140625	-81.238083
55875.000000	-89.659225
55880.859375	-107.529755
55886.718750	-138.335724
55892.578125	-137.057800
55898.437500	-139.960281
55904.296875	-141.788101
55910.156250	-143.273178
55916.015625	-145.587982
55921.875000	-145.630905
55927.734375	-143.654465
55933.593750	-141.826416
55939.453125	-140.908203
55945.312500	-140.142319
55951.171875	-143.950241
55957.031250	-117.561279
55962.890625	-94.746284
55968.750000	-83.397980
55974.609375	-79.599091
55980.468750	-82.489922
55986.328125	-92.706833
55992.187500	-113.356049
55998.046875	-143.573257
56003.906250	-143.200760
56009.765625	-142.508240
56015.625000	-141.861221
56021.484375	-142.765411
56027.343750	-146.552216
56033.203125	-142.993011
56039.062500	-139.525269
56044.921875	-140.503479
56050.781250	-142.219803
56056.640625	-143.488632
56062.500000	-143.060913
56068.359375	-110.856026
56074.218750	-91.397949
56080.078125	-81.939133
56085.937500	-79.676216
56091.796875	-84.115562
56097.656250	-96.272102
56103.515625	-120.499252
56109.375000	-140.313400
56115.234375	-141.399857
56121.093750	-141.682419
56126.953125	-143.559921
56132.812500	-141.800491
56138.671875	-142.023575
56144.531250	-141.431946
56150.390625	-139.687683
56156.250000	-139.141159
56162.109375	-140.319275
56167.968750	-141.648254
56173.828125	-137.039398
56179.687500	-105.188286
56185.546875	-88.541412
56191.406250	-80.845551
56197.265625	-80.095566
56203.125000	-86.133728
56208.984375	-100.420914
56214.843750	-128.172226
56220.703125	-139.610718
56226.562500	-138.712448
56232.421875	-140.341888
56238.281250	-141.597549
56244.140625	-144.271912
56250.000000	-143.131760
56255.859375	-141.427094
56261.718750	-139.562836
56267.578125	-139.740067
56273.437500	-141.709793
56279.296875	-144.576157
56285.156250	-128.630951
56291.015625	-100.405022
56296.875000	-86.136047
56302.734375	-80.104820
56308.593750	-80.859825
56314.453125	-88.566826
56320.312500	-105.299133
56326.171875	-141.232193
56332.031250	-140.799561
56337.890625	-143.917130
56343.750000	-145.489471
56349.609375	-146.115479
56355.468750	-142.502182
56361.328125	-142.208801
56367.187500	-146.282516
56373.046875	-146.628296
56378.906250	-142.485092
56384.765625	-141.286224
56390.625000	-141.702484
56396.484375	-120.549828
56402.343750	-96.318939
56408.203125	-84.158478
56414.062500	-79.718529
56419.921875	-81.982086
56425.781250	-91.441818
56431.640625	-110.833992
56437.500000	-145.776520
56443.359375	-145.195557
56449.218750	-140.803162
56455.078125	-140.480515
56460.937500	-140.782791
56466.796875	-141.044403
56472.656250	-141.005417
56478.515625	-143.082031
56484.375000	-142.145706
56490.234375	-142.192551
56496.093750	-149.589935
56501.953125	-147.828278
56507.812500	-113.454758
56513.671875	-92.780243
56519.531250	-82.563286
56525.390625	-79.671982
56531.250000	-83.471344
56537.109375	-94.818031
56542.968750	-117.493538
56548.828125	-142.220840
56554.687500	-139.757416
56560.546875	-139.364273
56566.406250	-138.416138
56572.265625	-138.382904
56578.125000	-138.424606
56583.984375	-140.640335
56589.843750	-141.151611
56595.703125	-139.918640
56601.562500	-139.625839
56607.421875	-138.477844
56613.281250	-136.723434
56619.140625	-107.396744
56625.000000	-89.731407
56630.859375	-81.329346
56636.718750	-79.960732
56642.578125	-85.338005
56648.437500	-98.764771
56654.296875	-126.321564
56660.156250	-140.100189
56666.015625	-139.573990
56671.875000	-139.589340
56677.734375	-141.944672
56683.593750	-141.506027
56689.453125	-143.470917
56695.312500	-142.457626
56701.171875	-142.341309
56707.031250	-140.572144
56712.890625	-138.191528
56718.750000	-138.004028
56724.609375	-132.953445
56730.468750	-102.387070
56736.328125	-87.167671
56742.187500	-80.457977
56748.046875	-80.592232
56753.906250	-87.595901
56759.765625	-103.230637
56765.625000	-132.414459
56771.484375	-139.203262
56777.343750	-143.465485
56783.203125	-142.403366
56789.062500	-141.843811
56794.921875	-141.189590
56800.781250	-142.679642
56806.640625	-141.681946
56812.500000	-140.618271
56818.359375	-142.249283
56824.218750	-143.113281
56830.078125	-143.964371
56835.937500	-123.188148
56841.796875	-98.011078
56847.656250	-85.029251
56853.515625	-79.944115
56859.375000	-81.582634
56865.234375	-90.304024
56871.093750	-108.523392
56876.953125	-144.244766
56882.812500	-146.457321
56888.671875	-144.669907
56894.531250	-141.779068
56900.390625	-139.476151
56906.250000	-141.069855
56912.109375	-142.417847
56917.968750	-142.765427
56923.828125	-142.545670
56929.687500	-143.789413
56935.546875	-143.153946
56941.406250	-141.304932
56947.265625	-116.544800
56953.125000	-94.312553
56958.984375	-83.293823
56964.843750	-79.764641
56970.703125	-82.924057
56976.562500	-93.465881
56982.421875	-114.646744
56988.281250	-143.039062
56994.140625	-141.085114
57000.000000	-141.037552
57005.859375	-139.606857
57011.718750	-141.017303
57017.578125	-141.375168
57023.437500	-142.696594
57029.296875	-141.697998
57035.156250	-140.689224
57041.015625	-139.633148
57046.875000	-143.570496
57052.734375	-142.533707
57058.593750	-109.837204
57064.453125	-91.056557
57070.312500	-81.923744
57076.171875	-79.932274
57082.031250	-84.654121
57087.890625	-97.200912
57093.750000	-122.267410
57099.609375	-140.980896
57105.468750	-142.076172
57111.328125	-140.997375
57117.187500	-140.888626
57123.046875	-144.207443
57128.906250	-146.165237
57134.765625	-143.312531
57140.625000	-141.300491
57146.484375	-141.193985
57152.343750	-142.465866
57158.203125	-143.520294
57164.062500	-138.765930
57169.921875	-104.515427
57175.781250	-88.305580
57181.640625	-80.915283
57187.500000	-80.432732
57193.359375	-86.767685
57199.218750	-101.498543
57205.078125	-131.346741
57210.937500	-140.690765
57216.796875	-140.988266
57222.656250	-139.967880
57228.515625	-142.509094
57234.375000	-144.482422
57240.234375	-139.502472
57246.093750	-139.314621
57251.953125	-139.834656
57257.812500	-143.458313
57263.671875	-142.338165
57269.531250	-140.268738
57275.390625	-127.102974
57281.250000	-99.904709
57287.109375	-86.017853
57292.968750	-80.270561
57298.828125	-81.287186
57304.687500	-89.289375
57310.546875	-106.380089
57316.406250	-139.393265
57322.265625	-142.842087
57328.125000	-141.056793
57333.984375	-139.113007
57339.843750	-139.806686
57345.703125	-139.592087
57351.562500	-142.571274
57357.421875	-141.448914
57363.281250	-141.165314
57369.140625	-138.263550
57375.000000	-137.684372
57380.859375	-138.794769
57386.718750	-119.432579
57392.578125	-95.930191
57398.437500	-84.124229
57404.296875	-79.957924
57410.156250	-82.488060
57416.015625	-92.263870
57421.875000	-112.230759
57427.734375	-145.659592
57433.593750	-143.095779
57439.453125	-143.479126
57445.312500	-145.569778
57451.171875	-143.399612
57457.031250	-140.213943
57462.890625	-138.662491
57468.750000	-140.926849
57474.609375	-143.151505
57480.468750	-142.647720
57486.328125	-143.335205
57492.187500	-141.257690
57498.046875	-112.598183
57503.906250	-92.497025
57509.765625	-82.615189
57515.625000	-79.994469
57521.484375	-84.063278
57527.343750	-95.739914
57533.203125	-119.032097
57539.062500	-144.643829
57544.921875	-146.227829
57550.781250	-142.894836
57556.640625	-146.627228
57562.500000	-144.277008
57568.359375	-140.730774
57574.218750	-140.514465
57580.078125	-144.938705
57585.937500	-145.010910
57591.796875	-149.392715
57597.656250	-145.992798
57603.515625	-145.499649
57609.375000	-106.942795
57615.234375	-89.589882
57621.093750	-81.482307
57626.953125	-80.372467
57632.812500	-86.024193
57638.671875	-99.758354
57644.531250	-126.649719
57650.390625	-144.707703
57656.250000	-144.961945
57662.109375	-143.584091
57667.968750	-141.845047
57673.828125	-142.012924
57679.687500	-140.778961
57685.546875	-141.483887
57691.406250	-147.307007
57697.265625	-149.763947
57703.125000	-146.055588
57708.984375	-141.175369
57714.843750	-130.676773
57720.703125	-101.913452
57726.562500	-87.117958
57732.421875	-80.696632
57738.281250	-81.095306
57744.140625	-88.391502
57750.000000	-104.442833
57755.859375	-134.474014
57761.718750	-143.278656
57767.578125	-140.601212
57773.437500	-140.637665
57779.296875	-138.716675
57785.156250	-142.278961
57791.015625	-142.848541
57796.875000	-142.755005
57802.734375	-144.848022
57808.593750	-146.179626
57814.453125	-144.510635
57820.312500	-143.738144
57826.171875	-123.177887
57832.031250	-97.731110
57837.890625	-85.078857
57843.750000	-80.265915
57849.609375	-82.170700
57855.468750	-91.199005
57861.328125	-109.888977
57867.187500	-142.790894
57873.046875	-138.803665
57878.906250	-136.934036
57884.765625	-137.352829
57890.625000	-141.438995
57896.484375	-142.067886
57902.343750	-140.001511
57908.203125	-141.130753
57914.062500	-141.897400
57919.921875	-141.694122
57925.781250	-140.903656
57931.640625	-139.874603
57937.500000	-115.663399
57943.359375	-94.078392
57949.218750	-83.421028
57955.078125	-80.170303
57960.937500	-83.605522
57966.796875	-94.500244
57972.656250	-116.572258
57978.515625	-146.022476
57984.375000	-142.217255
57990.234375	-142.826385
57996.093750	-146.630569
58001.953125	-147.025146
58007.812500	-143.004166
58013.671875	-140.412628
58019.531250	-139.869141
58025.390625	-143.060089
58031.250000	-143.578827
58037.109375	-141.157959
58042.968750	-141.901825
58048.828125	-109.416351
58054.687500	-90.972542
58060.546875	-82.142899
58066.406250	-80.414200
58072.265625	-85.407448
58078.125000	-98.278679
58083.984375	-123.577858
58089.843750	-142.567230
58095.703125	-146.859146
58101.562500	-146.381897
58107.421875	-143.598007
58113.281250	-142.542389
58119.140625	-142.193848
58125.000000	-141.672043
58130.859375	-144.038589
58136.718750	-143.520645
58142.578125	-141.664551
58148.437500	-139.752060
58154.296875	-137.683090
58160.156250	-104.164345
58166.015625	-88.341957
58171.875000	-81.233269
58177.734375	-81.012924
58183.593750	-87.631142
58189.453125	-102.783615
58195.312500	-134.746170
58201.171875	-145.094116
58207.031250	-145.835709
58212.890625	-139.332550
58218.750000	-137.552200
58224.609375	-138.619888
58230.468750	-141.206772
58236.328125	-139.817566
58242.187500	-139.351990
58248.046875	-140.684708
58253.906250	-145.447052
58259.765625	-149.042526
58265.625000	-126.640778
58271.484375	-99.674362
58277.343750	-86.137177
58283.203125	-80.667694
58289.062500	-81.948456
58294.921875	-90.249969
58300.781250	-107.736404
58306.640625	-139.099152
58312.500000	-141.487473
58318.359375	-140.612045
58324.218750	-139.050354
58330.078125	-138.669357
58335.937500	-138.166702
58341.796875	-138.985077
58347.656250	-144.685074
58353.515625	-145.460876
58359.375000	-142.662338
58365.234375	-141.490692
58371.093750	-141.511322
58376.953125	-118.564804
58382.812500	-95.786751
58388.671875	-84.330162
58394.531250	-80.441231
58400.390625	-83.244331
58406.250000	-93.360497
58412.109375	-113.911064
58417.968750	-141.504715
58423.828125	-141.287079
58429.687500	-142.159546
58435.546875	-143.003403
58441.406250	-140.879730
58447.265625	-141.810791
58453.125000	-143.578857
58458.984375	-143.784180
58464.843750	-141.403244
58470.703125	-142.297897
58476.562500	-139.297134
58482.421875	-138.864212
58488.281250	-111.915077
58494.140625	-92.469635
58500.000000	-82.910378
58505.859375	-80.558960
58511.718750	-84.907166
58517.578125	-96.948090
58523.437500	-120.644287
58529.296875	-138.427399
58535.156250	-140.753448
58541.015625	-139.484100
58546.875000	-138.335083
58552.734375	-139.046677
58558.593750	-142.644791
58564.453125	-142.027008
58570.312500	-142.407196
58576.171875	-140.747696
58582.031250	-139.928299
58587.890625	-142.257629
58593.750000	-141.961563
58599.609375	-106.484482
58605.468750	-89.661346
58611.328125	-81.865318
58617.187500	-81.025970
58623.046875	-86.966354
58628.906250	-101.117630
58634.765625	-129.257263
58640.625000	-144.122757
58646.484375	-142.774719
58652.343750	-142.296204
58658.203125	-140.349136
58664.062500	-140.622467
58669.921875	-138.626541
58675.781250	-139.211548
58681.640625	-139.967163
58687.500000	-141.811295
58693.359375	-146.019730
58699.218750	-142.611771
58705.078125	-130.012527
58710.937500	-101.725258
58716.796875	-87.300896
58722.656250	-81.168648
58728.515625	-81.834061
58734.375000	-89.444679
58740.234375	-106.010521
58746.093750	-138.453125
58751.953125	-142.832764
58757.812500	-140.479126
58763.671875	-140.741974
58769.531250	-141.439117
58775.390625	-145.348862
58781.250000	-147.865768
58787.109375	-145.379257
58792.968750	-143.416611
58798.828125	-141.710464
58804.687500	-141.167877
58810.546875	-139.215408
58816.406250	-122.392075
58822.265625	-97.660866
58828.125000	-85.353012
58833.984375	-80.816063
58839.843750	-82.989769
58845.703125	-92.344116
58851.562500	-111.539650
58857.421875	-139.369080
58863.281250	-143.574295
58869.140625	-146.614563
58875.000000	-143.700424
58880.859375	-141.985352
58886.718750	-143.404129
58892.578125	-140.968109
58898.437500	-141.130737
58904.296875	-142.972183
58910.156250	-143.474258
58916.015625	-142.353912
58921.875000	-141.850220
58927.734375	-114.810265
58933.593750	-94.102036
58939.453125	-83.789864
58945.312500	-80.811081
58951.171875	-84.516830
58957.031250	-95.734772
58962.890625	-117.959747
58968.750000	-140.429504
58974.609375	-143.036728
58980.468750	-144.496185
58986.328125	-141.226212
58992.187500	-142.008377
58998.046875	-145.138489
59003.906250	-146.233780
59009.765625	-141.422897
59015.625000	-140.330231
59021.484375	-138.187332
59027.343750	-139.371948
59033.203125	-140.288315
59039.062500	-141.289169
59044.921875	-140.417603
59050.781250	-140.997513
59056.640625	-140.718948
59062.500000	-141.258133
59068.359375	-140.779160
59074.218750	-142.535629
59080.078125	-139.170395
59085.937500	-138.772812
59091.796875	-140.856277
59097.656250	-144.034424
59103.515625	-140.180450
59109.375000	-141.520874
59115.234375	-144.783066
59121.093750	-143.766479
59126.953125	-141.505356
59132.812500	-142.335297
59138.671875	-145.880203
59144.531250	-146.979279
59150.390625	-145.433792
59156.250000	-147.769470
59162.109375	-145.206879
59167.968750	-143.408875
59173.828125	-141.504791
59179.687500	-140.420593
59185.546875	-138.500397
59191.406250	-140.665863
59197.265625	-144.725082
59203.125000	-146.999725
59208.984375	-141.757812
59214.843750	-139.132416
59220.703125	-138.894043
59226.562500	-139.972336
59232.421875	-139.881744
59238.281250	-139.578720
59244.140625	-138.022095
59250.000000	-138.000595
59255.859375	-138.902664
59261.718750	-141.781128
59267.578125	-144.033432
59273.437500	-142.849564
59279.296875	-139.712540
59285.156250	-140.173019
59291.015625	-143.817703
59296.875000	-146.379242
59302.734375	-141.692169
59308.593750	-139.422943
59314.453125	-140.055847
59320.312500	-142.604294
59326.171875	-146.082382
59332.031250	-144.837952
59337.890625	-146.932159
59343.750000	-144.405624
59349.609375	-140.902313
59355.468750	-140.151978
59361.328125	-141.316620
59367.187500	-138.809082
59373.046875	-137.989731
59378.906250	-139.513626
59384.765625	-144.106903
59390.625000	-146.669220
59396.484375	-145.327393
59402.343750	-146.259216
59408.203125	-143.843246
59414.062500	-143.333771
59419.921875	-144.060547
59425.781250	-144.167038
59431.640625	-141.737289
59437.500000	-140.364700
59443.359375	-142.407593
59449.218750	-142.658554
59455.078125	-144.296738
59460.937500	-141.480576
59466.796875	-140.728195
59472.656250	-139.657227
59478.515625	-142.573105
59484.375000	-144.951965
59490.234375	-144.670746
59496.093750	-146.362488
59501.953125	-143.879791
59507.812500	-141.438293
59513.671875	-143.866776
59519.531250	-142.239197
59525.390625	-140.868210
59531.250000	-140.539673
59537.109375	-139.941223
59542.968750	-140.826141
59548.828125	-145.558136
59554.687500	-141.568848
59560.546875	-140.130508
59566.406250	-139.157959
59572.265625	-140.088348
59578.125000	-141.601685
59583.984375	-141.291321
59589.843750	-140.930008
59595.703125	-138.005661
59601.562500	-138.832321
59607.421875	-140.486618
59613.281250	-142.165131
59619.140625	-141.213959
59625.000000	-139.962570
59630.859375	-140.214951
59636.718750	-139.783646
59642.578125	-140.288254
59648.437500	-141.687164
59654.296875	-141.190735
59660.156250	-141.179443
59666.015625	-141.108185
59671.875000	-142.161133
59677.734375	-141.847641
59683.593750	-141.039673
59689.453125	-142.196136
59695.312500	-146.370300
59701.171875	-144.942673
59707.031250	-146.348190
59712.890625	-143.158020
59718.750000	-141.377380
59724.609375	-142.852524
59730.468750	-142.512207
59736.328125	-143.603470
59742.187500	-144.194824
59748.046875	-144.002060
59753.906250	-145.803024
59759.765625	-142.991501
59765.625000	-140.100494
59771.484375	-141.031296
59777.343750	-145.283005
59783.203125	-145.329071
59789.062500	-143.785324
59794.921875	-144.732910
59800.781250	-140.037292
59806.640625	-140.632370
59812.500000	-142.645416
59818.359375	-151.221313
59824.218750	-143.720703
59830.078125	-141.065262
59835.937500	-141.852112
59841.796875	-142.941864
59847.656250	-144.869125
59853.515625	-143.482849
59859.375000	-145.475464
59865.234375	-143.455063
59871.093750	-141.621170
59876.953125	-140.062546
59882.812500	-139.143890
59888.671875	-139.605515
59894.531250	-139.492706
59900.390625	-139.493820
59906.250000	-140.421768
59912.109375	-141.870956
59917.968750	-144.550278
59923.828125	-143.951797
59929.687500	-143.048721
59935.546875	-143.161041
59941.406250	-141.781952
59947.265625	-142.519440
59953.125000	-141.750778
59958.984375	-143.647202
59964.843750	-144.397400
59970.703125	-141.468414
59976.562500	-141.874191
59982.421875	-139.278030
59988.281250	-139.147827
59994.140625	-140.478409
60000.000000	-140.532730
60005.859375	-142.494843
60011.718750	-140.472305
60017.578125	-139.193710
60023.437500	-139.254135
60029.296875	-141.906464
60035.156250	-140.307449
60041.015625	-139.058060
60046.875000	-140.571594
60052.734375	-140.444031
60058.593750	-141.856766
60064.453125	-147.429169
60070.312500	-143.118088
60076.171875	-143.992126
60082.031250	-143.347549
60087.890625	-142.285034
60093.750000	-138.203156
60099.609375	-138.081085
60105.468750	-140.141968
60111.328125	-143.697769
60117.187500	-142.643555
60123.046875	-146.106476
60128.906250	-147.322800
60134.765625	-141.588028
60140.625000	-141.155228
60146.484375	-141.731216
60152.343750	-143.562286
60158.203125	-143.691315
60164.062500	-142.586334
60169.921875	-144.483963
60175.781250	-143.854385
60181.640625	-143.044983
60187.500000	-141.804459
60193.359375	-143.119553
60199.218750	-141.007187
60205.078125	-142.404419
60210.937500	-142.484665
60216.796875	-139.845840
60222.656250	-140.182724
60228.515625	-144.435684
60234.375000	-143.947037
60240.234375	-142.482162
60246.093750	-141.850800
60251.953125	-142.432510
60257.812500	-145.040161
60263.671875	-145.097305
60269.531250	-143.800201
60275.390625	-140.536652
60281.250000	-139.620804
60287.109375	-141.902145
60292.968750	-146.590714
60298.828125	-143.281631
60304.687500	-140.150726
60310.546875	-137.562805
60316.406250	-137.739166
60322.265625	-140.488861
60328.125000	-142.521957
60333.984375	-140.122620
60339.843750	-141.546509
60345.703125	-142.777023
60351.562500	-142.910248
60357.421875	-145.974838
60363.281250	-140.639191
60369.140625	-139.656097
60375.000000	-146.006592
60380.859375	-146.368637
60386.718750	-142.949463
60392.578125	-140.814468
60398.437500	-140.851334
60404.296875	-140.621918
60410.156250	-140.762527
60416.015625	-141.733582
60421.875000	-144.954910
60427.734375	-143.663864
60433.593750	-143.611664
60439.453125	-143.372101
60445.312500	-143.217651
60451.171875	-144.503311
60457.031250	-145.475357
60462.890625	-143.783203
60468.750000	-143.504150
60474.609375	-142.121552
60480.468750	-140.533630
60486.328125	-142.101913
60492.187500	-143.937805
60498.046875	-143.544266
60503.906250	-140.156097
60509.765625	-139.877075
60515.625000	-145.450882
60521.484375	-146.168686
60527.343750	-145.531906
60533.203125	-144.427475
60539.062500	-143.454941
60544.921875	-144.241150
60550.781250	-143.778931
60556.640625	-141.564392
60562.500000	-142.820129
60568.359375	-143.239410
60574.218750	-143.628250
60580.078125	-143.623138
60585.937500	-146.107361
60591.796875	-144.266708
60597.656250	-140.649551
60603.515625	-141.158218
60609.375000	-139.089249
60615.234375	-139.051254
60621.093750	-140.764725
60626.953125	-141.454178
60632.812500	-140.500549
60638.671875	-141.733948
60644.531250	-144.963028
60650.390625	-144.538574
60656.250000	-143.530502
60662.109375	-144.846619
60667.968750	-142.940720
60673.828125	-143.246811
60679.687500	-143.231613
60685.546875	-140.996490
60691.406250	-138.892654
60697.265625	-141.568085
60703.125000	-141.980499
60708.984375	-139.984360
60714.843750	-139.938217
60720.703125	-144.453583
60726.562500	-146.733231
60732.421875	-144.298538
60738.281250	-141.576797
60744.140625	-140.661606
60750.000000	-141.534561
60755.859375	-141.443176
60761.718750	-140.234390
60767.578125	-139.247421
60773.437500	-140.089035
60779.296875	-140.715973
60785.156250	-142.989182
60791.015625	-141.962524
60796.875000	-142.750580
60802.734375	-141.633301
60808.593750	-142.075562
60814.453125	-142.870682
60820.312500	-141.965271
60826.171875	-144.955658
60832.031250	-150.208496
60837.890625	-148.047165
60843.750000	-148.500488
60849.609375	-144.677246
60855.468750	-142.036209
60861.328125	-143.222366
60867.187500	-143.053055
60873.046875	-141.657303
60878.906250	-143.345428
60884.765625	-144.449844
60890.625000	-144.675323
60896.484375	-145.344833
60902.343750	-141.861435
60908.203125	-142.044983
60914.062500	-142.173035
60919.921875	-143.464920
60925.781250	-141.343674
60931.640625	-140.857864
60937.500000	-140.730530
60943.359375	-138.841461
60949.218750	-138.603165
60955.078125	-139.622223
60960.937500	-140.609344
60966.796875	-142.469559
60972.656250	-144.714844
60978.515625	-144.291473
60984.375000	-141.172470
60990.234375	-139.901840
60996.093750	-139.531525
61001.953125	-140.239059
61007.812500	-142.101074
61013.671875	-145.386520
61019.531250	-151.400101
61025.390625	-148.607834
61031.250000	-142.140335
61037.109375	-140.556351
61042.968750	-138.421143
61048.828125	-140.516815
61054.687500	-141.616806
61060.546875	-142.021912
61066.406250	-142.679153
61072.265625	-140.754837
61078.125000	-140.023102
61083.984375	-140.908096
61089.843750	-140.950165
61095.703125	-138.795700
61101.562500	-139.009567
61107.421875	-141.643616
61113.281250	-142.946472
61119.140625	-143.236115
61125.000000	-142.077881
61130.859375	-142.860779
61136.718750	-142.323181
61142.578125	-144.537720
61148.437500	-145.342499
61154.296875	-144.812531
61160.156250	-142.045639
61166.015625	-141.562576
61171.875000	-140.820755
61177.734375	-140.419678
61183.593750	-141.755051
61189.453125	-146.595291
61195.312500	-142.614685
61201.171875	-144.028534
61207.031250	-144.452408
61212.890625	-141.531921
61218.750000	-139.457031
61224.609375	-138.626373
61230.468750	-140.781082
61236.328125	-142.196167
61242.187500	-142.333694
61248.046875	-144.909958
61253.906250	-151.021118
61259.765625	-144.310730
61265.625000	-139.822128
61271.484375	-139.629715
61277.343750	-141.398544
61283.203125	-144.810120
61289.062500	-144.166748
61294.921875	-142.683258
61300.781250	-144.281799
61306.640625	-140.952347
61312.500000	-139.806396
61318.359375	-141.890274
61324.218750	-143.475571
61330.078125	-142.200226
61335.937500	-142.326736
61341.796875	-141.731461
61347.656250	-141.841141
61353.515625	-139.100494
61359.375000	-139.807007
61365.234375	-141.248810
61371.093750	-141.832062
61376.953125	-142.424789
61382.812500	-140.771637
61388.671875	-141.397705
61394.531250	-143.871704
61400.390625	-141.062012
61406.250000	-139.799774
61412.109375	-141.331711
61417.968750	-145.512344
61423.828125	-150.823273
61429.687500	-147.549103
61435.546875	-144.471954
61441.406250	-141.795181
61447.265625	-142.705765
61453.125000	-144.290604
61458.984375	-142.687744
61464.843750	-143.377289
61470.703125	-144.999710
61476.562500	-143.267746
61482.421875	-141.402496
61488.281250	-140.407166
61494.140625	-141.014450
61500.000000	-143.398026
61505.859375	-144.553223
61511.718750	-146.782486
61517.578125	-146.366379
61523.437500	-143.555527
61529.296875	-141.158768
61535.156250	-142.446838
61541.015625	-145.445923
61546.875000	-145.126175
61552.734375	-139.429260
61558.593750	-139.459473
61564.453125	-141.339523
61570.312500	-142.063309
61576.171875	-140.806290
61582.031250	-141.041656
61587.890625	-141.225174
61593.750000	-139.501678
61599.609375	-140.104355
61605.468750	-144.289841
61611.328125	-142.612076
61617.187500	-143.186630
61623.046875	-143.390274
61628.906250	-146.385849
61634.765625	-141.648529
61640.625000	-142.223404
61646.484375	-143.077774
61652.343750	-145.867340
61658.203125	-148.272202
61664.062500	-143.226089
61669.921875	-139.300690
61675.781250	-139.672409
61681.640625	-142.067322
61687.500000	-142.725220
61693.359375	-140.847733
61699.218750	-142.731583
61705.078125	-146.600586
61710.937500	-145.941391
61716.796875	-144.993652
61722.656250	-144.687408
61728.515625	-142.500549
61734.375000	-144.738419
61740.234375	-143.688354
61746.093750	-142.282272
61751.953125	-142.858063
61757.812500	-142.087875
61763.671875	-141.291077
61769.531250	-142.636688
61775.390625	-143.135849
61781.250000	-145.305084
61787.109375	-146.163254
61792.968750	-147.568634
61798.828125	-150.649475
61804.687500	-142.581696
61810.546875	-141.536804
61816.406250	-138.974884
61822.265625	-138.716507
61828.125000	-140.877869
61833.984375	-143.225525
61839.843750	-139.870911
61845.703125	-139.155731
61851.562500	-141.041351
61857.421875	-145.202103
61863.281250	-143.097122
61869.140625	-143.371338
61875.000000	-141.440552
61880.859375	-142.439575
61886.718750	-141.703186
61892.578125	-142.729340
61898.437500	-144.074173
61904.296875	-143.970810
61910.156250	-141.723450
61916.015625	-140.122452
61921.875000	-140.996628
61927.734375	-139.780090
61933.593750	-137.882309
61939.453125	-138.642654
61945.312500	-140.959702
61951.171875	-141.329346
61957.031250	-144.337067
61962.890625	-147.164047
61968.750000	-142.231888
61974.609375	-143.310883
61980.468750	-141.795807
61986.328125	-140.694977
61992.187500	-142.699478
61998.046875	-146.037689
62003.906250	-142.610794
62009.765625	-140.112396
62015.625000	-143.001068
62021.484375	-143.059784
62027.343750	-142.059952
62033.203125	-142.692902
62039.062500	-143.780029
62044.921875	-144.160751
62050.781250	-145.739075
62056.640625	-142.354263
62062.500000	-141.850372
62068.359375	-148.723129
62074.218750	-143.342453
62080.078125	-140.498093
62085.937500	-140.273193
62091.796875	-138.301926
62097.656250	-137.817322
62103.515625	-139.371109
62109.375000	-140.957413
62115.234375	-141.876801
62121.093750	-141.841049
62126.953125	-139.224243
62132.812500	-138.362076
62138.671875	-138.753357
62144.531250	-143.224411
62150.390625	-143.391464
62156.250000	-143.136505
62162.109375	-140.769821
62167.968750	-138.729874
62173.828125	-139.419189
62179.687500	-142.898819
62185.546875	-141.880859
62191.406250	-139.746017
62197.265625	-140.532059
62203.125000	-143.462936
62208.984375	-143.044312
62214.843750	-140.164490
62220.703125	-139.226608
62226.562500	-139.141342
62232.421875	-141.417053
62238.281250	-142.436142
62244.140625	-141.213486
62250.000000	-139.539062
62255.859375	-139.122498
62261.718750	-139.209641
62267.578125	-138.822021
62273.437500	-144.743820
62279.296875	-144.315155
62285.156250	-141.876663
62291.015625	-145.084549
62296.875000	-144.210587
62302.734375	-141.216034
62308.593750	-138.617264
62314.453125	-140.689056
62320.312500	-141.234406
62326.171875	-140.771072
62332.031250	-140.258881
62337.890625	-142.407227
62343.750000	-142.036530
62349.609375	-143.575882
62355.468750	-145.963684
62361.328125	-142.902435
62367.187500	-144.945282
62373.046875	-147.534317
62378.906250	-144.119354
62384.765625	-143.800690
62390.625000	-143.067276
62396.484375	-141.077835
62402.343750	-140.317200
62408.203125	-142.704193
62414.062500	-143.073547
62419.921875	-144.591034
62425.781250	-143.576736
62431.640625	-140.428589
62437.500000	-141.250305
62443.359375	-141.137985
62449.218750	-138.666916
62455.078125	-139.760010
62460.937500	-141.624557
62466.796875	-141.775040
62472.656250	-143.312454
62478.515625	-142.797729
62484.375000	-140.318420
62490.234375	-140.365570
62496.093750	-142.311768
62501.953125	-145.567520
62507.812500	-143.982208
62513.671875	-142.108734
62519.531250	-141.553009
62525.390625	-138.639023
62531.250000	-136.596832
62537.109375	-137.619919
62542.968750	-139.134750
62548.828125	-142.236603
62554.687500	-143.142090
62560.546875	-141.643402
62566.406250	-143.110748
62572.265625	-143.467377
62578.125000	-142.871017
62583.984375	-144.056610
62589.843750	-141.279816
62595.703125	-140.162750
62601.562500	-141.445206
62607.421875	-142.593430
62613.281250	-142.256378
62619.140625	-142.915237
62625.000000	-140.903641
62630.859375	-139.472702
62636.718750	-140.483948
62642.578125	-141.080643
62648.437500	-139.871490
62654.296875	-139.756104
62660.156250	-140.650604
62666.015625	-142.623428
62671.875000	-142.967422
62677.734375	-141.114365
62683.593750	-139.842606
62689.453125	-140.729752
62695.312500	-141.986023
62701.171875	-142.073654
62707.031250	-138.795059
62712.890625	-139.902069
62718.750000	-141.353546
62724.609375	-141.551620
62730.468750	-138.902283
62736.328125	-139.159912
62742.187500	-140.207825
62748.046875	-141.327240
62753.906250	-141.758881
62759.765625	-142.249878
62765.625000	-141.715363
62771.484375	-141.845520
62777.343750	-142.764511
62783.203125	-141.620316
62789.062500	-142.860184
62794.921875	-143.304092
62800.781250	-143.644012
62806.640625	-143.434006
62812.500000	-140.696838
62818.359375	-139.387711
62824.218750	-141.530884
62830.078125	-145.577148
62835.937500	-147.268539
62841.796875	-141.791122
62847.656250	-140.428299
62853.515625	-142.937515
62859.375000	-143.989700
62865.234375	-143.710159
62871.093750	-145.109558
62876.953125	-141.021439
62882.812500	-141.869293
62888.671875	-143.174667
62894.531250	-145.050491
62900.390625	-144.204346
62906.250000	-142.973755
62912.109375	-143.567810
62917.968750	-143.192017
62923.828125	-142.534470
62929.687500	-144.963943
62935.546875	-147.554855
62941.406250	-141.699432
62947.265625	-140.268478
62953.125000	-139.125153
62958.984375	-139.762253
62964.843750	-141.422409
62970.703125	-146.431534
62976.562500	-142.952850
62982.421875	-141.015335
62988.281250	-142.678452
62994.140625	-142.813614
63000.000000	-141.169037
63005.859375	-140.958206
63011.718750	-143.389099
63017.578125	-146.386459
63023.437500	-143.317337
63029.296875	-140.949997
63035.156250	-140.748077
63041.015625	-143.457047
63046.875000	-141.241577
63052.734375	-140.061523
63058.593750	-139.581512
63064.453125	-141.290161
63070.312500	-141.118393
63076.171875	-140.922958
63082.031250	-140.932129
63087.890625	-141.846695
63093.750000	-142.241257
63099.609375	-143.926910
63105.468750	-141.775879
63111.328125	-141.559326
63117.187500	-143.124329
63123.046875	-141.865372
63128.906250	-139.722824
63134.765625	-142.867722
63140.625000	-142.522064
63146.484375	-139.168579
63152.343750	-139.285370
63158.203125	-144.960205
63164.062500	-143.332382
63169.921875	-141.146484
63175.781250	-141.806793
63181.640625	-142.641418
63187.500000	-140.899017
63193.359375	-141.304703
63199.218750	-140.874603
63205.078125	-141.300079
63210.937500	-139.757019
63216.796875	-141.585938
63222.656250	-141.071381
63228.515625	-141.829926
63234.375000	-143.214890
63240.234375	-139.887924
63246.093750	-138.809845
63251.953125	-141.574707
63257.812500	-143.986618
63263.671875	-143.224442
63269.531250	-142.042145
63275.390625	-141.844391
63281.250000	-140.011810
63287.109375	-139.191620
63292.968750	-143.539597
63298.828125	-143.175781
63304.687500	-139.867310
63310.546875	-140.775635
63316.406250	-143.537338
63322.265625	-141.067245
63328.125000	-139.401993
63333.984375	-141.897110
63339.843750	-144.912979
63345.703125	-146.217941
63351.562500	-144.790268
63357.421875	-142.577408
63363.281250	-143.847870
63369.140625	-143.122299
63375.000000	-143.139771
63380.859375	-142.776962
63386.718750	-144.883072
63392.578125	-144.445023
63398.437500	-142.893311
63404.296875	-140.574448
63410.156250	-141.608185
63416.015625	-141.589310
63421.875000	-141.566589
63427.734375	-143.025909
63433.593750	-147.123703
63439.453125	-146.488464
63445.312500	-142.769241
63451.171875	-144.036209
63457.031250	-141.595673
63462.890625	-137.803162
63468.750000	-137.424988
63474.609375	-138.852310
63480.468750	-139.002625
63486.328125	-140.100006
63492.187500	-143.708099
63498.046875	-144.700897
63503.906250	-142.826752
63509.765625	-139.825150
63515.625000	-140.308136
63521.484375	-143.986282
63527.343750	-147.303452
63533.203125	-144.292114
63539.062500	-141.287262
63544.921875	-139.354874
63550.781250	-140.414398
63556.640625	-140.200500
63562.500000	-139.797836
63568.359375	-140.920822
63574.218750	-140.028214
63580.078125	-141.189178
63585.937500	-144.382248
63591.796875	-145.478912
63597.656250	-143.646271
63603.515625	-142.812317
63609.375000	-139.503296
63615.234375	-137.752335
63621.093750	-139.816208
63626.953125	-140.896790
63632.812500	-138.967560
63638.671875	-137.878220
63644.531250	-139.323792
63650.390625	-139.035034
63656.250000	-139.379196
63662.109375	-138.803452
63667.968750	-140.275330
63673.828125	-142.740143
63679.687500	-147.620117
63685.546875	-146.843567
63691.406250	-141.903427
63697.265625	-139.887939
63703.125000	-138.603241
63708.984375	-138.621017
63714.843750	-139.634094
63720.703125	-140.470795
63726.562500	-139.598755
63732.421875	-140.149673
63738.281250	-142.982162
63744.140625	-143.893417
63750.000000	-139.694839
63755.859375	-139.200241
63761.718750	-140.075104
63767.578125	-142.347168
63773.437500	-146.007782
63779.296875	-143.534790
63785.156250	-142.377213
63791.015625	-142.316940
63796.875000	-138.608826
63802.734375	-137.681107
63808.593750	-139.720169
63814.453125	-141.441498
63820.312500	-138.848969
63826.171875	-138.240784
63832.031250	-139.296219
63837.890625	-138.637497
63843.750000	-139.391144
63849.609375	-138.355545
63855.468750	-137.367004
63861.328125	-137.994186
63867.187500	-138.804932
63873.046875	-139.227951
63878.906250	-139.509888
63884.765625	-139.038605
63890.625000	-141.168213
63896.484375	-142.817703
63902.343750	-139.451477
63908.203125	-140.117477
63914.062500	-142.640366
63919.921875	-140.500488
63925.781250	-138.043762
63931.640625	-136.793182
63937.500000	-140.695694
63943.359375	-145.103851
63949.218750	-147.480194
63955.078125	-147.358078
63960.937500	-141.948700
63966.796875	-140.808929
63972.656250	-141.200836
63978.515625	-141.792648
63984.375000	-142.193069
63990.234375	-140.803818
63996.093750	-137.967499
64001.953125	-135.839432
64007.812500	-135.497635
64013.671875	-137.844513
64019.531250	-142.491425
64025.390625	-142.796265
64031.250000	-139.866043
64037.109375	-141.783401
64042.968750	-144.012894
64048.828125	-142.737305
64054.687500	-141.051453
64060.546875	-141.669601
64066.406250	-140.830948
64072.265625	-141.273529
64078.125000	-139.695709
64083.984375	-139.663574
64089.843750	-140.775726
64095.703125	-141.401535
64101.562500	-141.533493
64107.421875	-139.504486
64113.281250	-138.580338
64119.140625	-139.917984
64125.000000	-146.936646
64130.859375	-143.956024
64136.718750	-143.287979
64142.578125	-143.476959
64148.437500	-141.751389
64154.296875	-141.169754
64160.156250	-139.715225
64166.015625	-138.774231
64171.875000	-139.934875
64177.734375	-140.950424
64183.593750	-139.038193
64189.453125	-139.280045
64195.312500	-139.661209
64201.171875	-139.409698
64207.031250	-139.682266
64212.890625	-140.853592
64218.750000	-143.706802
64224.609375	-141.625290
64230.468750	-141.217941
64236.328125	-141.505234
64242.187500	-141.552994
64248.046875	-141.871140
64253.906250	-146.234146
64259.765625	-140.637299
64265.625000	-140.651154
64271.484375	-140.906403
64277.343750	-139.843307
64283.203125	-140.162888
64289.062500	-141.855621
64294.921875	-142.864197
64300.781250	-142.708038
64306.640625	-139.794983
64312.500000	-138.279999
64318.359375	-140.293915
64324.218750	-144.444046
64330.078125	-145.709000
64335.937500	-142.416061
64341.796875	-141.297028
64347.656250	-138.938141
64353.515625	-138.690445
64359.375000	-141.077713
64365.234375	-141.950714
64371.093750	-139.781967
64376.953125	-136.617905
64382.812500	-137.784409
64388.671875	-138.414490
64394.531250	-140.096725
64400.390625	-142.251892
64406.250000	-144.175903
64412.109375	-141.036469
64417.968750	-140.053268
64423.828125	-142.204834
64429.687500	-141.032364
64435.546875	-140.830475
64441.406250	-139.720215
64447.265625	-139.285492
64453.125000	-139.447678
64458.984375	-139.671524
64464.843750	-138.553680
64470.703125	-139.487885
64476.562500	-143.013229
64482.421875	-142.394547
64488.281250	-143.140991
64494.140625	-143.429108
64500.000000	-141.881866
64505.859375	-139.873947
64511.718750	-139.771271
64517.578125	-141.162781
64523.437500	-141.177139
64529.296875	-140.104965
64535.156250	-144.107346
64541.015625	-142.963730
64546.875000	-140.784424
64552.734375	-143.685272
64558.593750	-142.681763
64564.453125	-139.986023
64570.312500	-140.241074
64576.171875	-139.692093
64582.031250	-138.888672
64587.890625	-137.029892
64593.750000	-137.076324
64599.609375	-139.382904
64605.468750	-139.100204
64611.328125	-137.750061
64617.187500	-138.683823
64623.046875	-141.653122
64628.906250	-140.017487
64634.765625	-137.582291
64640.625000	-138.754562
64646.484375	-145.004211
64652.343750	-144.808258
64658.203125	-141.253174
64664.062500	-139.546478
64669.921875	-139.085602
64675.781250	-139.392059
64681.640625	-138.769348
64687.500000	-139.876434
64693.359375	-139.489456
64699.218750	-135.990021
64705.078125	-135.384735
64710.937500	-140.698669
64716.796875	-142.869537
64722.656250	-138.012878
64728.515625	-138.995331
64734.375000	-140.532425
64740.234375	-140.334305
64746.093750	-140.964828
64751.953125	-140.945206
64757.812500	-139.674225
64763.671875	-142.234009
64769.531250	-143.406906
64775.390625	-139.299530
64781.250000	-138.908142
64787.109375	-141.216934
64792.968750	-142.243042
64798.828125	-144.542755
64804.687500	-143.275284
64810.546875	-139.217453
64816.406250	-137.631775
64822.265625	-138.886093
64828.125000	-139.085251
64833.984375	-140.091125
64839.843750	-143.454788
64845.703125	-141.261459
64851.562500	-139.198227
64857.421875	-140.962769
64863.281250	-140.006668
64869.140625	-137.487457
64875.000000	-136.221573
64880.859375	-138.112228
64886.718750	-140.303391
64892.578125	-140.019836
64898.437500	-140.308304
64904.296875	-142.243149
64910.156250	-139.167526
64916.015625	-137.956070
64921.875000	-138.316666
64927.734375	-138.267990
64933.593750	-139.285400
64939.453125	-139.828430
64945.312500	-140.585938
64951.171875	-140.298920
64957.031250	-137.765030
64962.890625	-135.752396
64968.750000	-135.989868
64974.609375	-140.369232
64980.468750	-139.966751
64986.328125	-141.102325
64992.187500	-141.806000
64998.046875	-139.904160
65003.906250	-135.653915
65009.765625	-136.041428
65015.625000	-139.466690
65021.484375	-142.848984
65027.343750	-144.808640
65033.203125	-144.081741
65039.062500	-139.937500
65044.921875	-139.148407
65050.781250	-139.291550
65056.640625	-142.115402
65062.500000	-138.773956
65068.359375	-136.053162
65074.218750	-135.196426
65080.078125	-136.101227
65085.937500	-135.975143
65091.796875	-135.750397
65097.656250	-137.613113
65103.515625	-141.204819
65109.375000	-144.065521
65115.234375	-142.116852
65121.093750	-140.473984
65126.953125	-139.385681
65132.812500	-139.610962
65138.671875	-139.181564
65144.531250	-138.651932
65150.390625	-138.620926
65156.250000	-138.920517
65162.109375	-142.104568
65167.968750	-142.095459
65173.828125	-138.550140
65179.687500	-137.498764
65185.546875	-136.883011
65191.406250	-138.551514
65197.265625	-139.014435
65203.125000	-138.247208
65208.984375	-140.258469
65214.843750	-140.222702
65220.703125	-136.959534
65226.562500	-137.868179
65232.421875	-139.470505
65238.281250	-140.221451
65244.140625	-138.757751
65250.000000	-138.954620
65255.859375	-139.990707
65261.718750	-136.697113
65267.578125	-133.792984
65273.437500	-134.500977
65279.296875	-137.631104
65285.156250	-136.653519
65291.015625	-135.137451
65296.875000	-137.467209
65302.734375	-136.675232
65308.593750	-136.706604
65314.453125	-136.526382
65320.312500	-136.720673
65326.171875	-138.417236
65332.031250	-139.455215
65337.890625	-140.890381
65343.750000	-141.580368
65349.609375	-139.734726
65355.468750	-140.031754
65361.328125	-138.328720
65367.187500	-137.168808
65373.046875	-137.053070
65378.906250	-139.603607
65384.765625	-137.178925
65390.625000	-137.029999
65396.484375	-136.801315
65402.343750	-136.411774
65408.203125	-136.461075
65414.062500	-136.776886
65419.921875	-138.951508
65425.781250	-141.036057
65431.640625	-140.255325
65437.500000	-139.711975
65443.359375	-142.780258
65449.218750	-140.311798
65455.078125	-138.516281
65460.937500	-137.685059
65466.796875	-137.123428
65472.656250	-135.765244
65478.515625	-136.079376
65484.375000	-136.776749
65490.234375	-137.804749
65496.093750	-140.163498
65501.953125	-142.286896
65507.812500	-143.291306
65513.671875	-140.070892
65519.531250	-140.317078
65525.390625	-141.037003
65531.250000	-140.069183
65537.109375	-136.945129
65542.968750	-138.451477
65548.828125	-139.924362
65554.687500	-139.594040
65560.546875	-138.124725
65566.406250	-139.478104
65572.265625	-141.517197
65578.125000	-138.403763
65583.984375	-138.996964
65589.843750	-140.868286
65595.703125	-141.122452
65601.562500	-140.083359
65607.421875	-139.236862
65613.281250	-135.977982
65619.140625	-136.897964
65625.000000	-137.367310
65630.859375	-138.345123
65636.718750	-135.962540
65642.578125	-136.442657
65648.437500	-139.825760
65654.296875	-140.320801
65660.156250	-137.474411
65666.015625	-137.887527
65671.875000	-141.065567
65677.734375	-139.381683
65683.593750	-139.265305
65689.453125	-140.237366
65695.312500	-140.578476
65701.171875	-139.456467
65707.031250	-137.391739
65712.890625	-136.800720
65718.750000	-138.829269
65724.609375	-136.872589
65730.468750	-134.868286
65736.328125	-134.688400
65742.187500	-136.256119
65748.046875	-138.158890
65753.906250	-138.343323
65759.765625	-137.965790
65765.625000	-140.678146
65771.484375	-137.886566
65777.343750	-136.268509
65783.203125	-139.621246
65789.062500	-138.018951
65794.921875	-136.806503
65800.781250	-137.135132
65806.640625	-139.294678
65812.500000	-143.233597
65818.359375	-141.792480
65824.218750	-138.019882
65830.078125	-137.834534
65835.937500	-140.657745
65841.796875	-143.545166
65847.656250	-140.818863
65853.515625	-140.782379
65859.375000	-140.164230
65865.234375	-137.735123
65871.093750	-136.044403
65876.953125	-137.382904
65882.812500	-138.167999
65888.671875	-139.733887
65894.531250	-139.326569
65900.390625	-137.924591
65906.250000	-135.331146
65912.109375	-134.705765
65917.968750	-136.194611
65923.828125	-136.799835
65929.687500	-137.677032
65935.546875	-140.009125
65941.406250	-141.448288
65947.265625	-137.118561
65953.125000	-136.769913
65958.984375	-137.401154
65964.843750	-136.688324
65970.703125	-136.597672
65976.562500	-137.448486
65982.421875	-137.374130
65988.281250	-137.732956
65994.140625	-138.662888
66000.000000	-138.489838
66005.859375	-140.128464
66011.718750	-137.819412
66017.578125	-137.109131
66023.437500	-135.970215
66029.296875	-136.333771
66035.156250	-135.689224
66041.015625	-136.597427
66046.875000	-138.192017
66052.734375	-138.304138
66058.593750	-137.479568
66064.453125	-137.369720
66070.312500	-137.117966
66076.171875	-137.747375
66082.031250	-138.769058
66087.890625	-139.734894
66093.750000	-137.968216
66099.609375	-137.886154
66105.468750	-137.413101
66111.328125	-137.491638
66117.187500	-136.676300
66123.046875	-134.895813
66128.906250	-133.291077
66134.765625	-134.599991
66140.625000	-135.291016
66146.484375	-134.247864
66152.343750	-135.039337
66158.203125	-137.363617
66164.062500	-138.403046
66169.921875	-136.276520
66175.781250	-136.217285
66181.640625	-135.596359
66187.500000	-133.188858
66193.359375	-132.345123
66199.218750	-135.494537
66205.078125	-140.978897
66210.937500	-138.065887
66216.796875	-135.265564
66222.656250	-132.764374
66228.515625	-132.823288
66234.375000	-136.395721
66240.234375	-138.662811
66246.093750	-137.657364
66251.953125	-136.988129
66257.812500	-139.393753
66263.671875	-137.226181
66269.531250	-136.322906
66275.390625	-138.767227
66281.250000	-137.188843
66287.109375	-135.186188
66292.968750	-135.650986
66298.828125	-136.077698
66304.687500	-139.643768
66310.546875	-137.224854
66316.406250	-134.246506
66322.265625	-135.097656
66328.125000	-136.365631
66333.984375	-140.518921
66339.843750	-144.450012
66345.703125	-138.567139
66351.562500	-136.991562
66357.421875	-137.655609
66363.281250	-136.669235
66369.140625	-133.424026
66375.000000	-133.430771
66380.859375	-136.548401
66386.718750	-137.903549
66392.578125	-136.676941
66398.437500	-137.090317
66404.296875	-136.179489
66410.156250	-134.931778
66416.015625	-136.712723
66421.875000	-139.524506
66427.734375	-137.372650
66433.593750	-138.206284
66439.453125	-139.044632
66445.312500	-135.582153
66451.171875	-134.093079
66457.031250	-133.534073
66462.890625	-135.155350
66468.750000	-136.969070
66474.609375	-136.515457
66480.468750	-136.863068
66486.328125	-136.189987
66492.187500	-135.444962
66498.046875	-137.687103
66503.906250	-138.415192
66509.765625	-134.349182
66515.625000	-133.788513
66521.484375	-134.976105
66527.343750	-134.501709
66533.203125	-135.091003
66539.062500	-135.547226
66544.921875	-137.257721
66550.781250	-135.196152
66556.640625	-132.682068
66562.500000	-133.357224
66568.359375	-135.247818
66574.218750	-136.610046
66580.078125	-136.311691
66585.937500	-134.754700
66591.796875	-132.805267
66597.656250	-133.034683
66603.515625	-133.563538
66609.375000	-136.886887
66615.234375	-140.072205
66621.093750	-139.352585
66626.953125	-138.905838
66632.812500	-141.713486
66638.671875	-140.282196
66644.531250	-138.376968
66650.390625	-137.667114
66656.250000	-135.540497
66662.109375	-133.874329
66667.968750	-133.863586
66673.828125	-136.953217
66679.687500	-140.358994
66685.546875	-137.207520
66691.406250	-134.627823
66697.265625	-133.318314
66703.125000	-134.257904
66708.984375	-135.213730
66714.843750	-134.704880
66720.703125	-136.389206
66726.562500	-137.151306
66732.421875	-135.907898
66738.281250	-137.112396
66744.140625	-139.954376
66750.000000	-138.743271
66755.859375	-136.072342
66761.718750	-135.373138
66767.578125	-135.908585
66773.437500	-135.630371
66779.296875	-136.262070
66785.156250	-137.486023
66791.015625	-135.545319
66796.875000	-134.613708
66802.734375	-136.480118
66808.593750	-138.014893
66814.453125	-133.284805
66820.312500	-131.109207
66826.171875	-133.236755
66832.031250	-136.934235
66837.890625	-138.460480
66843.750000	-137.257629
66849.609375	-138.004898
66855.468750	-142.992905
66861.328125	-138.385132
66867.187500	-134.935440
66873.046875	-133.639954
66878.906250	-135.120148
66884.765625	-137.346985
66890.625000	-136.197021
66896.484375	-137.295395
66902.343750	-134.660995
66908.203125	-130.898788
66914.062500	-131.780243
66919.921875	-134.141769
66925.781250	-138.015213
66931.640625	-140.934174
66937.500000	-139.370117
66943.359375	-139.734741
66949.218750	-137.583633
66955.078125	-137.577484
66960.937500	-137.385681
66966.796875	-135.943451
66972.656250	-138.809143
66978.515625	-136.952469
66984.375000	-134.380707
66990.234375	-134.432922
66996.093750	-135.988144
67001.953125	-140.150909
67007.812500	-141.290039
67013.671875	-138.449554
67019.531250	-137.893875
67025.390625	-136.476288
67031.250000	-135.837082
67037.109375	-136.187851
67042.968750	-139.670364
67048.828125	-142.830063
67054.687500	-137.542587
67060.546875	-136.173203
67066.406250	-134.447723
67072.265625	-133.537064
67078.125000	-132.699219
67083.984375	-132.070404
67089.843750	-131.861725
67095.703125	-132.468384
67101.562500	-133.084152
67107.421875	-133.742691
67113.281250	-133.532623
67119.140625	-131.690659
67125.000000	-131.846085
67130.859375	-131.774399
67136.718750	-132.101532
67142.578125	-132.527130
67148.437500	-134.447525
67154.296875	-135.226593
67160.156250	-135.527817
67166.015625	-133.775055
67171.875000	-132.382660
67177.734375	-132.866043
67183.593750	-135.056213
67189.453125	-137.144318
67195.312500	-138.198929
67201.171875	-137.442245
67207.031250	-138.271515
67212.890625	-138.532639
67218.750000	-136.190186
67224.609375	-135.547119
67230.468750	-137.332230
67236.328125	-138.350800
67242.187500	-138.075333
67248.046875	-136.270447
67253.906250	-135.537369
67259.765625	-135.354492
67265.625000	-134.045853
67271.484375	-134.425369
67277.343750	-134.815994
67283.203125	-136.358688
67289.062500	-134.026367
67294.921875	-130.239731
67300.781250	-129.289825
67306.640625	-131.661163
67312.500000	-135.443954
67318.359375	-140.819550
67324.218750	-138.860077
67330.078125	-137.777298
67335.937500	-137.518448
67341.796875	-133.685928
67347.656250	-132.191589
67353.515625	-132.903351
67359.375000	-132.205200
67365.234375	-133.178055
67371.093750	-133.315704
67376.953125	-132.037354
67382.812500	-133.756760
67388.671875	-136.330414
67394.531250	-135.070114
67400.390625	-136.256653
67406.250000	-136.271896
67412.109375	-134.455902
67417.968750	-136.624786
67423.828125	-136.447372
67429.687500	-132.271683
67435.546875	-131.992767
67441.406250	-134.144897
67447.265625	-135.494019
67453.125000	-135.385468
67458.984375	-134.303055
67464.843750	-132.444473
67470.703125	-132.495209
67476.562500	-134.139496
67482.421875	-136.188309
67488.281250	-135.505463
67494.140625	-134.338577
67500.000000	-134.645767
67505.859375	-133.863358
67511.718750	-133.181396
67517.578125	-135.728821
67523.437500	-138.015747
67529.296875	-135.499878
67535.156250	-135.419632
67541.015625	-137.560654
67546.875000	-138.612000
67552.734375	-137.478928
67558.593750	-136.563889
67564.453125	-136.562653
67570.312500	-136.711243
67576.171875	-133.316360
67582.031250	-132.121750
67587.890625	-132.397461
67593.750000	-133.491791
67599.609375	-132.988983
67605.468750	-132.276047
67611.328125	-132.319290
67617.187500	-132.254715
67623.046875	-134.169235
67628.906250	-137.413712
67634.765625	-138.925491
67640.625000	-135.767685
67646.484375	-134.170135
67652.343750	-135.650116
67658.203125	-136.640076
67664.062500	-138.502747
67669.921875	-137.023087
67675.781250	-137.276459
67681.640625	-138.377747
67687.500000	-138.350403
67693.359375	-136.066833
67699.218750	-134.481323
67705.078125	-135.616089
67710.937500	-136.364502
67716.796875	-133.571930
67722.656250	-134.473923
67728.515625	-137.801224
67734.375000	-136.521545
67740.234375	-135.176422
67746.093750	-136.032104
67751.953125	-135.456192
67757.812500	-133.962234
67763.671875	-136.507446
67769.531250	-140.393143
67775.390625	-142.656067
67781.250000	-137.245316
67787.109375	-137.583572
67792.968750	-138.806717
67798.828125	-138.346115
67804.687500	-136.155350
67810.546875	-134.609085
67816.406250	-133.353333
67822.265625	-133.170029
67828.125000	-133.890289
67833.984375	-136.085983
67839.843750	-137.212189
67845.703125	-136.888184
67851.562500	-134.498932
67857.421875	-130.412354
67863.281250	-130.904953
67869.140625	-133.475388
67875.000000	-135.774689
67880.859375	-137.847519
67886.718750	-135.140320
67892.578125	-133.231323
67898.437500	-131.591721
67904.296875	-130.436584
67910.156250	-131.268753
67916.015625	-131.080032
67921.875000	-129.832611
67927.734375	-131.587967
67933.593750	-135.232986
67939.453125	-135.584396
67945.312500	-132.831345
67951.171875	-133.391830
67957.031250	-136.430984
67962.890625	-136.846344
67968.750000	-135.300446
67974.609375	-133.300613
67980.468750	-133.398636
67986.328125	-134.025635
67992.187500	-133.500961
67998.046875	-133.489059
68003.906250	-136.693787
68009.765625	-137.459030
68015.625000	-136.771332
68021.484375	-137.350861
68027.343750	-134.192352
68033.203125	-132.978592
68039.062500	-132.729523
68044.921875	-131.974762
68050.781250	-133.940063
68056.640625	-134.278275
68062.500000	-134.277832
68068.359375	-135.472092
68074.218750	-136.672516
68080.078125	-134.983429
68085.937500	-135.909195
68091.796875	-134.889114
68097.656250	-133.090622
68103.515625	-133.390442
68109.375000	-134.757294
68115.234375	-136.401794
68121.093750	-136.474869
68126.953125	-136.098511
68132.812500	-135.201599
68138.671875	-134.387543
68144.531250	-132.744843
68150.390625	-130.888031
68156.250000	-131.287048
68162.109375	-132.702713
68167.968750	-132.992722
68173.828125	-134.044540
68179.687500	-134.925323
68185.546875	-133.279068
68191.406250	-133.355698
68197.265625	-134.323517
68203.125000	-135.119080
68208.984375	-134.797760
68214.843750	-139.535095
68220.703125	-137.933533
68226.562500	-133.892776
68232.421875	-134.324219
68238.281250	-135.465530
68244.140625	-134.981842
68250.000000	-135.225479
68255.859375	-136.337296
68261.718750	-135.893250
68267.578125	-137.347260
68273.437500	-135.904968
68279.296875	-133.372757
68285.156250	-133.327255
68291.015625	-136.545334
68296.875000	-134.419418
68302.734375	-132.139893
68308.593750	-133.952209
68314.453125	-134.098282
68320.312500	-134.484573
68326.171875	-138.993607
68332.031250	-135.295990
68337.890625	-132.953445
68343.750000	-134.184052
68349.609375	-137.944550
68355.468750	-140.592453
68361.328125	-137.834442
68367.187500	-138.178650
68373.046875	-135.898972
68378.906250	-132.364792
68384.765625	-130.783096
68390.625000	-132.416290
68396.484375	-137.236862
68402.343750	-136.397629
68408.203125	-135.388245
68414.062500	-135.507950
68419.921875	-131.843552
68425.781250	-132.066986
68431.640625	-135.899261
68437.500000	-139.723145
68443.359375	-138.654480
68449.218750	-134.439178
68455.078125	-135.258591
68460.937500	-139.644699
68466.796875	-135.670486
68472.656250	-132.331177
68478.515625	-132.252991
68484.375000	-132.697144
68490.234375	-132.482025
68496.093750	-132.925476
68501.953125	-133.120560
68507.812500	-135.246368
68513.671875	-135.252762
68519.531250	-133.220367
68525.390625	-134.332916
68531.250000	-131.703156
68537.109375	-131.233353
68542.968750	-131.913757
68548.828125	-134.172134
68554.687500	-135.952560
68560.546875	-138.122314
68566.406250	-138.106949
68572.265625	-135.206360
68578.125000	-132.800705
68583.984375	-132.369095
68589.843750	-132.498474
68595.703125	-135.090836
68601.562500	-133.297607
68607.421875	-132.213425
68613.281250	-131.392197
68619.140625	-131.868073
68625.000000	-131.803711
68630.859375	-131.316666
68636.718750	-133.608749
68642.578125	-138.303146
68648.437500	-136.479492
68654.296875	-135.116379
68660.156250	-135.233215
68666.015625	-136.402054
68671.875000	-134.591263
68677.734375	-131.934036
68683.593750	-130.868469
68689.453125	-130.404755
68695.312500	-132.441498
68701.171875	-132.506973
68707.031250	-130.754929
68712.890625	-131.359879
68718.750000	-132.518738
68724.609375	-132.288605
68730.468750	-134.620209
68736.328125	-138.029984
68742.187500	-135.080826
68748.046875	-131.478851
68753.906250	-132.070312
68759.765625	-134.155029
68765.625000	-134.442947
68771.484375	-132.821060
68777.343750	-132.284073
68783.203125	-134.225723
68789.062500	-135.406876
68794.921875	-132.339355
68800.781250	-132.924011
68806.640625	-136.459259
68812.500000	-135.836395
68818.359375	-132.867798
68824.218750	-131.705048
68830.078125	-130.677933
68835.937500	-131.098969
68841.796875	-132.550476
68847.656250	-134.369614
68853.515625	-134.997482
68859.375000	-135.603958
68865.234375	-135.521332
68871.093750	-133.808914
68876.953125	-132.499359
68882.812500	-132.338181
68888.671875	-131.470993
68894.531250	-130.932739
68900.390625	-131.014618
68906.250000	-133.009033
68912.109375	-133.001099
68917.968750	-132.767960
68923.828125	-137.062439
68929.687500	-141.225433
68935.546875	-137.099243
68941.406250	-131.930084
68947.265625	-131.441772
68953.125000	-134.294022
68958.984375	-136.996109
68964.843750	-134.514221
68970.703125	-132.584106
68976.562500	-131.820724
68982.421875	-132.878235
68988.281250	-134.638168
68994.140625	-134.080460
69000.000000	-131.838882
69005.859375	-133.034332
69011.718750	-137.396912
69017.578125	-134.241882
69023.437500	-133.988602
69029.296875	-139.957855
69035.156250	-132.465317
69041.015625	-130.762390
69046.875000	-133.747360
69052.734375	-134.791321
69058.593750	-133.149918
69064.453125	-131.794144
69070.312500	-131.494324
69076.171875	-135.142624
69082.031250	-136.142792
69087.890625	-133.332565
69093.750000	-132.152802
69099.609375	-131.580231
69105.468750	-132.777863
69111.328125	-133.460251
69117.187500	-134.971008
69123.046875	-133.651260
69128.906250	-131.936325
69134.765625	-132.978149
69140.625000	-135.111801
69146.484375	-141.020340
69152.343750	-136.347565
69158.203125	-134.481628
69164.062500	-134.359268
69169.921875	-135.412170
69175.781250	-135.885559
69181.640625	-133.811172
69187.500000	-132.672623
69193.359375	-132.912369
69199.218750	-133.725342
69205.078125	-134.111343
69210.937500	-129.698395
69216.796875	-127.827148
69222.656250	-129.539032
69228.515625	-131.922440
69234.375000	-134.566040
69240.234375	-136.330383
69246.093750	-134.595825
69251.953125	-131.292831
69257.812500	-130.276840
69263.671875	-130.934769
69269.531250	-134.371597
69275.390625	-139.513779
69281.250000	-144.695267
69287.109375	-137.821274
69292.968750	-134.820389
69298.828125	-136.810501
69304.687500	-135.710449
69310.546875	-134.219193
69316.406250	-132.791611
69322.265625	-132.735855
69328.125000	-133.564362
69333.984375	-132.745209
69339.843750	-133.249237
69345.703125	-134.932129
69351.562500	-133.253662
69357.421875	-132.052719
69363.281250	-131.277237
69369.140625	-131.113052
69375.000000	-133.197144
69380.859375	-132.996338
69386.718750	-135.101654
69392.578125	-138.189163
69398.437500	-134.211090
69404.296875	-134.324982
69410.156250	-134.027145
69416.015625	-138.054596
69421.875000	-138.418854
69427.734375	-134.837097
69433.593750	-134.822479
69439.453125	-137.468887
69445.312500	-137.860413
69451.171875	-137.571976
69457.031250	-132.275208
69462.890625	-132.091949
69468.750000	-135.386795
69474.609375	-135.625656
69480.468750	-134.183075
69486.328125	-135.044739
69492.187500	-135.566528
69498.046875	-135.364136
69503.906250	-134.266602
69509.765625	-133.804565
69515.625000	-132.726700
69521.484375	-131.757370
69527.343750	-134.141098
69533.203125	-138.228348
69539.062500	-136.482147
69544.921875	-134.623215
69550.781250	-130.364471
69556.640625	-129.136597
69562.500000	-131.400787
69568.359375	-132.372589
69574.218750	-130.499619
69580.078125	-132.251892
69585.937500	-137.518051
69591.796875	-133.923538
69597.656250	-132.052322
69603.515625	-135.867249
69609.375000	-135.712753
69615.234375	-133.565903
69621.093750	-133.405136
69626.953125	-133.557602
69632.812500	-133.045349
69638.671875	-131.435257
69644.531250	-133.137512
69650.390625	-134.300003
69656.250000	-134.543472
69662.109375	-135.274414
69667.968750	-133.781265
69673.828125	-135.242325
69679.687500	-133.707382
69685.546875	-129.748810
69691.406250	-130.246979
69697.265625	-133.472717
69703.125000	-131.964661
69708.984375	-131.251251
69714.843750	-130.395386
69720.703125	-131.275391
69726.562500	-133.949036
69732.421875	-134.221436
69738.281250	-131.782181
69744.140625	-130.480957
69750.000000	-130.502853
69755.859375	-133.416138
69761.718750	-134.663651
69767.578125	-132.538925
69773.437500	-134.503754
69779.296875	-136.316971
69785.156250	-136.951996
69791.015625	-136.546326
69796.875000	-131.701294
69802.734375	-130.448563
69808.593750	-132.267731
69814.453125	-134.848999
69820.312500	-134.045776
69826.171875	-132.532318
69832.031250	-132.872742
69837.890625	-134.525955
69843.750000	-133.820038
69849.609375	-135.561798
69855.468750	-135.486496
69861.328125	-137.444580
69867.187500	-135.407043
69873.046875	-134.074493
69878.906250	-136.943863
69884.765625	-136.107208
69890.625000	-134.548508
69896.484375	-137.137268
69902.343750	-136.612686
69908.203125	-132.329697
69914.062500	-130.845642
69919.921875	-130.995209
69925.781250	-131.558365
69931.640625	-132.078873
69937.500000	-131.743073
69943.359375	-132.422394
69949.218750	-132.559433
69955.078125	-132.501221
69960.937500	-132.628418
69966.796875	-132.740173
69972.656250	-132.663910
69978.515625	-132.671661
69984.375000	-133.624634
69990.234375	-132.873886
69996.093750	-133.677109
70001.953125	-135.753998
70007.812500	-136.872818
70013.671875	-135.750183
70019.531250	-135.063461
70025.390625	-133.781937
70031.250000	-132.838531
70037.109375	-132.206284
70042.968750	-133.285706
70048.828125	-133.754257
70054.687500	-131.912964
70060.546875	-133.014816
70066.406250	-132.380630
70072.265625	-133.733734
70078.125000	-133.333618
70083.984375	-133.309738
70089.843750	-136.908005
70095.703125	-135.848343
70101.562500	-130.465439
70107.421875	-129.886871
70113.281250	-135.238144
70119.140625	-140.879517
70125.000000	-134.704910
70130.859375	-134.717728
70136.718750	-134.186905
70142.578125	-134.269180
70148.437500	-134.940796
70154.296875	-133.570724
70160.156250	-131.379593
70166.015625	-132.382477
70171.875000	-132.734406
70177.734375	-132.866760
70183.593750	-134.062469
70189.453125	-133.528824
70195.312500	-131.840714
70201.171875	-130.227707
70207.031250	-131.264099
70212.890625	-134.225876
70218.750000	-132.502457
70224.609375	-129.473633
70230.468750	-130.434998
70236.328125	-134.070572
70242.187500	-136.096710
70248.046875	-134.100601
70253.906250	-131.302353
70259.765625	-131.541153
70265.625000	-135.085739
70271.484375	-134.323059
70277.343750	-132.207611
70283.203125	-132.553299
70289.062500	-131.441757
70294.921875	-131.667023
70300.781250	-133.882217
70306.640625	-134.024979
70312.500000	-133.005692
70318.359375	-132.486740
70324.218750	-133.545929
70330.078125	-133.598679
70335.937500	-131.293198
70341.796875	-130.961227
70347.656250	-131.435410
70353.515625	-132.237762
70359.375000	-132.191132
70365.234375	-133.659103
70371.093750	-136.612167
70376.953125	-132.863388
70382.812500	-129.359894
70388.671875	-128.701584
70394.531250	-130.711304
70400.390625	-132.772232
70406.250000	-132.341354
70412.109375	-130.647980
70417.968750	-131.358871
70423.828125	-130.751465
70429.687500	-129.995422
70435.546875	-131.525024
70441.406250	-134.227722
70447.265625	-133.671875
70453.125000	-134.368790
70458.984375	-131.558929
70464.843750	-130.229736
70470.703125	-130.533844
70476.562500	-130.770752
70482.421875	-129.543777
70488.281250	-128.448868
70494.140625	-129.816513
70500.000000	-133.190231
70505.859375	-135.650131
70511.718750	-133.774521
70517.578125	-133.791626
70523.437500	-134.125748
70529.296875	-132.694977
70535.156250	-133.254227
70541.015625	-131.383118
70546.875000	-129.428116
70552.734375	-130.136414
70558.593750	-132.874557
70564.453125	-132.759644
70570.312500	-133.703140
70576.171875	-131.834686
70582.031250	-129.719131
70587.890625	-131.283783
70593.750000	-135.114594
70599.609375	-132.577423
70605.468750	-130.759903
70611.328125	-128.884567
70617.187500	-129.708023
70623.046875	-130.523956
70628.906250	-132.409607
70634.765625	-131.888046
70640.625000	-133.281967
70646.484375	-138.906921
70652.343750	-135.108597
70658.203125	-131.404022
70664.062500	-133.206146
70669.921875	-136.779083
70675.781250	-134.689758
70681.640625	-131.755310
70687.500000	-129.367767
70693.359375	-128.133041
70699.218750	-129.730698
70705.078125	-131.849136
70710.937500	-136.217575
70716.796875	-135.342285
70722.656250	-131.677414
70728.515625	-130.587189
70734.375000	-131.241959
70740.234375	-132.105469
70746.093750	-132.843292
70751.953125	-134.594009
70757.812500	-134.143860
70763.671875	-131.806458
70769.531250	-131.252457
70775.390625	-129.474167
70781.250000	-128.359756
70787.109375	-128.552368
70792.968750	-130.441971
70798.828125	-132.584045
70804.687500	-131.583206
70810.546875	-130.635483
70816.406250	-133.078293
70822.265625	-134.877350
70828.125000	-129.657013
70833.984375	-128.300522
70839.843750	-129.460541
70845.703125	-132.133865
70851.562500	-132.875900
70857.421875	-132.308151
70863.281250	-131.657944
70869.140625	-131.077927
70875.000000	-132.154556
70880.859375	-131.635742
70886.718750	-130.808548
70892.578125	-131.974014
70898.437500	-131.832306
70904.296875	-132.009460
70910.156250	-131.915710
70916.015625	-131.808228
70921.875000	-131.470581
70927.734375	-130.962952
70933.593750	-130.841431
70939.453125	-134.791687
70945.312500	-136.121948
70951.171875	-134.231171
70957.031250	-136.201355
70962.890625	-142.945023
70968.750000	-136.066727
70974.609375	-135.022903
70980.468750	-134.783340
70986.328125	-133.797729
70992.187500	-132.614960
70998.046875	-131.332520
71003.906250	-130.748306
71009.765625	-132.258286
71015.625000	-134.352051
71021.484375	-132.564697
71027.343750	-130.740753
71033.203125	-130.925552
71039.062500	-129.902863
71044.921875	-128.683075
71050.781250	-128.826141
71056.640625	-129.435013
71062.500000	-130.746628
71068.359375	-131.023193
71074.218750	-130.200989
71080.078125	-129.892075
71085.937500	-132.494812
71091.796875	-132.914032
71097.656250	-131.216080
71103.515625	-131.278671
71109.375000	-135.351913
71115.234375	-139.409393
71121.093750	-134.843246
71126.953125	-130.531616
71132.812500	-129.754105
71138.671875	-130.766342
71144.531250	-132.000031
71150.390625	-131.552582
71156.250000	-132.697952
71162.109375	-135.743118
71167.968750	-133.556259
71173.828125	-130.399048
71179.687500	-131.894394
71185.546875	-134.822311
71191.406250	-138.448746
71197.265625	-134.664291
71203.125000	-134.214661
71208.984375	-134.210464
71214.843750	-132.396133
71220.703125	-132.755524
71226.562500	-134.422363
71232.421875	-134.772827
71238.281250	-133.811478
71244.140625	-135.649246
71250.000000	-137.758362
71255.859375	-136.253372
71261.718750	-134.907990
71267.578125	-137.547852
71273.437500	-136.457214
71279.296875	-133.882828
71285.156250	-131.856049
71291.015625	-130.450180
71296.875000	-130.393890
71302.734375	-130.120529
71308.593750	-131.656693
71314.453125	-131.578308
71320.312500	-130.721008
71326.171875	-130.674332
71332.031250	-131.583771
71337.890625	-132.018890
71343.750000	-132.503403
71349.609375	-135.300888
71355.468750	-136.480713
71361.328125	-135.372253
71367.187500	-131.789398
71373.046875	-130.849228
71378.906250	-133.117218
71384.765625	-132.234253
71390.625000	-134.417603
71396.484375	-135.722931
71402.343750	-132.831497
71408.203125	-130.874313
71414.062500	-132.302719
71419.921875	-138.193741
71425.781250	-135.638840
71431.640625	-132.871353
71437.500000	-132.555405
71443.359375	-135.029922
71449.218750	-135.787140
71455.078125	-135.033218
71460.937500	-136.004074
71466.796875	-136.895859
71472.656250	-132.886414
71478.515625	-130.211731
71484.375000	-130.439987
71490.234375	-132.581070
71496.093750	-131.370651
71501.953125	-131.955048
71507.812500	-136.712448
71513.671875	-136.518295
71519.531250	-135.251450
71525.390625	-134.390106
71531.250000	-133.506271
71537.109375	-133.426102
71542.968750	-134.412567
71548.828125	-133.282074
71554.687500	-133.166122
71560.546875	-135.846909
71566.406250	-133.586166
71572.265625	-130.940414
71578.125000	-131.423019
71583.984375	-132.232697
71589.843750	-131.995621
71595.703125	-132.338715
71601.562500	-136.435562
71607.421875	-134.417267
71613.281250	-130.596558
71619.140625	-129.722290
71625.000000	-132.311142
71630.859375	-132.514938
71636.718750	-133.897064
71642.578125	-142.514709
71648.437500	-137.646118
71654.296875	-132.679886
71660.156250	-130.020935
71666.015625	-129.892319
71671.875000	-132.700836
71677.734375	-133.695007
71683.593750	-133.090866
71689.453125	-134.301117
71695.312500	-138.774155
71701.171875	-136.001251
71707.031250	-133.305939
71712.890625	-133.053558
71718.750000	-132.488602
71724.609375	-131.777939
71730.468750	-131.842117
71736.328125	-132.165054
71742.187500	-133.050125
71748.046875	-132.104202
71753.906250	-131.271027
71759.765625	-131.649658
71765.625000	-131.562149
71771.484375	-131.346176
71777.343750	-130.573212
71783.203125	-131.398773
71789.062500	-130.814606
71794.921875	-128.541107
71800.781250	-127.427338
71806.640625	-127.333862
71812.500000	-130.071915
71818.359375	-135.588211
71824.218750	-138.128738
71830.078125	-135.214005
71835.937500	-135.899246
71841.796875	-133.821335
71847.656250	-131.398300
71853.515625	-131.035324
71859.375000	-132.026031
71865.234375	-133.894226
71871.093750	-134.144196
71876.953125	-137.486679
71882.812500	-137.293655
71888.671875	-133.836411
71894.531250	-132.523453
71900.390625	-131.544891
71906.250000	-132.924759
71912.109375	-133.354965
71917.968750	-129.787079
71923.828125	-132.054443
71929.687500	-140.858978
71935.546875	-137.840469
71941.406250	-132.826889
71947.265625	-132.195633
71953.125000	-134.748886
71958.984375	-136.255005
71964.843750	-138.074814
71970.703125	-135.675964
71976.562500	-133.735916
71982.421875	-134.167892
71988.281250	-135.312729
71994.140625	-136.716599
72000.000000	-138.496979
72005.859375	-136.904678
72011.718750	-136.373810
72017.578125	-133.727188
72023.437500	-133.609848
72029.296875	-136.926056
72035.156250	-141.436340
72041.015625	-136.296448
72046.875000	-132.921173
72052.734375	-132.294861
72058.593750	-131.764465
72064.453125	-135.740021
72070.312500	-139.196930
72076.171875	-133.800827
72082.031250	-130.577408
72087.890625	-131.333282
72093.750000	-130.106995
72099.609375	-129.482925
72105.468750	-130.356750
72111.328125	-131.270676
72117.187500	-132.850800
72123.046875	-134.236389
72128.906250	-132.763138
72134.765625	-135.494781
72140.625000	-135.383606
72146.484375	-134.338760
72152.343750	-133.179291
72158.203125	-132.118912
72164.062500	-132.044754
72169.921875	-132.317551
72175.781250	-132.150742
72181.640625	-134.131683
72187.500000	-129.813141
72193.359375	-127.487282
72199.218750	-128.429977
72205.078125	-131.478027
72210.937500	-132.416107
72216.796875	-130.252029
72222.656250	-130.067459
72228.515625	-131.798187
72234.375000	-133.094391
72240.234375	-132.955734
72246.093750	-130.862289
72251.953125	-130.293915
72257.812500	-131.471603
72263.671875	-132.974182
72269.531250	-133.518768
72275.390625	-132.763840
72281.250000	-133.116364
72287.109375	-132.715744
72292.968750	-133.656647
72298.828125	-133.476517
72304.687500	-132.050293
72310.546875	-132.086075
72316.406250	-131.867203
72322.265625	-133.695877
72328.125000	-134.754181
72333.984375	-133.396088
72339.843750	-132.407486
72345.703125	-134.733307
72351.562500	-138.765060
72357.421875	-135.401337
72363.281250	-133.506989
72369.140625	-134.298462
72375.000000	-135.443207
72380.859375	-132.686584
72386.718750	-133.692047
72392.578125	-136.869354
72398.437500	-136.914917
72404.296875	-131.814697
72410.156250	-132.197815
72416.015625	-133.037857
72421.875000	-131.626877
72427.734375	-132.966354
72433.593750	-136.154877
72439.453125	-134.712997
72445.312500	-131.912140
72451.171875	-131.491852
72457.031250	-131.455643
72462.890625	-133.253510
72468.750000	-134.008759
72474.609375	-132.384537
72480.468750	-132.641663
72486.328125	-135.910599
72492.187500	-137.070923
72498.046875	-130.557343
72503.906250	-130.535568
72509.765625	-133.149017
72515.625000	-133.747620
72521.484375	-134.154846
72527.343750	-135.696091
72533.203125	-138.955536
72539.062500	-138.081665
72544.921875	-137.004028
72550.781250	-138.133072
72556.640625	-137.341766
72562.500000	-133.618896
72568.359375	-131.170990
72574.218750	-132.650162
72580.078125	-136.088196
72585.937500	-133.646973
72591.796875	-131.881638
72597.656250	-133.646179
72603.515625	-135.957947
72609.375000	-134.886246
72615.234375	-133.980789
72621.093750	-133.794540
72626.953125	-131.015137
72632.812500	-132.542709
72638.671875	-136.335632
72644.531250	-133.117310
72650.390625	-130.734009
72656.250000	-129.217926
72662.109375	-130.299805
72667.968750	-131.534119
72673.828125	-130.087723
72679.687500	-129.668747
72685.546875	-131.238297
72691.406250	-132.062057
72697.265625	-130.723129
72703.125000	-131.784302
72708.984375	-133.499023
72714.843750	-133.272675
72720.703125	-131.495880
72726.562500	-131.683502
72732.421875	-134.100021
72738.281250	-134.588440
72744.140625	-138.323105
72750.000000	-139.294861
72755.859375	-133.782547
72761.718750	-131.212769
72767.578125	-132.069122
72773.437500	-133.527832
72779.296875	-133.373703
72785.156250	-134.863480
72791.015625	-136.689468
72796.875000	-135.800476
72802.734375	-134.715256
72808.593750	-135.015350
72814.453125	-134.502884
72820.312500	-134.512024
72826.171875	-133.757538
72832.031250	-134.945694
72837.890625	-134.543365
72843.750000	-134.324600
72849.609375	-134.618423
72855.468750	-131.477295
72861.328125	-129.560928
72867.187500	-130.014160
72873.046875	-132.284409
72878.906250	-135.058594
72884.765625	-133.855164
72890.625000	-131.424194
72896.484375	-130.332016
72902.343750	-132.638519
72908.203125	-134.409256
72914.062500	-131.550751
72919.921875	-130.386749
72925.781250	-131.623611
72931.640625	-132.955582
72937.500000	-130.637497
72943.359375	-129.244583
72949.218750	-130.197845
72955.078125	-129.178696
72960.937500	-129.444382
72966.796875	-131.440735
72972.656250	-132.367523
72978.515625	-134.662247
72984.375000	-137.968750
72990.234375	-133.785095
72996.093750	-131.264984
73001.953125	-131.377289
73007.812500	-133.441864
73013.671875	-133.858093
73019.531250	-133.042038
73025.390625	-133.409561
73031.250000	-138.045776
73037.109375	-144.183182
73042.968750	-136.993484
73048.828125	-136.638855
73054.687500	-136.590759
73060.546875	-134.908096
73066.406250	-131.947495
73072.265625	-132.603333
73078.125000	-132.496582
73083.984375	-132.638016
73089.843750	-132.570663
73095.703125	-131.540634
73101.562500	-132.423523
73107.421875	-133.256195
73113.281250	-133.128784
73119.140625	-132.260452
73125.000000	-132.320694
73130.859375	-132.811432
73136.718750	-131.439865
73142.578125	-131.569794
73148.437500	-133.017349
73154.296875	-131.658890
73160.156250	-129.258606
73166.015625	-129.878723
73171.875000	-132.692047
73177.734375	-133.943390
73183.593750	-130.492645
73189.453125	-130.048996
73195.312500	-131.909485
73201.171875	-132.889725
73207.031250	-131.198227
73212.890625	-129.720474
73218.750000	-130.150452
73224.609375	-133.541153
73230.468750	-134.742722
73236.328125	-134.262833
73242.187500	-134.826218
73248.046875	-134.502197
73253.906250	-134.477631
73259.765625	-134.026291
73265.625000	-132.502945
73271.484375	-131.494598
73277.343750	-132.105408
73283.203125	-136.775085
73289.062500	-137.116241
73294.921875	-132.518295
73300.781250	-131.622620
73306.640625	-128.858917
73312.500000	-129.041595
73318.359375	-132.112137
73324.218750	-133.824371
73330.078125	-135.875427
73335.937500	-136.635910
73341.796875	-136.255508
73347.656250	-138.404907
73353.515625	-134.831299
73359.375000	-131.947540
73365.234375	-133.218765
73371.093750	-136.898514
73376.953125	-132.072205
73382.812500	-130.765762
73388.671875	-130.867477
73394.531250	-130.640472
73400.390625	-131.150543
73406.250000	-132.789093
73412.109375	-131.382111
73417.968750	-132.678085
73423.828125	-135.168350
73429.687500	-134.863846
73435.546875	-134.627029
73441.406250	-132.717407
73447.265625	-130.157028
73453.125000	-131.260437
73458.984375	-135.912292
73464.843750	-135.762863
73470.703125	-133.325592
73476.562500	-134.335510
73482.421875	-134.859222
73488.281250	-134.533417
73494.140625	-133.670639
73500.000000	-132.776917
73505.859375	-129.695099
73511.718750	-128.526230
73517.578125	-131.123688
73523.437500	-135.437012
73529.296875	-135.330841
73535.156250	-131.976135
73541.015625	-132.059692
73546.875000	-136.284454
73552.734375	-136.580582
73558.593750	-136.341339
73564.453125	-135.147354
73570.312500	-132.527206
73576.171875	-131.642334
73582.031250	-130.694382
73587.890625	-130.260620
73593.750000	-133.655899
73599.609375	-137.220169
73605.468750	-131.808884
73611.328125	-130.628555
73617.187500	-132.708954
73623.046875	-134.444916
73628.906250	-133.793365
73634.765625	-134.265030
73640.625000	-134.417694
73646.484375	-132.841858
73652.343750	-131.601410
73658.203125	-132.027176
73664.062500	-135.354080
73669.921875	-136.914780
73675.781250	-135.318359
73681.640625	-134.179428
73687.500000	-134.890884
73693.359375	-135.433563
73699.218750	-134.358688
73705.078125	-131.861588
73710.937500	-131.453430
73716.796875	-131.840469
73722.656250	-131.354919
73728.515625	-132.156479
73734.375000	-135.463486
73740.234375	-133.433121
73746.093750	-131.369934
73751.953125	-134.286911
73757.812500	-137.196548
73763.671875	-133.528320
73769.531250	-131.132141
73775.390625	-130.326385
73781.250000	-132.852798
73787.109375	-135.861435
73792.968750	-137.152573
73798.828125	-133.832184
73804.687500	-132.259247
73810.546875	-131.436432
73816.406250	-132.499710
73822.265625	-135.288803
73828.125000	-135.406921
73833.984375	-131.983063
73839.843750	-130.556915
73845.703125	-133.208786
73851.562500	-136.313324
73857.421875	-134.124222
73863.281250	-134.472931
73869.140625	-137.876129
73875.000000	-141.476425
73880.859375	-139.133102
73886.718750	-133.677643
73892.578125	-131.425934
73898.437500	-132.281448
73904.296875	-134.169983
73910.156250	-136.572845
73916.015625	-139.901520
73921.875000	-136.256744
73927.734375	-132.718445
73933.593750	-132.435455
73939.453125	-133.519073
73945.312500	-131.721680
73951.171875	-131.244400
73957.031250	-133.233932
73962.890625	-133.495865
73968.750000	-132.878708
73974.609375	-131.605652
73980.468750	-131.851929
73986.328125	-136.358109
73992.187500	-137.374039
73998.046875	-137.331375
74003.906250	-139.337646
74009.765625	-138.104660
74015.625000	-134.895889
74021.484375	-132.065002
74027.343750	-131.113266
74033.203125	-133.027695
74039.062500	-133.755707
74044.921875	-134.931992
74050.781250	-134.967957
74056.640625	-135.235275
74062.500000	-132.709473
74068.359375	-131.563461
74074.218750	-131.179596
74080.078125	-133.041351
74085.937500	-134.229828
74091.796875	-135.911957
74097.656250	-136.042557
74103.515625	-136.508621
74109.375000	-135.938171
74115.234375	-136.882172
74121.093750	-137.724045
74126.953125	-137.016937
74132.812500	-137.999283
74138.671875	-138.453461
74144.531250	-135.629547
74150.390625	-133.701828
74156.250000	-133.840210
74162.109375	-135.637909
74167.968750	-134.845795
74173.828125	-134.941406
74179.687500	-136.094986
74185.546875	-135.649841
74191.406250	-131.964798
74197.265625	-131.099091
74203.125000	-135.093414
74208.984375	-140.434998
74214.843750	-137.456467
74220.703125	-139.223038
74226.562500	-136.816849
74232.421875	-136.121384
74238.281250	-136.457886
74244.140625	-133.617661
74250.000000	-131.398560
74255.859375	-131.094589
74261.718750	-131.876450
74267.578125	-132.570267
74273.437500	-132.888763
74279.296875	-132.761734
74285.156250	-131.896988
74291.015625	-134.526993
74296.875000	-138.108292
74302.734375	-133.520905
74308.593750	-130.564392
74314.453125	-131.385040
74320.312500	-134.021591
74326.171875	-132.926880
74332.031250	-133.626007
74337.890625	-140.019394
74343.750000	-136.491394
74349.609375	-135.898102
74355.468750	-134.727844
74361.328125	-132.508408
74367.187500	-133.933121
74373.046875	-133.473557
74378.906250	-132.922958
74384.765625	-133.344330
74390.625000	-135.326294
74396.484375	-136.679398
74402.343750	-135.825027
74408.203125	-135.855118
74414.062500	-135.705978
74419.921875	-133.445648
74425.781250	-132.345169
74431.640625	-133.181351
74437.500000	-132.345795
74443.359375	-130.893005
74449.218750	-133.155472
74455.078125	-137.207047
74460.937500	-139.156006
74466.796875	-140.623581
74472.656250	-138.881653
74478.515625	-137.441254
74484.375000	-136.936752
74490.234375	-135.657104
74496.093750	-134.635086
74501.953125	-134.711227
74507.812500	-134.601486
74513.671875	-132.684219
74519.531250	-132.620926
74525.390625	-134.926697
74531.250000	-133.836136
74537.109375	-131.146912
74542.968750	-131.170273
74548.828125	-134.174118
74554.687500	-137.125366
74560.546875	-135.113693
74566.406250	-133.985031
74572.265625	-135.436920
74578.125000	-136.194321
74583.984375	-134.943024
74589.843750	-133.758759
74595.703125	-134.507874
74601.562500	-135.105408
74607.421875	-136.343918
74613.281250	-135.735916
74619.140625	-133.964767
74625.000000	-132.355927
74630.859375	-130.928772
74636.718750	-130.999039
74642.578125	-131.426743
74648.437500	-133.653015
74654.296875	-135.949966
74660.156250	-134.509323
74666.015625	-132.637299
74671.875000	-133.614029
74677.734375	-134.530807
74683.593750	-136.530640
74689.453125	-137.592102
74695.312500	-136.856812
74701.171875	-135.407623
74707.031250	-137.308121
74712.890625	-141.562363
74718.750000	-139.990219
74724.609375	-136.299362
74730.468750	-135.582657
74736.328125	-135.034485
74742.187500	-135.176727
74748.046875	-138.025131
74753.906250	-137.518707
74759.765625	-135.188934
74765.625000	-134.257904
74771.484375	-133.831024
74777.343750	-132.343094
74783.203125	-130.520294
74789.062500	-132.721176
74794.921875	-136.697601
74800.781250	-134.757767
74806.640625	-134.723404
74812.500000	-135.056549
74818.359375	-135.063583
74824.218750	-137.921616
74830.078125	-139.592941
74835.937500	-136.511185
74841.796875	-133.816940
74847.656250	-135.237793
74853.515625	-140.008850
74859.375000	-135.797287
74865.234375	-133.802368
74871.093750	-132.470062
74876.953125	-134.379318
74882.812500	-138.055817
74888.671875	-135.471420
74894.531250	-132.977325
74900.390625	-133.338409
74906.250000	-136.462570
74912.109375	-139.423523
74917.968750	-136.458618
74923.828125	-133.768112
74929.687500	-132.543076
74935.546875	-134.440536
74941.406250	-136.075577
74947.265625	-134.851547
74953.125000	-131.879807
74958.984375	-130.979340
74964.843750	-135.856018
74970.703125	-137.852585
74976.562500	-133.213898
74982.421875	-132.643265
74988.281250	-134.667526
74994.140625	-135.252838
75000.000000	-133.756165
75005.859375	-133.172318
75011.718750	-131.036865
75017.578125	-130.036453
75023.437500	-130.524460
75029.296875	-133.394531
75035.156250	-137.058441
75041.015625	-142.044922
75046.875000	-136.582489
75052.734375	-134.472580
75058.593750	-136.961060
75064.453125	-145.218643
75070.312500	-139.286331
75076.171875	-134.772522
75082.031250	-134.750839
75087.890625	-135.009735
75093.750000	-133.053604
75099.609375	-130.932266
75105.468750	-130.724426
75111.328125	-130.354034
75117.187500	-131.534180
75123.046875	-134.434494
75128.906250	-138.579819
75134.765625	-134.541824
75140.625000	-131.904297
75146.484375	-132.263412
75152.343750	-133.640640
75158.203125	-135.659210
75164.062500	-133.525574
75169.921875	-130.950333
75175.781250	-130.738968
75181.640625	-131.950180
75187.500000	-134.417679
75193.359375	-135.087875
75199.218750	-135.255783
75205.078125	-138.038986
75210.937500	-136.796570
75216.796875	-134.035858
75222.656250	-133.673645
75228.515625	-135.651962
75234.375000	-139.036926
75240.234375	-135.801590
75246.093750	-132.889267
75251.953125	-133.362503
75257.812500	-136.738754
75263.671875	-139.679321
75269.531250	-135.297195
75275.390625	-134.934509
75281.250000	-135.272995
75287.109375	-134.414246
75292.968750	-132.822678
75298.828125	-132.461151
75304.687500	-132.611725
75310.546875	-134.026230
75316.406250	-135.714752
75322.265625	-135.830643
75328.125000	-136.818314
75333.984375	-137.581985
75339.843750	-137.114212
75345.703125	-135.057770
75351.562500	-134.455032
75357.421875	-135.007645
75363.281250	-134.591583
75369.140625	-134.568344
75375.000000	-137.369156
75380.859375	-138.800705
75386.718750	-134.136887
75392.578125	-132.962631
75398.437500	-135.526352
75404.296875	-136.176987
75410.156250	-134.729813
75416.015625	-136.306610
75421.875000	-136.297546
75427.734375	-136.116150
75433.593750	-134.610336
75439.453125	-133.944427
75445.312500	-134.538086
75451.171875	-137.167572
75457.031250	-135.920166
75462.890625	-134.276413
75468.750000	-133.175903
75474.609375	-134.109848
75480.468750	-135.169067
75486.328125	-137.772507
75492.187500	-139.949234
75498.046875	-139.789825
75503.906250	-139.240250
75509.765625	-138.269943
75515.625000	-137.991379
75521.484375	-137.596298
75527.343750	-136.337219
75533.203125	-136.284698
75539.062500	-136.383759
75544.921875	-133.458084
75550.781250	-134.449448
75556.640625	-136.094604
75562.500000	-135.380402
75568.359375	-137.217896
75574.218750	-136.351486
75580.078125	-134.364716
75585.937500	-134.252335
75591.796875	-133.305603
75597.656250	-135.183105
75603.515625	-136.368866
75609.375000	-133.362579
75615.234375	-132.184097
75621.093750	-132.648651
75626.953125	-135.159241
75632.812500	-137.159271
75638.671875	-136.989120
75644.531250	-139.334763
75650.390625	-135.925415
75656.250000	-134.598404
75662.109375	-136.782516
75667.968750	-137.165497
75673.828125	-137.190582
75679.687500	-134.300949
75685.546875	-134.083389
75691.406250	-133.896576
75697.265625	-133.522461
75703.125000	-134.338776
75708.984375	-136.474869
75714.843750	-137.091354
75720.703125	-136.108704
75726.562500	-135.339584
75732.421875	-136.305679
75738.281250	-137.537338
75744.140625	-135.153870
75750.000000	-132.901733
75755.859375	-133.191818
75761.718750	-135.258255
75767.578125	-135.288544
75773.437500	-136.961914
75779.296875	-138.275970
75785.156250	-137.726288
75791.015625	-136.036926
75796.875000	-135.287476
75802.734375	-133.412827
75808.593750	-132.121857
75814.453125	-134.137878
75820.312500	-134.884430
75826.171875	-132.402710
75832.031250	-133.078003
75837.890625	-133.064728
75843.750000	-132.873108
75849.609375	-135.409363
75855.468750	-139.427444
75861.328125	-135.789856
75867.187500	-134.689026
75873.046875	-135.504227
75878.906250	-138.045670
75884.765625	-139.213760
75890.625000	-137.253540
75896.484375	-134.004974
75902.343750	-133.673691
75908.203125	-134.900620
75914.062500	-135.273636
75919.921875	-135.570938
75925.781250	-140.105515
75931.640625	-138.333633
75937.500000	-135.143814
75943.359375	-135.912018
75949.218750	-135.740555
75955.078125	-135.374512
75960.937500	-134.678177
75966.796875	-134.693146
75972.656250	-136.339676
75978.515625	-138.185608
75984.375000	-138.841110
75990.234375	-138.346024
75996.093750	-134.669205
76001.953125	-133.152618
76007.812500	-132.828369
76013.671875	-135.810074
76019.531250	-140.227631
76025.390625	-139.612854
76031.250000	-137.848236
76037.109375	-138.049591
76042.968750	-139.307632
76048.828125	-136.774521
76054.687500	-133.733963
76060.546875	-134.430908
76066.406250	-137.294937
76072.265625	-135.730667
76078.125000	-132.454727
76083.984375	-132.383606
76089.843750	-134.672119
76095.703125	-136.834091
76101.562500	-136.179092
76107.421875	-135.377151
76113.281250	-138.989243
76119.140625	-141.614105
76125.000000	-135.902222
76130.859375	-132.734344
76136.718750	-132.250320
76142.578125	-132.389572
76148.437500	-133.745148
76154.296875	-134.079849
76160.156250	-136.404739
76166.015625	-135.492996
76171.875000	-133.365524
76177.734375	-134.215195
76183.593750	-135.526611
76189.453125	-135.723984
76195.312500	-135.750153
76201.171875	-137.968277
76207.031250	-140.315186
76212.890625	-138.885803
76218.750000	-139.075653
76224.609375	-144.979095
76230.468750	-140.750458
76236.328125	-137.506454
76242.187500	-135.730789
76248.046875	-136.237823
76253.906250	-137.275024
76259.765625	-137.277481
76265.625000	-139.343338
76271.484375	-139.446701
76277.343750	-138.290680
76283.203125	-142.090500
76289.062500	-140.279343
76294.921875	-136.370377
76300.781250	-137.191635
76306.640625	-140.745102
76312.500000	-137.103851
76318.359375	-136.650970
76324.218750	-138.686142
76330.078125	-135.460358
76335.937500	-135.046951
76341.796875	-133.894897
76347.656250	-134.726761
76353.515625	-138.743668
76359.375000	-139.959122
76365.234375	-139.967941
76371.093750	-140.229431
76376.953125	-138.302795
76382.812500	-139.013870
76388.671875	-141.322311
76394.531250	-137.068314
76400.390625	-134.765442
76406.250000	-135.839355
76412.109375	-136.076218
76417.968750	-135.681442
76423.828125	-135.402084
76429.687500	-138.650406
76435.546875	-139.352585
76441.406250	-139.684402
76447.265625	-142.978226
76453.125000	-140.051270
76458.984375	-136.896912
76464.843750	-136.413284
76470.703125	-135.612015
76476.562500	-134.866974
76482.421875	-135.497726
76488.281250	-134.445908
76494.140625	-132.649963
76500.000000	-132.218521
76505.859375	-134.278137
76511.718750	-137.458557
76517.578125	-141.226318
76523.437500	-139.404602
76529.296875	-138.820328
76535.156250	-138.667328
76541.015625	-141.316925
76546.875000	-144.386444
76552.734375	-137.474152
76558.593750	-135.111115
76564.453125	-134.136017
76570.312500	-133.947586
76576.171875	-136.929123
76582.031250	-137.512085
76587.890625	-137.251923
76593.750000	-139.844513
76599.609375	-138.155014
76605.468750	-137.465912
76611.328125	-137.966080
76617.187500	-135.413055
76623.046875	-136.411163
76628.906250	-139.611755
76634.765625	-136.802734
76640.625000	-135.038315
76646.484375	-134.907303
76652.343750	-133.714096
76658.203125	-135.424011
76664.062500	-140.305893
76669.921875	-142.489349
76675.781250	-140.112366
76681.640625	-139.852020
76687.500000	-139.578903
76693.359375	-135.183853
76699.218750	-132.515717
76705.078125	-133.055374
76710.937500	-134.947998
76716.796875	-135.549377
76722.656250	-138.190048
76728.515625	-137.841980
76734.375000	-136.090500
76740.234375	-137.903198
76746.093750	-139.462387
76751.953125	-136.937866
76757.812500	-135.699310
76763.671875	-134.755081
76769.531250	-135.105118
76775.390625	-136.339050
76781.250000	-136.169128
76787.109375	-135.905624
76792.968750	-137.125366
76798.828125	-138.388351
76804.687500	-137.161560
76810.546875	-134.745071
76816.406250	-135.543289
76822.265625	-135.819031
76828.125000	-136.182159
76833.984375	-138.571533
76839.843750	-139.021591
76845.703125	-141.351837
76851.562500	-144.070938
76857.421875	-140.486603
76863.281250	-137.594711
76869.140625	-135.703125
76875.000000	-134.297211
76880.859375	-133.051956
76886.718750	-132.682236
76892.578125	-136.064529
76898.437500	-138.220978
76904.296875	-133.691589
76910.156250	-133.419968
76916.015625	-135.134918
76921.875000	-134.572556
76927.734375	-134.122803
76933.593750	-133.703705
76939.453125	-133.942947
76945.312500	-135.995514
76951.171875	-135.913040
76957.031250	-135.306488
76962.890625	-135.597977
76968.750000	-135.825394
76974.609375	-134.729752
76980.468750	-136.886795
76986.328125	-139.562256
76992.187500	-137.445435
76998.046875	-137.997498
77003.906250	-138.235947
77009.765625	-137.509491
77015.625000	-138.115189
77021.484375	-136.542053
77027.343750	-135.885269
77033.203125	-135.158829
77039.062500	-134.250229
77044.921875	-134.899933
77050.781250	-135.256668
77056.640625	-135.455750
77062.500000	-138.545792
77068.359375	-138.813705
77074.218750	-137.925629
77080.078125	-137.325714
77085.937500	-136.959549
77091.796875	-136.287704
77097.656250	-139.059158
77103.515625	-144.088486
77109.375000	-139.504852
77115.234375	-138.156204
77121.093750	-140.171600
77126.953125	-143.275803
77132.812500	-141.759003
77138.671875	-140.532059
77144.531250	-136.573502
77150.390625	-134.502838
77156.250000	-134.154785
77162.109375	-135.114182
77167.968750	-137.478287
77173.828125	-137.830154
77179.687500	-136.906693
77185.546875	-135.751816
77191.406250	-137.992752
77197.265625	-139.977982
77203.125000	-138.062469
77208.984375	-135.255859
77214.843750	-135.764587
77220.703125	-140.464828
77226.562500	-141.516266
77232.421875	-137.359344
77238.281250	-135.997437
77244.140625	-136.536453
77250.000000	-138.360229
77255.859375	-141.829636
77261.718750	-137.577576
77267.578125	-134.766113
77273.437500	-136.521881
77279.296875	-138.271790
77285.156250	-137.968735
77291.015625	-137.450165
77296.875000	-138.227722
77302.734375	-139.216736
77308.593750	-139.559402
77314.453125	-139.068863
77320.312500	-139.568176
77326.171875	-139.912567
77332.031250	-141.161880
77337.890625	-139.941483
77343.750000	-137.648941
77349.609375	-138.430527
77355.468750	-139.441422
77361.328125	-140.093536
77367.187500	-136.907455
77373.046875	-135.164001
77378.906250	-135.259628
77384.765625	-137.306519
77390.625000	-139.900436
77396.484375	-141.815384
77402.343750	-141.226929
77408.203125	-138.398941
77414.062500	-137.072250
77419.921875	-135.926834
77425.781250	-136.835175
77431.640625	-136.062134
77437.500000	-134.477798
77443.359375	-134.641815
77449.218750	-137.550125
77455.078125	-140.101105
77460.937500	-141.473190
77466.796875	-140.594696
77472.656250	-139.128464
77478.515625	-138.920456
77484.375000	-138.631729
77490.234375	-139.991226
77496.093750	-140.302109
77501.953125	-140.314651
77507.812500	-137.343109
77513.671875	-137.137955
77519.531250	-135.213120
77525.390625	-134.913956
77531.250000	-135.582794
77537.109375	-136.314377
77542.968750	-139.596130
77548.828125	-139.809021
77554.687500	-139.739075
77560.546875	-140.377655
77566.406250	-138.008011
77572.265625	-137.639389
77578.125000	-138.236649
77583.984375	-138.530853
77589.843750	-138.466965
77595.703125	-135.143860
77601.562500	-134.766800
77607.421875	-134.563309
77613.281250	-134.328995
77619.140625	-136.273285
77625.000000	-136.273788
77630.859375	-137.695312
77636.718750	-144.189865
77642.578125	-141.315018
77648.437500	-137.743271
77654.296875	-138.335312
77660.156250	-137.987045
77666.015625	-136.197189
77671.875000	-137.461105
77677.734375	-139.239807
77683.593750	-139.185089
77689.453125	-142.156052
77695.312500	-138.145187
77701.171875	-136.445068
77707.031250	-137.164642
77712.890625	-139.326675
77718.750000	-142.242188
77724.609375	-139.135269
77730.468750	-138.346100
77736.328125	-139.091064
77742.187500	-138.082916
77748.046875	-135.052109
77753.906250	-133.840836
77759.765625	-135.276917
77765.625000	-136.291153
77771.484375	-136.632935
77777.343750	-136.489243
77783.203125	-135.599289
77789.062500	-136.848434
77794.921875	-137.766113
77800.781250	-138.939316
77806.640625	-138.223038
77812.500000	-136.853256
77818.359375	-138.087250
77824.218750	-139.367371
77830.078125	-138.090088
77835.937500	-136.936493
77841.796875	-136.826340
77847.656250	-137.085571
77853.515625	-138.804352
77859.375000	-139.206558
77865.234375	-138.445450
77871.093750	-138.775192
77876.953125	-137.147079
77882.812500	-136.080444
77888.671875	-137.449524
77894.531250	-139.309967
77900.390625	-139.247940
77906.250000	-137.119415
77912.109375	-136.622177
77917.968750	-136.887802
77923.828125	-138.098312
77929.687500	-138.906586
77935.546875	-138.395035
77941.406250	-140.935440
77947.265625	-143.321136
77953.125000	-139.890747
77958.984375	-139.747452
77964.843750	-140.509338
77970.703125	-137.487488
77976.562500	-136.453629
77982.421875	-135.806503
77988.281250	-137.504501
77994.140625	-143.677109
78000.000000	-140.954102
78005.859375	-139.356720
78011.718750	-138.385025
78017.578125	-139.393051
78023.437500	-139.952179
78029.296875	-137.602997
78035.156250	-137.618530
78041.015625	-141.144272
78046.875000	-143.033768
78052.734375	-140.471710
78058.593750	-141.513672
78064.453125	-141.476273
78070.312500	-139.521317
78076.171875	-140.205536
78082.031250	-142.509964
78087.890625	-140.488678
78093.750000	-141.004242
78099.609375	-141.516174
78105.468750	-144.233597
78111.328125	-144.436203
78117.187500	-147.763596
78123.046875	-144.740509
78128.906250	-140.256958
78134.765625	-138.327469
78140.625000	-141.279099
78146.484375	-143.532669
78152.343750	-138.222733
78158.203125	-136.569626
78164.062500	-134.789627
78169.921875	-134.662338
78175.781250	-134.703552
78181.640625	-136.450348
78187.500000	-138.544724
78193.359375	-140.320465
78199.218750	-138.934357
78205.078125	-139.783112
78210.937500	-142.653152
78216.796875	-140.700958
78222.656250	-137.398987
78228.515625	-137.253525
78234.375000	-139.335800
78240.234375	-143.796158
78246.093750	-148.130951
78251.953125	-144.189468
78257.812500	-144.544006
78263.671875	-143.310364
78269.531250	-142.153900
78275.390625	-143.190475
78281.250000	-139.721130
78287.109375	-138.369278
78292.968750	-139.166901
78298.828125	-139.201385
78304.687500	-138.548843
78310.546875	-138.940582
78316.406250	-139.495468
78322.265625	-139.444595
78328.125000	-138.429367
78333.984375	-138.082565
78339.843750	-139.120331
78345.703125	-138.876709
78351.562500	-138.389023
78357.421875	-142.346359
78363.281250	-138.564438
78369.140625	-138.900970
78375.000000	-141.431885
78380.859375	-138.205917
78386.718750	-137.015106
78392.578125	-139.120712
78398.437500	-140.603882
78404.296875	-139.682724
78410.156250	-138.757904
78416.015625	-138.862549
78421.875000	-138.521698
78427.734375	-138.932068
78433.593750	-141.979462
78439.453125	-143.598724
78445.312500	-147.683960
78451.171875	-140.367355
78457.031250	-136.105957
78462.890625	-136.181580
78468.750000	-139.370941
78474.609375	-144.332916
78480.468750	-142.233276
78486.328125	-143.495132
78492.187500	-145.727066
78498.046875	-140.528870
78503.906250	-136.961945
78509.765625	-137.536407
78515.625000	-138.956512
78521.484375	-138.340652
78527.343750	-138.335556
78533.203125	-139.934799
78539.062500	-137.834854
78544.921875	-136.672195
78550.781250	-138.197388
78556.640625	-140.798721
78562.500000	-139.991211
78568.359375	-140.280106
78574.218750	-143.915665
78580.078125	-143.110855
78585.937500	-141.356522
78591.796875	-141.323456
78597.656250	-139.751205
78603.515625	-138.732025
78609.375000	-138.393326
78615.234375	-136.896133
78621.093750	-136.730270
78626.953125	-139.031662
78632.812500	-141.767166
78638.671875	-146.368500
78644.531250	-139.515457
78650.390625	-137.360367
78656.250000	-141.243820
78662.109375	-141.574921
78667.968750	-137.911728
78673.828125	-135.420853
78679.687500	-135.838104
78685.546875	-138.222885
78691.406250	-141.655319
78697.265625	-139.430557
78703.125000	-137.094589
78708.984375	-140.570068
78714.843750	-148.602661
78720.703125	-142.790863
78726.562500	-139.723206
78732.421875	-138.453140
78738.281250	-138.921280
78744.140625	-137.722809
78750.000000	-137.202393
78755.859375	-139.243469
78761.718750	-140.266052
78767.578125	-139.120422
78773.437500	-140.627365
78779.296875	-142.046143
78785.156250	-139.532898
78791.015625	-138.315414
78796.875000	-138.960266
78802.734375	-139.389740
78808.593750	-143.389420
78814.453125	-141.351822
78820.312500	-137.338745
78826.171875	-137.404160
78832.031250	-138.128799
78837.890625	-136.345840
78843.750000	-138.917053
78849.609375	-138.204712
78855.468750	-139.012360
78861.328125	-139.109680
78867.187500	-138.007996
78873.046875	-138.720993
78878.906250	-141.292068
78884.765625	-141.601990
78890.625000	-140.031509
78896.484375	-138.369202
78902.343750	-138.142166
78908.203125	-136.531326
78914.062500	-136.392654
78919.921875	-139.497665
78925.781250	-140.176620
78931.640625	-143.840652
78937.500000	-142.738861
78943.359375	-139.690628
78949.218750	-142.998337
78955.078125	-139.562164
78960.937500	-137.059509
78966.796875	-138.517990
78972.656250	-141.374481
78978.515625	-142.444824
78984.375000	-142.531174
78990.234375	-138.808655
78996.093750	-138.336487
79001.953125	-139.832138
79007.812500	-140.690460
79013.671875	-142.597595
79019.531250	-141.949661
79025.390625	-141.361435
79031.250000	-141.440979
79037.109375	-144.641998
79042.968750	-144.659348
79048.828125	-143.738403
79054.687500	-141.764832
79060.546875	-138.478912
79066.406250	-137.221786
79072.265625	-136.724731
79078.125000	-137.292603
79083.984375	-138.261353
79089.843750	-140.851746
79095.703125	-143.274094
79101.562500	-138.690414
79107.421875	-138.044998
79113.281250	-138.504791
79119.140625	-137.441055
79125.000000	-136.577225
79130.859375	-138.940186
79136.718750	-140.453751
79142.578125	-141.809540
79148.437500	-142.972061
79154.296875	-144.755341
79160.156250	-142.464371
79166.015625	-142.809540
79171.875000	-141.849365
79177.734375	-139.561371
79183.593750	-141.882645
79189.453125	-140.927872
79195.312500	-137.307648
79201.171875	-136.246506
79207.031250	-138.005035
79212.890625	-145.240433
79218.750000	-142.526535
79224.609375	-140.075317
79230.468750	-139.715073
79236.328125	-138.116776
79242.187500	-138.279724
79248.046875	-139.178696
79253.906250	-141.094421
79259.765625	-141.103241
79265.625000	-141.564514
79271.484375	-140.436920
79277.343750	-139.369217
79283.203125	-137.917282
79289.062500	-139.733200
79294.921875	-139.692322
79300.781250	-140.422028
79306.640625	-140.203674
79312.500000	-140.429489
79318.359375	-140.305038
79324.218750	-141.224396
79330.078125	-142.067780
79335.937500	-142.192657
79341.796875	-142.101242
79347.656250	-144.488739
79353.515625	-144.984238
79359.375000	-141.746887
79365.234375	-139.813217
79371.093750	-141.667587
79376.953125	-138.942032
79382.812500	-135.545502
79388.671875	-136.718292
79394.531250	-142.485596
79400.390625	-146.728378
79406.250000	-140.480240
79412.109375	-137.998718
79417.968750	-138.647263
79423.828125	-141.026367
79429.687500	-142.675674
79435.546875	-142.951508
79441.406250	-141.437271
79447.265625	-140.744110
79453.125000	-140.000244
79458.984375	-139.232773
79464.843750	-136.450043
79470.703125	-137.337494
79476.562500	-139.483978
79482.421875	-141.718704
79488.281250	-142.109009
79494.140625	-141.915756
79500.000000	-143.403152
79505.859375	-142.210907
79511.718750	-139.888184
79517.578125	-141.203323
79523.437500	-141.031372
79529.296875	-140.890274
79535.156250	-139.749710
79541.015625	-137.021805
79546.875000	-137.380219
79552.734375	-140.705063
79558.593750	-146.090500
79564.453125	-143.560654
79570.312500	-140.065598
79576.171875	-139.278778
79582.031250	-138.460403
79587.890625	-137.938843
79593.750000	-139.829163
79599.609375	-141.584137
79605.468750	-145.080597
79611.328125	-145.005493
79617.187500	-139.532944
79623.046875	-137.445694
79628.906250	-138.515900
79634.765625	-143.642792
79640.625000	-142.583298
79646.484375	-138.803085
79652.343750	-137.168777
79658.203125	-137.901184
79664.062500	-141.134445
79669.921875	-139.939133
79675.781250	-138.703171
79681.640625	-137.080307
79687.500000	-139.435471
79693.359375	-141.117737
79699.218750	-140.173706
79705.078125	-141.122070
79710.937500	-138.903946
79716.796875	-139.357727
79722.656250	-143.238419
79728.515625	-143.396683
79734.375000	-138.823334
79740.234375	-137.168396
79746.093750	-140.595200
79751.953125	-143.000656
79757.812500	-139.930389
79763.671875	-138.876907
79769.531250	-140.332642
79775.390625	-141.123215
79781.250000	-140.367157
79787.109375	-137.350723
79792.968750	-137.147095
79798.828125	-139.539200
79804.687500	-142.105499
79810.546875	-141.462585
79816.406250	-139.749542
79822.265625	-142.354248
79828.125000	-145.835052
79833.984375	-140.636154
79839.843750	-139.429871
79845.703125	-139.835800
79851.562500	-142.021835
79857.421875	-143.451645
79863.281250	-142.357819
79869.140625	-143.006821
79875.000000	-142.361938
79880.859375	-141.405975
79886.718750	-139.975357
79892.578125	-140.960373
79898.437500	-144.730881
79904.296875	-144.064575
79910.156250	-148.056931
79916.015625	-149.713181
79921.875000	-145.017029
79927.734375	-142.860168
79933.593750	-141.904785
79939.453125	-140.584229
79945.312500	-140.548431
79951.171875	-140.815735
79957.031250	-141.793961
79962.890625	-143.485504
79968.750000	-144.260788
79974.609375	-145.204819
79980.468750	-143.321091
79986.328125	-143.372543
79992.187500	-141.239182
79998.046875	-139.945145
80003.906250	-142.814163
80009.765625	-141.654938
80015.625000	-141.109146
80021.484375	-140.091110
80027.343750	-140.723755
80033.203125	-140.406952
80039.062500	-140.929443
80044.921875	-140.620697
80050.781250	-138.864288
80056.640625	-139.860321
80062.500000	-142.423615
80068.359375	-141.184235
80074.218750	-141.464661
80080.078125	-143.796570
80085.937500	-141.579620
80091.796875	-141.818680
80097.656250	-141.103165
80103.515625	-139.627304
80109.375000	-139.219635
80115.234375	-139.043427
80121.093750	-140.345276
80126.953125	-142.970428
80132.812500	-142.904861
80138.671875	-141.781174
80144.531250	-141.811096
80150.390625	-141.686859
80156.250000	-142.371719
80162.109375	-139.133804
80167.968750	-138.289383
80173.828125	-143.731186
80179.687500	-143.476578
80185.546875	-139.826080
80191.406250	-140.013245
80197.265625	-140.104462
80203.125000	-141.542633
80208.984375	-141.974442
80214.843750	-138.884445
80220.703125	-138.783463
80226.562500	-142.850052
80232.421875	-144.743469
80238.281250	-140.071823
80244.140625	-139.234055
80250.000000	-140.648926
80255.859375	-143.674911
80261.718750	-142.660141
80267.578125	-140.978195
80273.437500	-139.433197
80279.296875	-140.899109
80285.156250	-141.730255
80291.015625	-140.147430
80296.875000	-140.910416
80302.734375	-143.273849
80308.593750	-144.067947
80314.453125	-140.659317
80320.312500	-143.046997
80326.171875	-145.869583
80332.031250	-141.937057
80337.890625	-141.549850
80343.750000	-143.347763
80349.609375	-144.201080
80355.468750	-143.702545
80361.328125	-143.394562
80367.187500	-142.340363
80373.046875	-141.130539
80378.906250	-139.908646
80384.765625	-140.225876
80390.625000	-143.411606
80396.484375	-143.635040
80402.343750	-147.285965
80408.203125	-147.184769
80414.062500	-144.598236
80419.921875	-142.837906
80425.781250	-144.266510
80431.640625	-143.335175
80437.500000	-143.174057
80443.359375	-142.652603
80449.218750	-141.901047
80455.078125	-140.079514
80460.937500	-141.003555
80466.796875	-140.768448
80472.656250	-141.153641
80478.515625	-139.461334
80484.375000	-138.765579
80490.234375	-140.280350
80496.093750	-145.144806
80501.953125	-142.418671
80507.812500	-141.574478
80513.671875	-143.615204
80519.531250	-141.621902
80525.390625	-138.865097
80531.250000	-138.950165
80537.109375	-139.007828
80542.968750	-141.226562
80548.828125	-142.681686
80554.687500	-141.566895
80560.546875	-140.279648
80566.406250	-140.100037
80572.265625	-141.580353
80578.125000	-142.633453
80583.984375	-142.458847
80589.843750	-142.149979
80595.703125	-142.536255
80601.562500	-143.694397
80607.421875	-143.778214
80613.281250	-144.510468
80619.140625	-143.409851
80625.000000	-142.909348
80630.859375	-141.054398
80636.718750	-139.869583
80642.578125	-139.398163
80648.437500	-140.060226
80654.296875	-140.576187
80660.156250	-141.966675
80666.015625	-141.254272
80671.875000	-141.914505
80677.734375	-141.535080
80683.593750	-142.014954
80689.453125	-142.069321
80695.312500	-140.957413
80701.171875	-139.454605
80707.031250	-140.972260
80712.890625	-142.011292
80718.750000	-142.638046
80724.609375	-141.333801
80730.468750	-143.116577
80736.328125	-143.447876
80742.187500	-142.537811
80748.046875	-141.364136
80753.906250	-141.573883
80759.765625	-142.448502
80765.625000	-141.597000
80771.484375	-140.578659
80777.343750	-141.856812
80783.203125	-140.223709
80789.062500	-142.255188
80794.921875	-143.403687
80800.781250	-141.847382
80806.640625	-139.862869
80812.500000	-141.099960
80818.359375	-144.299240
80824.218750	-146.183456
80830.078125	-143.617722
80835.937500	-143.718796
80841.796875	-141.558701
80847.656250	-139.376404
80853.515625	-139.175858
80859.375000	-141.005325
80865.234375	-141.857361
80871.093750	-143.579697
80876.953125	-144.804413
80882.812500	-140.499466
80888.671875	-141.406738
80894.531250	-142.944916
80900.390625	-142.086060
80906.250000	-141.776642
80912.109375	-141.263260
80917.968750	-141.258911
80923.828125	-143.359314
80929.687500	-142.757965
80935.546875	-140.687225
80941.406250	-140.292282
80947.265625	-139.815552
80953.125000	-141.359344
80958.984375	-144.970154
80964.843750	-141.220840
80970.703125	-139.115051
80976.562500	-140.016586
80982.421875	-144.197662
80988.281250	-148.858780
80994.140625	-146.854324
81000.000000	-144.186890
81005.859375	-142.741425
81011.718750	-143.111206
81017.578125	-140.699814
81023.437500	-139.418976
81029.296875	-138.236542
81035.156250	-136.889984
81041.015625	-138.435455
81046.875000	-140.884613
81052.734375	-141.932755
81058.593750	-141.591324
81064.453125	-140.951767
81070.312500	-141.196732
81076.171875	-142.021240
81082.031250	-142.913376
81087.890625	-141.874084
81093.750000	-140.957504
81099.609375	-141.213013
81105.468750	-141.524612
81111.328125	-141.264359
81117.187500	-139.169510
81123.046875	-139.286621
81128.906250	-141.010056
81134.765625	-142.068497
81140.625000	-142.908554
81146.484375	-140.493378
81152.343750	-139.219604
81158.203125	-140.648956
81164.062500	-142.275375
81169.921875	-142.268585
81175.781250	-142.004532
81181.640625	-144.676117
81187.500000	-144.579483
81193.359375	-143.963730
81199.218750	-144.229385
81205.078125	-143.770889
81210.937500	-142.833572
81216.796875	-142.041000
81222.656250	-145.646545
81228.515625	-144.254852
81234.375000	-139.885147
81240.234375	-140.219254
81246.093750	-141.505692
81251.953125	-140.160889
81257.812500	-140.105988
81263.671875	-140.764709
81269.531250	-144.076172
81275.390625	-144.869492
81281.250000	-141.117538
81287.109375	-139.185242
81292.968750	-138.950714
81298.828125	-140.156265
81304.687500	-139.737717
81310.546875	-139.780731
81316.406250	-139.845627
81322.265625	-139.981750
81328.125000	-140.623718
81333.984375	-139.103729
81339.843750	-137.713120
81345.703125	-137.413330
81351.562500	-140.198746
81357.421875	-146.065094
81363.281250	-145.117462
81369.140625	-142.014633
81375.000000	-142.334244
81380.859375	-142.691254
81386.718750	-140.965530
81392.578125	-142.393875
81398.437500	-142.920990
81404.296875	-142.578156
81410.156250	-140.687988
81416.015625	-139.921921
81421.875000	-140.806168
81427.734375	-141.189331
81433.593750	-139.567932
81439.453125	-139.345551
81445.312500	-138.755157
81451.171875	-137.551498
81457.031250	-136.378708
81462.890625	-136.399185
81468.750000	-137.404007
81474.609375	-140.610947
81480.468750	-143.263351
81486.328125	-141.714874
81492.187500	-140.494400
81498.046875	-140.285645
81503.906250	-139.499313
81509.765625	-139.545074
81515.625000	-139.913147
81521.484375	-140.679504
81527.343750	-141.128067
81533.203125	-140.447586
81539.062500	-140.405762
81544.921875	-140.624908
81550.781250	-141.933716
81556.640625	-141.910782
81562.500000	-141.089661
81568.359375	-140.593277
81574.218750	-139.210464
81580.078125	-138.650772
81585.937500	-139.478271
81591.796875	-140.751862
81597.656250	-145.123550
81603.515625	-144.590195
81609.375000	-140.653442
81615.234375	-141.410568
81621.093750	-143.134277
81626.953125	-144.416977
81632.812500	-143.364517
81638.671875	-143.043503
81644.531250	-140.797333
81650.390625	-138.760651
81656.250000	-140.639709
81662.109375	-146.539841
81667.968750	-143.173828
81673.828125	-143.104034
81679.687500	-142.020416
81685.546875	-140.903107
81691.406250	-142.808502
81697.265625	-145.462097
81703.125000	-144.386307
81708.984375	-143.080536
81714.843750	-142.585388
81720.703125	-141.899963
81726.562500	-139.504166
81732.421875	-139.191101
81738.281250	-139.329117
81744.140625	-138.259186
81750.000000	-140.131424
81755.859375	-142.026184
81761.718750	-139.291855
81767.578125	-137.003052
81773.437500	-136.221146
81779.296875	-139.434433
81785.156250	-144.196167
81791.015625	-146.943420
81796.875000	-144.527023
81802.734375	-141.084167
81808.593750	-140.792816
81814.453125	-142.384201
81820.312500	-140.241959
81826.171875	-139.854218
81832.031250	-141.916519
81837.890625	-143.231110
81843.750000	-141.372162
81849.609375	-141.353775
81855.468750	-142.302444
81861.328125	-139.160004
81867.187500	-137.175949
81873.046875	-137.628662
81878.906250	-138.640472
81884.765625	-138.869370
81890.625000	-139.576309
81896.484375	-142.160553
81902.343750	-144.503738
81908.203125	-145.135910
81914.062500	-144.937393
81919.921875	-145.498520
81925.781250	-142.698822
81931.640625	-140.870636
81937.500000	-140.612015
81943.359375	-141.220474
81949.218750	-145.719711
81955.078125	-144.046631
81960.937500	-143.628891
81966.796875	-143.491302
81972.656250	-141.413544
81978.515625	-142.284439
81984.375000	-142.824509
81990.234375	-140.052032
81996.093750	-139.300659
82001.953125	-140.983627
82007.812500	-141.412628
82013.671875	-140.722870
82019.531250	-140.662582
82025.390625	-141.210068
82031.250000	-140.573715
82037.109375	-140.768707
82042.968750	-142.243347
82048.828125	-143.892807
82054.687500	-142.416641
82060.546875	-141.696991
82066.406250	-140.717880
82072.265625	-142.719574
82078.125000	-141.946442
82083.984375	-142.119812
82089.843750	-145.387085
82095.703125	-144.669830
82101.562500	-143.609879
82107.421875	-142.808334
82113.281250	-143.097809
82119.140625	-142.764481
82125.000000	-140.387070
82130.859375	-139.764435
82136.718750	-140.519241
82142.578125	-142.596008
82148.437500	-143.374222
82154.296875	-139.881119
82160.156250	-139.006348
82166.015625	-138.957062
82171.875000	-141.543793
82177.734375	-140.972382
82183.593750	-140.520355
82189.453125	-141.605408
82195.312500	-141.070572
82201.171875	-141.318039
82207.031250	-143.739594
82212.890625	-139.686615
82218.750000	-138.691376
82224.609375	-140.866287
82230.468750	-140.251877
82236.328125	-140.205154
82242.187500	-142.554703
82248.046875	-143.272980
82253.906250	-141.056183
82259.765625	-140.685822
82265.625000	-144.358322
82271.484375	-148.375900
82277.343750	-145.347870
82283.203125	-145.178635
82289.062500	-143.098190
82294.921875	-140.748428
82300.781250	-139.012589
82306.640625	-138.706787
82312.500000	-140.878784
82318.359375	-140.716629
82324.218750	-139.342773
82330.078125	-138.482285
82335.937500	-138.762085
82341.796875	-140.697922
82347.656250	-143.823975
82353.515625	-150.136444
82359.375000	-143.672867
82365.234375	-142.161606
82371.093750	-140.949951
82376.953125	-141.811722
82382.812500	-147.281525
82388.671875	-143.468323
82394.531250	-143.023224
82400.390625	-140.021133
82406.250000	-139.777924
82412.109375	-142.613297
82417.968750	-141.821442
82423.828125	-141.593216
82429.687500	-143.663422
82435.546875	-145.357483
82441.406250	-144.152924
82447.265625	-144.513779
82453.125000	-141.435104
82458.984375	-140.319214
82464.843750	-141.590317
82470.703125	-142.263840
82476.562500	-143.338501
82482.421875	-144.206223
82488.281250	-141.436539
82494.140625	-143.166763
82500.000000	-144.747696
82505.859375	-143.698517
82511.718750	-144.791611
82517.578125	-144.566116
82523.437500	-144.237778
82529.296875	-142.972214
82535.156250	-142.714005
82541.015625	-143.902725
82546.875000	-140.587250
82552.734375	-137.873505
82558.593750	-136.900620
82564.453125	-139.347610
82570.312500	-141.204819
82576.171875	-139.263245
82582.031250	-137.723618
82587.890625	-139.454559
82593.750000	-140.924057
82599.609375	-141.501923
82605.468750	-142.361313
82611.328125	-144.291565
82617.187500	-144.407745
82623.046875	-142.908066
82628.906250	-140.605331
82634.765625	-139.565475
82640.625000	-139.933762
82646.484375	-142.039383
82652.343750	-145.296875
82658.203125	-144.652985
82664.062500	-144.155731
82669.921875	-144.025284
82675.781250	-143.706909
82681.640625	-145.694901
82687.500000	-144.566513
82693.359375	-144.779831
82699.218750	-142.953568
82705.078125	-141.849640
82710.937500	-140.426331
82716.796875	-139.672424
82722.656250	-140.282272
82728.515625	-142.382751
82734.375000	-142.061874
82740.234375	-145.951752
82746.093750	-144.564575
82751.953125	-141.950989
82757.812500	-141.037781
82763.671875	-140.422592
82769.531250	-140.333893
82775.390625	-139.418472
82781.250000	-139.431595
82787.109375	-140.711884
82792.968750	-141.159134
82798.828125	-141.891083
82804.687500	-141.853760
82810.546875	-144.069366
82816.406250	-145.907166
82822.265625	-140.392105
82828.125000	-138.286133
82833.984375	-138.440506
82839.843750	-141.598038
82845.703125	-145.849976
82851.562500	-146.246475
82857.421875	-144.164078
82863.281250	-143.473145
82869.140625	-141.247955
82875.000000	-139.565109
82880.859375	-138.775406
82886.718750	-138.321869
82892.578125	-137.925644
82898.437500	-137.892487
82904.296875	-137.429871
82910.156250	-137.425461
82916.015625	-137.437653
82921.875000	-138.853622
82927.734375	-143.453461
82933.593750	-145.451569
82939.453125	-140.210480
82945.312500	-140.417786
82951.171875	-139.490051
82957.031250	-139.164551
82962.890625	-138.669769
82968.750000	-138.882309
82974.609375	-138.088150
82980.468750	-139.916229
82986.328125	-141.380875
82992.187500	-141.611710
82998.046875	-139.972534
83003.906250	-138.517303
83009.765625	-138.875107
83015.625000	-139.505386
83021.484375	-140.402222
83027.343750	-144.159012
83033.203125	-145.483444
83039.062500	-142.939896
83044.921875	-144.221527
83050.781250	-141.120697
83056.640625	-140.296066
83062.500000	-141.239944
83068.359375	-140.223923
83074.218750	-141.100906
83080.078125	-142.708374
83085.937500	-144.182358
83091.796875	-145.539825
83097.656250	-141.015442
83103.515625	-140.145844
83109.375000	-143.139664
83115.234375	-142.470718
83121.093750	-139.460770
83126.953125	-140.107498
83132.812500	-141.293716
83138.671875	-142.080414
83144.531250	-142.649490
83150.390625	-141.378143
83156.250000	-139.696686
83162.109375	-142.013184
83167.968750	-142.205200
83173.828125	-141.889908
83179.687500	-140.156723
83185.546875	-138.835495
83191.406250	-139.168564
83197.265625	-140.519775
83203.125000	-140.054001
83208.984375	-140.087662
83214.843750	-139.034973
83220.703125	-138.758362
83226.562500	-139.904282
83232.421875	-141.104950
83238.281250	-140.993149
83244.140625	-143.341248
83250.000000	-144.361176
83255.859375	-142.133774
83261.718750	-138.640625
83267.578125	-137.211258
83273.437500	-137.894547
83279.296875	-140.817825
83285.156250	-145.647507
83291.015625	-143.557587
83296.875000	-140.891479
83302.734375	-138.247894
83308.593750	-137.288895
83314.453125	-139.863144
83320.312500	-144.525497
83326.171875	-142.347977
83332.031250	-139.433914
83337.890625	-139.178192
83343.750000	-140.597488
83349.609375	-144.455734
83355.468750	-142.119766
83361.328125	-139.840546
83367.187500	-137.246719
83373.046875	-137.331787
83378.906250	-138.560150
83384.765625	-139.111786
83390.625000	-139.577759
83396.484375	-139.027206
83402.343750	-139.321259
83408.203125	-142.339279
83414.062500	-142.418793
83419.921875	-142.195801
83425.781250	-141.216537
83431.640625	-141.046799
83437.500000	-143.118469
83443.359375	-147.271439
83449.218750	-145.219543
83455.078125	-143.908325
83460.937500	-144.769623
83466.796875	-146.021698
83472.656250	-147.187073
83478.515625	-142.898041
83484.375000	-140.708542
83490.234375	-139.145325
83496.093750	-137.684296
83501.953125	-137.348923
83507.812500	-138.345154
83513.671875	-139.671600
83519.531250	-141.302521
83525.390625	-142.363907
83531.250000	-143.681427
83537.109375	-145.043442
83542.968750	-143.839386
83548.828125	-140.041077
83554.687500	-140.274216
83560.546875	-141.824432
83566.406250	-141.975174
83572.265625	-142.329803
83578.125000	-144.777298
83583.984375	-146.241638
83589.843750	-143.293335
83595.703125	-140.852310
83601.562500	-141.924805
83607.421875	-145.920425
83613.281250	-143.370804
83619.140625	-142.421707
83625.000000	-140.395523
83630.859375	-139.290146
83636.718750	-141.399780
83642.578125	-145.787476
83648.437500	-144.154404
83654.296875	-140.542450
83660.156250	-139.683624
83666.015625	-138.301422
83671.875000	-139.092987
83677.734375	-141.056625
83683.593750	-137.907654
83689.453125	-136.528000
83695.312500	-138.285950
83701.171875	-141.854340
83707.031250	-142.588943
83712.890625	-143.428589
83718.750000	-147.096146
83724.609375	-146.215836
83730.468750	-140.086090
83736.328125	-137.942642
83742.187500	-139.989334
83748.046875	-140.781143
83753.906250	-140.746674
83759.765625	-140.684723
83765.625000	-141.566605
83771.484375	-143.259857
83777.343750	-138.714218
83783.203125	-137.542236
83789.062500	-137.835556
83794.921875	-138.283539
83800.781250	-138.669708
83806.640625	-140.670166
83812.500000	-146.280624
83818.359375	-145.024445
83824.218750	-136.974350
83830.078125	-138.032974
83835.937500	-142.519211
83841.796875	-142.918259
83847.656250	-140.701965
83853.515625	-140.555038
83859.375000	-141.896912
83865.234375	-142.454666
83871.093750	-140.516861
83876.953125	-140.057373
83882.812500	-141.942291
83888.671875	-143.847961
83894.531250	-140.554016
83900.390625	-138.427139
83906.250000	-139.759415
83912.109375	-146.700333
83917.968750	-148.800064
83923.828125	-144.818726
83929.687500	-142.057312
83935.546875	-139.840927
83941.406250	-140.408966
83947.265625	-139.829208
83953.125000	-139.744034
83958.984375	-139.383133
83964.843750	-139.369827
83970.703125	-140.752701
83976.562500	-139.779922
83982.421875	-139.224823
83988.281250	-138.784454
83994.140625	-142.959991
84000.000000	-142.776505
84005.859375	-143.076202
84011.718750	-142.141037
84017.578125	-139.773071
84023.437500	-140.321579
84029.296875	-141.901245
84035.156250	-142.067825
84041.015625	-140.429321
84046.875000	-140.234619
84052.734375	-143.120331
84058.593750	-144.382751
84064.453125	-144.445099
84070.312500	-143.392426
84076.171875	-143.026199
84082.031250	-141.932007
84087.890625	-142.050140
84093.750000	-143.360168
84099.609375	-143.236542
84105.468750	-139.174301
84111.328125	-138.017212
84117.187500	-138.350540
84123.046875	-141.403900
84128.906250	-141.964172
84134.765625	-142.394684
84140.625000	-142.376099
84146.484375	-140.294662
84152.343750	-138.484406
84158.203125	-139.125168
84164.062500	-140.982285
84169.921875	-139.954285
84175.781250	-140.245712
84181.640625	-142.332504
84187.500000	-140.077286
84193.359375	-137.824142
84199.218750	-137.981522
84205.078125	-139.657578
84210.937500	-138.738510
84216.796875	-139.496490
84222.656250	-142.379791
84228.515625	-140.636383
84234.375000	-140.067871
84240.234375	-141.923599
84246.093750	-144.415863
84251.953125	-146.642654
84257.812500	-142.235428
84263.671875	-140.812866
84269.531250	-146.884079
84275.390625	-146.725296
84281.250000	-141.297974
84287.109375	-141.257202
84292.968750	-141.293610
84298.828125	-142.476135
84304.687500	-142.591431
84310.546875	-142.736145
84316.406250	-143.418274
84322.265625	-142.615067
84328.125000	-143.234436
84333.984375	-143.257950
84339.843750	-142.366150
84345.703125	-139.286499
84351.562500	-139.640366
84357.421875	-139.831665
84363.281250	-139.501328
84369.140625	-138.464371
84375.000000	-138.725143
84380.859375	-141.581894
84386.718750	-142.127197
84392.578125	-142.633987
84398.437500	-141.262375
84404.296875	-140.742783
84410.156250	-139.270569
84416.015625	-136.760056
84421.875000	-135.967850
84427.734375	-137.831360
84433.593750	-139.845581
84439.453125	-143.538773
84445.312500	-144.018204
84451.171875	-141.869583
84457.031250	-146.067505
84462.890625	-144.193741
84468.750000	-139.893860
84474.609375	-141.599854
84480.468750	-144.884613
84486.328125	-140.467606
84492.187500	-138.841949
84498.046875	-139.156662
84503.906250	-142.139328
84509.765625	-144.513046
84515.625000	-143.748215
84521.484375	-139.819733
84527.343750	-138.744965
84533.203125	-141.320145
84539.062500	-145.710052
84544.921875	-145.677200
84550.781250	-140.408203
84556.640625	-141.440094
84562.500000	-140.730942
84568.359375	-140.329391
84574.218750	-142.066284
84580.078125	-139.840042
84585.937500	-139.740891
84591.796875	-142.837357
84597.656250	-141.674240
84603.515625	-139.925140
84609.375000	-139.979904
84615.234375	-138.872849
84621.093750	-138.872101
84626.953125	-136.973480
84632.812500	-136.277695
84638.671875	-138.865997
84644.531250	-141.809967
84650.390625	-143.460327
84656.250000	-141.105423
84662.109375	-139.161316
84667.968750	-138.377045
84673.828125	-141.289993
84679.687500	-144.620102
84685.546875	-148.397507
84691.406250	-150.803085
84697.265625	-147.487823
84703.125000	-143.099075
84708.984375	-141.234879
84714.843750	-142.176514
84720.703125	-141.883484
84726.562500	-140.768997
84732.421875	-140.680588
84738.281250	-141.135590
84744.140625	-139.358551
84750.000000	-141.555359
84755.859375	-140.302521
84761.718750	-139.491486
84767.578125	-143.050247
84773.437500	-145.494553
84779.296875	-140.070404
84785.156250	-139.629425
84791.015625	-144.636490
84796.875000	-144.159836
84802.734375	-140.949158
84808.593750	-138.775925
84814.453125	-139.311478
84820.312500	-143.135941
84826.171875	-141.884705
84832.031250	-141.321960
84837.890625	-141.985275
84843.750000	-145.565720
84849.609375	-140.727005
84855.468750	-141.096054
84861.328125	-142.854080
84867.187500	-140.526321
84873.046875	-138.920105
84878.906250	-139.065277
84884.765625	-139.202698
84890.625000	-140.663513
84896.484375	-142.263412
84902.343750	-140.642258
84908.203125	-139.039017
84914.062500	-137.643219
84919.921875	-138.075287
84925.781250	-139.745132
84931.640625	-138.720413
84937.500000	-138.812119
84943.359375	-139.274918
84949.218750	-141.036942
84955.078125	-141.684784
84960.937500	-140.247971
84966.796875	-140.303558
84972.656250	-139.861618
84978.515625	-140.479034
84984.375000	-140.545197
84990.234375	-142.506073
84996.093750	-140.519821
85001.953125	-140.055527
85007.812500	-140.058487
85013.671875	-140.086548
85019.531250	-142.635620
85025.390625	-142.252350
85031.250000	-140.986206
85037.109375	-124.535202
85042.968750	-101.391953
85048.828125	-90.142151
85054.687500	-86.435005
85060.546875	-89.424202
85066.406250	-99.794220
85072.265625	-121.133774
85078.125000	-142.515045
85083.984375	-141.100708
85089.843750	-140.205261
85095.703125	-139.173782
85101.562500	-142.184479
85107.421875	-143.942398
85113.281250	-142.245026
85119.140625	-141.958008
85125.000000	-141.437119
85130.859375	-140.922607
85136.718750	-140.016586
85142.578125	-140.602737
85148.437500	-117.203041
85154.296875	-98.020653
85160.156250	-88.671394
85166.015625	-86.500481
85171.875000	-91.031700
85177.734375	-103.328857
85183.593750	-128.492905
85189.453125	-138.511963
85195.312500	-137.831009
85201.171875	-137.243729
85207.031250	-139.410095
85212.890625	-140.020248
85218.750000	-139.813141
85224.609375	-140.056061
85230.468750	-140.757904
85236.328125	-144.793869
85242.187500	-143.879425
85248.046875	-141.728470
85253.906250	-141.841278
85259.765625	-111.535164
85265.625000	-95.110039
85271.484375	-87.535522
85277.343750	-86.875870
85283.203125	-93.005646
85289.062500	-107.434883
85294.921875	-137.476242
85300.781250	-140.336487
85306.640625	-142.239746
85312.500000	-139.336502
85318.359375	-139.590439
85324.218750	-142.608612
85330.078125	-141.442429
85335.937500	-140.581757
85341.796875	-141.020721
85347.656250	-141.906342
85353.515625	-139.392776
85359.375000	-139.269562
85365.234375	-133.943405
85371.093750	-106.943558
85376.953125	-92.740120
85382.812500	-86.791763
85388.671875	-87.632866
85394.531250	-95.451851
85400.390625	-112.347343
85406.250000	-141.010803
85412.109375	-143.984253
85417.968750	-144.050583
85423.828125	-142.436707
85429.687500	-144.001511
85435.546875	-141.692139
85441.406250	-139.685974
85447.265625	-140.221054
85453.125000	-140.978897
85458.984375	-141.283081
85464.843750	-140.398376
85470.703125	-139.433853
85476.562500	-126.613869
85482.421875	-102.792152
85488.281250	-90.737297
85494.140625	-86.383804
85500.000000	-88.734642
85505.859375	-98.298256
85511.718750	-117.967682
85517.578125	-143.554886
85523.437500	-141.236252
85529.296875	-140.786652
85535.156250	-141.930603
85541.015625	-142.846664
85546.875000	-140.719086
85552.734375	-141.754013
85558.593750	-142.125580
85564.453125	-142.066010
85570.312500	-141.526581
85576.171875	-142.121185
85582.031250	-142.646561
85587.890625	-119.745796
85593.750000	-99.222694
85599.609375	-89.114014
85605.468750	-86.310989
85611.328125	-90.198265
85617.187500	-101.653442
85623.046875	-124.598160
85628.906250	-142.424210
85634.765625	-143.220993
85640.625000	-143.427338
85646.484375	-144.509323
85652.343750	-140.285339
85658.203125	-140.816864
85664.062500	-144.020874
85669.921875	-141.170853
85675.781250	-139.829697
85681.640625	-140.898682
85687.500000	-143.801697
85693.359375	-142.611740
85699.218750	-113.701256
85705.078125	-96.160370
85710.937500	-87.866577
85716.796875	-86.581711
85722.656250	-92.035965
85728.515625	-105.467278
85734.375000	-131.205215
85740.234375	-141.989151
85746.093750	-141.558273
85751.953125	-143.556717
85757.812500	-144.883606
85763.671875	-142.260803
85769.531250	-141.729401
85775.390625	-139.465546
85781.250000	-138.669876
85787.109375	-140.559830
85792.968750	-139.559341
85798.828125	-138.603317
85804.687500	-133.971695
85810.546875	-108.462784
85816.406250	-93.552071
85822.265625	-86.956619
85828.125000	-87.180923
85833.984375	-94.278091
85839.843750	-110.043472
85845.703125	-137.175400
85851.562500	-141.551468
85857.421875	-143.835419
85863.281250	-143.251846
85869.140625	-140.076294
85875.000000	-140.776428
85880.859375	-140.093842
85886.718750	-140.233856
85892.578125	-140.310104
85898.437500	-139.787460
85904.296875	-142.119736
85910.156250	-141.349472
85916.015625	-129.076263
85921.875000	-104.286446
85927.734375	-91.426308
85933.593750	-86.432930
85939.453125	-88.162064
85945.312500	-96.991348
85951.171875	-115.447350
85957.031250	-141.181870
85962.890625	-140.708801
85968.750000	-140.596802
85974.609375	-142.980896
85980.468750	-141.206970
85986.328125	-140.644638
85992.187500	-142.738129
85998.046875	-143.710526
86003.906250	-142.260284
86009.765625	-141.568329
86015.625000	-143.469269
86021.484375	-144.604141
86027.343750	-121.975128
86033.203125	-100.534103
86039.062500	-89.666969
86044.921875	-86.237167
86050.781250	-89.497330
86056.640625	-100.185051
86062.500000	-121.602493
86068.359375	-140.252762
86074.218750	-141.427521
86080.078125	-141.480240
86085.937500	-140.544891
86091.796875	-140.780151
86097.656250	-139.349350
86103.515625	-139.274704
86109.375000	-140.468781
86115.234375	-140.056046
86121.093750	-138.233459
86126.953125	-139.792145
86132.812500	-140.204865
86138.671875	-116.340935
86144.531250	-97.349113
86150.390625	-88.281990
86156.250000	-86.367546
86162.109375	-91.170097
86167.968750	-103.786087
86173.828125	-128.533173
86179.687500	-144.615280
86185.546875	-143.991272
86191.406250	-139.863800
86197.265625	-137.731033
86203.125000	-138.191101
86208.984375	-140.791168
86214.843750	-139.662384
86220.703125	-138.622559
86226.562500	-138.020264
86232.421875	-140.636276
86238.281250	-143.006500
86244.140625	-139.961441
86250.000000	-110.747375
86255.859375	-94.572311
86261.718750	-87.260170
86267.578125	-86.861816
86273.437500	-93.286423
86279.296875	-108.123817
86285.156250	-135.695938
86291.015625	-139.807480
86296.875000	-141.621323
86302.734375	-142.141510
86308.593750	-138.031876
86314.453125	-135.187073
86320.312500	-136.222153
86326.171875	-139.361603
86332.031250	-140.507278
86337.890625	-142.219467
86343.750000	-143.772232
86349.609375	-145.441513
86355.468750	-133.844391
86361.328125	-106.067535
86367.187500	-92.258728
86373.046875	-86.595490
86378.906250	-87.697250
86384.765625	-95.794662
86390.625000	-113.016846
86396.484375	-142.627289
86402.343750	-143.379822
86408.203125	-141.208191
86414.062500	-139.918839
86419.921875	-141.631241
86425.781250	-144.091949
86431.640625	-145.846313
86437.500000	-145.342773
86443.359375	-142.630798
86449.218750	-139.977173
86455.078125	-139.030548
86460.937500	-139.104218
86466.796875	-125.027603
86472.656250	-102.044518
86478.515625	-90.330276
86484.375000	-86.251274
86490.234375	-88.871628
86496.093750	-98.757370
86501.953125	-118.680550
86507.812500	-137.610031
86513.671875	-137.275223
86519.531250	-137.079193
86525.390625	-139.618057
86531.250000	-141.372787
86537.109375	-140.584641
86542.968750	-142.309387
86548.828125	-144.007874
86554.687500	-144.043076
86560.546875	-141.621826
86566.406250	-138.995926
86572.265625	-138.862762
86578.125000	-118.645355
86583.984375	-98.605766
86589.843750	-88.807373
86595.703125	-86.270660
86601.562500	-90.433311
86607.421875	-102.245178
86613.281250	-125.641617
86619.140625	-138.481567
86625.000000	-139.743118
86630.859375	-140.878906
86636.718750	-140.432388
86642.578125	-138.346512
86648.437500	-139.933578
86654.296875	-139.342316
86660.156250	-139.082138
86666.015625	-141.350220
86671.875000	-141.492783
86677.734375	-142.114792
86683.593750	-143.128448
86689.453125	-112.856735
86695.312500	-95.649017
86701.171875	-87.639977
86707.031250	-86.619591
86712.890625	-92.361664
86718.750000	-106.228737
86724.609375	-133.451401
86730.468750	-143.202271
86736.328125	-141.654236
86742.187500	-138.480560
86748.046875	-136.868835
86753.906250	-135.538193
86759.765625	-136.743347
86765.625000	-141.914032
86771.484375	-140.628448
86777.343750	-137.593964
86783.203125	-137.857162
86789.062500	-138.024200
86794.921875	-135.119843
86800.781250	-107.884521
86806.640625	-93.172600
86812.500000	-86.844353
86818.359375	-87.333344
86824.218750	-94.741432
86830.078125	-110.925240
86835.937500	-136.739075
86841.796875	-139.726517
86847.656250	-141.992523
86853.515625	-142.842224
86859.375000	-140.476181
86865.234375	-138.493683
86871.093750	-138.864899
86876.953125	-140.263733
86882.812500	-139.986694
86888.671875	-139.049393
86894.531250	-138.750839
86900.390625	-138.655487
86906.250000	-128.295578
86912.109375	-103.612312
86917.968750	-91.093681
86923.828125	-86.379501
86929.687500	-88.378677
86935.546875	-97.546120
86941.406250	-116.767441
86947.265625	-138.869675
86953.125000	-142.008743
86958.984375	-145.183762
86964.843750	-141.407181
86970.703125	-140.712433
86976.562500	-141.768631
86982.421875	-141.339325
86988.281250	-141.314545
86994.140625	-140.973495
87000.000000	-139.098663
87005.859375	-139.375473
87011.718750	-141.239517
87017.578125	-120.940857
87023.437500	-99.947540
87029.296875	-89.420097
87035.156250	-86.262428
87041.015625	-89.794556
87046.875000	-100.831718
87052.734375	-123.192841
87058.593750	-137.491959
87064.453125	-136.673294
87070.312500	-137.901443
87076.171875	-139.458389
87082.031250	-141.206757
87087.890625	-143.217010
87093.750000	-145.325729
87099.609375	-141.256149
87105.468750	-141.392990
87111.328125	-142.523468
87117.187500	-141.526108
87123.046875	-140.123169
87128.906250	-114.978882
87134.765625	-96.847992
87140.625000	-88.127068
87146.484375	-86.490768
87152.343750	-91.585800
87158.203125	-104.643379
87164.062500	-131.148712
87169.921875	-141.431442
87175.781250	-141.733841
87181.640625	-144.800690
87187.500000	-142.784363
87193.359375	-140.468323
87199.218750	-142.390335
87205.078125	-141.503113
87210.937500	-141.096527
87216.796875	-143.280426
87222.656250	-144.073837
87228.515625	-141.922668
87234.375000	-137.253555
87240.234375	-109.862885
87246.093750	-94.206657
87251.953125	-87.205673
87257.812500	-87.075066
87263.671875	-93.800644
87269.531250	-109.093933
87275.390625	-138.519455
87281.250000	-141.574585
87287.109375	-140.584000
87292.968750	-137.687622
87298.828125	-136.852295
87304.687500	-138.669266
87310.546875	-140.906067
87316.406250	-140.956039
87322.265625	-143.218231
87328.125000	-146.562622
87333.984375	-143.573105
87339.843750	-141.322586
87345.703125	-129.688629
87351.562500	-105.271805
87357.421875	-91.974335
87363.281250	-86.615112
87369.140625	-87.994537
87375.000000	-96.433632
87380.859375	-114.338684
87386.718750	-142.479416
87392.578125	-141.886230
87398.437500	-139.842285
87404.296875	-140.077423
87410.156250	-141.637161
87416.015625	-140.648285
87421.875000	-138.786957
87427.734375	-138.298218
87433.593750	-138.156677
87439.453125	-137.729233
87445.312500	-138.481995
87451.171875	-140.959427
87457.031250	-123.818703
87462.890625	-101.487320
87468.750000	-90.159401
87474.609375	-86.361115
87480.468750	-89.251816
87486.328125	-99.476158
87492.187500	-120.357704
87498.046875	-141.580612
87503.906250	-139.121552
87509.765625	-137.181259
87515.625000	-138.061432
87521.484375	-140.435196
87527.343750	-140.187393
87533.203125	-141.726257
87539.062500	-144.663437
87544.921875	-145.381470
87550.781250	-143.285461
87556.640625	-142.911224
87562.500000	-144.652176
87568.359375	-117.743095
87574.218750	-98.211670
87580.078125	-88.739388
87585.937500	-86.474480
87591.796875	-90.917725
87597.656250	-103.099953
87603.515625	-127.706352
87609.375000	-138.613586
87615.234375	-137.384567
87621.093750	-140.561737
87626.953125	-143.834549
87632.812500	-143.416229
87638.671875	-140.125610
87644.531250	-139.960190
87650.390625	-140.056519
87656.250000	-140.576782
87662.109375	-141.740250
87667.968750	-143.113968
87673.828125	-140.582031
87679.687500	-111.972626
87685.546875	-95.351585
87691.406250	-87.664131
87697.265625	-86.913689
87703.125000	-92.954300
87708.984375	-107.256165
87714.843750	-136.814789
87720.703125	-144.298676
87726.562500	-141.621552
87732.421875	-143.623627
87738.281250	-145.412552
87744.140625	-140.691086
87750.000000	-139.669357
87755.859375	-141.235321
87761.718750	-142.542374
87767.578125	-141.513779
87773.437500	-140.941223
87779.296875	-141.926849
87785.156250	-136.364594
87791.015625	-107.326042
87796.875000	-92.998718
87802.734375	-86.955193
87808.593750	-87.711357
87814.453125	-95.424614
87820.312500	-112.248383
87826.171875	-148.789978
87832.031250	-141.758774
87837.890625	-141.548111
87843.750000	-139.012497
87849.609375	-138.502243
87855.468750	-138.817627
87861.328125	-142.029999
87867.187500	-143.379227
87873.046875	-142.021011
87878.906250	-141.731003
87884.765625	-143.601456
87890.625000	-144.786011
87896.484375	-127.852242
87902.343750	-103.258987
87908.203125	-91.028938
87914.062500	-86.573517
87919.921875	-88.831322
87925.781250	-98.280563
87931.640625	-117.547569
87937.500000	-139.666794
87943.359375	-140.315277
87949.218750	-138.257004
87955.078125	-138.050293
87960.937500	-140.560104
87966.796875	-142.997482
87972.656250	-144.037292
87978.515625	-141.532776
87984.375000	-139.906754
87990.234375	-141.931351
87996.093750	-142.707047
88001.953125	-140.484024
88007.812500	-119.893402
88013.671875	-99.628067
88019.531250	-89.439957
88025.390625	-86.550903
88031.250000	-90.341736
88037.109375	-101.636681
88042.968750	-123.827812
88048.828125	-143.818100
88054.687500	-140.919235
88060.546875	-140.325363
88066.406250	-138.668442
88072.265625	-137.114243
88078.125000	-138.227158
88083.984375	-143.187729
88089.843750	-144.759308
88095.703125	-141.281113
88101.562500	-138.536804
88107.421875	-136.952621
88113.281250	-138.140701
88119.140625	-114.138756
88125.000000	-96.614594
88130.859375	-88.228577
88136.718750	-86.863037
88142.578125	-92.243301
88148.437500	-105.707863
88154.296875	-133.978531
88160.156250	-137.226044
88166.015625	-139.650314
88171.875000	-140.593628
88177.734375	-139.972702
88183.593750	-142.943451
88189.453125	-141.364380
88195.312500	-138.686600
88201.171875	-138.359726
88207.031250	-139.321487
88212.890625	-139.074020
88218.750000	-138.035599
88224.609375	-135.430801
88230.468750	-109.310196
88236.328125	-94.101982
88242.187500	-87.388603
88248.046875	-87.521980
88253.906250	-94.523384
88259.765625	-110.184547
88265.625000	-140.307709
88271.484375	-143.417313
88277.343750	-145.028900
88283.203125	-145.608383
88289.062500	-143.514038
88294.921875	-140.872726
88300.781250	-139.278549
88306.640625	-138.025742
88312.500000	-137.984161
88318.359375	-139.804977
88324.218750	-141.075150
88330.078125	-142.608002
88335.937500	-131.067444
88341.796875	-105.009468
88347.656250	-91.980049
88353.515625	-86.888901
88359.375000	-88.523979
88365.234375	-97.236549
88371.093750	-115.445145
88376.953125	-141.939575
88382.812500	-143.114853
88388.671875	-140.959717
88394.531250	-142.522354
88400.390625	-142.285233
88406.250000	-139.593964
88412.109375	-138.924927
88417.968750	-139.569122
88423.828125	-140.245102
88429.687500	-143.449142
88435.546875	-145.363953
88441.406250	-141.556549
88447.265625	-122.337677
88453.125000	-101.193626
88458.984375	-90.249199
88464.843750	-86.731750
88470.703125	-89.896873
88476.562500	-100.460655
88482.421875	-121.763176
88488.281250	-141.498520
88494.140625	-141.136368
88500.000000	-140.424973
88505.859375	-139.524811
88511.718750	-140.851120
88517.578125	-145.627609
88523.437500	-141.029404
88529.296875	-138.961990
88535.156250	-140.859589
88541.015625	-142.595444
88546.875000	-141.252838
88552.734375	-140.756592
88558.593750	-116.694313
88564.453125	-98.048866
88570.312500	-88.924988
88576.171875	-86.932350
88582.031250	-91.642448
88587.890625	-104.132469
88593.750000	-128.582764
88599.609375	-137.481796
88605.468750	-137.262085
88611.328125	-138.131180
88617.187500	-139.516861
88623.046875	-140.671600
88628.906250	-141.104034
88634.765625	-139.922729
88640.625000	-139.421158
88646.484375	-142.048431
88652.343750	-143.214996
88658.203125	-138.553299
88664.062500	-137.569473
88669.921875	-111.719032
88675.781250	-95.364006
88681.640625	-87.946472
88687.500000	-87.456276
88693.359375	-93.787956
88699.218750	-108.538536
88705.078125	-136.278915
88710.937500	-138.698013
88716.796875	-140.008255
88722.656250	-141.426651
88728.515625	-140.761597
88734.375000	-140.967789
88740.234375	-141.118927
88746.093750	-142.415741
88751.953125	-143.775833
88757.812500	-140.484634
88763.671875	-140.072159
88769.531250	-141.470520
88775.390625	-133.028854
88781.250000	-106.923340
88787.109375	-93.060890
88792.968750	-87.314613
88798.828125	-88.330078
88804.687500	-96.323891
88810.546875	-113.402985
88816.406250	-144.910828
88822.265625	-144.225479
88828.125000	-143.345963
88833.984375	-144.285965
88839.843750	-144.085419
88845.703125	-142.399628
88851.562500	-138.652222
88857.421875	-138.835129
88863.281250	-141.989868
88869.140625	-142.245407
88875.000000	-142.376053
88880.859375	-140.740219
88886.718750	-126.089851
88892.578125	-103.007042
88898.437500	-91.198486
88904.296875	-87.029976
88910.156250	-89.555649
88916.015625	-99.310921
88921.875000	-118.824158
88927.734375	-136.251633
88933.593750	-137.593811
88939.453125	-139.718353
88945.312500	-139.454620
88951.171875	-139.478989
88957.031250	-138.668549
88962.890625	-139.272507
88968.750000	-141.476318
88974.609375	-144.933289
88980.468750	-143.167557
88986.328125	-143.942505
88992.187500	-143.216782
88998.046875	-119.694481
89003.906250	-99.607925
89009.765625	-89.722160
89015.625000	-87.099136
89021.484375	-91.164490
89027.343750	-102.830048
89033.203125	-126.080299
89039.062500	-141.898132
89044.921875	-144.152664
89050.781250	-146.077637
89056.640625	-142.025223
89062.500000	-139.767517
89068.359375	-139.048996
89074.218750	-139.237640
89080.078125	-140.484055
89085.937500	-141.455566
89091.796875	-141.590378
89097.656250	-141.554428
89103.515625	-139.986023
89109.375000	-114.253288
89115.234375	-96.746674
89121.093750	-88.603981
89126.953125	-87.489357
89132.812500	-93.140236
89138.671875	-106.862061
89144.531250	-132.093475
89150.390625	-141.200806
89156.250000	-141.673218
89162.109375	-142.673920
89167.968750	-141.667984
89173.828125	-139.590332
89179.687500	-141.124939
89185.546875	-141.776230
89191.406250	-140.423340
89197.265625	-138.105927
89203.125000	-137.463486
89208.984375	-138.086929
89214.843750	-136.074661
89220.703125	-109.093864
89226.562500	-94.266525
89232.421875	-87.845528
89238.281250	-88.248047
89244.140625	-95.569565
89250.000000	-111.774330
89255.859375	-138.051453
89261.718750	-139.546707
89267.578125	-144.050858
89273.437500	-141.407990
89279.296875	-140.175812
89285.156250	-140.412460
89291.015625	-140.528351
89296.875000	-140.519302
89302.734375	-141.062347
89308.593750	-142.452972
89314.453125	-144.482758
89320.312500	-143.265228
89326.171875	-130.677017
89332.031250	-104.977104
89337.890625	-92.274101
89343.750000	-87.454720
89349.609375	-89.364807
89355.468750	-98.431480
89361.328125	-117.489616
89367.187500	-137.157120
89373.046875	-137.612808
89378.906250	-139.496399
89384.765625	-139.862518
89390.625000	-138.137848
89396.484375	-138.570602
89402.343750	-140.671310
89408.203125	-141.078110
89414.062500	-140.009827
89419.921875	-141.173004
89425.781250	-144.051727
89431.640625	-147.440872
89437.500000	-122.615097
89443.359375	-101.293610
89449.218750	-90.629974
89455.078125	-87.373528
89460.937500	-90.805038
89466.796875	-101.695755
89472.656250	-123.409157
89478.515625	-141.142609
89484.375000	-140.576706
89490.234375	-138.894562
89496.093750	-138.338547
89501.953125	-141.137100
89507.812500	-141.985291
89513.671875	-142.813354
89519.531250	-141.271912
89525.390625	-142.020905
89531.250000	-140.030838
89537.109375	-139.151962
89542.968750	-138.550507
89548.828125	-116.711700
89554.687500	-98.222404
89560.546875	-89.385452
89566.406250	-87.656242
89572.265625	-92.656197
89578.125000	-105.563515
89583.984375	-131.141861
89589.843750	-138.807724
89595.703125	-139.439713
89601.562500	-141.618134
89607.421875	-144.653366
89613.281250	-144.967255
89619.140625	-142.392532
89625.000000	-137.892914
89630.859375	-138.823044
89636.718750	-143.089966
89642.578125	-143.813766
89648.437500	-140.328476
89654.296875	-137.376068
89660.156250	-111.420715
89666.015625	-95.616531
89671.875000	-88.515152
89677.734375	-88.303970
89683.593750	-94.964378
89689.453125	-110.336273
89695.312500	-143.460587
89701.171875	-139.937943
89707.031250	-140.241974
89712.890625	-143.969055
89718.750000	-143.575027
89724.609375	-140.920776
89730.468750	-141.574188
89736.328125	-143.062790
89742.187500	-141.333481
89748.046875	-140.669525
89753.906250	-141.891464
89759.765625	-142.180038
89765.625000	-133.289124
89771.484375	-106.944290
89777.343750	-93.445816
89783.203125	-87.980247
89789.062500	-89.265343
89794.921875	-97.568756
89800.781250	-115.089653
89806.640625	-139.965729
89812.500000	-139.866623
89818.359375	-141.816666
89824.218750	-141.825134
89830.078125	-141.012711
89835.937500	-140.795792
89841.796875	-138.927277
89847.656250	-137.408203
89853.515625	-138.307877
89859.375000	-141.429474
89865.234375	-142.132065
89871.093750	-141.865875
89876.953125	-125.457985
89882.812500	-103.102814
89888.671875	-91.672287
89894.531250	-87.784607
89900.390625	-90.578392
89906.250000	-100.648659
89912.109375	-120.787445
89917.968750	-144.119934
89923.828125	-143.057053
89929.687500	-141.763611
89935.546875	-142.103210
89941.406250	-140.540024
89947.265625	-138.478699
89953.125000	-137.511185
89958.984375	-137.089371
89964.843750	-137.411194
89970.703125	-138.100739
89976.562500	-139.353531
89982.421875	-139.230301
89988.281250	-119.496407
89994.140625	-99.869720
90000.000000	-90.296684
90005.859375	-87.940308
90011.718750	-92.278473
90017.578125	-104.254776
90023.437500	-127.237679
90029.296875	-139.022018
90035.156250	-137.737534
90041.015625	-139.838684
90046.875000	-138.356720
90052.734375	-137.922546
90058.593750	-138.880051
90064.453125	-140.857803
90070.312500	-141.889435
90076.171875	-142.757721
90082.031250	-145.701736
90087.890625	-143.783554
90093.750000	-138.968246
90099.609375	-113.843842
90105.468750	-97.093056
90111.328125	-89.293465
90117.187500	-88.455078
90123.046875	-94.401543
90128.906250	-108.612717
90134.765625	-136.259903
90140.625000	-141.773880
90146.484375	-141.488510
90152.343750	-141.856400
90158.203125	-141.169327
90164.062500	-141.061066
90169.921875	-140.341141
90175.781250	-140.192688
90181.640625	-141.566986
90187.500000	-141.125107
90193.359375	-138.839859
90199.218750	-140.055328
90205.078125	-139.848740
90210.937500	-109.184845
90216.796875	-94.744904
90222.656250	-88.609436
90228.515625	-89.270103
90234.375000	-96.862343
90240.234375	-113.454506
90246.093750	-140.729950
90251.953125	-140.093079
90257.812500	-140.770676
90263.671875	-139.737869
90269.531250	-141.295120
90275.390625	-143.925964
90281.250000	-143.504227
90287.109375	-139.410187
90292.968750	-136.875610
90298.828125	-136.608612
90304.687500	-139.410431
90310.546875	-139.108276
90316.406250	-129.686234
90322.265625	-105.162422
90328.125000	-92.845459
90333.984375	-88.307732
90339.843750	-90.473381
90345.703125	-99.793068
90351.562500	-118.602058
90357.421875	-139.746933
90363.281250	-139.669128
90369.140625	-142.014984
90375.000000	-139.910629
90380.859375	-137.307495
90386.718750	-136.521271
90392.578125	-137.172852
90398.437500	-137.924210
90404.296875	-139.294373
90410.156250	-141.845886
90416.015625	-141.015457
90421.875000	-140.576660
90427.734375	-122.150902
90433.593750	-101.624588
90439.453125	-91.325737
90445.312500	-88.348511
90451.171875	-92.051804
90457.031250	-103.273758
90462.890625	-126.352562
90468.750000	-139.886841
90474.609375	-138.905548
90480.468750	-141.228745
90486.328125	-143.225784
90492.187500	-143.684082
90498.046875	-139.798935
90503.906250	-136.845535
90509.765625	-137.292328
90515.625000	-140.406097
90521.484375	-139.767792
90527.343750	-139.252670
90533.203125	-139.741028
90539.062500	-116.984909
90544.921875	-98.740120
90550.781250	-90.198341
90556.640625	-88.736130
90562.500000	-94.017792
90568.359375	-107.335495
90574.218750	-134.170502
90580.078125	-142.285324
90585.937500	-143.674973
90591.796875	-139.909317
90597.656250	-138.646835
90603.515625	-138.949982
90609.375000	-138.813705
90615.234375	-141.227280
90621.093750	-140.737167
90626.953125	-139.829041
90632.812500	-139.564346
90638.671875	-140.112198
90644.531250	-137.241913
90650.390625	-111.507523
90656.250000	-96.202713
90662.109375	-89.404480
90667.968750	-89.447433
90673.828125	-96.355797
90679.687500	-111.847961
90685.546875	-140.375793
90691.406250	-141.193253
90697.265625	-139.811981
90703.125000	-139.744019
90708.984375	-139.377121
90714.843750	-138.444412
90720.703125	-138.334061
90726.562500	-137.583374
90732.421875	-138.317078
90738.281250	-139.581924
90744.140625	-140.293518
90750.000000	-144.008057
90755.859375	-134.350357
90761.718750	-107.399612
90767.578125	-94.187157
90773.437500	-88.993599
90779.296875	-90.543419
90785.156250	-99.176880
90791.015625	-117.325722
90796.875000	-142.043137
90802.734375	-141.938736
90808.593750	-141.884277
90814.453125	-143.213425
90820.312500	-141.324478
90826.171875	-142.160568
90832.031250	-140.962326
90837.890625	-145.151367
90843.750000	-147.923218
90849.609375	-146.430908
90855.468750	-140.828613
90861.328125	-140.381973
90867.187500	-125.705589
90873.046875	-103.601410
90878.906250	-92.496147
90884.765625	-88.883263
90890.625000	-91.959053
90896.484375	-102.410385
90902.343750	-123.590912
90908.203125	-140.407593
90914.062500	-141.985046
90919.921875	-143.630112
90925.781250	-141.384903
90931.640625	-139.655060
90937.500000	-139.075851
90943.359375	-142.241669
90949.218750	-139.534821
90955.078125	-138.007462
90960.937500	-138.586075
90966.796875	-140.278534
90972.656250	-140.963913
90978.515625	-119.813057
90984.375000	-100.491943
90990.234375	-91.236526
90996.093750	-89.153809
91001.953125	-93.783714
91007.812500	-106.217598
91013.671875	-132.080551
91019.531250	-138.770691
91025.390625	-138.619461
91031.250000	-141.009186
91037.109375	-142.210052
91042.968750	-140.879395
91048.828125	-139.497314
91054.687500	-140.562531
91060.546875	-140.632614
91066.406250	-140.229126
91072.265625	-141.136307
91078.125000	-141.109360
91083.984375	-141.345749
91089.843750	-114.322365
91095.703125	-97.831993
91101.562500	-90.316360
91107.421875	-89.733925
91113.281250	-95.957451
91119.140625	-110.510811
91125.000000	-140.351105
91130.859375	-140.270493
91136.718750	-140.258163
91142.578125	-140.514297
91148.437500	-142.231964
91154.296875	-142.345840
91160.156250	-141.089737
91166.015625	-142.000626
91171.875000	-144.492325
91177.734375	-144.756180
91183.593750	-143.314590
91189.453125	-140.204880
91195.312500	-134.944534
91201.171875	-109.587898
91207.031250	-95.619194
91212.890625	-89.783089
91218.750000	-90.719643
91224.609375	-98.623795
91230.468750	-115.494514
91236.328125	-137.024689
91242.187500	-138.791428
91248.046875	-139.078156
91253.906250	-137.255539
91259.765625	-137.402649
91265.625000	-140.262253
91271.484375	-142.642975
91277.343750	-139.612137
91283.203125	-137.801407
91289.062500	-136.417557
91294.921875	-136.305618
91300.781250	-136.816132
91306.640625	-127.609634
91312.500000	-105.760429
91318.359375	-93.857346
91324.218750	-89.595657
91330.078125	-92.030212
91335.937500	-101.672867
91341.796875	-121.284912
91347.656250	-141.231522
91353.515625	-139.906631
91359.375000	-139.539612
91365.234375	-139.606476
91371.093750	-138.935745
91376.953125	-139.804092
91382.812500	-140.666000
91388.671875	-141.549805
91394.531250	-142.987167
91400.390625	-142.372482
91406.250000	-140.356842
91412.109375	-138.523621
91417.968750	-122.410080
91423.828125	-102.421875
91429.687500	-92.426949
91435.546875	-89.717117
91441.406250	-93.702423
91447.265625	-105.288971
91453.125000	-128.573257
91458.984375	-141.093674
91464.843750	-142.609787
91470.703125	-142.197235
91476.562500	-141.237946
91482.421875	-140.351196
91488.281250	-139.303955
91494.140625	-140.365646
91500.000000	-142.457489
91505.859375	-142.792465
91511.718750	-139.483673
91517.578125	-136.023849
91523.437500	-135.963455
91529.296875	-117.162376
91535.156250	-99.626785
91541.015625	-91.400818
91546.875000	-90.206276
91552.734375	-95.779449
91558.593750	-109.484200
91564.453125	-136.247101
91570.312500	-143.583466
91576.171875	-141.232727
91582.031250	-140.153656
91587.890625	-140.751083
91593.750000	-142.059845
91599.609375	-141.311722
91605.468750	-140.768295
91611.328125	-142.232346
91617.187500	-139.825409
91623.046875	-137.859589
91628.906250	-140.905914
91634.765625	-137.736862
91640.625000	-112.243355
91646.484375	-97.246780
91652.343750	-90.721710
91658.203125	-91.027992
91664.062500	-98.216431
91669.921875	-114.057091
91675.781250	-141.276398
91681.640625	-139.502518
91687.500000	-142.519501
91693.359375	-145.409729
91699.218750	-141.836212
91705.078125	-140.635574
91710.937500	-140.058945
91716.796875	-139.859604
91722.656250	-141.017120
91728.515625	-142.792450
91734.375000	-141.663132
91740.234375	-140.606018
91746.093750	-132.695755
91751.953125	-108.085068
91757.812500	-95.299187
91763.671875	-90.391571
91769.531250	-92.210785
91775.390625	-101.160820
91781.250000	-119.975601
91787.109375	-139.955109
91792.968750	-143.921707
91798.828125	-144.275528
91804.687500	-138.119186
91810.546875	-138.539093
91816.406250	-140.067001
91822.265625	-140.196579
91828.125000	-140.371536
91833.984375	-141.189087
91839.843750	-140.860840
91845.703125	-141.856567
91851.562500	-137.914871
91857.421875	-125.278313
91863.281250	-104.509529
91869.140625	-93.767937
91875.000000	-90.431503
91880.859375	-93.777290
91886.718750	-104.553322
91892.578125	-126.207932
91898.437500	-142.534912
91904.296875	-138.934402
91910.156250	-136.375214
91916.015625	-136.499054
91921.875000	-138.329834
91927.734375	-138.613647
91933.593750	-138.361938
91939.453125	-137.826355
91945.312500	-137.746643
91951.171875	-138.065338
91957.031250	-139.818573
91962.890625	-140.169998
91968.750000	-119.836479
91974.609375	-101.551361
91980.468750	-92.633385
91986.328125	-90.817009
91992.187500	-95.718819
91998.046875	-108.488625
92003.906250	-134.870636
92009.765625	-142.368591
92015.625000	-141.219345
92021.484375	-140.825012
92027.343750	-139.911499
92033.203125	-141.566406
92039.062500	-141.783432
92044.921875	-139.524094
92050.781250	-137.955612
92056.640625	-137.730331
92062.500000	-138.332947
92068.359375	-140.524033
92074.218750	-140.869553
92080.078125	-114.958557
92085.937500	-99.041206
92091.796875	-91.830284
92097.656250	-91.517220
92103.515625	-98.033897
92109.375000	-112.964172
92115.234375	-138.381516
92121.093750	-139.214264
92126.953125	-138.277435
92132.812500	-139.805603
92138.671875	-140.517960
92144.531250	-140.314941
92150.390625	-140.827850
92156.250000	-140.117722
92162.109375	-137.006958
92167.968750	-138.206528
92173.828125	-139.866653
92179.687500	-140.152588
92185.546875	-140.535904
92191.406250	-110.804581
92197.265625	-97.014534
92203.125000	-91.430962
92208.984375	-92.619980
92214.843750	-100.809387
92220.703125	-118.094963
92226.562500	-144.258942
92232.421875	-145.959854
92238.281250	-140.678238
92244.140625	-140.916504
92250.000000	-142.061768
92255.859375	-143.201965
92261.718750	-142.837952
92267.578125	-139.633423
92273.437500	-139.220078
92279.296875	-139.923920
92285.156250	-137.887436
92291.015625	-136.610306
92296.875000	-131.027069
92302.734375	-106.993629
92308.593750	-95.338181
92314.453125	-91.345802
92320.312500	-94.049675
92326.171875	-104.031197
92332.031250	-124.271637
92337.890625	-143.589828
92343.750000	-139.831070
92349.609375	-138.747330
92355.468750	-140.803131
92361.328125	-145.571548
92367.187500	-143.242935
92373.046875	-142.299881
92378.906250	-142.545242
92384.765625	-138.995117
92390.625000	-137.745926
92396.484375	-139.164871
92402.343750	-141.783829
92408.203125	-124.273933
92414.062500	-103.823654
92419.921875	-94.077705
92425.781250	-91.623611
92431.640625	-95.879578
92437.500000	-107.808517
92443.359375	-131.000305
92449.218750	-138.520859
92455.078125	-140.427002
92460.937500	-139.947586
92466.796875	-139.889908
92472.656250	-139.921570
92478.515625	-138.437668
92484.375000	-138.119232
92490.234375	-139.583481
92496.093750	-141.386520
92501.953125	-141.951218
92507.812500	-138.487930
92513.671875	-136.600739
92519.531250	-117.635544
92525.390625	-101.051094
92531.250000	-93.161751
92537.109375	-92.233925
92542.968750	-98.069443
92548.828125	-112.009964
92554.687500	-135.070129
92560.546875	-140.078339
92566.406250	-141.384277
92572.265625	-142.066803
92578.125000	-139.546463
92583.984375	-137.540024
92589.843750	-137.755081
92595.703125	-137.963669
92601.562500	-139.058319
92607.421875	-139.499802
92613.281250	-139.655777
92619.140625	-140.129776
92625.000000	-140.036469
92630.859375	-113.395958
92636.718750	-98.846725
92642.578125	-92.624504
92648.437500	-93.197746
92654.296875	-100.695518
92660.156250	-116.951653
92666.015625	-139.762177
92671.875000	-138.740860
92677.734375	-138.065460
92683.593750	-138.735718
92689.453125	-140.708221
92695.312500	-139.924759
92701.171875	-139.043686
92707.031250	-142.310257
92712.890625	-144.894867
92718.750000	-140.696930
92724.609375	-139.570114
92730.468750	-141.692871
92736.328125	-134.523041
92742.187500	-109.628510
92748.046875	-97.095459
92753.906250	-92.442101
92759.765625	-94.525650
92765.625000	-103.813522
92771.484375	-123.197533
92777.343750	-145.603653
92783.203125	-142.816452
92789.062500	-142.475143
92794.921875	-140.420334
92800.781250	-138.311661
92806.640625	-138.270828
92812.500000	-142.179413
92818.359375	-141.301636
92824.218750	-138.021286
92830.078125	-140.010529
92835.937500	-140.342773
92841.796875	-140.076309
92847.656250	-126.760445
92853.515625	-106.116905
92859.375000	-95.672523
92865.234375	-92.596802
92871.093750	-96.208549
92876.953125	-107.330223
92882.812500	-130.000320
92888.671875	-141.847443
92894.531250	-142.121170
92900.390625	-141.537155
92906.250000	-141.969696
92912.109375	-144.092926
92917.968750	-144.484711
92923.828125	-143.305191
92929.687500	-145.690216
92935.546875	-149.771042
92941.406250	-143.292068
92947.265625	-139.524765
92953.125000	-138.536392
92958.984375	-120.724701
92964.843750	-103.241791
92970.703125	-94.667725
92976.562500	-93.123032
92982.421875	-98.322189
92988.281250	-111.572899
92994.140625	-138.925613
93000.000000	-140.630402
93005.859375	-141.621277
93011.718750	-141.922394
93017.578125	-140.999756
93023.437500	-141.315994
93029.296875	-141.018616
93035.156250	-140.798111
93041.015625	-140.678162
93046.875000	-140.126526
93052.734375	-140.202957
93058.593750	-139.813904
93064.453125	-141.806564
93070.312500	-116.540337
93076.171875	-100.943344
93082.031250	-94.037445
93087.890625	-93.991066
93093.750000	-100.808929
93099.609375	-116.200836
93105.468750	-140.065247
93111.328125	-139.830963
93117.187500	-139.696274
93123.046875	-139.040344
93128.906250	-140.158997
93134.765625	-141.375397
93140.625000	-142.582001
93146.484375	-144.824097
93152.343750	-144.041183
93158.203125	-141.327499
93164.062500	-139.688248
93169.921875	-140.513306
93175.781250	-138.410904
93181.640625	-112.087677
93187.500000	-98.987633
93193.359375	-93.749130
93199.218750	-95.229042
93205.078125	-103.748451
93210.937500	-121.676086
93216.796875	-137.573746
93222.656250	-137.975311
93228.515625	-137.968430
93234.375000	-138.194031
93240.234375	-139.425186
93246.093750	-138.725525
93251.953125	-138.412643
93257.812500	-137.458618
93263.671875	-139.845093
93269.531250	-146.250854
93275.390625	-144.824844
93281.250000	-139.609543
93287.109375	-131.448380
93292.968750	-108.920021
93298.828125	-97.616257
93304.687500	-93.896683
93310.546875	-96.889969
93316.406250	-107.314072
93322.265625	-129.503311
93328.125000	-140.984131
93333.984375	-140.062241
93339.843750	-138.992722
93345.703125	-140.667267
93351.562500	-143.945877
93357.421875	-144.862244
93363.281250	-142.126480
93369.140625	-140.628235
93375.000000	-141.047882
93380.859375	-140.276108
93386.718750	-139.574203
93392.578125	-142.959335
93398.437500	-124.713425
93404.296875	-105.797104
93410.156250	-96.477913
93416.015625	-94.306641
93421.875000	-98.847359
93427.734375	-111.143776
93433.593750	-134.591049
93439.453125	-140.258057
93445.312500	-141.265228
93451.171875	-141.819931
93457.031250	-140.532791
93462.890625	-141.804764
93468.750000	-142.317856
93474.609375	-140.845093
93480.468750	-139.492676
93486.328125	-139.872452
93492.187500	-140.130722
93498.046875	-141.373108
93503.906250	-141.888260
93509.765625	-120.111458
93515.625000	-103.377960
93521.484375	-95.758392
93527.343750	-95.096054
93533.203125	-101.224083
93539.062500	-115.650558
93544.921875	-140.009552
93550.781250	-139.847626
93556.640625	-139.464966
93562.500000	-138.683395
93568.359375	-138.364655
93574.218750	-139.101837
93580.078125	-139.652786
93585.937500	-140.806946
93591.796875	-137.764008
93597.656250	-137.489639
93603.515625	-138.753296
93609.375000	-139.836884
93615.234375	-141.693497
93621.093750	-115.829163
93626.953125	-101.387894
93632.812500	-95.411644
93638.671875	-96.259125
93644.531250	-104.103882
93650.390625	-121.434608
93656.250000	-138.173035
93662.109375	-138.766525
93667.968750	-140.874786
93673.828125	-141.417297
93679.687500	-140.585144
93685.546875	-138.386566
93691.406250	-139.317032
93697.265625	-139.017838
93703.125000	-137.968033
93708.984375	-139.954971
93714.843750	-141.213730
93720.703125	-142.038162
93726.562500	-133.946274
93732.421875	-111.735710
93738.281250	-99.751846
93744.140625	-95.415489
93750.000000	-97.760445
93755.859375	-107.300789
93761.718750	-126.454094
93767.578125	-140.257431
93773.437500	-143.725632
93779.296875	-145.135696
93785.156250	-142.189087
93791.015625	-138.853775
93796.875000	-138.611755
93802.734375	-142.871155
93808.593750	-140.419327
93814.453125	-138.917938
93820.312500	-139.935547
93826.171875	-140.438019
93832.031250	-141.911911
93837.890625	-130.586868
93843.750000	-108.836540
93849.609375	-98.619743
93855.468750	-95.798584
93861.328125	-99.675262
93867.187500	-111.119064
93873.046875	-133.987183
93878.906250	-137.841736
93884.765625	-136.905685
93890.625000	-137.843185
93896.484375	-142.655716
93902.343750	-141.870789
93908.203125	-144.554428
93914.062500	-141.154633
93919.921875	-141.388351
93925.781250	-139.488678
93931.640625	-139.267151
93937.500000	-142.279388
93943.359375	-145.225174
93949.218750	-123.516678
93955.078125	-106.108383
93960.937500	-97.803024
93966.796875	-96.525375
93972.656250	-102.004089
93978.515625	-115.714508
93984.375000	-143.860214
93990.234375	-141.191559
93996.093750	-141.110458
94001.953125	-139.672760
94007.812500	-138.486160
94013.671875	-139.682159
94019.531250	-143.036392
94025.390625	-140.463470
94031.250000	-138.328049
94037.109375	-137.964783
94042.968750	-138.978439
94048.828125	-140.244629
94054.687500	-141.138550
94060.546875	-119.319687
94066.406250	-104.114464
94072.265625	-97.462166
94078.125000	-97.670982
94083.984375	-104.787018
94089.843750	-120.576012
94095.703125	-137.595398
94101.562500	-136.976532
94107.421875	-139.101822
94113.281250	-139.637939
94119.140625	-139.130173
94125.000000	-144.696564
94130.859375	-144.724762
94136.718750	-140.646927
94142.578125	-139.688599
94148.437500	-140.718674
94154.296875	-141.253479
94160.156250	-139.600861
94166.015625	-137.226425
94171.875000	-115.164963
94177.734375	-102.390549
94183.593750	-97.420250
94189.453125	-99.147911
94195.312500	-107.949921
94201.171875	-126.323532
94207.031250	-141.119812
94212.890625	-140.110535
94218.750000	-140.442535
94224.609375	-140.193634
94230.468750	-138.128311
94236.328125	-138.963715
94242.187500	-140.845444
94248.046875	-141.343887
94253.906250	-140.145905
94259.765625	-138.102280
94265.625000	-141.038025
94271.484375	-144.714661
94277.343750	-133.758362
94283.203125	-112.046677
94289.062500	-101.151360
94294.921875	-97.728302
94300.781250	-101.003296
94306.640625	-111.732452
94312.500000	-132.931564
94318.359375	-142.141708
94324.218750	-138.694336
94330.078125	-139.652847
94335.937500	-141.650787
94341.796875	-141.171448
94347.656250	-141.733994
94353.515625	-143.190628
94359.375000	-141.816422
94365.234375	-140.844559
94371.093750	-138.896744
94376.953125	-137.828110
94382.812500	-138.013336
94388.671875	-126.358070
94394.531250	-109.308708
94400.390625	-100.389702
94406.250000	-98.500351
94412.109375	-103.316063
94417.968750	-115.967224
94423.828125	-138.862808
94429.687500	-141.923218
94435.546875	-137.436371
94441.406250	-136.414703
94447.265625	-138.110718
94453.125000	-137.601944
94458.984375	-138.461105
94464.843750	-141.292404
94470.703125	-141.308701
94476.562500	-139.048325
94482.421875	-139.333664
94488.281250	-141.106873
94494.140625	-139.334427
94500.000000	-123.897537
94505.859375	-107.328896
94511.718750	-99.981598
94517.578125	-99.583748
94523.437500	-106.052597
94529.296875	-121.213989
94535.156250	-141.392670
94541.015625	-140.652466
94546.875000	-141.720749
94552.734375	-142.290314
94558.593750	-137.598541
94564.453125	-136.777145
94570.312500	-138.546570
94576.171875	-139.335617
94582.031250	-138.108902
94587.890625	-137.966309
94593.750000	-139.166061
94599.609375	-141.673340
94605.468750	-140.704865
94611.328125	-119.383118
94617.187500	-105.638611
94623.046875	-99.965454
94628.906250	-101.061302
94634.765625	-109.110626
94640.625000	-125.720367
94646.484375	-143.190384
94652.343750	-145.434265
94658.203125	-145.001343
94664.062500	-143.292603
94669.921875	-141.812500
94675.781250	-142.519272
94681.640625	-141.124786
94687.500000	-138.767120
94693.359375	-138.573776
94699.218750	-138.171082
94705.078125	-139.121429
94710.937500	-140.496841
94716.796875	-136.318100
94722.656250	-116.021690
94728.515625	-104.454948
94734.375000	-100.422424
94740.234375	-103.120125
94746.093750	-113.332863
94751.953125	-135.319778
94757.812500	-141.881470
94763.671875	-144.564774
94769.531250	-145.968475
94775.390625	-141.753036
94781.250000	-140.360458
94787.109375	-141.353851
94792.968750	-141.834000
94798.828125	-139.530121
94804.687500	-139.388931
94810.546875	-141.612961
94816.406250	-143.190277
94822.265625	-141.734695
94828.125000	-134.065872
94833.984375	-113.868233
94839.843750	-103.828461
94845.703125	-101.228500
94851.562500	-105.344330
94857.421875	-117.035728
94863.281250	-139.740021
94869.140625	-139.295441
94875.000000	-137.290207
94880.859375	-139.095062
94886.718750	-140.051880
94892.578125	-139.235718
94898.437500	-140.515350
94904.296875	-141.233917
94910.156250	-137.908432
94916.015625	-137.210220
94921.875000	-141.018661
94927.734375	-144.715363
94933.593750	-140.052551
94939.453125	-127.720116
94945.312500	-111.264206
94951.171875	-103.376694
94957.031250	-102.387596
94962.890625	-108.142754
94968.750000	-121.831360
94974.609375	-138.185669
94980.468750	-139.764786
94986.328125	-138.957825
94992.187500	-140.785583
94998.046875	-145.346405
95003.906250	-142.485687
95009.765625	-142.245041
95015.625000	-141.645111
95021.484375	-142.377594
95027.343750	-143.240280
95033.203125	-139.576950
95039.062500	-141.175079
95044.921875	-143.753860
95050.781250	-123.828133
95056.640625	-109.731308
95062.500000	-103.518120
95068.359375	-104.024467
95074.218750	-111.411819
95080.078125	-127.166412
95085.937500	-142.515671
95091.796875	-142.214432
95097.656250	-144.152771
95103.515625	-142.798828
95109.375000	-140.612213
95115.234375	-139.345123
95121.093750	-138.911987
95126.953125	-141.138229
95132.812500	-140.882538
95138.671875	-138.861725
95144.531250	-139.798828
95150.390625	-138.568283
95156.250000	-136.160461
95162.109375	-121.348198
95167.968750	-108.937683
95173.828125	-104.249207
95179.687500	-106.288879
95185.546875	-115.483513
95191.406250	-132.513504
95197.265625	-137.414246
95203.125000	-138.086258
95208.984375	-139.396973
95214.843750	-138.614502
95220.703125	-139.509949
95226.562500	-140.538696
95232.421875	-139.320007
95238.281250	-138.187592
95244.140625	-139.246582
95250.000000	-139.803741
95255.859375	-138.908844
95261.718750	-140.706558
95267.578125	-136.838547
95273.437500	-119.155296
95279.296875	-108.518898
95285.156250	-105.338882
95291.015625	-108.891899
95296.875000	-119.918655
95302.734375	-138.664688
95308.593750	-141.538864
95314.453125	-139.084961
95320.312500	-137.346466
95326.171875	-136.522659
95332.031250	-137.765137
95337.890625	-140.231064
95343.750000	-140.832977
95349.609375	-140.698532
95355.468750	-142.717712
95361.328125	-144.769897
95367.187500	-142.356033
95373.046875	-139.918396
95378.906250	-134.620300
95384.765625	-117.519974
95390.625000	-108.722221
95396.484375	-107.051437
95402.343750	-112.172958
95408.203125	-125.492569
95414.062500	-140.335556
95419.921875	-140.554016
95425.781250	-141.007324
95431.640625	-141.622604
95437.500000	-140.738190
95443.359375	-138.385254
95449.218750	-137.863480
95455.078125	-140.021393
95460.937500	-145.571762
95466.796875	-142.307098
95472.656250	-143.371735
95478.515625	-140.965820
95484.375000	-138.682236
95490.234375	-132.045807
95496.093750	-116.501244
95501.953125	-109.457260
95507.812500	-109.379616
95513.671875	-116.177147
95519.531250	-131.813034
95525.390625	-138.883820
95531.250000	-137.407684
95537.109375	-138.836899
95542.968750	-140.146027
95548.828125	-140.360367
95554.687500	-139.118652
95560.546875	-138.557648
95566.406250	-141.389099
95572.265625	-141.589050
95578.125000	-140.497330
95583.984375	-143.779160
95589.843750	-138.846313
95595.703125	-138.414932
95601.562500	-130.165573
95607.421875	-116.577156
95613.281250	-111.120895
95619.140625	-112.438583
95625.000000	-120.708855
95630.859375	-135.076981
95636.718750	-142.335785
95642.578125	-139.792526
95648.437500	-137.300873
95654.296875	-137.317078
95660.156250	-138.331100
95666.015625	-141.287354
95671.875000	-141.992355
95677.734375	-139.649414
95683.593750	-139.056870
95689.453125	-142.502167
95695.312500	-138.028229
95701.171875	-136.100189
95707.031250	-136.485977
95712.890625	-127.884811
95718.750000	-117.168915
95724.609375	-113.455963
95730.468750	-116.277618
95736.328125	-126.096451
95742.187500	-142.107986
95748.046875	-146.888885
95753.906250	-144.519882
95759.765625	-141.369354
95765.625000	-140.091232
95771.484375	-140.785812
95777.343750	-141.875320
95783.203125	-141.240982
95789.062500	-140.000183
95794.921875	-139.032654
95800.781250	-138.860672
95806.640625	-140.870346
95812.500000	-141.961655
95818.359375	-143.078888
95824.218750	-131.401321
95830.078125	-120.980400
95835.937500	-118.572121
95841.796875	-122.908264
95847.656250	-134.295609
95853.515625	-142.148285
95859.375000	-142.082565
95865.234375	-140.311295
95871.093750	-141.006531
95876.953125	-141.959900
95882.812500	-140.344406
95888.671875	-138.864044
95894.531250	-140.470642
95900.390625	-138.982056
95906.250000	-137.316238
95912.109375	-140.646606
95917.968750	-145.305908
95923.828125	-141.643524
95929.687500	-138.590851
95935.546875	-134.023804
95941.406250	-128.273712
95947.265625	-127.829765
95953.125000	-133.584335
95958.984375	-144.968445
95964.843750	-142.055359
95970.703125	-139.075974
95976.562500	-139.762878
95982.421875	-142.032761
95988.281250	-139.747192
95994.140625	-139.782578
96000.000000	-144.770294
96005.859375	-143.954025
96011.718750	-141.065384
96017.578125	-138.073227
96023.437500	-135.984161
96029.296875	-134.377411
96035.156250	-136.673157
96041.015625	-139.390823
96046.875000	-134.576935
96052.734375	-128.406219
96058.593750	-128.320541
96064.453125	-133.218857
96070.312500	-138.314133
96076.171875	-138.532867
96082.031250	-138.706650
96087.890625	-139.068405
96093.750000	-141.291718
96099.609375	-142.197067
96105.468750	-141.547516
96111.328125	-141.819290
96117.187500	-143.769577
96123.046875	-140.670319
96128.906250	-139.257050
96134.765625	-138.474350
96140.625000	-138.590164
96146.484375	-139.798080
96152.343750	-134.737473
96158.203125	-122.818825
96164.062500	-118.251930
96169.921875	-120.374886
96175.781250	-128.821899
96181.640625	-139.183121
96187.500000	-141.122314
96193.359375	-143.381119
96199.218750	-142.671280
96205.078125	-138.859070
96210.937500	-137.509415
96216.796875	-135.983810
96222.656250	-136.094559
96228.515625	-139.008377
96234.375000	-141.083374
96240.234375	-141.095383
96246.093750	-143.713089
96251.953125	-142.003403
96257.812500	-141.579269
96263.671875	-126.679153
96269.531250	-116.516060
96275.390625	-113.667152
96281.250000	-117.375519
96287.109375	-127.804298
96292.968750	-138.179565
96298.828125	-142.446213
96304.687500	-147.113541
96310.546875	-143.570267
96316.406250	-141.153885
96322.265625	-139.084503
96328.125000	-138.829971
96333.984375	-140.375778
96339.843750	-141.134415
96345.703125	-144.380417
96351.562500	-142.867065
96357.421875	-140.536728
96363.281250	-140.871078
96369.140625	-135.313034
96375.000000	-120.867310
96380.859375	-112.452728
96386.718750	-111.076599
96392.578125	-116.468735
96398.437500	-129.170792
96404.296875	-136.896652
96410.156250	-138.674026
96416.015625	-139.529831
96421.875000	-140.573669
96427.734375	-142.347107
96433.593750	-151.373428
96439.453125	-145.433472
96445.312500	-140.194550
96451.171875	-138.068985
96457.031250	-137.762268
96462.890625	-138.783020
96468.750000	-138.049713
96474.609375	-138.333908
96480.468750	-131.199829
96486.328125	-116.100014
96492.187500	-109.335732
96498.046875	-109.459267
96503.906250	-116.391357
96509.765625	-132.000580
96515.625000	-145.585312
96521.484375	-145.996262
96527.343750	-143.054794
96533.203125	-138.946945
96539.062500	-137.777756
96544.921875	-138.959869
96550.781250	-141.558441
96556.640625	-140.943771
96562.500000	-142.544708
96568.359375	-142.387390
96574.218750	-140.497498
96580.078125	-140.616989
96585.937500	-138.570343
96591.796875	-125.008606
96597.656250	-112.367516
96603.515625	-107.264214
96609.375000	-108.869019
96615.234375	-117.647606
96621.093750	-135.202011
96626.953125	-141.708603
96632.812500	-141.872086
96638.671875	-141.219727
96644.531250	-140.026245
96650.390625	-137.825531
96656.250000	-137.873276
96662.109375	-138.864090
96667.968750	-136.358887
96673.828125	-137.230316
96679.687500	-141.622345
96685.546875	-144.181000
96691.406250	-145.458817
96697.265625	-140.456238
96703.125000	-120.359467
96708.984375	-109.153687
96714.843750	-105.593407
96720.703125	-108.736214
96726.562500	-119.149155
96732.421875	-135.804291
96738.281250	-140.833481
96744.140625	-143.198761
96750.000000	-142.134689
96755.859375	-140.212601
96761.718750	-142.563644
96767.578125	-142.815186
96773.437500	-138.480591
96779.296875	-138.241928
96785.156250	-137.434753
96791.015625	-137.943985
96796.875000	-140.345276
96802.734375	-139.089142
96808.593750	-131.908981
96814.453125	-115.259163
96820.312500	-106.336182
96826.171875	-104.418358
96832.031250	-109.241791
96837.890625	-122.387405
96843.750000	-140.420502
96849.609375	-141.017639
96855.468750	-141.737213
96861.328125	-140.172592
96867.187500	-140.344482
96873.046875	-140.408386
96878.906250	-139.946899
96884.765625	-138.956436
96890.625000	-139.841324
96896.484375	-140.512741
96902.343750	-141.542801
96908.203125	-139.569458
96914.062500	-137.649719
96919.921875	-131.138596
96925.781250	-112.075775
96931.640625	-104.385017
96937.500000	-103.834190
96943.359375	-110.121132
96949.218750	-124.522957
96955.078125	-141.139862
96960.937500	-139.794098
96966.796875	-136.995865
96972.656250	-137.298538
96978.515625	-138.830719
96984.375000	-143.000153
96990.234375	-145.971024
96996.093750	-140.586639
97001.953125	-138.536819
97007.812500	-140.697891
97013.671875	-142.029648
97019.531250	-142.721664
97025.390625	-141.496857
97031.250000	-122.202644
97037.109375	-108.445526
97042.968750	-102.741241
97048.828125	-103.793373
97054.687500	-111.863426
97060.546875	-128.643402
97066.406250	-139.342438
97072.265625	-141.630524
97078.125000	-140.485901
97083.984375	-141.050873
97089.843750	-142.976852
97095.703125	-141.786331
97101.562500	-143.816528
97107.421875	-144.032089
97113.281250	-139.963028
97119.140625	-141.818192
97125.000000	-141.998825
97130.859375	-142.183685
97136.718750	-139.323380
97142.578125	-117.590248
97148.437500	-105.719307
97154.296875	-101.545555
97160.156250	-104.106758
97166.015625	-114.108330
97171.875000	-136.857483
97177.734375	-138.132797
97183.593750	-139.477509
97189.453125	-141.536453
97195.312500	-138.808014
97201.171875	-137.572342
97207.031250	-138.406967
97212.890625	-137.941360
97218.750000	-137.158936
97224.609375	-137.691422
97230.468750	-140.916153
97236.328125	-143.492920
97242.187500	-141.983414
97248.046875	-131.866180
97253.906250	-113.097061
97259.765625	-103.305534
97265.625000	-100.707382
97271.484375	-104.800491
97277.343750	-116.481812
97283.203125	-135.848068
97289.062500	-137.654526
97294.921875	-137.090622
97300.781250	-137.390350
97306.640625	-138.015778
97312.500000	-140.607315
97318.359375	-142.519852
97324.218750	-139.578033
97330.078125	-138.439453
97335.937500	-137.787262
97341.796875	-139.336624
97347.656250	-139.584396
97353.515625	-137.569138
97359.375000	-125.823189
97365.234375	-109.490944
97371.093750	-101.470291
97376.953125	-100.392776
97382.812500	-106.096397
97388.671875	-120.042419
97394.531250	-140.114426
97400.390625	-145.773529
97406.250000	-144.069901
97412.109375	-145.327728
97417.968750	-140.226456
97423.828125	-138.888397
97429.687500	-139.280716
97435.546875	-141.412399
97441.406250	-141.141022
97447.265625	-138.368866
97453.125000	-136.641571
97458.984375	-137.630280
97464.843750	-139.603592
97470.703125	-121.402893
97476.562500	-106.448662
97482.421875	-100.029221
97488.281250	-100.427948
97494.140625	-107.719467
97500.000000	-123.591026
97505.859375	-139.961670
97511.718750	-143.616882
97517.578125	-146.783096
97523.437500	-140.178589
97529.296875	-136.850281
97535.156250	-136.170959
97541.015625	-139.148788
97546.875000	-142.588684
97552.734375	-141.241104
97558.593750	-140.340454
97564.453125	-140.828644
97570.312500	-144.092606
97576.171875	-140.019302
97582.031250	-116.241653
97587.890625	-103.686317
97593.750000	-98.902603
97599.609375	-100.827332
97605.468750	-109.881577
97611.328125	-127.926514
97617.187500	-141.521515
97623.046875	-140.882614
97628.906250	-138.928253
97634.765625	-137.013962
97640.625000	-135.873886
97646.484375	-137.287460
97652.343750	-138.279831
97658.203125	-140.017532
97664.062500	-138.898132
97669.921875	-137.319427
97675.781250	-139.180435
97681.640625	-140.943497
97687.500000	-131.664185
97693.359375	-112.014313
97699.218750	-101.443283
97705.078125	-98.208885
97710.937500	-101.647751
97716.796875	-112.505394
97722.656250	-132.574768
97728.515625	-137.994904
97734.375000	-138.095322
97740.234375	-141.037384
97746.093750	-142.385040
97751.953125	-140.745026
97757.812500	-138.437134
97763.671875	-137.006439
97769.531250	-137.964111
97775.390625	-138.178085
97781.250000	-137.555786
97787.109375	-140.208725
97792.968750	-142.050629
97798.828125	-126.188599
97804.687500	-108.417030
97810.546875	-99.640129
97816.406250	-97.913185
97822.265625	-102.904030
97828.125000	-115.867516
97833.984375	-138.129944
97839.843750	-135.136688
97845.703125	-134.969360
97851.562500	-136.636780
97857.421875	-137.125183
97863.281250	-139.106354
97869.140625	-142.018402
97875.000000	-143.665573
97880.859375	-143.009430
97886.718750	-139.770386
97892.578125	-137.790619
97898.437500	-137.048401
97904.296875	-136.927139
97910.156250	-120.983124
97916.015625	-105.315178
97921.875000	-98.212273
97927.734375	-97.985046
97933.593750	-104.592751
97939.453125	-119.577866
97945.312500	-138.244049
97951.171875	-138.466400
97957.031250	-141.919540
97962.890625	-140.999466
97968.750000	-139.198883
97974.609375	-141.331772
97980.468750	-140.474686
97986.328125	-139.905823
97992.187500	-139.709320
97998.046875	-141.125351
98003.906250	-140.494980
98009.765625	-138.179214
98015.625000	-136.196747
98021.484375	-115.940361
98027.343750	-102.581085
98033.203125	-97.117722
98039.062500	-98.405731
98044.921875	-106.718994
98050.781250	-124.316086
98056.640625	-140.544754
98062.500000	-141.814972
98068.359375	-139.155548
98074.218750	-138.419373
98080.078125	-138.285110
98085.937500	-138.097977
98091.796875	-138.131180
98097.656250	-140.485092
98103.515625	-141.899521
98109.375000	-140.084763
98115.234375	-140.569855
98121.093750	-139.424103
98126.953125	-135.387695
98132.812500	-111.823822
98138.671875	-100.307709
98144.531250	-96.423553
98150.390625	-99.246101
98156.250000	-109.434822
98162.109375	-130.330933
98167.968750	-142.061371
98173.828125	-141.129517
98179.687500	-140.972366
98185.546875	-145.151749
98191.406250	-145.473785
98197.265625	-138.981903
98203.125000	-139.261185
98208.984375	-143.446289
98214.843750	-141.897644
98220.703125	-139.307220
98226.562500	-137.972900
98232.421875	-137.604599
98238.281250	-127.382057
98244.140625	-107.921783
98250.000000	-98.396217
98255.859375	-96.055603
98261.718750	-100.424400
98267.578125	-112.514595
98273.437500	-134.568359
98279.296875	-139.577530
98285.156250	-138.523148
98291.015625	-138.968094
98296.875000	-141.912476
98302.734375	-139.095596
98308.593750	-136.126373
98314.453125	-137.103882
98320.312500	-139.477798
98326.171875	-137.475723
98332.031250	-137.402878
98337.890625	-140.925064
98343.750000	-141.855728
98349.609375	-121.503761
98355.468750	-104.718132
98361.328125	-96.917648
98367.187500	-96.075684
98373.046875	-101.991310
98378.906250	-116.071716
98384.765625	-137.966919
98390.625000	-139.118362
98396.484375	-139.130081
98402.343750	-138.619873
98408.203125	-137.756012
98414.062500	-137.424332
98419.921875	-136.436935
98425.781250	-137.657257
98431.640625	-142.766602
98437.500000	-152.034958
98443.359375	-144.316208
98449.218750	-139.568420
98455.078125	-135.184631
98460.937500	-115.832680
98466.796875	-101.874603
98472.656250	-95.776772
98478.515625	-96.456528
98484.375000	-104.110374
98490.234375	-121.174400
98496.093750	-140.326096
98501.953125	-139.284195
98507.812500	-138.327911
98513.671875	-138.291779
98519.531250	-138.211121
98525.390625	-138.274506
98531.250000	-140.672623
98537.109375	-139.312241
98542.968750	-137.654861
98548.828125	-138.132126
98554.687500	-141.625046
98560.546875	-146.825089
98566.406250	-138.514587
98572.265625	-112.089462
98578.125000	-99.602669
98583.984375	-95.042282
98589.843750	-97.212151
98595.703125	-106.587791
98601.562500	-125.476166
98607.421875	-141.254044
98613.281250	-138.161499
98619.140625	-135.579193
98625.000000	-136.394012
98630.859375	-137.685226
98636.718750	-137.976898
98642.578125	-138.365845
98648.437500	-138.307266
98654.296875	-138.117340
98660.156250	-137.387360
98666.015625	-136.707336
98671.875000	-136.228302
98677.734375	-127.404938
98683.593750	-107.791473
98689.453125	-97.571617
98695.312500	-94.612793
98701.171875	-98.328651
98707.031250	-109.578491
98712.890625	-131.748810
98718.750000	-140.816864
98724.609375	-139.983017
98730.468750	-138.815063
98736.328125	-137.741333
98742.187500	-137.657974
98748.046875	-136.651291
98753.906250	-138.137802
98759.765625	-138.214371
98765.625000	-138.067810
98771.484375	-138.915604
98777.343750	-139.236862
98783.203125	-136.491425
98789.062500	-122.668388
98794.921875	-104.578407
98800.781250	-96.057831
98806.640625	-94.603249
98812.500000	-99.876671
98818.359375	-113.133156
98824.218750	-135.376648
98830.078125	-139.181122
98835.937500	-141.556671
98841.796875	-142.846313
98847.656250	-139.997498
98853.515625	-138.774643
98859.375000	-138.162750
98865.234375	-139.473358
98871.093750	-142.739563
98876.953125	-142.673523
98882.812500	-140.857071
98888.671875	-140.761642
98894.531250	-139.284760
98900.390625	-116.860756
98906.250000	-101.627991
98912.109375	-94.829056
98917.968750	-94.874634
98923.828125	-101.812775
98929.687500	-117.489433
98935.546875	-144.939011
98941.406250	-142.748047
98947.265625	-139.597565
98953.125000	-140.722092
98958.984375	-142.802917
98964.843750	-139.773621
98970.703125	-138.737228
98976.562500	-138.647644
98982.421875	-138.767654
98988.281250	-138.874191
98994.140625	-137.645020
99000.000000	-139.247833
99005.859375	-133.771194
99011.718750	-111.983208
99017.578125	-99.128716
99023.437500	-93.993881
99029.296875	-95.557320
99035.156250	-104.201447
99041.015625	-122.486549
99046.875000	-145.065048
99052.734375	-142.953293
99058.593750	-141.960648
99064.453125	-144.130005
99070.312500	-139.855225
99076.171875	-138.840225
99082.031250	-139.976486
99087.890625	-142.601379
99093.750000	-143.558273
99099.609375	-142.253296
99105.468750	-141.039413
99111.328125	-143.299454
99117.187500	-130.328644
99123.046875	-108.134331
99128.906250	-97.080612
99134.765625	-93.483292
99140.625000	-96.564957
99146.484375	-107.011093
99152.343750	-127.690842
99158.203125	-139.509491
99164.062500	-138.998581
99169.921875	-139.377686
99175.781250	-138.234375
99181.640625	-137.239594
99187.500000	-137.774353
99193.359375	-138.228668
99199.218750	-137.495026
99205.078125	-137.597244
99210.937500	-138.630920
99216.796875	-138.482864
99222.656250	-137.899109
99228.515625	-123.442368
99234.375000	-104.702400
99240.234375	-95.442703
99246.093750	-93.353325
99251.953125	-97.977531
99257.812500	-110.400276
99263.671875	-134.313065
99269.531250	-139.053528
99275.390625	-140.606216
99281.250000	-141.429504
99287.109375	-142.546555
99292.968750	-145.514542
99298.828125	-145.763199
99304.687500	-140.288391
99310.546875	-136.767441
99316.406250	-135.855469
99322.265625	-137.082169
99328.125000	-138.581497
99333.984375	-139.459198
99339.843750	-118.056366
99345.703125	-101.643448
99351.562500	-94.145378
99357.421875	-93.570015
99363.281250	-99.801819
99369.140625	-114.349586
99375.000000	-139.725983
99380.859375	-140.599014
99386.718750	-138.313522
99392.578125	-139.094742
99398.437500	-138.660889
99404.296875	-137.929367
99410.156250	-137.601685
99416.015625	-138.007935
99421.875000	-137.856506
99427.734375	-137.185349
99433.593750	-137.398300
99439.453125	-138.835281
99445.312500	-137.472977
99451.171875	-113.237030
99457.031250	-99.120346
99462.890625	-93.248047
99468.750000	-94.168442
99474.609375	-102.063934
99480.468750	-119.335159
99486.328125	-139.175339
99492.187500	-140.217834
99498.046875	-143.561157
99503.906250	-141.975342
99509.765625	-142.303207
99515.625000	-141.256958
99521.484375	-141.299149
99527.343750	-138.713821
99533.203125	-137.605896
99539.062500	-138.998764
99544.921875	-137.655746
99550.781250	-138.596954
99556.640625	-130.344254
99562.500000	-108.718369
99568.359375	-96.872658
99574.218750	-92.625763
99580.078125	-95.065292
99585.937500	-104.723160
99591.796875	-124.299919
99597.656250	-137.489990
99603.515625	-139.521744
99609.375000	-141.532745
99615.234375	-138.524292
99621.093750	-137.119461
99626.953125	-139.332870
99632.812500	-138.818954
99638.671875	-136.365036
99644.531250	-138.110657
99650.390625	-141.663742
99656.250000	-144.107147
99662.109375	-142.266006
99667.968750	-124.443413
99673.828125	-105.010002
99679.687500	-95.079895
99685.546875	-92.379753
99691.406250	-96.362556
99697.265625	-107.930527
99703.125000	-130.068985
99708.984375	-137.320969
99714.843750	-140.125961
99720.703125	-140.310608
99726.562500	-139.438248
99732.421875	-141.206345
99738.281250	-141.017807
99744.140625	-139.268021
99750.000000	-137.979065
99755.859375	-139.366089
99761.718750	-142.388550
99767.578125	-142.944962
99773.437500	-140.240753
99779.296875	-118.964218
99785.156250	-101.838524
99791.015625	-93.673073
99796.875000	-92.485863
99802.734375	-98.043213
99808.593750	-111.641800
99814.453125	-135.391418
99820.312500	-140.875290
99826.171875	-139.671799
99832.031250	-138.197327
99837.890625	-138.560455
99843.750000	-140.229080
99849.609375	-142.273132
99855.468750	-140.605179
99861.328125	-139.155914
99867.187500	-137.495361
99873.046875	-137.515930
99878.906250	-137.992371
99884.765625	-138.528885
99890.625000	-114.137123
99896.484375	-99.145256
99902.343750	-92.629868
99908.203125	-92.937866
99914.062500	-100.121529
99919.921875	-115.913383
99925.781250	-139.212204
99931.640625	-141.908279
99937.500000	-139.180420
99943.359375	-136.551285
99949.218750	-136.248611
99955.078125	-138.040497
99960.937500	-138.381668
99966.796875	-135.915451
99972.656250	-135.313187
99978.515625	-136.247498
99984.375000	-138.610809
99990.234375	-141.988266
99996.093750	-133.147034
100001.953125	-109.502144
100007.812500	-96.834328
100013.671875	-91.945473
100019.531250	-93.765984
100025.390625	-102.700706
100031.250000	-121.023247
100037.109375	-137.237747
100042.968750	-140.181091
100048.828125	-144.419174
100054.687500	-146.579514
100060.546875	-141.856461
100066.406250	-140.019302
100072.265625	-140.009781
100078.125000	-140.723907
100083.984375	-141.577316
100089.843750	-141.340622
100095.703125	-142.287613
100101.562500	-141.092896
100107.421875	-126.676262
100113.281250	-105.735405
100119.140625	-94.950409
100125.000000	-91.597076
100130.859375	-94.923843
100136.718750	-105.620697
100142.578125	-126.139755
100148.437500	-137.967789
100154.296875	-139.082077
100160.156250	-138.838791
100166.015625	-139.286514
100171.875000	-139.992004
100177.734375	-140.299515
100183.593750	-141.437271
100189.453125	-147.199677
100195.312500	-141.091309
100201.171875	-138.090256
100207.031250	-137.752975
100212.890625	-137.709106
100218.750000	-120.155754
100224.609375	-102.247047
100230.468750	-93.410217
100236.328125	-91.610634
100242.187500	-96.511887
100248.046875	-109.242828
100253.906250	-132.141891
100259.765625	-138.194077
100265.625000	-139.490326
100271.484375	-140.391586
100277.343750	-142.203094
100283.203125	-143.111038
100289.062500	-140.602402
100294.921875	-140.311325
100300.781250	-138.455994
100306.640625	-137.512802
100312.500000	-138.058304
100318.359375	-141.775024
100324.218750	-141.971176
100330.078125	-115.761124
100335.937500	-99.534538
100341.796875	-92.285538
100347.656250	-91.965553
100353.515625	-98.466248
100359.375000	-113.260811
100365.234375	-135.887634
100371.093750	-141.015106
100376.953125	-139.498947
100382.812500	-139.998245
100388.671875	-140.082092
100394.531250	-138.402145
100400.390625	-137.428650
100406.250000	-138.300674
100412.109375	-140.968307
100417.968750	-141.542816
100423.828125	-139.427078
100429.687500	-139.753647
100435.546875	-136.467957
100441.406250	-110.664474
100447.265625	-97.025978
100453.125000	-91.459412
100458.984375	-92.647423
100464.843750	-100.826820
100470.703125	-118.007561
100476.562500	-138.628006
100482.421875	-140.630600
100488.281250	-140.628632
100494.140625	-138.816895
100500.000000	-137.880859
100505.859375	-138.740799
100511.718750	-143.436813
100517.578125	-145.912140
100523.437500	-143.830109
100529.296875	-143.044281
100535.156250	-141.435989
100541.015625	-140.111023
100546.875000	-129.386292
100552.734375	-106.642288
100558.593750	-95.018166
100564.453125	-91.023727
100570.312500	-93.725151
100576.171875	-103.677979
100582.031250	-123.217300
100587.890625	-138.981873
100593.750000	-138.747131
100599.609375	-137.587112
100605.468750	-136.774445
100611.328125	-137.567642
100617.187500	-138.945206
100623.046875	-137.978149
100628.906250	-139.639816
100634.765625	-142.573685
100640.625000	-143.105896
100646.484375	-144.475403
100652.343750	-141.399384
100658.203125	-122.392738
100664.062500	-102.959244
100669.921875	-93.336937
100675.781250	-90.912300
100681.640625	-95.186882
100687.500000	-107.160568
100693.359375	-129.861099
100699.218750	-138.462524
100705.078125	-138.357697
100710.937500	-140.547134
100716.796875	-139.891617
100722.656250	-138.147491
100728.515625	-137.486115
100734.375000	-137.824615
100740.234375	-137.161377
100746.093750	-136.873718
100751.953125	-135.762131
100757.812500	-136.268585
100763.671875	-136.295120
100769.531250	-117.000038
100775.390625	-99.948448
100781.250000	-92.049774
100787.109375	-91.118340
100792.968750	-96.930870
100798.828125	-110.773293
100804.687500	-133.183228
100810.546875	-136.115219
100816.406250	-136.081161
100822.265625	-136.450806
100828.125000	-134.736130
100833.984375	-136.234818
100839.843750	-138.477798
100845.703125	-138.679382
100851.562500	-138.728455
100857.421875	-140.771378
100863.281250	-139.587494
100869.140625	-138.996155
100875.000000	-138.975769
100880.859375	-112.076164
100886.718750	-97.411118
100892.578125	-91.166573
100898.437500	-91.735657
100904.296875	-99.250290
100910.156250	-115.756927
100916.015625	-138.342072
100921.875000	-138.754730
100927.734375	-138.866943
100933.593750	-138.582245
100939.453125	-139.144409
100945.312500	-139.183395
100951.171875	-143.027145
100957.031250	-145.381332
100962.890625	-142.972275
100968.750000	-137.537674
100974.609375	-136.469940
100980.468750	-139.277466
100986.328125	-132.521896
100992.187500	-107.648758
100998.046875	-95.217690
101003.906250	-90.586159
101009.765625	-92.661743
101015.625000	-101.870171
101021.484375	-120.503143
101027.343750	-141.608536
101033.203125	-144.605484
101039.062500	-141.903046
101044.921875	-139.985519
101050.781250	-138.184738
101056.640625	-137.975266
101062.500000	-140.244934
101068.359375	-142.839630
101074.218750	-142.235703
101080.078125	-142.214706
101085.937500	-142.170410
101091.796875	-141.500000
101097.656250	-124.895103
101103.515625	-103.804962
101109.375000	-93.396088
101115.234375	-90.330040
101121.093750	-93.940582
101126.953125	-105.020958
101132.812500	-126.496941
101138.671875	-137.821060
101144.531250	-139.245560
101150.390625	-140.593643
101156.250000	-138.363129
101162.109375	-138.355255
101167.968750	-138.327484
101173.828125	-138.479874
101179.687500	-141.163940
101185.546875	-144.594971
101191.406250	-142.642044
101197.265625	-140.557236
101203.125000	-140.007828
101208.984375	-118.601974
101214.843750	-100.603584
101220.703125	-92.004776
101226.562500	-90.461304
101232.421875	-95.661545
101238.281250	-108.904831
101244.140625	-136.389542
101250.000000	-138.782196
101255.859375	-139.504837
101261.718750	-139.723862
101267.578125	-138.651550
101273.437500	-138.951675
101279.296875	-138.249924
101285.156250	-139.355209
101291.015625	-141.491760
101296.875000	-140.278534
101302.734375	-139.145233
101308.593750	-137.444809
101314.453125	-141.178482
101320.312500	-113.648232
101326.171875	-97.885513
101332.031250	-90.963913
101337.890625	-90.908989
101343.750000	-97.696327
101349.609375	-112.945511
101355.468750	-137.595612
101361.328125	-140.361252
101367.187500	-139.717529
101373.046875	-139.835953
101378.906250	-142.028488
101384.765625	-138.174545
101390.625000	-136.010239
101396.484375	-137.047165
101402.343750	-138.969742
101408.203125	-140.606186
101414.062500	-145.269806
101419.921875	-138.916260
101425.781250	-131.354797
101431.640625	-108.705711
101437.500000	-95.540382
101443.359375	-90.271088
101449.218750	-91.735924
101455.078125	-100.248436
101460.937500	-118.279526
101466.796875	-137.486435
101472.656250	-136.131699
101478.515625	-137.141235
101484.375000	-139.853622
101490.234375	-138.582504
101496.093750	-137.050690
101501.953125	-138.619858
101507.812500	-144.136139
101513.671875	-144.479477
101519.531250	-142.697006
101525.390625	-140.014786
101531.250000	-141.104706
101537.109375	-127.184349
101542.968750	-104.902298
101548.828125	-93.647560
101554.687500	-89.933571
101560.546875	-92.908661
101566.406250	-103.214363
101572.265625	-123.951347
101578.125000	-142.113739
101583.984375	-143.499359
101589.843750	-141.550369
101595.703125	-141.229355
101601.562500	-140.468018
101607.421875	-140.152420
101613.281250	-141.915695
101619.140625	-143.116562
101625.000000	-141.712204
101630.859375	-137.501785
101636.718750	-136.668808
101642.578125	-139.880173
101648.437500	-120.512077
101654.296875	-101.431213
101660.156250	-92.099281
101666.015625	-89.924751
101671.875000	-94.439835
101677.734375	-106.577888
101683.593750	-128.129395
101689.453125	-136.245346
101695.312500	-138.012802
101701.171875	-138.214386
101707.031250	-138.318726
101712.890625	-138.844162
101718.750000	-138.630600
101724.609375	-136.662857
101730.468750	-136.000687
101736.328125	-138.948822
101742.187500	-139.217590
101748.046875	-137.647217
101753.906250	-136.284897
101759.765625	-114.726715
101765.625000	-98.522232
101771.484375	-90.946426
101777.343750	-90.292229
101783.203125	-96.447426
101789.062500	-111.050735
101794.921875	-141.269043
101800.781250	-139.119644
101806.640625	-136.606766
101812.500000	-136.467865
101818.359375	-135.884857
101824.218750	-136.111298
101830.078125	-135.996384
101835.937500	-136.483200
101841.796875	-138.653748
101847.656250	-139.638199
101853.515625	-138.078476
101859.375000	-136.940491
101865.234375	-137.348190
101871.093750	-110.201157
101876.953125	-96.044052
101882.812500	-90.104500
101888.671875	-90.940582
101894.531250	-98.717499
101900.390625	-115.416534
101906.250000	-138.458969
101912.109375	-139.876740
101917.968750	-142.637650
101923.828125	-143.480179
101929.687500	-144.837540
101935.546875	-144.611023
101941.406250	-142.432724
101947.265625	-142.190918
101953.125000	-140.084793
101958.984375	-138.164948
101964.843750	-136.954468
101970.703125	-138.142838
101976.562500	-128.780289
101982.421875	-105.972527
101988.281250	-93.987503
101994.140625	-89.651367
102000.000000	-92.006203
102005.859375	-101.582695
102011.718750	-121.542839
102017.578125	-140.707214
102023.437500	-142.508118
102029.296875	-143.170532
102035.156250	-139.946014
102041.015625	-139.769852
102046.875000	-141.982666
102052.734375	-142.011871
102058.593750	-138.594803
102064.453125	-139.363586
102070.312500	-138.828262
102076.171875	-135.947815
102082.031250	-137.155640
102087.890625	-123.429131
102093.750000	-102.480103
102099.609375	-92.320282
102105.468750	-89.509827
102111.328125	-93.400246
102117.187500	-104.865173
102123.046875	-127.381378
102128.906250	-141.250275
102134.765625	-139.836502
102140.625000	-142.241867
102146.484375	-143.677887
102152.343750	-137.785660
102158.203125	-135.613541
102164.062500	-135.698868
102169.921875	-137.505615
102175.781250	-140.264954
102181.640625	-139.361816
102187.500000	-139.012009
102193.359375	-134.627502
102199.218750	-117.054718
102205.078125	-99.364845
102210.937500	-91.022903
102216.796875	-89.735695
102222.656250	-95.209328
102228.515625	-108.773880
102234.375000	-134.343979
102240.234375	-141.146744
102246.093750	-140.005447
102251.953125	-139.294403
102257.812500	-139.173981
102263.671875	-138.849701
102269.531250	-138.517868
102275.390625	-137.349945
102281.250000	-136.982590
102287.109375	-138.761230
102292.968750	-147.030136
102298.828125	-141.834656
102304.687500	-137.906876
102310.546875	-111.852760
102316.406250	-96.717072
102322.265625	-90.095413
102328.125000	-90.315430
102333.984375	-97.426186
102339.843750	-113.217667
102345.703125	-138.422043
102351.562500	-138.647324
102357.421875	-138.455612
102363.281250	-139.096237
102369.140625	-141.510620
102375.000000	-142.808258
102380.859375	-141.866745
102386.718750	-139.940994
102392.578125	-136.453903
102398.437500	-135.846924
102404.296875	-137.495590
102410.156250	-136.866821
102416.015625	-132.514633
102421.875000	-107.375824
102427.734375	-94.486366
102433.593750	-89.496170
102439.453125	-91.234604
102445.312500	-100.109558
102451.171875	-118.854279
102457.031250	-138.779785
102462.890625	-139.081635
102468.750000	-138.510422
102474.609375	-136.362030
102480.468750	-135.679565
102486.328125	-137.535873
102492.187500	-139.748093
102498.046875	-140.629501
102503.906250	-140.081909
102509.765625	-141.818069
102515.625000	-143.632095
102521.484375	-140.649170
102527.343750	-124.806595
102533.203125	-103.538460
102539.062500	-92.669701
102544.921875	-89.234627
102550.781250	-92.475372
102556.640625	-103.086899
102562.500000	-124.061806
102568.359375	-141.618835
102574.218750	-139.005905
102580.078125	-137.627716
102585.937500	-136.294830
102591.796875	-138.076859
102597.656250	-141.420639
102603.515625	-141.257645
102609.375000	-138.872299
102615.234375	-136.985123
102621.093750	-137.019363
102626.953125	-139.127884
102632.812500	-139.523117
102638.671875	-118.487526
102644.531250	-100.201279
102650.390625	-91.223778
102656.250000	-89.324730
102662.109375	-94.119713
102667.968750	-106.645187
102673.828125	-129.270813
102679.687500	-138.115540
102685.546875	-141.040573
102691.406250	-141.575699
102697.265625	-138.421158
102703.125000	-138.407852
102708.984375	-139.836609
102714.843750	-140.283066
102720.703125	-141.860291
102726.562500	-140.801727
102732.421875	-137.477371
102738.281250	-137.496979
102744.140625	-140.218979
102750.000000	-113.699928
102755.859375	-97.504227
102761.718750	-90.194954
102767.578125	-89.796692
102773.437500	-96.216293
102779.296875	-110.973679
102785.156250	-136.150452
102791.015625	-140.382431
102796.875000	-143.508331
102802.734375	-142.143082
102808.593750	-141.701050
102814.453125	-143.759811
102820.312500	-141.549957
102826.171875	-141.127411
102832.031250	-141.156006
102837.890625	-135.757935
102843.750000	-135.001236
102849.609375	-137.574188
102855.468750	-135.536407
102861.328125	-108.905884
102867.187500	-95.099205
102873.046875	-89.438370
102878.906250	-90.534515
102884.765625	-98.595245
102890.625000	-115.458817
102896.484375	-137.485336
102902.343750	-140.653732
102908.203125	-141.575134
102914.062500	-141.170135
102919.921875	-140.321289
102925.781250	-138.515778
102931.640625	-136.761276
102937.500000	-137.322464
102943.359375	-137.879028
102949.218750	-137.778107
102955.078125	-138.479523
102960.937500	-139.200378
102966.796875	-127.969025
102972.656250	-104.939560
102978.515625	-93.193497
102984.375000	-89.109268
102990.234375	-91.735451
102996.093750	-101.667946
103001.953125	-122.310272
103007.812500	-141.343170
103013.671875	-137.571152
103019.531250	-135.885971
103025.390625	-137.781601
103031.250000	-140.114304
103037.109375	-137.615372
103042.968750	-135.482559
103048.828125	-137.548752
103054.687500	-138.634598
103060.546875	-136.985916
103066.406250	-139.286560
103072.265625	-141.483734
103078.125000	-121.202927
103083.984375	-101.339600
103089.843750	-91.582558
103095.703125	-89.055824
103101.562500	-93.214272
103107.421875	-104.976189
103113.281250	-127.445015
103119.140625	-141.290573
103125.000000	-145.034622
103130.859375	-139.070343
103136.718750	-138.468567
103142.578125	-140.771072
103148.437500	-140.865540
103154.296875	-138.153229
103160.156250	-138.602676
103166.015625	-141.072586
103171.875000	-143.415939
103177.734375	-143.388046
103183.593750	-141.490295
103189.453125	-115.455177
103195.312500	-98.382271
103201.171875	-90.375748
103207.031250	-89.355400
103212.890625	-95.098839
103218.750000	-108.934525
103224.609375	-133.156693
103230.468750	-134.589661
103236.328125	-135.105652
103242.187500	-136.037323
103248.046875	-138.118561
103253.906250	-142.164337
103259.765625	-144.642029
103265.625000	-138.572815
103271.484375	-138.790787
103277.343750	-140.134644
103283.203125	-142.366684
103289.062500	-141.030640
103294.921875	-134.926620
103300.781250	-110.416580
103306.640625	-95.837097
103312.500000	-89.533852
103318.359375	-90.028931
103324.218750	-97.446808
103330.078125	-113.746902
103335.937500	-140.601761
103341.796875	-142.673492
103347.656250	-141.788773
103353.515625	-142.678421
103359.375000	-141.161530
103365.234375	-139.171127
103371.093750	-138.720978
103376.953125	-138.601837
103382.812500	-139.992020
103388.671875	-139.464905
103394.531250	-136.921890
103400.390625	-139.206329
103406.250000	-130.868744
103412.109375	-106.213470
103417.968750	-93.758911
103423.828125	-89.057114
103429.687500	-91.060471
103435.546875	-100.215271
103441.406250	-119.361275
103447.265625	-141.389877
103453.125000	-143.921417
103458.984375	-144.200226
103464.843750	-139.136398
103470.703125	-136.893265
103476.562500	-137.550735
103482.421875	-140.387833
103488.281250	-141.166077
103494.140625	-141.178879
103500.000000	-139.430710
103505.859375	-138.441208
103511.718750	-137.405289
103517.578125	-122.442543
103523.437500	-102.499252
103529.296875	-92.024864
103535.156250	-88.871315
103541.015625	-92.394180
103546.875000	-103.381584
103552.734375	-124.958359
103558.593750	-137.101166
103564.453125	-138.112045
103570.312500	-138.380905
103576.171875	-138.016525
103582.031250	-137.516174
103587.890625	-136.818848
103593.750000	-137.440704
103599.609375	-138.194595
103605.468750	-138.819427
103611.328125	-139.751373
103617.187500	-141.278961
103623.046875	-140.661331
103628.906250	-117.886452
103634.765625	-99.449707
103640.625000	-90.707512
103646.484375	-89.063774
103652.343750	-94.159966
103658.203125	-107.204231
103664.062500	-131.954407
103669.921875	-136.375595
103675.781250	-136.574051
103681.640625	-137.846680
103687.500000	-136.802826
103693.359375	-136.671555
103699.218750	-138.277054
103705.078125	-138.834351
103710.937500	-137.609100
103716.796875	-138.787003
103722.656250	-140.135635
103728.515625	-138.804474
103734.375000	-138.656815
103740.234375	-112.373322
103746.093750	-96.738396
103751.953125	-89.733368
103757.812500	-89.598297
103763.671875	-96.292877
103769.531250	-111.377945
103775.390625	-134.837799
103781.250000	-137.960052
103787.109375	-137.732132
103792.968750	-137.878098
103798.828125	-137.591980
103804.687500	-136.374329
103810.546875	-136.188187
103816.406250	-139.567734
103822.265625	-144.482819
103828.125000	-140.250717
103833.984375	-139.483368
103839.843750	-140.133499
103845.703125	-132.648544
103851.562500	-107.961143
103857.421875	-94.496078
103863.281250	-89.104622
103869.140625	-90.472527
103875.000000	-98.867340
103880.859375	-116.372490
103886.718750	-136.176041
103892.578125	-136.707245
103898.437500	-136.961395
103904.296875	-135.709824
103910.156250	-135.346481
103916.015625	-137.950455
103921.875000	-140.150269
103927.734375	-140.984970
103933.593750	-139.883362
103939.453125	-138.239731
103945.312500	-138.215164
103951.171875	-141.057861
103957.031250	-126.188705
103962.890625	-103.960281
103968.750000	-92.626968
103974.609375	-88.830162
103980.468750	-91.720779
103986.328125	-101.931442
103992.187500	-122.463486
103998.046875	-139.375671
104003.906250	-137.816223
104009.765625	-137.389572
104015.625000	-139.210876
104021.484375	-142.121582
104027.343750	-141.939545
104033.203125	-140.577454
104039.062500	-139.696899
104044.921875	-139.762329
104050.781250	-140.694778
104056.640625	-140.492599
104062.500000	-140.009476
104068.359375	-119.625435
104074.218750	-100.536911
104080.078125	-91.128090
104085.937500	-88.877762
104091.796875	-93.318008
104097.656250	-105.476250
104103.515625	-129.530121
104109.375000	-135.829605
104115.234375	-137.564056
104121.093750	-140.056793
104126.953125	-141.627594
104132.812500	-147.200317
104138.671875	-144.561722
104144.531250	-140.787643
104150.390625	-140.062759
104156.250000	-139.271530
104162.109375	-137.648056
104167.968750	-137.662399
104173.828125	-137.013809
104179.687500	-113.955177
104185.546875	-97.659073
104191.406250	-90.000412
104197.265625	-89.258148
104203.125000	-95.286102
104208.984375	-109.481590
104214.843750	-132.515442
104220.703125	-137.058533
104226.562500	-139.721222
104232.421875	-141.474106
104238.281250	-139.998993
104244.140625	-143.376419
104250.000000	-143.000900
104255.859375	-139.242386
104261.718750	-138.293213
104267.578125	-136.903137
104273.437500	-137.411224
104279.296875	-143.252243
104285.156250	-136.097305
104291.015625	-109.674782
104296.875000	-95.337151
104302.734375	-89.289795
104308.593750	-90.035271
104314.453125	-97.730141
104320.312500	-114.453171
104326.171875	-140.105637
104332.031250	-137.790680
104337.890625	-137.883530
104343.750000	-138.843842
104349.609375	-139.298996
104355.468750	-139.915771
104361.328125	-139.756302
104367.187500	-139.774048
104373.046875	-139.531403
104378.906250	-140.566544
104384.765625	-140.703781
104390.625000	-141.622375
104396.484375	-130.856461
104402.343750	-105.530182
104408.203125	-93.320419
104414.062500	-88.874161
104419.921875	-91.133232
104425.781250	-100.581619
104431.640625	-119.870056
104437.500000	-139.914658
104443.359375	-139.402176
104449.218750	-141.768921
104455.078125	-148.553223
104460.937500	-145.353485
104466.796875	-142.058899
104472.656250	-141.956299
104478.515625	-142.260910
104484.375000	-140.897385
104490.234375	-141.076523
104496.093750	-140.460205
104501.953125	-141.092941
104507.812500	-122.424599
104513.671875	-101.901794
104519.531250	-91.691498
104525.390625	-88.802315
104531.250000	-92.599693
104537.109375	-103.948776
104542.968750	-126.933365
104548.828125	-140.149002
104554.687500	-138.254959
104560.546875	-136.925125
104566.406250	-138.146133
104572.265625	-139.375687
104578.125000	-138.180740
104583.984375	-136.415314
104589.843750	-136.383087
104595.703125	-138.141174
104601.562500	-138.406067
104607.421875	-137.458832
104613.281250	-140.682770
104619.140625	-116.786369
104625.000000	-98.837807
104630.859375	-90.429146
104636.718750	-89.059799
104642.578125	-94.433647
104648.437500	-107.819313
104654.296875	-132.955460
104660.156250	-136.826660
104666.015625	-137.411972
104671.875000	-137.408295
104677.734375	-137.635300
104683.593750	-137.243347
104689.453125	-136.660553
104695.312500	-138.621536
104701.171875	-141.956467
104707.031250	-140.582520
104712.890625	-140.233795
104718.750000	-136.469833
104724.609375	-135.823074
104730.468750	-111.756073
104736.328125	-96.308121
104742.187500	-89.570274
104748.046875	-89.696381
104753.906250	-96.706276
104759.765625	-112.417580
104765.625000	-138.743896
104771.484375	-137.841141
104777.343750	-137.889328
104783.203125	-137.868774
104789.062500	-138.200928
104794.921875	-138.471146
104800.781250	-140.045502
104806.640625	-139.038284
104812.500000	-136.527573
104818.359375	-135.573929
104824.218750	-136.215149
104830.078125	-138.441055
104835.937500	-131.526215
104841.796875	-107.084488
104847.656250	-94.113121
104853.515625	-89.026024
104859.375000	-90.668709
104865.234375	-99.403419
104871.093750	-117.796555
104876.953125	-137.740311
104882.812500	-140.744141
104888.671875	-142.341751
104894.531250	-140.145340
104900.390625	-140.269989
104906.250000	-137.967499
104912.109375	-136.840179
104917.968750	-136.127792
104923.828125	-135.259903
104929.687500	-137.220490
104935.546875	-140.307800
104941.406250	-143.911285
104947.265625	-125.550964
104953.125000	-103.361458
104958.984375	-92.367691
104964.843750	-88.846809
104970.703125	-92.008087
104976.562500	-102.536644
104982.421875	-123.524498
104988.281250	-139.540970
104994.140625	-137.273682
105000.000000	-139.499329
105005.859375	-139.069717
105011.718750	-135.288055
105017.578125	-135.245804
105023.437500	-137.519424
105029.296875	-138.313034
105035.156250	-140.944077
105041.015625	-141.301437
105046.875000	-140.379395
105052.734375	-139.782898
105058.593750	-118.972672
105064.453125	-100.110069
105070.312500	-90.966576
105076.171875	-88.968933
105082.031250	-93.687424
105087.890625	-106.233002
105093.750000	-131.962234
105099.609375	-140.721817
105105.468750	-138.047424
105111.328125	-137.375916
105117.187500	-137.308029
105123.046875	-140.185165
105128.906250	-142.045441
105134.765625	-141.646942
105140.625000	-142.106064
105146.484375	-140.430664
105152.343750	-141.586685
105158.203125	-142.123871
105164.062500	-141.007126
105169.921875	-113.553772
105175.781250	-97.338829
105181.640625	-89.931450
105187.500000	-89.444878
105193.359375	-95.769508
105199.218750	-110.432777
105205.078125	-135.923111
105210.937500	-138.806442
105216.796875	-136.335922
105222.656250	-137.220764
105228.515625	-140.622955
105234.375000	-142.104858
105240.234375	-139.928116
105246.093750	-139.678528
105251.953125	-138.468155
105257.812500	-136.556656
105263.671875	-135.900146
105269.531250	-136.594284
105275.390625	-133.016876
105281.250000	-108.850227
105287.109375	-95.006218
105292.968750	-89.260208
105298.828125	-90.280083
105304.687500	-98.286522
105310.546875	-115.446022
105316.406250	-142.325790
105322.265625	-142.462830
105328.125000	-141.408417
105333.984375	-141.684067
105339.843750	-142.415741
105345.703125	-139.604874
105351.562500	-137.030853
105357.421875	-138.589828
105363.281250	-142.110825
105369.140625	-139.088470
105375.000000	-138.635422
105380.859375	-139.335938
105386.718750	-128.419556
105392.578125	-104.995926
105398.437500	-93.138138
105404.296875	-88.962395
105410.156250	-91.482414
105416.015625	-101.227745
105421.875000	-121.246887
105427.734375	-139.244431
105433.593750	-139.585617
105439.453125	-140.297485
105445.312500	-138.833023
105451.171875	-139.535110
105457.031250	-138.853058
105462.890625	-137.546722
105468.750000	-139.710526
105474.609375	-141.451630
105480.468750	-141.754028
105486.328125	-140.352264
105492.187500	-139.985138
105498.046875	-122.258141
105503.906250	-101.515739
105509.765625	-91.593468
105515.625000	-88.965401
105521.484375	-93.019073
105527.343750	-104.606186
105533.203125	-126.750107
105539.062500	-139.120239
105544.921875	-138.637436
105550.781250	-139.063614
105556.640625	-142.368225
105562.500000	-140.692154
105568.359375	-140.090775
105574.218750	-139.193893
105580.078125	-139.792404
105585.937500	-141.569366
105591.796875	-139.560959
105597.656250	-138.662979
105603.515625	-141.671021
105609.375000	-115.963837
105615.234375	-98.584274
105621.093750	-90.455009
105626.953125	-89.346321
105632.812500	-95.014496
105638.671875	-108.829063
105644.531250	-133.682297
105650.390625	-138.587524
105656.250000	-139.715195
105662.109375	-139.560989
105667.968750	-139.750153
105673.828125	-139.066574
105679.687500	-139.194153
105685.546875	-140.276917
105691.406250	-141.119614
105697.265625	-140.564087
105703.125000	-141.320480
105708.984375	-139.697388
105714.843750	-140.720337
105720.703125	-110.863159
105726.562500	-96.045601
105732.421875	-89.632233
105738.281250	-90.029770
105744.140625	-97.325111
105750.000000	-113.388184
105755.859375	-139.460464
105761.718750	-138.811310
105767.578125	-138.046188
105773.437500	-137.421722
105779.296875	-137.734207
105785.156250	-136.621536
105791.015625	-136.484512
105796.875000	-139.992752
105802.734375	-140.025269
105808.593750	-139.237823
105814.453125	-139.437393
105820.312500	-139.890060
105826.171875	-129.364609
105832.031250	-106.471535
105837.890625	-93.968086
105843.750000	-89.179298
105849.609375	-91.086670
105855.468750	-100.106796
105861.328125	-118.580193
105867.187500	-138.655136
105873.046875	-139.665710
105878.906250	-137.898636
105884.765625	-137.715698
105890.625000	-138.196808
105896.484375	-140.410599
105902.343750	-142.547104
105908.203125	-140.813889
105914.062500	-138.600433
105919.921875	-136.900558
105925.781250	-137.178711
105931.640625	-138.443909
105937.500000	-124.545334
105943.359375	-103.024872
105949.218750	-92.346695
105955.078125	-89.090286
105960.937500	-92.532463
105966.796875	-103.474800
105972.656250	-125.990578
105978.515625	-141.687119
105984.375000	-141.466400
105990.234375	-140.113510
105996.093750	-138.033951
106001.953125	-138.779526
106007.812500	-139.396988
106013.671875	-139.176498
106019.531250	-139.661453
106025.390625	-139.313828
106031.250000	-138.059372
106037.109375	-137.843521
106042.968750	-138.081161
106048.828125	-117.816734
106054.687500	-99.839622
106060.546875	-91.045723
106066.406250	-89.324234
106072.265625	-94.325890
106078.125000	-107.272423
106083.984375	-133.387772
106089.843750	-136.817947
106095.703125	-139.340118
106101.562500	-141.343384
106107.421875	-140.747360
106113.281250	-140.083160
106119.140625	-137.438721
106125.000000	-135.670303
106130.859375	-136.472427
106136.718750	-140.480225
106142.578125	-143.074402
106148.437500	-145.439621
106154.296875	-140.459335
106160.156250	-113.051788
106166.015625	-97.228088
106171.875000	-90.116570
106177.734375	-89.892715
106183.593750	-96.495964
106189.453125	-111.450523
106195.312500	-133.844299
106201.171875	-137.554794
106207.031250	-138.605164
106212.890625	-139.695801
106218.750000	-141.657318
106224.609375	-140.337692
106230.468750	-140.056122
106236.328125	-140.695068
106242.187500	-140.587570
106248.046875	-139.964294
106253.906250	-139.109818
106259.765625	-138.983978
106265.625000	-135.501083
106271.484375	-108.730095
106277.343750	-95.024734
106283.203125	-89.524956
106289.062500	-90.797935
106294.921875	-99.104614
106300.781250	-116.620468
106306.640625	-137.450668
106312.500000	-138.365845
106318.359375	-141.596024
106324.218750	-139.822693
106330.078125	-136.992310
106335.937500	-139.886276
106341.796875	-141.710007
106347.656250	-138.717163
106353.515625	-139.363907
106359.375000	-140.067200
106365.234375	-139.392685
106371.093750	-139.161499
106376.953125	-127.432289
106382.812500	-104.619469
106388.671875	-93.157547
106394.531250	-89.263649
106400.390625	-92.053215
106406.250000	-102.125587
106412.109375	-122.574661
106417.968750	-137.675674
106423.828125	-137.072937
106429.687500	-136.336792
106435.546875	-138.553665
106441.406250	-142.560349
106447.265625	-143.241348
106453.125000	-140.968948
106458.984375	-140.179291
106464.843750	-142.478210
106470.703125	-142.411987
106476.562500	-138.808823
106482.421875	-139.348892
106488.281250	-120.718124
106494.140625	-101.285912
106500.000000	-91.736389
106505.859375	-89.387627
106511.718750	-93.728844
106517.578125	-105.723564
106523.437500	-128.434113
106529.296875	-139.520081
106535.156250	-139.532059
106541.015625	-139.750458
106546.875000	-140.770996
106552.734375	-141.899185
106558.593750	-145.400833
106564.453125	-142.820572
106570.312500	-138.442078
106576.171875	-138.917725
106582.031250	-142.467316
106587.890625	-147.381348
106593.750000	-143.585907
106599.609375	-115.165878
106605.468750	-98.436592
106611.328125	-90.650185
106617.187500	-89.810219
106623.046875	-95.750313
106628.906250	-109.911331
106634.765625	-137.072128
106640.625000	-138.672699
106646.484375	-138.485474
106652.343750	-138.981567
106658.203125	-139.604889
106664.062500	-139.661667
106669.921875	-139.777298
106675.781250	-141.817734
106681.640625	-141.693848
106687.500000	-138.955841
106693.359375	-138.251862
106699.218750	-139.825684
106705.078125	-136.802383
106710.937500	-110.476158
106716.796875	-96.072746
106722.656250	-89.951782
106728.515625	-90.625198
106734.375000	-98.267097
106740.234375	-114.976265
106746.093750	-139.482040
106751.953125	-139.935364
106757.812500	-141.024277
106763.671875	-142.523804
106769.531250	-143.137100
106775.390625	-140.068481
106781.250000	-137.320984
106787.109375	-140.494064
106792.968750	-143.414169
106798.828125	-137.590424
106804.687500	-135.770020
106810.546875	-136.079086
106816.406250	-129.179779
106822.265625	-106.262161
106828.125000	-94.090652
106833.984375	-89.579498
106839.843750	-91.766174
106845.703125	-101.148232
106851.562500	-120.598236
106857.421875	-140.861008
106863.281250	-141.593262
106869.140625	-143.758774
106875.000000	-145.507767
106880.859375	-140.629425
106886.718750	-136.728577
106892.578125	-136.451279
106898.437500	-137.687439
106904.296875	-137.165955
106910.156250	-136.341980
106916.015625	-137.050797
106921.875000	-138.658249
106927.734375	-123.390923
106933.593750	-102.820328
106939.453125	-92.536316
106945.312500	-89.563828
106951.171875	-93.272919
106957.031250	-104.497375
106962.890625	-126.806519
106968.750000	-140.617767
106974.609375	-137.874847
106980.468750	-137.478210
106986.328125	-138.144867
106992.187500	-139.197098
106998.046875	-139.690369
107003.906250	-137.462372
107009.765625	-136.880676
107015.625000	-140.051636
107021.484375	-139.022278
107027.343750	-138.901962
107033.203125	-139.610367
107039.062500	-141.394684
107044.921875	-143.678070
107050.781250	-142.577789
107056.640625	-138.593521
107062.500000	-137.730438
107068.359375	-139.813232
107074.218750	-139.562347
107080.078125	-140.799957
107085.937500	-141.764481
107091.796875	-142.501282
107097.656250	-142.934113
107103.515625	-141.163025
107109.375000	-139.760178
107115.234375	-138.531097
107121.093750	-139.209885
107126.953125	-145.366653
107132.812500	-142.441833
107138.671875	-140.279221
107144.531250	-137.985489
107150.390625	-137.420609
107156.250000	-138.597000
107162.109375	-137.157303
107167.968750	-137.146729
107173.828125	-137.072144
107179.687500	-136.501129
107185.546875	-140.011810
107191.406250	-141.905426
107197.265625	-138.144806
107203.125000	-138.377228
107208.984375	-141.909317
107214.843750	-139.705307
107220.703125	-137.701523
107226.562500	-137.487473
107232.421875	-138.662659
107238.281250	-140.750671
107244.140625	-143.731018
107250.000000	-142.557907
107255.859375	-141.077042
107261.718750	-143.281219
107267.578125	-144.930832
107273.437500	-141.230484
107279.296875	-140.315323
107285.156250	-142.056808
107291.015625	-139.098038
107296.875000	-136.179611
107302.734375	-137.437897
107308.593750	-139.727005
107314.453125	-139.100769
107320.312500	-139.219025
107326.171875	-139.854889
107332.031250	-139.669647
107337.890625	-139.643875
107343.750000	-139.444504
107349.609375	-140.108948
107355.468750	-140.731812
107361.328125	-138.653595
107367.187500	-138.500580
107373.046875	-140.483673
107378.906250	-143.628555
107384.765625	-142.350525
107390.625000	-140.168854
107396.484375	-139.058273
107402.343750	-141.054657
107408.203125	-139.430603
107414.062500	-139.585022
107419.921875	-139.518326
107425.781250	-140.510635
107431.640625	-140.499893
107437.500000	-139.411499
107443.359375	-140.071930
107449.218750	-139.589310
107455.078125	-138.146057
107460.937500	-136.948761
107466.796875	-136.470993
107472.656250	-138.206772
107478.515625	-138.169495
107484.375000	-139.240524
107490.234375	-141.117783
107496.093750	-140.377243
107501.953125	-138.564880
107507.812500	-137.117371
107513.671875	-136.345078
107519.531250	-135.306229
107525.390625	-136.911194
107531.250000	-139.350983
107537.109375	-139.495132
107542.968750	-141.514267
107548.828125	-140.502533
107554.687500	-142.614044
107560.546875	-139.411514
107566.406250	-136.175171
107572.265625	-136.088257
107578.125000	-136.998276
107583.984375	-136.538925
107589.843750	-136.142883
107595.703125	-137.671432
107601.562500	-139.635513
107607.421875	-140.436386
107613.281250	-140.299973
107619.140625	-138.254181
107625.000000	-135.659866
107630.859375	-136.194138
107636.718750	-139.741165
107642.578125	-141.509491
107648.437500	-139.978500
107654.296875	-138.681366
107660.156250	-138.767349
107666.015625	-139.164108
107671.875000	-138.753403
107677.734375	-137.775528
107683.593750	-137.360031
107689.453125	-140.156631
107695.312500	-140.981079
107701.171875	-139.660156
107707.031250	-140.329102
107712.890625	-141.488541
107718.750000	-141.187805
107724.609375	-140.618164
107730.468750	-139.169006
107736.328125	-140.549774
107742.187500	-139.438904
107748.046875	-138.291962
107753.906250	-138.890854
107759.765625	-138.616730
107765.625000	-138.607376
107771.484375	-139.809280
107777.343750	-136.813248
107783.203125	-136.750595
107789.062500	-138.745300
107794.921875	-140.865738
107800.781250	-141.042145
107806.640625	-139.200119
107812.500000	-142.085251
107818.359375	-141.689728
107824.218750	-140.359146
107830.078125	-140.289490
107835.937500	-141.649765
107841.796875	-142.013733
107847.656250	-139.925156
107853.515625	-139.156311
107859.375000	-138.657318
107865.234375	-138.707260
107871.093750	-138.065643
107876.953125	-138.728653
107882.812500	-138.680542
107888.671875	-137.119003
107894.531250	-137.459579
107900.390625	-142.018112
107906.250000	-144.957245
107912.109375	-143.529327
107917.968750	-141.663834
107923.828125	-139.057159
107929.687500	-139.137711
107935.546875	-137.780762
107941.406250	-137.703430
107947.265625	-138.035110
107953.125000	-137.951447
107958.984375	-139.064484
107964.843750	-140.880005
107970.703125	-142.984360
107976.562500	-142.435623
107982.421875	-141.909576
107988.281250	-140.187271
107994.140625	-140.806183
108000.000000	-140.810181
108005.859375	-138.861740
108011.718750	-139.857513
108017.578125	-140.966125
108023.437500	-138.155151
108029.296875	-136.229111
108035.156250	-136.595535
108041.015625	-139.322327
108046.875000	-139.718903
108052.734375	-137.430847
108058.593750	-136.910995
108064.453125	-137.446289
108070.312500	-139.445084
108076.171875	-141.507172
108082.031250	-143.627274
108087.890625	-143.093369
108093.750000	-139.952209
108099.609375	-140.747330
108105.468750	-142.403305
108111.328125	-142.149734
108117.187500	-141.168991
108123.046875	-141.199280
108128.906250	-143.537216
108134.765625	-141.708603
108140.625000	-139.934860
108146.484375	-141.689133
108152.343750	-144.410324
108158.203125	-141.023804
108164.062500	-140.100433
108169.921875	-141.273453
108175.781250	-140.209137
108181.640625	-140.229233
108187.500000	-142.826599
108193.359375	-139.527817
108199.218750	-138.083786
108205.078125	-136.978165
108210.937500	-138.658783
108216.796875	-144.651779
108222.656250	-144.071167
108228.515625	-140.695114
108234.375000	-137.521118
108240.234375	-137.162201
108246.093750	-138.819672
108251.953125	-140.753952
108257.812500	-140.595749
108263.671875	-138.558105
108269.531250	-137.393402
108275.390625	-138.324249
108281.250000	-141.106659
108287.109375	-143.378220
108292.968750	-141.012543
108298.828125	-138.102325
108304.687500	-137.257370
108310.546875	-138.891556
108316.406250	-140.158539
108322.265625	-136.415604
108328.125000	-135.095459
108333.984375	-137.484055
108339.843750	-142.287689
108345.703125	-143.682816
108351.562500	-138.611526
108357.421875	-138.654175
108363.281250	-140.520935
108369.140625	-143.896713
108375.000000	-143.081284
108380.859375	-140.502686
108386.718750	-139.867676
108392.578125	-141.541351
108398.437500	-142.425217
108404.296875	-139.109512
108410.156250	-140.029633
108416.015625	-140.651672
108421.875000	-140.607529
108427.734375	-141.905579
108433.593750	-137.947937
108439.453125	-137.065430
108445.312500	-139.543686
108451.171875	-146.389038
108457.031250	-142.846100
108462.890625	-137.231689
108468.750000	-135.236115
108474.609375	-135.432205
108480.468750	-135.786682
108486.328125	-136.018143
108492.187500	-137.087280
108498.046875	-138.442932
108503.906250	-140.990860
108509.765625	-144.497513
108515.625000	-139.931274
108521.484375	-137.918854
108527.343750	-138.311752
108533.203125	-138.076675
108539.062500	-139.159500
108544.921875	-140.543900
108550.781250	-141.085327
108556.640625	-138.588272
108562.500000	-138.088547
108568.359375	-137.764053
108574.218750	-139.151993
108580.078125	-138.216232
108585.937500	-137.725830
108591.796875	-141.079971
108597.656250	-139.122665
108603.515625	-136.304306
108609.375000	-138.293457
108615.234375	-138.784714
108621.093750	-138.012177
108626.953125	-141.273972
108632.812500	-139.756134
108638.671875	-138.122650
108644.531250	-139.119049
108650.390625	-138.206146
108656.250000	-136.876389
108662.109375	-138.907745
108667.968750	-138.128784
108673.828125	-138.297043
108679.687500	-137.523727
108685.546875	-139.322617
108691.406250	-139.418304
108697.265625	-137.294647
108703.125000	-136.584167
108708.984375	-138.255630
108714.843750	-140.582153
108720.703125	-140.936249
108726.562500	-139.868973
108732.421875	-140.784546
108738.281250	-141.644897
108744.140625	-138.749512
108750.000000	-140.876587
108755.859375	-142.436951
108761.718750	-137.110916
108767.578125	-136.589676
108773.437500	-138.348404
108779.296875	-137.881180
108785.156250	-136.134186
108791.015625	-137.312759
108796.875000	-139.277679
108802.734375	-138.645294
108808.593750	-138.776016
108814.453125	-139.837646
108820.312500	-143.041718
108826.171875	-146.723099
108832.031250	-141.467529
108837.890625	-141.863800
108843.750000	-141.903229
108849.609375	-144.115662
108855.468750	-144.116898
108861.328125	-141.195374
108867.187500	-138.820862
108873.046875	-138.074738
108878.906250	-137.078110
108884.765625	-135.556747
108890.625000	-135.409073
108896.484375	-137.314529
108902.343750	-139.249390
108908.203125	-138.730392
108914.062500	-138.434921
108919.921875	-137.678131
108925.781250	-136.542068
108931.640625	-136.412460
108937.500000	-136.729675
108943.359375	-135.670715
108949.218750	-135.503021
108955.078125	-138.982712
108960.937500	-142.796158
108966.796875	-137.916534
108972.656250	-140.010712
108978.515625	-141.531311
108984.375000	-139.569138
108990.234375	-140.396423
108996.093750	-142.505844
109001.953125	-140.805801
109007.812500	-140.256546
109013.671875	-138.244843
109019.531250	-137.021729
109025.390625	-139.665268
109031.250000	-141.218018
109037.109375	-138.989685
109042.968750	-138.145676
109048.828125	-138.168289
109054.687500	-141.430710
109060.546875	-141.921097
109066.406250	-140.905609
109072.265625	-140.826096
109078.125000	-141.691330
109083.984375	-143.379044
109089.843750	-142.211441
109095.703125	-138.557480
109101.562500	-138.274094
109107.421875	-140.051575
109113.281250	-145.232361
109119.140625	-144.415146
109125.000000	-142.159607
109130.859375	-137.309494
109136.718750	-136.638123
109142.578125	-141.739059
109148.437500	-144.429703
109154.296875	-142.991791
109160.156250	-145.584747
109166.015625	-145.041519
109171.875000	-140.297775
109177.734375	-140.988663
109183.593750	-139.404892
109189.453125	-137.797470
109195.312500	-138.743576
109201.171875	-136.834595
109207.031250	-137.637009
109212.890625	-139.816864
109218.750000	-140.528030
109224.609375	-139.072937
109230.468750	-138.690872
109236.328125	-139.793930
109242.187500	-138.203781
109248.046875	-138.387726
109253.906250	-142.133133
109259.765625	-140.517746
109265.625000	-137.195312
109271.484375	-136.406860
109277.343750	-137.884949
109283.203125	-138.125854
109289.062500	-136.175659
109294.921875	-135.074066
109300.781250	-135.905472
109306.640625	-139.220718
109312.500000	-143.012375
109318.359375	-144.792130
109324.218750	-143.023087
109330.078125	-138.229782
109335.937500	-136.964066
109341.796875	-137.475922
109347.656250	-138.646805
109353.515625	-138.289185
109359.375000	-136.717651
109365.234375	-137.427429
109371.093750	-137.270630
109376.953125	-136.637283
109382.812500	-137.275238
109388.671875	-140.448639
109394.531250	-140.085556
109400.390625	-138.113632
109406.250000	-139.283997
109412.109375	-141.481430
109417.968750	-138.346268
109423.828125	-137.546371
109429.687500	-138.336945
109435.546875	-140.950836
109441.406250	-143.733475
109447.265625	-140.634064
109453.125000	-139.926254
109458.984375	-136.776764
109464.843750	-135.991333
109470.703125	-138.944504
109476.562500	-138.792084
109482.421875	-136.228836
109488.281250	-137.856674
109494.140625	-141.423065
109500.000000	-141.252808
109505.859375	-138.799347
109511.718750	-137.781769
109517.578125	-137.384369
109523.437500	-136.248734
109529.296875	-135.823944
109535.156250	-135.666168
109541.015625	-135.432755
109546.875000	-135.500122
109552.734375	-137.011810
109558.593750	-140.229294
109564.453125	-138.980499
109570.312500	-137.581177
109576.171875	-136.877213
109582.031250	-137.121735
109587.890625	-136.713654
109593.750000	-136.776764
109599.609375	-138.441147
109605.468750	-139.148148
109611.328125	-139.304672
109617.187500	-138.493362
109623.046875	-137.014160
109628.906250	-137.934631
109634.765625	-140.639557
109640.625000	-139.487732
109646.484375	-136.887848
109652.343750	-138.119446
109658.203125	-141.196747
109664.062500	-142.904160
109669.921875	-143.143997
109675.781250	-141.299973
109681.640625	-138.672562
109687.500000	-137.619278
109693.359375	-136.664322
109699.218750	-138.155304
109705.078125	-139.925217
109710.937500	-140.999771
109716.796875	-141.626099
109722.656250	-137.325729
109728.515625	-137.350433
109734.375000	-139.367661
109740.234375	-139.653641
109746.093750	-141.612518
109751.953125	-139.916519
109757.812500	-137.903885
109763.671875	-139.327454
109769.531250	-141.321472
109775.390625	-140.571365
109781.250000	-141.683365
109787.109375	-140.705124
109792.968750	-139.783051
109798.828125	-139.117081
109804.687500	-139.964645
109810.546875	-140.145569
109816.406250	-139.255493
109822.265625	-139.581833
109828.125000	-141.211731
109833.984375	-139.814102
109839.843750	-137.354797
109845.703125	-137.065216
109851.562500	-137.107178
109857.421875	-136.589676
109863.281250	-137.507553
109869.140625	-142.057846
109875.000000	-140.656021
109880.859375	-140.668884
109886.718750	-139.239914
109892.578125	-137.885040
109898.437500	-137.668625
109904.296875	-137.258942
109910.156250	-137.421753
109916.015625	-139.694153
109921.875000	-140.008606
109927.734375	-138.829819
109933.593750	-138.787140
109939.453125	-139.643799
109945.312500	-140.132339
109951.171875	-140.515396
109957.031250	-141.060852
109962.890625	-140.447571
109968.750000	-139.338028
109974.609375	-140.506073
109980.468750	-142.394669
109986.328125	-137.724594
109992.187500	-135.281631
109998.046875	-136.114136
110003.906250	-139.285034
110009.765625	-140.109940
110015.625000	-136.977524
110021.484375	-137.391205
110027.343750	-138.427277
110033.203125	-140.869522
110039.062500	-141.304825
110044.921875	-139.622391
110050.781250	-139.674850
110056.640625	-142.466827
110062.500000	-141.365372
110068.359375	-139.640884
110074.218750	-141.589325
110080.078125	-142.356201
110085.937500	-140.475067
110091.796875	-140.528992
110097.656250	-144.611496
110103.515625	-142.671768
110109.375000	-140.591507
110115.234375	-144.643860
110121.093750	-145.031799
110126.953125	-139.562546
110132.812500	-138.276443
110138.671875	-139.518768
110144.531250	-140.830292
110150.390625	-141.727585
110156.250000	-141.031738
110162.109375	-140.957489
110167.968750	-140.171005
110173.828125	-141.541397
110179.687500	-141.353516
110185.546875	-141.545151
110191.406250	-143.731033
110197.265625	-144.075638
110203.125000	-139.473892
110208.984375	-137.986115
110214.843750	-137.551758
110220.703125	-138.639191
110226.562500	-142.145309
110232.421875	-143.665741
110238.281250	-141.494949
110244.140625	-139.885956
110250.000000	-138.670593
110255.859375	-138.381104
110261.718750	-138.740631
110267.578125	-137.753693
110273.437500	-137.499100
110279.296875	-137.442993
110285.156250	-138.224274
110291.015625	-138.868317
110296.875000	-139.122452
110302.734375	-142.525726
110308.593750	-142.939911
110314.453125	-138.134003
110320.312500	-136.795532
110326.171875	-139.615509
110332.031250	-138.226471
110337.890625	-138.037659
110343.750000	-139.122009
110349.609375	-137.426163
110355.468750	-136.076492
110361.328125	-136.509155
110367.187500	-138.404572
110373.046875	-138.101822
110378.906250	-137.747665
110384.765625	-138.329575
110390.625000	-138.534729
110396.484375	-139.752686
110402.343750	-138.701096
110408.203125	-139.472809
110414.062500	-140.105911
110419.921875	-142.063705
110425.781250	-139.316864
110431.640625	-135.787079
110437.500000	-135.352127
110443.359375	-135.387680
110449.218750	-135.661514
110455.078125	-137.799911
110460.937500	-140.850845
110466.796875	-140.041183
110472.656250	-142.146545
110478.515625	-143.313568
110484.375000	-142.280136
110490.234375	-140.097351
110496.093750	-136.424637
110501.953125	-137.010117
110507.812500	-139.445343
110513.671875	-139.554871
110519.531250	-140.431946
110525.390625	-140.641220
110531.250000	-143.200104
110537.109375	-143.205429
110542.968750	-141.250153
110548.828125	-139.607468
110554.687500	-136.536255
110560.546875	-137.209152
110566.406250	-138.853317
110572.265625	-139.867386
110578.125000	-138.981171
110583.984375	-137.764008
110589.843750	-139.731369
110595.703125	-138.215973
110601.562500	-136.797226
110607.421875	-138.960846
110613.281250	-139.995331
110619.140625	-141.649414
110625.000000	-143.665512
110630.859375	-140.573502
110636.718750	-141.064133
110642.578125	-144.407455
110648.437500	-142.004623
110654.296875	-138.472748
110660.156250	-137.737686
110666.015625	-138.637466
110671.875000	-138.932236
110677.734375	-138.175949
110683.593750	-138.672714
110689.453125	-139.551865
110695.312500	-138.723068
110701.171875	-138.403229
110707.031250	-135.294250
110712.890625	-135.925385
110718.750000	-138.920242
110724.609375	-138.166809
110730.468750	-139.329391
110736.328125	-138.950699
110742.187500	-135.919113
110748.046875	-135.612823
110753.906250	-137.150803
110759.765625	-139.164505
110765.625000	-139.082794
110771.484375	-138.591965
110777.343750	-139.706406
110783.203125	-139.308212
110789.062500	-137.676926
110794.921875	-136.758804
110800.781250	-139.466263
110806.640625	-145.321075
110812.500000	-140.801865
110818.359375	-138.872131
110824.218750	-139.686249
110830.078125	-141.855927
110835.937500	-141.377502
110841.796875	-140.774963
110847.656250	-138.162323
110853.515625	-136.688812
110859.375000	-139.523514
110865.234375	-138.068405
110871.093750	-134.077484
110876.953125	-133.670410
110882.812500	-136.282974
110888.671875	-139.490585
110894.531250	-141.562836
110900.390625	-139.044662
110906.250000	-137.779190
110912.109375	-137.968811
110917.968750	-136.759064
110923.828125	-137.414841
110929.687500	-138.841156
110935.546875	-143.135330
110941.406250	-147.072937
110947.265625	-144.794037
110953.125000	-138.257339
110958.984375	-136.964310
110964.843750	-139.653336
110970.703125	-141.276291
110976.562500	-140.906158
110982.421875	-142.577072
110988.281250	-141.372192
110994.140625	-139.505707
111000.000000	-137.075211
111005.859375	-135.879303
111011.718750	-137.183487
111017.578125	-138.900421
111023.437500	-140.954071
111029.296875	-140.734406
111035.156250	-138.924545
111041.015625	-140.360596
111046.875000	-139.435745
111052.734375	-138.265579
111058.593750	-138.245224
111064.453125	-138.143082
111070.312500	-136.675339
111076.171875	-136.548874
111082.031250	-137.450806
111087.890625	-138.789566
111093.750000	-138.503922
111099.609375	-139.013840
111105.468750	-139.171036
111111.328125	-138.270813
111117.187500	-139.687256
111123.046875	-143.474823
111128.906250	-143.093140
111134.765625	-145.086456
111140.625000	-143.953964
111146.484375	-141.928970
111152.343750	-140.024750
111158.203125	-138.850204
111164.062500	-138.699051
111169.921875	-141.837967
111175.781250	-141.567352
111181.640625	-139.635605
111187.500000	-138.093277
111193.359375	-136.150192
111199.218750	-136.320282
111205.078125	-137.466858
111210.937500	-138.465363
111216.796875	-137.836243
111222.656250	-137.058472
111228.515625	-136.500046
111234.375000	-137.425690
111240.234375	-139.578964
111246.093750	-139.557816
111251.953125	-139.760895
111257.812500	-137.179916
111263.671875	-135.535202
111269.531250	-135.348648
111275.390625	-135.657242
111281.250000	-135.518524
111287.109375	-135.006592
111292.968750	-136.897827
111298.828125	-139.353989
111304.687500	-141.656021
111310.546875	-146.445999
111316.406250	-143.616364
111322.265625	-138.770508
111328.125000	-139.151855
111333.984375	-142.861526
111339.843750	-141.333618
111345.703125	-142.690582
111351.562500	-139.661041
111357.421875	-136.559845
111363.281250	-137.694580
111369.140625	-141.893463
111375.000000	-142.683243
111380.859375	-140.529663
111386.718750	-138.174469
111392.578125	-137.172913
111398.437500	-138.747955
111404.296875	-137.637039
111410.156250	-136.924393
111416.015625	-138.253876
111421.875000	-138.455627
111427.734375	-136.683167
111433.593750	-137.008987
111439.453125	-138.835205
111445.312500	-140.637939
111451.171875	-140.763000
111457.031250	-144.757080
111462.890625	-137.797043
111468.750000	-136.601578
111474.609375	-137.816376
111480.468750	-137.249802
111486.328125	-140.800720
111492.187500	-146.884201
111498.046875	-141.963745
111503.906250	-139.486465
111509.765625	-140.065994
111515.625000	-138.705704
111521.484375	-137.020844
111527.343750	-136.936188
111533.203125	-138.301758
111539.062500	-139.178925
111544.921875	-139.113312
111550.781250	-137.543259
111556.640625	-136.680618
111562.500000	-139.567657
111568.359375	-138.813660
111574.218750	-139.289215
111580.078125	-138.245682
111585.937500	-138.744171
111591.796875	-140.367203
111597.656250	-138.626343
111603.515625	-137.254715
111609.375000	-136.958908
111615.234375	-138.464371
111621.093750	-138.800278
111626.953125	-139.273895
111632.812500	-146.331558
111638.671875	-141.346497
111644.531250	-137.744965
111650.390625	-138.142609
111656.250000	-143.293747
111662.109375	-139.097229
111667.968750	-139.281525
111673.828125	-144.233627
111679.687500	-143.608200
111685.546875	-142.710617
111691.406250	-140.943771
111697.265625	-139.248718
111703.125000	-137.502243
111708.984375	-138.672012
111714.843750	-142.554214
111720.703125	-141.147293
111726.562500	-138.486282
111732.421875	-138.565643
111738.281250	-140.259186
111744.140625	-138.887436
111750.000000	-139.848495
111755.859375	-138.940430
111761.718750	-136.879211
111767.578125	-138.077377
111773.437500	-142.320862
111779.296875	-145.672577
111785.156250	-141.618500
111791.015625	-140.099594
111796.875000	-139.992386
111802.734375	-142.149124
111808.593750	-139.992111
111814.453125	-139.197601
111820.312500	-140.241409
111826.171875	-140.803406
111832.031250	-140.308029
111837.890625	-137.732361
111843.750000	-138.633316
111849.609375	-139.168564
111855.468750	-139.177002
111861.328125	-138.474365
111867.187500	-137.682480
111873.046875	-140.265091
111878.906250	-141.904449
111884.765625	-140.350510
111890.625000	-140.954773
111896.484375	-137.918655
111902.343750	-135.305710
111908.203125	-138.781265
111914.062500	-140.806747
111919.921875	-137.799316
111925.781250	-139.215805
111931.640625	-139.441086
111937.500000	-136.303253
111943.359375	-136.331512
111949.218750	-139.549881
111955.078125	-140.110626
111960.937500	-141.880585
111966.796875	-140.810150
111972.656250	-137.063995
111978.515625	-136.233688
111984.375000	-137.860718
111990.234375	-137.740417
111996.093750	-135.873123
112001.953125	-136.729355
112007.812500	-137.521332
112013.671875	-137.810120
112019.531250	-138.833084
112025.390625	-138.646896
112031.250000	-137.413071
112037.109375	-136.763199
112042.968750	-137.312210
112048.828125	-138.994095
112054.687500	-142.115234
112060.546875	-140.535126
112066.406250	-138.515732
112072.265625	-137.912369
112078.125000	-138.230698
112083.984375	-139.700058
112089.843750	-138.276840
112095.703125	-138.490433
112101.562500	-139.939423
112107.421875	-143.227005
112113.281250	-142.657608
112119.140625	-138.675537
112125.000000	-139.247101
112130.859375	-141.440201
112136.718750	-141.255310
112142.578125	-139.925751
112148.437500	-139.974594
112154.296875	-140.267395
112160.156250	-138.456329
112166.015625	-138.682388
112171.875000	-138.185944
112177.734375	-138.881516
112183.593750	-140.715088
112189.453125	-141.966080
112195.312500	-142.818100
112201.171875	-141.972748
112207.031250	-141.793198
112212.890625	-140.849121
112218.750000	-139.487564
112224.609375	-139.383316
112230.468750	-139.591614
112236.328125	-140.194687
112242.187500	-138.627335
112248.046875	-136.889984
112253.906250	-137.860992
112259.765625	-141.569534
112265.625000	-140.580566
112271.484375	-136.380478
112277.343750	-136.630585
112283.203125	-141.201080
112289.062500	-137.676239
112294.921875	-137.182968
112300.781250	-140.230423
112306.640625	-141.498962
112312.500000	-137.239578
112318.359375	-135.777512
112324.218750	-137.094559
112330.078125	-136.463577
112335.937500	-136.141769
112341.796875	-137.815506
112347.656250	-140.510284
112353.515625	-140.378876
112359.375000	-137.223251
112365.234375	-134.434540
112371.093750	-133.988937
112376.953125	-136.368546
112382.812500	-140.278275
112388.671875	-137.430847
112394.531250	-134.618912
112400.390625	-136.294617
112406.250000	-139.073517
112412.109375	-140.309326
112417.968750	-141.959152
112423.828125	-141.232834
112429.687500	-138.430649
112435.546875	-135.604187
112441.406250	-136.769318
112447.265625	-141.546997
112453.125000	-140.751358
112458.984375	-139.973618
112464.843750	-139.883759
112470.703125	-139.632950
112476.562500	-137.575531
112482.421875	-139.086960
112488.281250	-139.453156
112494.140625	-139.690552
112500.000000	-142.352753
112505.859375	-141.862045
112511.718750	-137.947998
112517.578125	-135.843826
112523.437500	-135.545776
112529.296875	-136.621140
112535.156250	-138.095459
112541.015625	-138.246338
112546.875000	-140.499496
112552.734375	-144.443054
112558.593750	-142.383163
112564.453125	-140.561920
112570.312500	-141.084015
112576.171875	-141.561234
112582.031250	-141.384460
112587.890625	-141.054901
112593.750000	-141.674423
112599.609375	-141.559525
112605.468750	-136.178452
112611.328125	-133.763916
112617.187500	-137.221451
112623.046875	-140.333237
112628.906250	-140.328751
112634.765625	-137.347656
112640.625000	-135.268967
112646.484375	-134.618942
112652.343750	-135.231400
112658.203125	-137.370087
112664.062500	-139.291748
112669.921875	-140.366058
112675.781250	-140.645462
112681.640625	-138.313614
112687.500000	-137.371399
112693.359375	-139.414276
112699.218750	-139.190811
112705.078125	-138.903137
112710.937500	-139.395416
112716.796875	-139.612000
112722.656250	-139.103195
112728.515625	-137.670242
112734.375000	-136.094513
112740.234375	-137.554077
112746.093750	-137.524063
112751.953125	-137.235764
112757.812500	-135.734894
112763.671875	-134.972427
112769.531250	-138.477325
112775.390625	-140.987137
112781.250000	-138.251938
112787.109375	-137.108734
112792.968750	-137.862701
112798.828125	-137.308380
112804.687500	-138.159637
112810.546875	-137.896088
112816.406250	-138.438950
112822.265625	-142.570480
112828.125000	-143.293137
112833.984375	-140.419586
112839.843750	-140.009689
112845.703125	-142.087036
112851.562500	-144.823975
112857.421875	-145.531540
112863.281250	-142.397247
112869.140625	-138.807144
112875.000000	-136.536423
112880.859375	-135.525406
112886.718750	-137.290604
112892.578125	-139.850479
112898.437500	-139.986389
112904.296875	-138.258087
112910.156250	-138.874985
112916.015625	-136.406418
112921.875000	-135.126984
112927.734375	-136.699265
112933.593750	-137.077545
112939.453125	-135.010620
112945.312500	-134.708389
112951.171875	-136.828293
112957.031250	-138.486603
112962.890625	-140.451416
112968.750000	-144.383087
112974.609375	-142.999756
112980.468750	-140.887848
112986.328125	-139.975662
112992.187500	-139.171890
112998.046875	-137.763428
113003.906250	-138.858063
113009.765625	-138.264008
113015.625000	-137.588638
113021.484375	-139.501236
113027.343750	-139.409439
113033.203125	-135.327774
113039.062500	-135.176956
113044.921875	-136.131973
113050.781250	-138.435379
113056.640625	-139.614731
113062.500000	-139.620789
113068.359375	-137.368790
113074.218750	-135.097183
113080.078125	-135.431778
113085.937500	-137.398758
113091.796875	-138.152115
113097.656250	-137.612122
113103.515625	-138.616150
113109.375000	-139.055725
113115.234375	-138.465134
113121.093750	-140.779251
113126.953125	-142.652527
113132.812500	-140.668320
113138.671875	-140.660599
113144.531250	-142.601791
113150.390625	-140.207443
113156.250000	-140.815186
113162.109375	-141.546951
113167.968750	-138.677185
113173.828125	-137.591064
113179.687500	-137.553421
113185.546875	-138.283356
113191.406250	-137.632172
113197.265625	-138.640823
113203.125000	-140.330017
113208.984375	-140.313690
113214.843750	-139.386337
113220.703125	-137.768280
113226.562500	-137.284470
113232.421875	-137.259323
113238.281250	-137.936966
113244.140625	-138.148438
113250.000000	-136.053726
113255.859375	-135.451431
113261.718750	-136.924362
113267.578125	-138.801712
113273.437500	-139.255386
113279.296875	-137.987091
113285.156250	-138.700180
113291.015625	-147.072144
113296.875000	-143.860855
113302.734375	-142.372559
113308.593750	-144.188675
113314.453125	-143.087051
113320.312500	-138.258316
113326.171875	-137.660706
113332.031250	-138.701630
113337.890625	-140.108078
113343.750000	-138.849991
113349.609375	-139.068497
113355.468750	-140.830536
113361.328125	-136.614548
113367.187500	-136.086884
113373.046875	-137.882690
113378.906250	-142.202362
113384.765625	-143.850693
113390.625000	-141.306259
113396.484375	-138.791534
113402.343750	-138.339569
113408.203125	-139.781250
113414.062500	-139.209061
113419.921875	-138.980072
113425.781250	-139.680161
113431.640625	-139.939484
113437.500000	-138.558517
113443.359375	-137.314240
113449.218750	-136.921722
113455.078125	-138.506134
113460.937500	-139.332855
113466.796875	-134.830353
113472.656250	-133.545349
113478.515625	-135.382874
113484.375000	-141.290588
113490.234375	-140.706390
113496.093750	-139.602051
113501.953125	-140.468170
113507.812500	-139.271713
113513.671875	-137.571182
113519.531250	-135.778748
113525.390625	-137.217392
113531.250000	-138.336899
113537.109375	-135.158234
113542.968750	-135.329086
113548.828125	-137.579025
113554.687500	-137.248978
113560.546875	-135.268829
113566.406250	-136.196701
113572.265625	-138.226547
113578.125000	-138.705765
113583.984375	-139.591415
113589.843750	-141.501465
113595.703125	-139.227463
113601.562500	-137.712967
113607.421875	-137.628677
113613.281250	-138.731430
113619.140625	-143.431046
113625.000000	-139.598969
113630.859375	-136.386795
113636.718750	-134.962631
113642.578125	-135.779144
113648.437500	-137.266647
113654.296875	-138.679855
113660.156250	-138.268387
113666.015625	-138.172607
113671.875000	-137.957077
113677.734375	-138.714706
113683.593750	-142.261490
113689.453125	-144.141876
113695.312500	-139.936523
113701.171875	-139.859619
113707.031250	-139.416855
113712.890625	-136.491898
113718.750000	-134.646820
113724.609375	-134.919769
113730.468750	-136.860580
113736.328125	-136.560806
113742.187500	-136.430054
113748.046875	-137.773148
113753.906250	-139.118866
113759.765625	-140.799042
113765.625000	-142.623825
113771.484375	-139.549698
113777.343750	-139.309494
113783.203125	-139.892075
113789.062500	-136.367447
113794.921875	-135.179459
113800.781250	-137.075180
113806.640625	-138.134476
113812.500000	-138.345490
113818.359375	-139.897430
113824.218750	-142.356491
113830.078125	-138.997284
113835.937500	-135.528595
113841.796875	-136.237930
113847.656250	-138.906418
113853.515625	-137.502258
113859.375000	-135.924301
113865.234375	-135.530792
113871.093750	-136.155762
113876.953125	-137.037170
113882.812500	-139.388718
113888.671875	-140.485153
113894.531250	-140.087494
113900.390625	-140.577057
113906.250000	-140.234024
113912.109375	-137.384399
113917.968750	-135.950867
113923.828125	-137.296448
113929.687500	-140.839417
113935.546875	-141.036087
113941.406250	-138.932816
113947.265625	-138.079712
113953.125000	-138.758377
113958.984375	-138.735901
113964.843750	-138.704300
113970.703125	-139.338242
113976.562500	-139.877670
113982.421875	-138.320755
113988.281250	-137.606796
113994.140625	-138.673080
114000.000000	-139.938187
114005.859375	-138.752777
114011.718750	-136.856064
114017.578125	-135.987000
114023.437500	-137.096710
114029.296875	-138.156754
114035.156250	-138.642517
114041.015625	-141.558350
114046.875000	-142.302353
114052.734375	-141.854767
114058.593750	-138.740204
114064.453125	-136.501373
114070.312500	-135.540726
114076.171875	-136.754745
114082.031250	-137.332199
114087.890625	-137.071564
114093.750000	-139.074142
114099.609375	-141.919266
114105.468750	-140.320816
114111.328125	-140.478409
114117.187500	-140.333908
114123.046875	-137.872757
114128.906250	-137.882202
114134.765625	-139.218887
114140.625000	-138.786865
114146.484375	-139.241211
114152.343750	-141.092682
114158.203125	-141.938522
114164.062500	-140.544342
114169.921875	-140.265854
114175.781250	-141.082428
114181.640625	-137.706116
114187.500000	-135.450745
114193.359375	-136.413208
114199.218750	-138.157913
114205.078125	-138.294220
114210.937500	-138.336517
114216.796875	-139.656830
114222.656250	-138.269257
114228.515625	-135.933090
114234.375000	-137.167938
114240.234375	-137.362885
114246.093750	-138.342056
114251.953125	-141.056412
114257.812500	-139.000671
114263.671875	-137.845459
114269.531250	-138.970047
114275.390625	-142.516678
114281.250000	-140.072388
114287.109375	-140.141739
114292.968750	-141.379013
114298.828125	-139.052063
114304.687500	-137.996872
114310.546875	-139.108154
114316.406250	-141.458954
114322.265625	-140.802078
114328.125000	-140.615479
114333.984375	-143.153687
114339.843750	-144.406830
114345.703125	-142.589828
114351.562500	-139.808807
114357.421875	-137.710434
114363.281250	-138.816864
114369.140625	-137.265350
114375.000000	-136.649841
114380.859375	-139.836426
114386.718750	-141.064758
114392.578125	-136.838455
114398.437500	-136.348190
114404.296875	-137.851791
114410.156250	-138.428665
114416.015625	-136.801849
114421.875000	-135.556793
114427.734375	-135.363968
114433.593750	-136.103241
114439.453125	-137.214432
114445.312500	-136.816345
114451.171875	-135.347366
114457.031250	-136.325287
114462.890625	-138.852158
114468.750000	-137.901413
114474.609375	-138.296463
114480.468750	-138.715668
114486.328125	-139.940765
114492.187500	-143.445175
114498.046875	-142.610199
114503.906250	-139.629303
114509.765625	-137.225311
114515.625000	-136.135529
114521.484375	-136.230896
114527.343750	-136.503662
114533.203125	-136.597778
114539.062500	-136.819168
114544.921875	-137.875244
114550.781250	-139.637955
114556.640625	-140.238724
114562.500000	-139.447006
114568.359375	-138.064209
114574.218750	-136.850494
114580.078125	-137.201736
114585.937500	-137.661026
114591.796875	-140.933990
114597.656250	-143.245880
114603.515625	-144.111237
114609.375000	-144.080353
114615.234375	-140.363129
114621.093750	-138.095612
114626.953125	-138.826050
114632.812500	-141.176788
114638.671875	-142.715500
114644.531250	-143.122406
114650.390625	-140.171356
114656.250000	-139.121826
114662.109375	-139.819824
114667.968750	-141.384094
114673.828125	-141.413605
114679.687500	-140.238159
114685.546875	-141.116852
114691.406250	-139.682770
114697.265625	-138.239960
114703.125000	-137.602295
114708.984375	-136.111832
114714.843750	-136.777817
114720.703125	-137.392731
114726.562500	-136.879395
114732.421875	-136.583923
114738.281250	-137.876892
114744.140625	-140.505142
114750.000000	-138.374054
114755.859375	-135.807419
114761.718750	-136.534393
114767.578125	-137.620453
114773.437500	-142.456696
114779.296875	-138.649719
114785.156250	-137.341476
114791.015625	-137.699493
114796.875000	-137.215073
114802.734375	-138.929535
114808.593750	-142.079666
114814.453125	-141.761627
114820.312500	-137.976334
114826.171875	-137.967300
114832.031250	-143.206207
114837.890625	-140.915375
114843.750000	-140.569931
114849.609375	-140.035126
114855.468750	-138.955917
114861.328125	-142.126114
114867.187500	-138.438400
114873.046875	-136.328110
114878.906250	-138.315262
114884.765625	-139.166046
114890.625000	-137.320892
114896.484375	-138.695312
114902.343750	-140.731567
114908.203125	-138.372009
114914.062500	-137.347336
114919.921875	-137.981720
114925.781250	-139.532074
114931.640625	-136.564865
114937.500000	-134.619858
114943.359375	-134.868256
114949.218750	-135.329010
114955.078125	-136.468063
114960.937500	-137.458374
114966.796875	-139.157425
114972.656250	-139.475861
114978.515625	-137.846603
114984.375000	-137.532059
114990.234375	-139.165344
114996.093750	-138.533096
115001.953125	-138.781021
115007.812500	-138.053528
115013.671875	-138.234177
115019.531250	-139.586288
115025.390625	-138.398026
115031.250000	-136.071503
115037.109375	-135.565613
115042.968750	-136.849945
115048.828125	-139.694534
115054.687500	-139.814362
115060.546875	-138.389404
115066.406250	-137.982651
115072.265625	-137.178131
115078.125000	-134.917587
115083.984375	-133.997757
115089.843750	-136.226547
115095.703125	-141.771606
115101.562500	-145.217010
115107.421875	-141.463120
115113.281250	-137.721786
115119.140625	-136.614395
115125.000000	-136.516617
115130.859375	-136.015030
115136.718750	-135.432770
115142.578125	-135.187027
115148.437500	-135.074539
115154.296875	-136.091171
115160.156250	-139.411728
115166.015625	-138.948471
115171.875000	-136.927505
115177.734375	-136.313217
115183.593750	-137.889694
115189.453125	-138.621735
115195.312500	-138.752930
115201.171875	-139.714767
115207.031250	-141.014481
115212.890625	-142.126389
115218.750000	-139.591599
115224.609375	-137.844940
115230.468750	-136.208817
115236.328125	-135.324371
115242.187500	-136.631088
115248.046875	-135.389145
115253.906250	-135.513245
115259.765625	-137.362091
115265.625000	-138.513626
115271.484375	-136.427139
115277.343750	-135.102661
115283.203125	-135.954193
115289.062500	-136.323227
115294.921875	-136.188324
115300.781250	-136.359894
115306.640625	-137.543518
115312.500000	-137.059860
115318.359375	-137.891922
115324.218750	-135.668701
115330.078125	-135.152344
115335.937500	-138.846527
115341.796875	-138.620590
115347.656250	-135.444489
115353.515625	-135.426315
115359.375000	-134.932892
115365.234375	-135.419540
115371.093750	-136.350021
115376.953125	-135.378937
115382.812500	-135.078720
115388.671875	-135.799393
115394.531250	-137.721817
115400.390625	-139.871918
115406.250000	-140.984772
115412.109375	-140.451813
115417.968750	-139.686569
115423.828125	-137.729813
115429.687500	-135.258911
115435.546875	-134.653534
115441.406250	-134.626984
115447.265625	-134.545807
115453.125000	-136.635864
115458.984375	-140.609146
115464.843750	-144.578140
115470.703125	-141.176376
115476.562500	-139.964645
115482.421875	-141.761139
115488.281250	-137.395874
115494.140625	-136.135208
115500.000000	-137.836975
115505.859375	-138.974670
115511.718750	-138.048141
115517.578125	-137.909271
115523.437500	-140.370041
115529.296875	-139.724091
115535.156250	-139.250122
115541.015625	-140.466003
115546.875000	-136.926987
115552.734375	-134.327240
115558.593750	-133.514572
115564.453125	-134.483490
115570.312500	-136.367569
115576.171875	-137.668335
115582.031250	-138.531586
115587.890625	-140.668198
115593.750000	-141.637177
115599.609375	-140.085236
115605.468750	-135.728210
115611.328125	-134.904434
115617.187500	-135.530823
115623.046875	-135.189789
115628.906250	-136.680710
115634.765625	-136.678909
115640.625000	-136.606140
115646.484375	-135.003601
115652.343750	-134.929169
115658.203125	-136.974640
115664.062500	-138.643234
115669.921875	-138.730820
115675.781250	-139.518250
115681.640625	-139.647095
115687.500000	-140.608917
115693.359375	-138.831680
115699.218750	-138.043015
115705.078125	-137.831497
115710.937500	-138.300110
115716.796875	-140.395081
115722.656250	-140.329498
115728.515625	-138.546936
115734.375000	-139.502777
115740.234375	-140.197510
115746.093750	-141.311066
115751.953125	-139.729752
115757.812500	-137.075912
115763.671875	-136.339691
115769.531250	-137.986343
115775.390625	-139.613922
115781.250000	-139.879181
115787.109375	-139.420547
115792.968750	-136.101791
115798.828125	-134.793732
115804.687500	-135.223709
115810.546875	-135.389938
115816.406250	-134.215652
115822.265625	-134.454346
115828.125000	-136.363876
115833.984375	-138.514221
115839.843750	-137.023727
115845.703125	-134.686340
115851.562500	-134.456268
115857.421875	-134.070557
115863.281250	-134.088287
115869.140625	-136.678741
115875.000000	-139.242432
115880.859375	-137.039124
115886.718750	-134.622314
115892.578125	-133.523560
115898.437500	-133.461273
115904.296875	-134.473358
115910.156250	-137.075424
115916.015625	-139.260605
115921.875000	-137.599197
115927.734375	-137.689941
115933.593750	-141.199448
115939.453125	-136.736557
115945.312500	-133.391068
115951.171875	-133.965469
115957.031250	-136.398102
115962.890625	-137.524231
115968.750000	-137.005142
115974.609375	-136.964188
115980.468750	-140.032883
115986.328125	-140.470032
115992.187500	-139.487366
115998.046875	-138.494431
116003.906250	-137.778534
116009.765625	-139.864029
116015.625000	-136.434540
116021.484375	-134.205811
116027.343750	-136.058029
116033.203125	-139.790436
116039.062500	-136.758438
116044.921875	-134.639923
116050.781250	-136.032028
116056.640625	-138.103699
116062.500000	-137.418320
116068.359375	-137.566025
116074.218750	-136.729141
116080.078125	-135.617889
116085.937500	-137.041565
116091.796875	-139.407883
116097.656250	-140.489548
116103.515625	-140.394089
116109.375000	-139.717377
116115.234375	-136.828735
116121.093750	-136.897614
116126.953125	-138.727051
116132.812500	-140.896103
116138.671875	-139.276321
116144.531250	-135.884644
116150.390625	-134.652954
116156.250000	-136.024704
116162.109375	-137.171875
116167.968750	-136.905640
116173.828125	-138.372742
116179.687500	-138.344666
116185.546875	-137.582306
116191.406250	-136.677292
116197.265625	-135.108826
116203.125000	-134.455429
116208.984375	-136.995850
116214.843750	-140.788330
116220.703125	-138.154968
116226.562500	-135.091736
116232.421875	-135.065781
116238.281250	-136.712662
116244.140625	-137.706772
116250.000000	-136.230209
116255.859375	-137.921936
116261.718750	-139.127960
116267.578125	-138.163757
116273.437500	-136.676102
116279.296875	-136.131577
116285.156250	-137.512985
116291.015625	-138.979156
116296.875000	-135.740570
116302.734375	-135.047333
116308.593750	-136.662094
116314.453125	-139.241714
116320.312500	-138.515228
116326.171875	-138.512253
116332.031250	-138.609818
116337.890625	-136.102875
116343.750000	-135.615692
116349.609375	-137.453110
116355.468750	-140.525162
116361.328125	-139.359894
116367.187500	-136.766525
116373.046875	-134.772018
116378.906250	-135.207214
116384.765625	-135.317627
116390.625000	-137.176987
116396.484375	-139.401840
116402.343750	-141.078781
116408.203125	-140.046738
116414.062500	-140.124176
116419.921875	-138.734573
116425.781250	-141.017181
116431.640625	-142.822342
116437.500000	-141.281143
116443.359375	-138.532837
116449.218750	-136.670807
116455.078125	-137.423111
116460.937500	-138.274323
116466.796875	-136.420166
116472.656250	-136.607330
116478.515625	-135.890900
116484.375000	-135.074966
116490.234375	-135.471130
116496.093750	-135.105560
116501.953125	-135.151199
116507.812500	-135.738739
116513.671875	-135.454651
116519.531250	-136.059799
116525.390625	-137.164139
116531.250000	-135.730865
116537.109375	-137.763947
116542.968750	-135.309662
116548.828125	-133.252182
116554.687500	-134.923492
116560.546875	-138.760834
116566.406250	-139.805038
116572.265625	-138.765549
116578.125000	-142.266464
116583.984375	-140.038940
116589.843750	-141.255646
116595.703125	-137.239975
116601.562500	-135.664398
116607.421875	-138.937271
116613.281250	-136.491119
116619.140625	-137.215561
116625.000000	-139.759445
116630.859375	-139.776611
116636.718750	-138.581787
116642.578125	-136.451736
116648.437500	-135.060150
116654.296875	-136.665833
116660.156250	-138.029221
116666.015625	-136.931671
116671.875000	-138.085587
116677.734375	-140.166428
116683.593750	-137.934036
116689.453125	-138.491318
116695.312500	-138.258713
116701.171875	-135.603928
116707.031250	-137.577087
116712.890625	-140.982727
116718.750000	-138.020599
116724.609375	-136.285538
116730.468750	-135.730026
116736.328125	-136.998093
116742.187500	-140.060135
116748.046875	-136.499344
116753.906250	-136.156647
116759.765625	-139.108719
116765.625000	-142.103149
116771.484375	-140.528641
116777.343750	-141.822144
116783.203125	-138.917450
116789.062500	-136.003647
116794.921875	-136.116547
116800.781250	-137.388138
116806.640625	-137.481339
116812.500000	-135.640213
116818.359375	-133.580765
116824.218750	-134.214066
116830.078125	-137.203156
116835.937500	-141.424652
116841.796875	-139.721161
116847.656250	-137.795776
116853.515625	-138.853378
116859.375000	-139.827255
116865.234375	-137.393707
116871.093750	-137.223206
116876.953125	-136.158997
116882.812500	-135.531998
116888.671875	-136.825775
116894.531250	-136.321411
116900.390625	-135.356613
116906.250000	-133.793900
116912.109375	-133.766449
116917.968750	-134.651657
116923.828125	-136.106537
116929.687500	-136.892090
116935.546875	-137.277161
116941.406250	-135.890320
116947.265625	-136.745178
116953.125000	-137.490723
116958.984375	-135.145462
116964.843750	-133.204391
116970.703125	-134.330215
116976.562500	-136.366104
116982.421875	-136.980240
116988.281250	-138.444016
116994.140625	-137.014755
117000.000000	-136.114075
117005.859375	-138.440659
117011.718750	-139.334061
117017.578125	-137.809082
117023.437500	-137.299957
117029.296875	-138.765747
117035.156250	-136.656570
117041.015625	-134.257812
117046.875000	-134.457123
117052.734375	-134.422943
117058.593750	-136.947433
117064.453125	-135.630585
117070.312500	-135.622711
117076.171875	-138.252167
117082.031250	-142.852066
117087.890625	-138.576584
117093.750000	-136.985962
117099.609375	-138.182159
117105.468750	-136.481308
117111.328125	-135.039810
117117.187500	-135.923508
117123.046875	-137.039093
117128.906250	-137.448364
117134.765625	-137.366470
117140.625000	-138.034027
117146.484375	-141.668137
117152.343750	-141.408340
117158.203125	-139.849319
117164.062500	-139.365112
117169.921875	-138.403656
117175.781250	-141.640289
117181.640625	-142.901779
117187.500000	-142.150192
117193.359375	-141.522003
117199.218750	-138.262802
117205.078125	-140.533310
117210.937500	-139.256836
117216.796875	-136.378708
117222.656250	-138.282288
117228.515625	-139.504242
117234.375000	-141.073212
117240.234375	-138.155060
117246.093750	-137.693253
117251.953125	-138.186462
117257.812500	-137.797134
117263.671875	-135.734131
117269.531250	-134.810883
117275.390625	-136.486542
117281.250000	-137.174957
117287.109375	-136.247894
117292.968750	-136.007324
117298.828125	-136.399857
117304.687500	-136.893341
117310.546875	-138.967712
117316.406250	-140.040268
117322.265625	-135.307205
117328.125000	-135.318665
117333.984375	-137.013489
117339.843750	-138.846710
117345.703125	-138.471863
117351.562500	-136.428604
117357.421875	-136.575531
117363.281250	-138.385178
117369.140625	-138.467087
117375.000000	-137.899246
117380.859375	-137.873810
117386.718750	-139.128113
117392.578125	-135.266144
117398.437500	-135.388321
117404.296875	-136.935532
117410.156250	-140.273621
117416.015625	-136.604904
117421.875000	-134.761307
117427.734375	-136.515259
117433.593750	-138.738785
117439.453125	-136.863205
117445.312500	-136.061203
117451.171875	-136.697906
117457.031250	-137.813522
117462.890625	-136.775345
117468.750000	-136.297058
117474.609375	-137.312988
117480.468750	-139.301315
117486.328125	-136.465927
117492.187500	-133.963196
117498.046875	-133.746002
117503.906250	-133.799866
117509.765625	-133.653320
117515.625000	-133.813385
117521.484375	-135.268631
117527.343750	-138.819595
117533.203125	-142.101944
117539.062500	-140.800827
117544.921875	-142.011856
117550.781250	-137.905914
117556.640625	-135.605011
117562.500000	-135.455231
117568.359375	-135.535889
117574.218750	-137.637253
117580.078125	-138.472839
117585.937500	-136.816086
117591.796875	-137.391281
117597.656250	-136.498672
117603.515625	-136.877045
117609.375000	-138.671387
117615.234375	-140.810928
117621.093750	-140.066086
117626.953125	-137.720215
117632.812500	-135.452881
117638.671875	-135.650269
117644.531250	-137.524612
117650.390625	-137.409866
117656.250000	-136.384293
117662.109375	-137.598190
117667.968750	-138.723679
117673.828125	-140.068054
117679.687500	-139.779114
117685.546875	-134.690048
117691.406250	-133.356995
117697.265625	-135.986801
117703.125000	-139.430862
117708.984375	-139.126709
117714.843750	-138.430923
117720.703125	-137.913040
117726.562500	-138.019394
117732.421875	-137.696899
117738.281250	-138.724289
117744.140625	-139.545715
117750.000000	-135.873779
117755.859375	-136.231705
117761.718750	-137.115891
117767.578125	-135.254639
117773.437500	-136.288177
117779.296875	-139.896393
117785.156250	-142.508087
117791.015625	-141.082504
117796.875000	-137.932800
117802.734375	-137.564438
117808.593750	-139.968353
117814.453125	-137.899811
117820.312500	-135.717758
117826.171875	-135.875275
117832.031250	-134.859863
117837.890625	-134.522736
117843.750000	-137.557159
117849.609375	-140.852081
117855.468750	-139.276596
117861.328125	-138.794785
117867.187500	-137.761444
117873.046875	-139.279785
117878.906250	-146.231628
117884.765625	-140.886322
117890.625000	-137.591415
117896.484375	-139.678970
117902.343750	-142.307846
117908.203125	-140.296707
117914.062500	-137.275650
117919.921875	-137.294495
117925.781250	-138.185593
117931.640625	-135.039490
117937.500000	-134.229507
117943.359375	-134.857925
117949.218750	-136.618378
117955.078125	-139.107468
117960.937500	-136.700943
117966.796875	-135.421432
117972.656250	-133.799118
117978.515625	-131.886780
117984.375000	-133.614319
117990.234375	-137.844070
117996.093750	-140.588257
118001.953125	-140.226486
118007.812500	-137.580917
118013.671875	-133.289642
118019.531250	-131.757660
118025.390625	-133.103180
118031.250000	-134.569580
118037.109375	-136.450394
118042.968750	-138.376831
118048.828125	-136.530472
118054.687500	-138.944031
118060.546875	-139.334946
118066.406250	-136.308990
118072.265625	-137.426697
118078.125000	-136.793320
118083.984375	-135.556732
118089.843750	-136.519516
118095.703125	-135.022141
118101.562500	-133.710617
118107.421875	-134.680664
118113.281250	-139.082962
118119.140625	-138.743668
118125.000000	-135.381241
118130.859375	-137.618332
118136.718750	-141.053848
118142.578125	-144.088821
118148.437500	-146.169235
118154.296875	-139.054367
118160.156250	-136.592422
118166.015625	-137.243652
118171.875000	-135.457062
118177.734375	-136.221939
118183.593750	-136.664062
118189.453125	-136.147400
118195.312500	-136.003479
118201.171875	-134.919205
118207.031250	-136.174973
118212.890625	-139.742844
118218.750000	-138.681717
118224.609375	-140.009338
118230.468750	-140.397507
118236.328125	-139.974426
118242.187500	-138.361603
118248.046875	-134.630432
118253.906250	-132.745895
118259.765625	-133.450485
118265.625000	-136.439789
118271.484375	-138.064590
118277.343750	-137.832001
118283.203125	-139.377869
118289.062500	-135.459686
118294.921875	-134.607666
118300.781250	-136.490540
118306.640625	-135.029404
118312.500000	-134.321396
118318.359375	-134.193451
118324.218750	-134.363678
118330.078125	-136.318192
118335.937500	-136.963196
118341.796875	-135.374756
118347.656250	-135.450851
118353.515625	-136.011703
118359.375000	-137.087540
118365.234375	-140.872726
118371.093750	-140.054443
118376.953125	-136.647781
118382.812500	-133.982422
118388.671875	-132.736450
118394.531250	-133.808533
118400.390625	-135.526794
118406.250000	-135.037277
118412.109375	-133.136536
118417.968750	-133.107910
118423.828125	-134.474350
118429.687500	-136.454926
118435.546875	-138.159866
118441.406250	-137.175461
118447.265625	-136.335754
118453.125000	-137.139740
118458.984375	-137.279312
118464.843750	-135.417801
118470.703125	-134.099030
118476.562500	-135.344223
118482.421875	-135.575836
118488.281250	-134.633957
118494.140625	-137.285446
118500.000000	-135.677704
118505.859375	-133.988968
118511.718750	-134.904633
118517.578125	-137.965866
118523.437500	-139.917206
118529.296875	-141.036926
118535.156250	-139.283524
118541.015625	-134.390442
118546.875000	-132.219650
118552.734375	-134.439545
118558.593750	-138.677094
118564.453125	-135.969833
118570.312500	-135.312027
118576.171875	-136.717300
118582.031250	-138.173340
118587.890625	-136.718262
118593.750000	-135.949387
118599.609375	-135.645874
118605.468750	-135.248596
118611.328125	-134.842224
118617.187500	-134.267899
118623.046875	-134.493607
118628.906250	-134.794205
118634.765625	-136.262375
118640.625000	-137.348770
118646.484375	-136.629959
118652.343750	-135.635925
118658.203125	-135.564087
118664.062500	-137.882034
118669.921875	-140.072327
118675.781250	-138.238037
118681.640625	-134.769012
118687.500000	-132.924713
118693.359375	-134.794205
118699.218750	-138.531296
118705.078125	-136.714630
118710.937500	-135.864212
118716.796875	-137.308029
118722.656250	-135.595200
118728.515625	-134.479828
118734.375000	-135.757599
118740.234375	-138.491043
118746.093750	-140.214600
118751.953125	-138.479919
118757.812500	-137.372620
118763.671875	-137.742859
118769.531250	-138.672653
118775.390625	-136.756195
118781.250000	-136.166031
118787.109375	-133.694504
118792.968750	-134.284958
118798.828125	-136.900024
118804.687500	-137.784714
118810.546875	-138.275131
118816.406250	-137.893402
118822.265625	-136.704727
118828.125000	-135.491226
118833.984375	-133.202026
118839.843750	-135.013962
118845.703125	-141.004135
118851.562500	-138.691208
118857.421875	-137.490158
118863.281250	-136.846252
118869.140625	-137.763199
118875.000000	-137.718140
118880.859375	-136.108643
118886.718750	-137.071045
118892.578125	-141.399887
118898.437500	-140.510071
118904.296875	-138.683792
118910.156250	-135.252319
118916.015625	-135.340958
118921.875000	-137.801544
118927.734375	-139.823441
118933.593750	-140.683151
118939.453125	-140.032455
118945.312500	-137.396683
118951.171875	-137.560043
118957.031250	-139.588181
118962.890625	-136.833267
118968.750000	-137.322723
118974.609375	-136.905914
118980.468750	-137.071503
118986.328125	-138.861694
118992.187500	-135.700821
118998.046875	-134.185623
119003.906250	-135.079651
119009.765625	-136.427765
119015.625000	-137.213013
119021.484375	-135.646774
119027.343750	-134.118698
119033.203125	-134.161545
119039.062500	-136.517258
119044.921875	-134.950287
119050.781250	-132.849991
119056.640625	-133.093262
119062.500000	-133.964981
119068.359375	-134.538361
119074.218750	-135.358047
119080.078125	-135.480499
119085.937500	-136.123215
119091.796875	-139.675568
119097.656250	-137.526321
119103.515625	-134.186844
119109.375000	-134.107925
119115.234375	-135.075882
119121.093750	-136.980942
119126.953125	-135.163452
119132.812500	-133.127075
119138.671875	-132.863205
119144.531250	-133.230133
119150.390625	-133.986542
119156.250000	-135.838821
119162.109375	-140.718002
119167.968750	-140.227005
119173.828125	-136.211761
119179.687500	-135.290741
119185.546875	-135.207840
119191.406250	-134.300247
119197.265625	-133.101700
119203.125000	-132.624847
119208.984375	-134.474136
119214.843750	-136.567642
119220.703125	-139.765640
119226.562500	-138.789551
119232.421875	-137.658371
119238.281250	-138.163956
119244.140625	-139.725037
119250.000000	-138.399643
119255.859375	-135.977875
119261.718750	-135.703735
119267.578125	-137.533920
119273.437500	-136.744492
119279.296875	-137.514252
119285.156250	-136.670059
119291.015625	-134.235931
119296.875000	-133.287750
119302.734375	-132.610458
119308.593750	-133.219421
119314.453125	-133.507126
119320.312500	-132.036209
119326.171875	-132.142654
119332.031250	-133.646545
119337.890625	-135.550293
119343.750000	-136.191360
119349.609375	-136.364243
119355.468750	-137.379669
119361.328125	-140.878433
119367.187500	-142.345734
119373.046875	-140.471390
119378.906250	-138.590881
119384.765625	-137.444260
119390.625000	-137.136993
119396.484375	-136.557739
119402.343750	-135.761185
119408.203125	-134.124084
119414.062500	-134.504120
119419.921875	-136.539841
119425.781250	-136.914993
119431.640625	-136.632492
119437.500000	-138.406479
119443.359375	-140.135773
119449.218750	-137.090851
119455.078125	-135.268387
119460.937500	-136.373123
119466.796875	-137.012207
119472.656250	-134.994400
119478.515625	-135.266281
119484.375000	-138.072159
119490.234375	-140.190765
119496.093750	-137.336975
119501.953125	-136.286606
119507.812500	-138.607422
119513.671875	-141.411713
119519.531250	-135.745590
119525.390625	-133.996124
119531.250000	-135.460876
119537.109375	-135.758057
119542.968750	-134.881622
119548.828125	-134.286896
119554.687500	-136.349365
119560.546875	-141.329422
119566.406250	-142.104599
119572.265625	-138.932022
119578.125000	-136.975174
119583.984375	-138.077652
119589.843750	-140.296829
119595.703125	-138.719574
119601.562500	-137.564590
119607.421875	-135.853088
119613.281250	-134.221176
119619.140625	-133.423599
119625.000000	-132.522095
119630.859375	-132.598785
119636.718750	-135.645279
119642.578125	-140.689865
119648.437500	-139.067169
119654.296875	-136.592819
119660.156250	-137.435760
119666.015625	-138.705811
119671.875000	-139.647781
119677.734375	-139.712326
119683.593750	-140.122177
119689.453125	-143.036194
119695.312500	-140.267776
119701.171875	-134.994049
119707.031250	-132.601852
119712.890625	-132.572617
119718.750000	-133.763626
119724.609375	-137.439468
119730.468750	-139.213028
119736.328125	-137.280701
119742.187500	-136.802399
119748.046875	-136.648773
119753.906250	-136.003525
119759.765625	-136.514969
119765.625000	-136.928482
119771.484375	-135.536392
119777.343750	-135.590103
119783.203125	-138.939316
119789.062500	-138.635712
119794.921875	-135.843842
119800.781250	-134.580582
119806.640625	-135.294144
119812.500000	-139.796265
119818.359375	-138.538544
119824.218750	-136.528976
119830.078125	-136.431320
119835.937500	-136.137833
119841.796875	-139.688873
119847.656250	-143.523758
119853.515625	-136.509888
119859.375000	-134.465317
119865.234375	-134.767288
119871.093750	-133.713257
119876.953125	-136.038315
119882.812500	-139.100586
119888.671875	-140.147217
119894.531250	-137.739471
119900.390625	-133.971909
119906.250000	-132.797333
119912.109375	-134.308533
119917.968750	-133.194153
119923.828125	-132.923843
119929.687500	-134.474915
119935.546875	-135.239182
119941.406250	-134.463013
119947.265625	-136.322327
119953.125000	-138.878830
119958.984375	-143.497330
119964.843750	-141.622192
119970.703125	-138.933975
119976.562500	-136.295135
119982.421875	-135.665985
119988.281250	-135.725906
119994.140625	-134.958084
120000.000000	-135.308899
120005.859375	-135.970657
120011.718750	-135.373642
120017.578125	-135.299545
120023.437500	-136.570053
120029.296875	-136.548370
120035.156250	-137.036652
120041.015625	-136.098679
120046.875000	-137.152451
120052.734375	-141.937180
120058.593750	-139.368057
120064.453125	-137.323013
120070.312500	-138.103210
120076.171875	-137.730545
120082.031250	-135.631180
120087.890625	-136.097626
120093.750000	-135.181198
120099.609375	-134.192841
120105.468750	-133.315536
120111.328125	-133.875565
120117.187500	-136.887436
120123.046875	-137.737839
120128.906250	-135.721970
120134.765625	-134.760269
120140.625000	-135.812149
120146.484375	-136.166000
120152.343750	-136.007950
120158.203125	-136.923035
120164.062500	-140.268372
120169.921875	-139.246628
120175.781250	-135.348679
120181.640625	-135.031967
120187.500000	-134.706345
120193.359375	-134.052261
120199.218750	-133.807144
120205.078125	-134.342575
120210.937500	-134.988525
120216.796875	-134.720062
120222.656250	-134.110306
120228.515625	-135.824738
120234.375000	-139.599365
120240.234375	-139.025818
120246.093750	-136.343262
120251.953125	-136.510727
120257.812500	-138.454559
120263.671875	-138.563232
120269.531250	-137.617096
120275.390625	-136.578156
120281.250000	-137.708878
120287.109375	-138.528915
120292.968750	-137.129715
120298.828125	-137.038391
120304.687500	-138.308380
120310.546875	-136.281891
120316.406250	-134.320892
120322.265625	-137.306976
120328.125000	-139.485931
120333.984375	-135.500381
120339.843750	-134.796112
120345.703125	-135.574249
120351.562500	-136.590744
120357.421875	-136.989426
120363.281250	-132.840195
120369.140625	-132.108047
120375.000000	-134.900757
120380.859375	-136.445297
120386.718750	-137.066299
120392.578125	-136.445999
120398.437500	-136.909393
120404.296875	-137.349411
120410.156250	-140.610382
120416.015625	-138.548340
120421.875000	-135.457642
120427.734375	-133.337097
120433.593750	-133.178513
120439.453125	-134.064026
120445.312500	-134.515289
120451.171875	-134.496552
120457.031250	-135.956863
120462.890625	-137.356888
120468.750000	-136.954468
120474.609375	-138.132187
120480.468750	-139.123672
120486.328125	-138.180649
120492.187500	-137.122192
120498.046875	-135.757477
120503.906250	-136.158340
120509.765625	-135.546371
120515.625000	-135.692612
120521.484375	-136.053986
120527.343750	-135.717468
120533.203125	-136.697662
120539.062500	-139.976822
120544.921875	-136.633316
120550.781250	-134.382919
120556.640625	-134.304596
120562.500000	-134.541290
120568.359375	-134.367783
120574.218750	-137.028702
120580.078125	-143.306595
120585.937500	-139.418549
120591.796875	-138.864166
120597.656250	-138.702255
120603.515625	-141.460464
120609.375000	-145.785431
120615.234375	-135.739990
120621.093750	-133.292877
120626.953125	-133.405853
120632.812500	-134.766876
120638.671875	-134.824081
120644.531250	-134.885498
120650.390625	-136.890579
120656.250000	-134.925415
120662.109375	-135.722244
120667.968750	-138.014114
120673.828125	-135.942978
120679.687500	-135.886673
120685.546875	-136.685852
120691.406250	-135.427612
120697.265625	-134.940125
120703.125000	-136.041672
120708.984375	-136.803864
120714.843750	-136.381424
120720.703125	-135.538406
120726.562500	-135.425034
120732.421875	-137.131516
120738.281250	-138.673340
120744.140625	-139.158600
120750.000000	-138.256821
120755.859375	-138.410751
120761.718750	-137.906158
120767.578125	-137.334625
120773.437500	-140.816223
120779.296875	-135.486618
120785.156250	-132.432907
120791.015625	-133.818100
120796.875000	-137.487076
120802.734375	-136.564301
120808.593750	-140.814224
120814.453125	-139.497192
120820.312500	-136.418549
120826.171875	-136.052124
120832.031250	-136.046387
120837.890625	-135.733353
120843.750000	-142.060837
120849.609375	-140.345093
120855.468750	-134.773972
120861.328125	-134.109375
120867.187500	-133.935471
120873.046875	-134.078598
120878.906250	-136.711044
120884.765625	-137.200272
120890.625000	-135.164673
120896.484375	-133.480484
120902.343750	-133.696182
120908.203125	-136.888931
120914.062500	-141.598938
120919.921875	-135.642014
120925.781250	-136.283859
120931.640625	-138.233475
120937.500000	-135.361252
120943.359375	-133.061111
120949.218750	-134.311356
120955.078125	-135.746506
120960.937500	-135.739258
120966.796875	-135.821991
120972.656250	-136.534637
120978.515625	-139.596970
120984.375000	-136.384567
120990.234375	-133.652374
120996.093750	-133.563232
121001.953125	-135.437347
121007.812500	-137.452789
121013.671875	-135.157974
121019.531250	-134.691727
121025.390625	-136.591721
121031.250000	-139.908966
121037.109375	-138.970825
121042.968750	-137.083313
121048.828125	-136.601318
121054.687500	-136.405701
121060.546875	-134.913589
121066.406250	-133.027298
121072.265625	-133.809692
121078.125000	-135.846893
121083.984375	-135.767090
121089.843750	-134.422913
121095.703125	-134.627625
121101.562500	-135.365509
121107.421875	-135.082657
121113.281250	-134.144470
121119.140625	-135.282455
121125.000000	-136.687729
121130.859375	-134.557922
121136.718750	-132.934250
121142.578125	-134.216873
121148.437500	-137.396896
121154.296875	-135.468735
121160.156250	-133.848663
121166.015625	-133.605728
121171.875000	-133.709824
121177.734375	-134.214783
121183.593750	-133.003784
121189.453125	-133.070007
121195.312500	-135.417679
121201.171875	-140.408859
121207.031250	-139.116272
121212.890625	-135.992477
121218.750000	-135.364777
121224.609375	-135.896423
121230.468750	-137.282654
121236.328125	-138.256729
121242.187500	-138.680374
121248.046875	-139.715256
121253.906250	-139.276932
121259.765625	-137.352234
121265.625000	-135.276779
121271.484375	-134.560562
121277.343750	-135.776382
121283.203125	-140.940170
121289.062500	-143.165314
121294.921875	-135.837601
121300.781250	-133.640656
121306.640625	-132.896027
121312.500000	-134.200516
121318.359375	-136.504776
121324.218750	-135.638733
121330.078125	-133.612793
121335.937500	-133.863403
121341.796875	-137.551910
121347.656250	-141.414978
121353.515625	-137.446411
121359.375000	-134.337677
121365.234375	-135.874222
121371.093750	-139.700180
121376.953125	-137.385010
121382.812500	-137.185883
121388.671875	-136.280563
121394.531250	-138.057465
121400.390625	-142.646210
121406.250000	-140.323380
121412.109375	-136.510468
121417.968750	-137.092453
121423.828125	-138.148941
121429.687500	-137.795639
121435.546875	-136.824722
121441.406250	-135.139740
121447.265625	-132.581238
121453.125000	-134.021027
121458.984375	-136.221848
121464.843750	-134.662704
121470.703125	-133.586212
121476.562500	-133.191254
121482.421875	-134.536911
121488.281250	-136.992264
121494.140625	-137.726044
121500.000000	-136.695221
121505.859375	-134.341385
121511.718750	-133.446838
121517.578125	-134.724167
121523.437500	-134.554092
121529.296875	-133.165756
121535.156250	-134.940582
121541.015625	-136.937057
121546.875000	-138.202850
121552.734375	-138.576920
121558.593750	-138.780884
121564.453125	-136.242050
121570.312500	-134.537628
121576.171875	-135.459854
121582.031250	-138.614944
121587.890625	-138.828903
121593.750000	-136.235199
121599.609375	-136.387192
121605.468750	-136.460159
121611.328125	-136.679459
121617.187500	-136.439011
121623.046875	-137.124390
121628.906250	-136.850906
121634.765625	-136.654175
121640.625000	-138.217239
121646.484375	-135.186981
121652.343750	-134.758041
121658.203125	-136.820312
121664.062500	-135.915970
121669.921875	-136.781357
121675.781250	-138.002274
121681.640625	-137.649857
121687.500000	-138.541946
121693.359375	-139.279999
121699.218750	-138.987778
121705.078125	-136.248672
121710.937500	-135.139359
121716.796875	-136.998856
121722.656250	-138.300766
121728.515625	-139.121552
121734.375000	-142.030380
121740.234375	-138.727707
121746.093750	-136.711746
121751.953125	-136.161209
121757.812500	-138.056244
121763.671875	-142.028656
121769.531250	-140.407455
121775.390625	-136.602982
121781.250000	-135.403625
121787.109375	-136.298004
121792.968750	-136.640823
121798.828125	-137.312424
121804.687500	-137.922073
121810.546875	-137.346832
121816.406250	-136.608124
121822.265625	-137.377243
121828.125000	-139.135498
121833.984375	-138.293442
121839.843750	-135.255890
121845.703125	-134.369629
121851.562500	-135.090668
121857.421875	-136.499496
121863.281250	-135.687683
121869.140625	-135.020294
121875.000000	-135.951843
121880.859375	-138.102463
121886.718750	-136.880508
121892.578125	-133.933273
121898.437500	-135.445297
121904.296875	-136.767868
121910.156250	-137.735596
121916.015625	-139.688599
121921.875000	-136.513672
121927.734375	-135.362427
121933.593750	-136.476212
121939.453125	-137.129791
121945.312500	-137.363846
121951.171875	-138.308685
121957.031250	-139.036926
121962.890625	-139.693176
121968.750000	-137.986115
121974.609375	-136.612350
121980.468750	-136.186798
121986.328125	-134.985077
121992.187500	-133.974640
121998.046875	-133.845810
122003.906250	-133.547195
122009.765625	-134.615341
122015.625000	-137.119308
122021.484375	-138.027710
122027.343750	-136.925003
122033.203125	-136.367020
122039.062500	-137.084488
122044.921875	-139.677490
122050.781250	-139.230331
122056.640625	-137.658890
122062.500000	-136.199707
122068.359375	-135.123856
122074.218750	-135.456802
122080.078125	-135.984238
122085.937500	-135.091614
122091.796875	-136.861115
122097.656250	-139.052078
122103.515625	-139.538727
122109.375000	-138.682816
122115.234375	-137.643066
122121.093750	-135.326233
122126.953125	-135.907745
122132.812500	-137.350891
122138.671875	-135.454514
122144.531250	-136.289429
122150.390625	-139.772812
122156.250000	-139.138626
122162.109375	-138.439667
122167.968750	-136.984375
122173.828125	-136.366592
122179.687500	-137.553833
122185.546875	-140.323990
122191.406250	-139.895554
122197.265625	-138.509399
122203.125000	-143.645523
122208.984375	-141.997177
122214.843750	-139.745514
122220.703125	-137.943726
122226.562500	-139.766586
122232.421875	-139.157410
122238.281250	-141.811127
122244.140625	-146.878845
122250.000000	-139.310669
122255.859375	-134.991806
122261.718750	-134.451584
122267.578125	-136.633881
122273.437500	-138.484100
122279.296875	-137.974167
122285.156250	-138.110153
122291.015625	-137.758194
122296.875000	-136.424561
122302.734375	-133.948914
122308.593750	-133.299240
122314.453125	-135.125549
122320.312500	-136.561127
122326.171875	-135.067871
122332.031250	-134.750107
122337.890625	-135.395737
122343.750000	-136.557068
122349.609375	-137.092758
122355.468750	-138.492386
122361.328125	-140.104538
122367.187500	-138.807526
122373.046875	-137.886169
122378.906250	-137.636017
122384.765625	-137.561035
122390.625000	-137.974548
122396.484375	-138.006439
122402.343750	-136.675705
122408.203125	-136.113770
122414.062500	-138.048660
122419.921875	-136.508301
122425.781250	-136.424545
122431.640625	-137.661285
122437.500000	-137.147705
122443.359375	-135.951782
122449.218750	-135.720978
122455.078125	-136.992386
122460.937500	-138.787537
122466.796875	-142.687897
122472.656250	-139.971130
122478.515625	-137.593521
122484.375000	-136.942093
122490.234375	-138.400101
122496.093750	-139.460815
122501.953125	-140.609360
122507.812500	-143.383423
122513.671875	-138.786438
122519.531250	-136.983215
122525.390625	-140.291336
122531.250000	-139.529114
122537.109375	-135.459702
122542.968750	-136.104889
122548.828125	-137.498962
122554.687500	-135.994629
122560.546875	-139.219528
122566.406250	-141.854706
122572.265625	-138.036224
122578.125000	-138.075500
122583.984375	-141.737503
122589.843750	-147.117966
122595.703125	-145.564301
122601.562500	-143.923050
122607.421875	-139.553284
122613.281250	-140.169540
122619.140625	-141.287033
122625.000000	-137.859604
122630.859375	-135.767593
122636.718750	-137.365616
122642.578125	-143.832047
122648.437500	-140.197586
122654.296875	-136.611511
122660.156250	-136.069321
122666.015625	-138.059265
122671.875000	-139.525024
122677.734375	-135.324020
122683.593750	-134.671478
122689.453125	-137.872421
122695.312500	-141.367584
122701.171875	-141.122803
122707.031250	-140.693314
122712.890625	-139.362061
122718.750000	-137.515228
122724.609375	-136.874741
122730.468750	-139.923706
122736.328125	-141.617996
122742.187500	-138.028564
122748.046875	-138.131104
122753.906250	-141.886536
122759.765625	-142.439667
122765.625000	-139.562637
122771.484375	-137.666397
122777.343750	-134.947311
122783.203125	-132.460236
122789.062500	-133.464127
122794.921875	-138.927475
122800.781250	-140.817902
122806.640625	-136.517487
122812.500000	-134.586639
122818.359375	-134.652786
122824.218750	-135.281906
122830.078125	-135.000290
122835.937500	-135.814346
122841.796875	-137.468445
122847.656250	-138.953140
122853.515625	-139.654144
122859.375000	-138.387573
122865.234375	-137.801773
122871.093750	-140.833481
122876.953125	-139.837921
122882.812500	-137.761597
122888.671875	-139.287582
122894.531250	-140.397446
122900.390625	-139.018494
122906.250000	-139.468185
122912.109375	-138.881287
122917.968750	-135.558960
122923.828125	-134.157578
122929.687500	-134.992386
122935.546875	-139.270554
122941.406250	-137.934662
122947.265625	-137.732224
122953.125000	-136.697418
122958.984375	-134.888000
122964.843750	-134.910492
122970.703125	-139.355133
122976.562500	-140.420746
122982.421875	-135.592529
122988.281250	-139.379532
122994.140625	-140.334854
123000.000000	-139.299728
123005.859375	-139.073334
123011.718750	-136.003525
123017.578125	-133.784943
123023.437500	-134.297043
123029.296875	-135.870499
123035.156250	-137.080276
123041.015625	-136.841690
123046.875000	-134.128082
123052.734375	-132.510910
123058.593750	-133.077545
123064.453125	-136.497055
123070.312500	-140.774185
123076.171875	-137.904877
123082.031250	-136.602737
123087.890625	-138.266281
123093.750000	-138.165344
123099.609375	-137.130554
123105.468750	-138.032516
123111.328125	-138.815247
123117.187500	-138.956345
123123.046875	-136.898865
123128.906250	-135.406860
123134.765625	-136.055206
123140.625000	-137.631454
123146.484375	-138.852417
123152.343750	-138.173004
123158.203125	-136.938339
123164.062500	-137.237976
123169.921875	-138.564880
123175.781250	-137.944275
123181.640625	-140.571930
123187.500000	-140.440842
123193.359375	-137.017044
123199.218750	-135.862076
123205.078125	-137.092667
123210.937500	-137.037033
123216.796875	-133.815750
123222.656250	-133.075790
123228.515625	-136.493912
123234.375000	-143.704498
123240.234375	-139.622147
123246.093750	-135.761169
123251.953125	-134.421234
123257.812500	-138.234909
123263.671875	-141.306244
123269.531250	-138.663757
123275.390625	-138.504700
123281.250000	-137.992050
123287.109375	-140.435455
123292.968750	-138.219940
123298.828125	-137.524994
123304.687500	-140.060455
123310.546875	-140.210114
123316.406250	-138.361649
123322.265625	-136.506363
123328.125000	-136.942764
123333.984375	-135.849869
123339.843750	-135.408447
123345.703125	-135.759216
123351.562500	-138.110931
123357.421875	-141.292145
123363.281250	-137.155930
123369.140625	-136.151779
123375.000000	-137.819550
123380.859375	-136.504272
123386.718750	-137.116486
123392.578125	-139.539597
123398.437500	-141.040665
123404.296875	-138.051651
123410.156250	-136.412689
123416.015625	-136.705978
123421.875000	-137.917953
123427.734375	-138.314346
123433.593750	-136.406937
123439.453125	-135.447525
123445.312500	-136.925385
123451.171875	-137.083771
123457.031250	-136.324860
123462.890625	-136.291336
123468.750000	-135.529205
123474.609375	-135.767319
123480.468750	-135.863144
123486.328125	-138.768661
123492.187500	-135.736374
123498.046875	-133.590286
123503.906250	-135.339355
123509.765625	-137.224762
123515.625000	-136.733871
123521.484375	-136.753647
123527.343750	-136.636108
123533.203125	-135.930222
123539.062500	-135.649933
123544.921875	-138.483521
123550.781250	-140.113251
123556.640625	-136.871017
123562.500000	-135.085831
123568.359375	-136.359970
123574.218750	-137.716995
123580.078125	-136.972229
123585.937500	-140.819733
123591.796875	-139.896866
123597.656250	-139.199982
123603.515625	-139.538040
123609.375000	-136.698090
123615.234375	-135.189224
123621.093750	-136.459366
123626.953125	-137.615402
123632.812500	-135.836548
123638.671875	-136.338181
123644.531250	-138.623169
123650.390625	-138.375397
123656.250000	-138.237167
123662.109375	-137.963303
123667.968750	-137.561447
123673.828125	-138.068924
123679.687500	-136.445312
123685.546875	-136.863754
123691.406250	-140.271088
123697.265625	-140.045380
123703.125000	-139.319870
123708.984375	-140.287720
123714.843750	-138.578827
123720.703125	-140.330841
123726.562500	-140.390991
123732.421875	-136.294144
123738.281250	-135.291992
123744.140625	-137.195145
123750.000000	-137.137192
123755.859375	-137.282578
123761.718750	-137.467941
123767.578125	-135.578735
123773.437500	-134.485779
123779.296875	-136.747482
123785.156250	-141.416946
123791.015625	-141.686035
123796.875000	-139.060181
123802.734375	-135.239090
123808.593750	-135.033249
123814.453125	-136.532913
123820.312500	-137.113129
123826.171875	-136.013840
123832.031250	-134.100876
123837.890625	-133.704193
123843.750000	-134.962494
123849.609375	-136.190872
123855.468750	-139.736526
123861.328125	-138.744705
123867.187500	-137.209534
123873.046875	-137.011398
123878.906250	-137.436920
123884.765625	-139.713165
123890.625000	-137.943634
123896.484375	-135.035446
123902.343750	-134.347092
123908.203125	-134.711472
123914.062500	-134.070068
123919.921875	-133.418060
123925.781250	-134.298767
123931.640625	-135.900604
123937.500000	-136.611816
123943.359375	-138.306793
123949.218750	-136.494858
123955.078125	-134.866333
123960.937500	-137.296738
123966.796875	-139.417435
123972.656250	-140.217453
123978.515625	-141.047852
123984.375000	-143.006561
123990.234375	-145.528473
123996.093750	-143.169434
124001.953125	-139.188614
124007.812500	-137.173416
124013.671875	-139.104752
124019.531250	-141.505936
124025.390625	-139.040436
124031.250000	-135.121170
124037.109375	-134.608093
124042.968750	-137.967850
124048.828125	-137.994095
124054.687500	-135.991928
124060.546875	-136.592300
124066.406250	-137.922211
124072.265625	-138.010986
124078.125000	-134.763336
124083.984375	-133.960571
124089.843750	-136.349472
124095.703125	-138.597504
124101.562500	-137.243744
124107.421875	-137.415588
124113.281250	-136.299179
124119.140625	-135.326401
124125.000000	-135.318512
124130.859375	-136.089905
124136.718750	-137.001877
124142.578125	-137.918152
124148.437500	-139.651764
124154.296875	-140.953491
124160.156250	-141.111481
124166.015625	-140.750351
124171.875000	-137.525497
124177.734375	-134.965805
124183.593750	-135.092072
124189.453125	-137.228989
124195.312500	-139.263672
124201.171875	-136.769241
124207.031250	-137.815430
124212.890625	-141.007599
124218.750000	-143.971085
124224.609375	-146.223557
124230.468750	-142.312393
124236.328125	-137.947723
124242.187500	-136.565750
124248.046875	-136.958725
124253.906250	-137.796280
124259.765625	-136.464203
124265.625000	-135.581741
124271.484375	-138.765625
124277.343750	-136.506210
124283.203125	-137.302719
124289.062500	-141.972519
124294.921875	-139.421021
124300.781250	-137.478958
124306.640625	-136.843964
124312.500000	-139.228668
124318.359375	-144.017578
124324.218750	-139.123596
124330.078125	-135.974289
124335.937500	-136.952438
124341.796875	-139.723938
124347.656250	-139.268265
124353.515625	-138.179382
124359.375000	-137.480011
124365.234375	-138.625290
124371.093750	-137.830780
124376.953125	-139.617020
124382.812500	-141.967941
124388.671875	-139.095459
124394.531250	-137.562988
124400.390625	-139.029480
124406.250000	-138.748093
124412.109375	-136.086304
124417.968750	-136.916138
124423.828125	-137.782440
124429.687500	-135.675095
124435.546875	-135.986130
124441.406250	-141.114807
124447.265625	-147.132568
124453.125000	-144.014725
124458.984375	-139.279587
124464.843750	-135.863266
124470.703125	-136.700317
124476.562500	-141.080597
124482.421875	-138.521500
124488.281250	-136.255066
124494.140625	-136.093689
124500.000000	-136.258469
124505.859375	-136.572281
124511.718750	-137.334854
124517.578125	-140.354126
124523.437500	-142.237915
124529.296875	-139.767715
124535.156250	-138.220261
124541.015625	-138.441803
124546.875000	-140.112625
124552.734375	-140.164780
124558.593750	-136.925980
124564.453125	-135.061081
124570.312500	-137.325577
124576.171875	-141.349854
124582.031250	-140.133713
124587.890625	-140.407211
124593.750000	-141.148087
124599.609375	-144.117172
124605.468750	-138.951080
124611.328125	-135.985199
124617.187500	-135.230942
124623.046875	-136.768951
124628.906250	-138.200043
124634.765625	-139.183746
124640.625000	-141.362778
124646.484375	-140.740097
124652.343750	-139.909042
124658.203125	-137.743591
124664.062500	-136.498459
124669.921875	-137.034592
124675.781250	-138.673141
124681.640625	-142.080627
124687.500000	-145.476562
124693.359375	-142.189255
124699.218750	-139.067261
124705.078125	-140.446274
124710.937500	-140.159378
124716.796875	-137.993622
124722.656250	-137.220337
124728.515625	-135.219742
124734.375000	-134.980423
124740.234375	-135.676041
124746.093750	-134.904877
124751.953125	-137.177658
124757.812500	-139.766174
124763.671875	-139.445084
124769.531250	-137.000168
124775.390625	-137.892899
124781.250000	-138.529861
124787.109375	-136.721207
124792.968750	-135.472153
124798.828125	-136.529327
124804.687500	-139.241714
124810.546875	-141.318253
124816.406250	-140.196777
124822.265625	-135.213715
124828.125000	-132.361740
124833.984375	-133.493088
124839.843750	-135.507812
124845.703125	-135.572906
124851.562500	-137.909180
124857.421875	-138.920517
124863.281250	-139.002518
124869.140625	-139.127869
124875.000000	-140.677490
124880.859375	-138.863586
124886.718750	-136.281113
124892.578125	-137.135529
124898.437500	-140.384430
124904.296875	-138.701538
124910.156250	-136.030457
124916.015625	-135.510391
124921.875000	-135.228271
124927.734375	-137.519287
124933.593750	-139.813599
124939.453125	-137.167068
124945.312500	-137.675461
124951.171875	-139.594360
124957.031250	-141.202042
124962.890625	-141.057938
124968.750000	-137.608704
124974.609375	-137.864929
124980.468750	-138.534363
124986.328125	-139.490891
124992.187500	-138.462494
124998.046875	-138.200790
125003.906250	-137.617920
125009.765625	-136.186035
125015.625000	-138.029755
125021.484375	-139.096878
125027.343750	-140.030930
125033.203125	-142.042084
125039.062500	-142.913025
125044.921875	-141.554504
125050.781250	-139.862411
125056.640625	-140.685837
125062.500000	-142.341461
125068.359375	-139.963104
125074.218750	-141.513199
125080.078125	-140.931915
125085.937500	-134.682861
125091.796875	-133.309525
125097.656250	-135.141449
125103.515625	-138.808456
125109.375000	-139.667130
125115.234375	-137.152573
125121.093750	-136.467941
125126.953125	-138.465424
125132.812500	-140.214020
125138.671875	-141.152771
125144.531250	-141.601379
125150.390625	-138.715744
125156.250000	-136.845291
125162.109375	-137.074799
125167.968750	-140.094009
125173.828125	-143.091125
125179.687500	-139.945587
125185.546875	-136.854507
125191.406250	-137.969421
125197.265625	-143.763611
125203.125000	-141.721054
125208.984375	-138.353622
125214.843750	-137.658051
125220.703125	-138.795044
125226.562500	-139.033813
125232.421875	-139.749466
125238.281250	-139.305237
125244.140625	-137.826843
125250.000000	-136.918442
125255.859375	-136.731110
125261.718750	-138.220337
125267.578125	-139.814682
125273.437500	-141.413971
125279.296875	-139.696503
125285.156250	-138.719269
125291.015625	-137.279526
125296.875000	-135.451538
125302.734375	-133.753250
125308.593750	-134.223740
125314.453125	-136.726852
125320.312500	-140.605698
125326.171875	-142.119492
125332.031250	-139.825027
125337.890625	-138.663177
125343.750000	-138.746658
125349.609375	-137.193787
125355.468750	-134.465164
125361.328125	-135.473785
125367.187500	-139.097610
125373.046875	-137.740845
125378.906250	-138.476593
125384.765625	-138.736343
125390.625000	-139.220428
125396.484375	-143.058838
125402.343750	-143.508057
125408.203125	-139.455582
125414.062500	-137.217148
125419.921875	-135.975189
125425.781250	-136.896362
125431.640625	-139.893738
125437.500000	-138.489853
125443.359375	-136.481140
125449.218750	-138.104248
125455.078125	-139.637909
125460.937500	-139.105927
125466.796875	-138.955444
125472.656250	-138.697128
125478.515625	-139.108963
125484.375000	-139.843399
125490.234375	-141.545013
125496.093750	-144.766281
125501.953125	-143.563919
125507.812500	-143.998520
125513.671875	-143.646088
125519.531250	-141.011963
125525.390625	-141.748047
125531.250000	-144.098724
125537.109375	-141.197205
125542.968750	-138.753448
125548.828125	-136.906601
125554.687500	-137.449722
125560.546875	-141.242371
125566.406250	-139.490524
125572.265625	-137.789520
125578.125000	-139.180740
125583.984375	-140.563751
125589.843750	-140.278427
125595.703125	-139.891052
125601.562500	-138.911987
125607.421875	-137.389984
125613.281250	-135.797897
125619.140625	-136.996384
125625.000000	-138.752853
125630.859375	-137.968231
125636.718750	-136.962845
125642.578125	-136.853699
125648.437500	-136.913376
125654.296875	-137.505264
125660.156250	-139.292816
125666.015625	-138.855377
125671.875000	-138.975815
125677.734375	-143.573868
125683.593750	-145.148453
125689.453125	-141.573166
125695.312500	-137.418213
125701.171875	-134.898773
125707.031250	-135.546021
125712.890625	-138.070633
125718.750000	-139.651901
125724.609375	-139.831558
125730.468750	-142.229431
125736.328125	-143.441620
125742.187500	-140.366226
125748.046875	-137.265533
125753.906250	-138.489761
125759.765625	-137.241745
125765.625000	-136.191956
125771.484375	-135.392014
125777.343750	-134.200928
125783.203125	-136.057404
125789.062500	-139.338303
125794.921875	-139.573807
125800.781250	-136.358978
125806.640625	-136.744980
125812.500000	-139.692642
125818.359375	-139.956604
125824.218750	-142.927032
125830.078125	-146.585129
125835.937500	-143.206299
125841.796875	-139.727097
125847.656250	-138.755951
125853.515625	-140.166733
125859.375000	-141.052994
125865.234375	-140.077499
125871.093750	-139.832596
125876.953125	-140.873337
125882.812500	-137.641998
125888.671875	-136.429749
125894.531250	-136.360382
125900.390625	-135.426682
125906.250000	-136.027008
125912.109375	-137.604279
125917.968750	-137.170929
125923.828125	-137.219101
125929.687500	-137.997650
125935.546875	-136.390457
125941.406250	-137.159119
125947.265625	-139.695374
125953.125000	-141.945648
125958.984375	-142.061356
125964.843750	-137.734894
125970.703125	-136.253342
125976.562500	-138.814560
125982.421875	-141.132599
125988.281250	-141.500458
125994.140625	-141.980408
126000.000000	-143.244064
126005.859375	-144.369675
126011.718750	-143.885025
126017.578125	-139.400543
126023.437500	-137.945206
126029.296875	-138.831696
126035.156250	-143.305954
126041.015625	-143.969818
126046.875000	-139.221100
126052.734375	-139.447098
126058.593750	-139.664215
126064.453125	-143.894318
126070.312500	-139.336334
126076.171875	-137.144867
126082.031250	-139.175385
126087.890625	-139.543304
126093.750000	-139.364517
126099.609375	-139.835800
126105.468750	-140.342392
126111.328125	-140.972916
126117.187500	-140.371002
126123.046875	-142.216522
126128.906250	-139.190521
126134.765625	-137.041840
126140.625000	-138.754517
126146.484375	-141.882263
126152.343750	-141.530869
126158.203125	-139.137375
126164.062500	-140.019897
126169.921875	-142.389999
126175.781250	-140.971603
126181.640625	-138.747421
126187.500000	-138.215256
126193.359375	-138.569534
126199.218750	-139.324951
126205.078125	-139.350632
126210.937500	-137.241104
126216.796875	-134.752686
126222.656250	-135.807297
126228.515625	-142.376328
126234.375000	-139.664337
126240.234375	-138.569107
126246.093750	-142.692184
126251.953125	-141.412308
126257.812500	-137.324295
126263.671875	-135.391022
126269.531250	-135.468918
126275.390625	-136.784012
126281.250000	-137.886856
126287.109375	-139.218552
126292.968750	-139.586700
126298.828125	-142.339249
126304.687500	-140.212845
126310.546875	-137.917892
126316.406250	-137.936523
126322.265625	-137.874786
126328.125000	-136.079422
126333.984375	-135.256134
126339.843750	-135.982361
126345.703125	-137.764389
126351.562500	-138.219925
126357.421875	-139.134247
126363.281250	-140.304535
126369.140625	-140.673920
126375.000000	-140.884689
126380.859375	-140.104218
126386.718750	-137.825363
126392.578125	-139.852448
126398.437500	-141.534866
126404.296875	-137.738724
126410.156250	-136.997620
126416.015625	-136.798981
126421.875000	-135.520935
126427.734375	-135.982712
126433.593750	-139.509766
126439.453125	-142.638565
126445.312500	-141.676758
126451.171875	-140.356171
126457.031250	-138.489426
126462.890625	-137.359192
126468.750000	-139.267670
126474.609375	-142.028214
126480.468750	-143.108505
126486.328125	-141.690491
126492.187500	-142.898224
126498.046875	-142.065094
126503.906250	-140.176208
126509.765625	-139.260468
126515.625000	-137.786270
126521.484375	-139.697617
126527.343750	-141.760834
126533.203125	-141.742447
126539.062500	-140.954163
126544.921875	-139.130951
126550.781250	-138.332428
126556.640625	-138.439728
126562.500000	-141.558594
126568.359375	-142.844696
126574.218750	-140.455856
126580.078125	-138.502106
126585.937500	-138.653458
126591.796875	-139.610504
126597.656250	-141.370407
126603.515625	-140.872421
126609.375000	-139.356003
126615.234375	-138.523849
126621.093750	-137.995529
126626.953125	-137.869629
126632.812500	-139.518188
126638.671875	-144.792160
126644.531250	-141.402710
126650.390625	-139.775101
126656.250000	-141.025146
126662.109375	-140.792221
126667.968750	-139.273621
126673.828125	-137.310791
126679.687500	-136.946930
126685.546875	-137.464188
126691.406250	-138.022827
126697.265625	-137.909027
126703.125000	-137.226959
126708.984375	-138.933487
126714.843750	-138.739624
126720.703125	-135.747787
126726.562500	-135.803497
126732.421875	-137.507141
126738.281250	-137.953476
126744.140625	-136.931305
126750.000000	-138.945526
126755.859375	-142.107880
126761.718750	-141.777542
126767.578125	-142.818573
126773.437500	-141.047043
126779.296875	-141.328705
126785.156250	-143.568985
126791.015625	-143.785385
126796.875000	-141.838150
126802.734375	-141.790283
126808.593750	-139.697876
126814.453125	-136.992462
126820.312500	-135.097229
126826.171875	-134.468597
126832.031250	-136.055832
126837.890625	-136.321228
126843.750000	-135.548462
126849.609375	-138.193527
126855.468750	-140.324570
126861.328125	-136.749252
126867.187500	-136.480911
126873.046875	-137.650284
126878.906250	-138.903305
126884.765625	-137.364197
126890.625000	-138.964828
126896.484375	-141.849792
126902.343750	-142.961288
126908.203125	-141.952438
126914.062500	-142.218185
126919.921875	-139.911011
126925.781250	-137.020035
126931.640625	-135.758942
126937.500000	-136.069687
126943.359375	-137.776703
126949.218750	-138.431610
126955.078125	-138.130325
126960.937500	-137.224579
126966.796875	-137.367355
126972.656250	-139.336624
126978.515625	-139.137299
126984.375000	-138.700684
126990.234375	-138.705673
126996.093750	-137.489777
127001.953125	-140.180527
127007.812500	-140.881607
127013.671875	-139.141113
127019.531250	-138.404541
127025.390625	-136.880081
127031.250000	-136.235504
127037.109375	-137.556625
127042.968750	-141.095673
127048.828125	-142.738297
127054.687500	-141.633118
127060.546875	-140.596603
127066.406250	-137.223907
127072.265625	-136.177338
127078.125000	-137.894363
127083.984375	-137.047501
127089.843750	-136.496002
127095.703125	-139.517761
127101.562500	-139.870239
127107.421875	-137.421097
127113.281250	-139.387177
127119.140625	-143.816177
127125.000000	-138.907532
127130.859375	-137.759888
127136.718750	-138.390182
127142.578125	-140.134048
127148.437500	-142.404907
127154.296875	-142.102524
127160.156250	-140.576279
127166.015625	-138.098648
127171.875000	-135.878265
127177.734375	-136.586456
127183.593750	-138.456421
127189.453125	-138.500275
127195.312500	-138.878052
127201.171875	-137.820343
127207.031250	-137.617691
127212.890625	-139.172379
127218.750000	-139.034393
127224.609375	-139.017654
127230.468750	-137.748505
127236.328125	-139.578247
127242.187500	-140.931778
127248.046875	-138.520187
127253.906250	-140.350189
127259.765625	-141.277100
127265.625000	-140.351990
127271.484375	-143.080582
127277.343750	-142.500778
127283.203125	-142.090271
127289.062500	-143.182907
127294.921875	-145.315338
127300.781250	-143.707993
127306.640625	-141.415802
127312.500000	-141.216110
127318.359375	-140.209686
127324.218750	-138.627472
127330.078125	-139.707947
127335.937500	-139.167068
127341.796875	-138.182297
127347.656250	-137.564774
127353.515625	-137.855591
127359.375000	-137.057266
127365.234375	-138.331406
127371.093750	-138.078323
127376.953125	-136.534546
127382.812500	-135.085129
127388.671875	-136.618378
127394.531250	-140.527374
127400.390625	-143.171371
127406.250000	-140.391983
127412.109375	-138.810944
127417.968750	-139.261612
127423.828125	-140.023575
127429.687500	-142.247025
127435.546875	-141.176590
127441.406250	-140.468765
127447.265625	-139.877792
127453.125000	-141.342163
127458.984375	-140.959427
127464.843750	-139.165115
127470.703125	-139.724899
127476.562500	-141.201416
127482.421875	-140.813889
127488.281250	-141.027847
127494.140625	-139.882721
127500.000000	-137.152008
127505.859375	-135.154907
127511.718750	-136.203812
127517.578125	-138.454620
127523.437500	-138.318878
127529.296875	-139.179977
127535.156250	-139.616714
127541.015625	-138.657150
127546.875000	-139.228027
127552.734375	-139.054108
127558.593750	-137.978836
127564.453125	-139.008667
127570.312500	-140.904755
127576.171875	-139.260941
127582.031250	-137.570694
127587.890625	-137.039566
127593.750000	-137.863770
127599.609375	-140.083237
127605.468750	-143.471069
127611.328125	-141.645569
127617.187500	-139.406067
127623.046875	-139.777588
127628.906250	-141.179138
127634.765625	-137.041992
127640.625000	-135.904739
127646.484375	-135.486618
127652.343750	-136.424271
127658.203125	-138.632858
127664.062500	-144.632736
127669.921875	-140.558304
127675.781250	-134.630463
127681.640625	-133.853317
127687.500000	-137.334320
127693.359375	-138.450058
127699.218750	-137.000854
127705.078125	-138.833206
127710.937500	-144.239029
127716.796875	-143.495438
127722.656250	-141.181793
127728.515625	-140.934311
127734.375000	-141.041061
127740.234375	-139.202530
127746.093750	-139.785141
127751.953125	-142.630829
127757.812500	-141.608597
127763.671875	-139.073624
127769.531250	-139.429184
127775.390625	-140.996689
127781.250000	-142.350082
127787.109375	-144.296066
127792.968750	-143.066757
127798.828125	-140.466965
127804.687500	-139.641037
127810.546875	-141.040421
127816.406250	-139.131134
127822.265625	-138.944977
127828.125000	-143.117905
127833.984375	-139.987564
127839.843750	-138.180496
127845.703125	-137.662781
127851.562500	-136.802704
127857.421875	-136.443665
127863.281250	-138.453735
127869.140625	-139.478821
127875.000000	-138.228302
127880.859375	-139.300797
127886.718750	-141.504349
127892.578125	-143.779526
127898.437500	-142.718155
127904.296875	-140.341782
127910.156250	-139.883759
127916.015625	-140.923447
127921.875000	-140.758560
127927.734375	-138.529724
127933.593750	-137.562485
127939.453125	-139.379730
127945.312500	-141.184875
127951.171875	-143.052032
127957.031250	-144.224564
127962.890625	-143.251648
127968.750000	-142.916443
127974.609375	-139.488541
127980.468750	-138.304718
127986.328125	-140.824127
127992.187500	-143.550690
127998.046875	-142.022537
128003.906250	-141.832855
128009.765625	-139.572510
128015.625000	-139.062332
128021.484375	-138.617889
128027.343750	-138.617249
128033.203125	-138.249329
128039.062500	-137.780899
128044.921875	-140.237259
128050.781250	-139.732422
128056.640625	-139.530975
128062.500000	-142.590088
128068.359375	-145.010895
128074.218750	-143.157852
128080.078125	-138.676376
128085.937500	-136.825714
128091.796875	-136.026428
128097.656250	-138.326202
128103.515625	-143.877792
128109.375000	-141.180908
128115.234375	-138.132019
128121.093750	-138.031067
128126.953125	-137.761856
128132.812500	-138.494598
128138.671875	-139.947495
128144.531250	-139.383774
128150.390625	-139.351135
128156.250000	-141.688416
128162.109375	-141.579849
128167.968750	-137.871475
128173.828125	-137.656891
128179.687500	-138.773254
128185.546875	-143.235275
128191.406250	-147.977707
128197.265625	-143.653351
128203.125000	-141.677505
128208.984375	-141.194641
128214.843750	-141.235001
128220.703125	-141.310776
128226.562500	-142.186859
128232.421875	-142.042343
128238.281250	-140.418411
128244.140625	-139.200684
128250.000000	-139.651840
128255.859375	-141.308426
128261.718750	-140.782364
128267.578125	-143.467056
128273.437500	-144.003906
128279.296875	-140.620804
128285.156250	-139.170120
128291.015625	-141.210236
128296.875000	-143.308624
128302.734375	-143.087479
128308.593750	-141.277603
128314.453125	-140.107468
128320.312500	-137.696136
128326.171875	-136.204880
128332.031250	-136.559448
128337.890625	-138.055298
128343.750000	-138.654388
128349.609375	-138.469604
128355.468750	-138.393448
128361.328125	-137.508926
128367.187500	-136.443222
128373.046875	-136.558929
128378.906250	-139.047592
128384.765625	-143.354095
128390.625000	-145.498535
128396.484375	-141.438385
128402.343750	-140.897461
128408.203125	-143.877686
128414.062500	-144.205322
128419.921875	-142.182556
128425.781250	-141.436035
128431.640625	-142.382660
128437.500000	-143.221130
128443.359375	-142.098007
128449.218750	-140.015335
128455.078125	-139.272751
128460.937500	-143.266556
128466.796875	-142.570023
128472.656250	-137.368408
128478.515625	-137.311172
128484.375000	-139.263412
128490.234375	-137.497086
128496.093750	-134.694580
128501.953125	-135.630768
128507.812500	-138.413483
128513.671875	-140.722107
128519.531250	-141.413681
128525.390625	-141.658279
128531.250000	-139.225342
128537.109375	-139.241516
128542.968750	-142.144699
128548.828125	-140.355331
128554.687500	-140.477615
128560.546875	-142.734940
128566.406250	-143.163879
128572.265625	-143.859482
128578.125000	-139.674896
128583.984375	-139.746841
128589.843750	-139.165085
128595.703125	-138.276581
128601.562500	-138.687302
128607.421875	-137.699982
128613.281250	-137.406113
128619.140625	-137.329773
128625.000000	-138.810089
128630.859375	-142.058350
128636.718750	-139.272202
128642.578125	-136.806671
128648.437500	-136.339310
128654.296875	-136.130066
128660.156250	-137.355576
128666.015625	-137.012726
128671.875000	-135.997360
128677.734375	-136.356079
128683.593750	-137.285172
128689.453125	-138.673157
128695.312500	-141.678986
128701.171875	-143.329559
128707.031250	-141.563599
128712.890625	-142.023911
128718.750000	-144.897018
128724.609375	-139.976379
128730.468750	-139.456650
128736.328125	-139.853119
128742.187500	-137.229736
128748.046875	-135.982224
128753.906250	-137.894821
128759.765625	-142.062393
128765.625000	-138.301712
128771.484375	-137.597778
128777.343750	-140.691757
128783.203125	-137.442642
128789.062500	-137.159439
128794.921875	-142.573273
128800.781250	-144.377625
128806.640625	-139.942917
128812.500000	-138.630661
128818.359375	-139.008636
128824.218750	-142.052048
128830.078125	-142.228928
128835.937500	-141.366852
128841.796875	-138.920975
128847.656250	-138.711700
128853.515625	-140.586838
128859.375000	-141.646454
128865.234375	-143.222229
128871.093750	-141.164383
128876.953125	-138.935211
128882.812500	-138.006882
128888.671875	-139.215790
128894.531250	-140.798325
128900.390625	-139.245590
128906.250000	-141.283463
128912.109375	-142.961105
128917.968750	-140.242401
128923.828125	-138.052490
128929.687500	-137.159622
128935.546875	-137.819046
128941.406250	-137.389984
128947.265625	-137.709778
128953.125000	-137.436676
128958.984375	-137.237274
128964.843750	-137.035477
128970.703125	-136.441940
128976.562500	-136.450562
128982.421875	-139.384293
128988.281250	-139.253937
128994.140625	-138.064529
129000.000000	-140.508575
129005.859375	-139.207947
129011.718750	-137.701080
129017.578125	-137.167969
129023.437500	-137.326462
129029.296875	-136.979248
129035.156250	-135.892517
129041.015625	-136.261124
129046.875000	-138.363815
129052.734375	-140.377625
129058.593750	-139.469666
129064.453125	-138.828308
129070.312500	-138.504669
129076.171875	-139.000687
129082.031250	-137.609970
129087.890625	-136.595291
129093.750000	-137.594742
129099.609375	-137.950928
129105.468750	-137.360260
129111.328125	-137.622009
129117.187500	-136.601730
129123.046875	-134.501694
129128.906250	-135.153641
129134.765625	-136.855301
129140.625000	-139.180923
129146.484375	-141.082077
129152.343750	-140.190781
129158.203125	-137.999771
129164.062500	-137.961273
129169.921875	-138.903641
129175.781250	-137.806412
129181.640625	-136.285889
129187.500000	-136.229294
129193.359375	-136.516815
129199.218750	-137.476456
129205.078125	-140.745682
129210.937500	-141.053299
129216.796875	-138.652863
129222.656250	-141.507751
129228.515625	-142.552078
129234.375000	-140.774704
129240.234375	-139.285049
129246.093750	-138.985672
129251.953125	-139.264191
129257.812500	-140.511322
129263.671875	-143.214615
129269.531250	-145.982712
129275.390625	-143.805954
129281.250000	-141.764893
129287.109375	-140.477203
129292.968750	-139.045441
129298.828125	-139.544754
129304.687500	-140.257217
129310.546875	-138.678421
129316.406250	-137.506912
129322.265625	-137.602997
129328.125000	-140.036682
129333.984375	-141.194336
129339.843750	-141.599762
129345.703125	-140.365372
129351.562500	-140.379227
129357.421875	-140.678696
129363.281250	-139.592361
129369.140625	-137.770447
129375.000000	-138.359756
129380.859375	-138.807037
129386.718750	-139.513535
129392.578125	-141.030182
129398.437500	-140.523148
129404.296875	-142.111847
129410.156250	-144.698761
129416.015625	-143.297394
129421.875000	-143.444916
129427.734375	-141.587616
129433.593750	-140.638290
129439.453125	-140.925339
129445.312500	-140.629654
129451.171875	-139.859695
129457.031250	-139.529861
129462.890625	-139.735825
129468.750000	-139.258789
129474.609375	-139.840576
129480.468750	-141.745010
129486.328125	-140.207321
129492.187500	-138.531586
129498.046875	-139.311874
129503.906250	-139.174179
129509.765625	-140.206970
129515.625000	-140.537949
129521.484375	-139.424316
129527.343750	-141.257248
129533.203125	-141.182846
129539.062500	-139.333069
129544.921875	-139.871643
129550.781250	-139.514435
129556.640625	-137.990646
129562.500000	-138.968018
129568.359375	-139.420654
129574.218750	-139.163956
129580.078125	-140.021652
129585.937500	-138.429535
129591.796875	-138.258423
129597.656250	-139.646713
129603.515625	-140.069321
129609.375000	-138.146515
129615.234375	-138.361221
129621.093750	-139.101349
129626.953125	-139.011398
129632.812500	-138.249481
129638.671875	-138.092407
129644.531250	-140.089966
129650.390625	-142.906494
129656.250000	-142.302277
129662.109375	-141.402145
129667.968750	-139.084335
129673.828125	-136.908356
129679.687500	-138.654892
129685.546875	-138.998230
129691.406250	-137.734039
129697.265625	-138.476242
129703.125000	-139.159042
129708.984375	-138.299744
129714.843750	-138.019882
129720.703125	-136.399643
129726.562500	-136.706635
129732.421875	-139.828079
129738.281250	-142.208969
129744.140625	-140.326523
129750.000000	-141.282272
129755.859375	-144.772873
129761.718750	-144.418930
129767.578125	-143.244461
129773.437500	-139.717529
129779.296875	-137.516434
129785.156250	-137.506531
129791.015625	-137.929031
129796.875000	-140.574066
129802.734375	-145.493591
129808.593750	-143.900482
129814.453125	-141.234131
129820.312500	-142.741837
129826.171875	-142.597458
129832.031250	-141.395615
129837.890625	-140.141617
129843.750000	-139.294846
129849.609375	-139.527924
129855.468750	-139.353394
129861.328125	-139.902344
129867.187500	-141.132278
129873.046875	-144.289642
129878.906250	-143.160446
129884.765625	-144.360062
129890.625000	-141.330399
129896.484375	-137.759552
129902.343750	-137.947205
129908.203125	-138.572556
129914.062500	-138.662857
129919.921875	-139.526581
129925.781250	-137.953812
129931.640625	-137.314651
129937.500000	-139.888092
129943.359375	-139.430481
129949.218750	-138.087128
129955.078125	-139.167786
129960.937500	-145.222626
129966.796875	-141.991653
129972.656250	-139.077744
129978.515625	-138.624756
129984.375000	-138.306870
129990.234375	-141.976257
129996.093750	-143.713043
130001.953125	-141.421906
130007.812500	-146.079224
130013.671875	-140.189178
130019.531250	-140.167831
130025.390625	-142.820618
130031.250000	-142.614914
130037.109375	-142.801819
130042.968750	-141.150528
130048.828125	-138.741165
130054.687500	-137.273438
130060.546875	-138.493301
130066.406250	-140.739441
130072.265625	-141.043533
130078.125000	-141.607437
130083.984375	-141.764893
130089.843750	-140.354202
130095.703125	-140.772766
130101.562500	-143.190079
130107.421875	-143.683167
130113.281250	-141.865601
130119.140625	-140.957626
130125.000000	-143.035950
130130.859375	-144.372986
130136.718750	-141.031525
130142.578125	-141.249039
130148.437500	-142.193466
130154.296875	-141.399612
130160.156250	-141.396271
130166.015625	-140.023270
130171.875000	-138.214996
130177.734375	-138.371521
130183.593750	-141.827957
130189.453125	-141.712677
130195.312500	-140.682587
130201.171875	-141.053452
130207.031250	-141.439636
130212.890625	-139.386108
130218.750000	-139.605484
130224.609375	-140.669907
130230.468750	-139.066498
130236.328125	-138.709183
130242.187500	-139.180054
130248.046875	-141.323288
130253.906250	-142.470261
130259.765625	-143.419495
130265.625000	-148.045700
130271.484375	-144.960419
130277.343750	-141.340683
130283.203125	-139.148514
130289.062500	-138.529160
130294.921875	-138.300293
130300.781250	-137.987427
130306.640625	-137.819199
130312.500000	-137.192154
130318.359375	-137.678085
130324.218750	-140.244919
130330.078125	-142.202499
130335.937500	-142.966003
130341.796875	-141.206573
130347.656250	-138.788849
130353.515625	-136.937851
130359.375000	-136.356674
130365.234375	-139.601044
130371.093750	-143.490265
130376.953125	-142.834488
130382.812500	-141.191757
130388.671875	-140.099121
130394.531250	-138.982468
130400.390625	-138.644989
130406.250000	-140.482117
130412.109375	-138.988098
130417.968750	-138.107544
130423.828125	-140.837021
130429.687500	-141.449005
130435.546875	-140.031967
130441.406250	-138.906845
130447.265625	-138.775482
130453.125000	-140.874161
130458.984375	-143.294052
130464.843750	-140.021713
130470.703125	-138.042862
130476.562500	-137.809372
130482.421875	-138.607971
130488.281250	-140.328156
130494.140625	-146.617004
130500.000000	-151.553177
130505.859375	-144.985504
130511.718750	-142.992218
130517.578125	-140.723007
130523.437500	-141.447296
130529.296875	-142.659500
130535.156250	-139.910187
130541.015625	-137.377701
130546.875000	-137.999435
130552.734375	-139.830368
130558.593750	-140.430511
130564.453125	-140.638672
130570.312500	-137.352722
130576.171875	-136.247513
130582.031250	-137.732239
130587.890625	-141.162704
130593.750000	-139.402908
130599.609375	-138.466629
130605.468750	-140.943741
130611.328125	-142.741898
130617.187500	-140.656540
130623.046875	-138.332733
130628.906250	-139.597916
130634.765625	-142.030762
130640.625000	-140.345245
130646.484375	-138.853821
130652.343750	-139.268738
130658.203125	-139.223984
130664.062500	-139.037552
130669.921875	-137.763504
130675.781250	-137.294815
130681.640625	-138.798859
130687.500000	-139.625259
130693.359375	-138.875031
130699.218750	-141.075943
130705.078125	-142.666489
130710.937500	-140.448898
130716.796875	-140.465042
130722.656250	-140.158447
130728.515625	-137.982574
130734.375000	-137.320572
130740.234375	-139.903824
130746.093750	-140.585236
130751.953125	-142.169556
130757.812500	-145.198746
130763.671875	-144.915909
130769.531250	-143.677414
130775.390625	-144.236176
130781.250000	-146.687698
130787.109375	-143.044388
130792.968750	-141.448776
130798.828125	-138.926636
130804.687500	-137.959961
130810.546875	-140.881989
130816.406250	-141.212326
130822.265625	-138.541077
130828.125000	-139.550232
130833.984375	-141.393494
130839.843750	-144.023148
130845.703125	-143.036346
130851.562500	-142.454681
130857.421875	-141.224991
130863.281250	-140.269562
130869.140625	-138.452072
130875.000000	-137.933746
130880.859375	-139.234283
130886.718750	-140.618881
130892.578125	-141.502411
130898.437500	-141.302383
130904.296875	-141.380890
130910.156250	-140.183395
130916.015625	-140.148041
130921.875000	-141.660843
130927.734375	-141.908447
130933.593750	-141.913132
130939.453125	-142.033539
130945.312500	-141.948883
130951.171875	-139.301147
130957.031250	-137.255966
130962.890625	-139.822556
130968.750000	-141.579620
130974.609375	-140.514175
130980.468750	-141.609253
130986.328125	-141.734070
130992.187500	-142.429520
130998.046875	-142.243347
131003.906250	-139.607178
131009.765625	-138.628403
131015.625000	-141.001190
131021.484375	-140.919601
131027.343750	-140.928650
131033.203125	-142.572372
131039.062500	-141.477753
131044.921875	-140.305649
131050.781250	-140.558502
131056.640625	-140.470978
131062.500000	-139.270798
131068.359375	-140.095398
131074.218750	-140.945572
131080.078125	-138.722534
131085.937500	-137.526718
131091.796875	-139.221863
131097.656250	-140.782852
131103.515625	-143.081924
131109.375000	-143.863556
131115.234375	-141.296387
131121.093750	-141.616791
131126.953125	-142.014038
131132.812500	-140.835068
131138.671875	-139.333313
131144.531250	-139.733521
131150.390625	-140.741547
131156.250000	-140.015747
131162.109375	-140.515717
131167.968750	-141.744415
131173.828125	-142.423981
131179.687500	-140.214935
131185.546875	-138.873062
131191.406250	-139.302490
131197.265625	-140.011505
131203.125000	-140.993073
131208.984375	-141.098907
131214.843750	-139.720673
131220.703125	-141.300629
131226.562500	-142.524963
131232.421875	-141.931488
131238.281250	-141.190536
131244.140625	-139.676132
131250.000000	-141.146088
131255.859375	-140.812515
131261.718750	-139.493393
131267.578125	-138.624451
131273.437500	-139.458954
131279.296875	-142.388428
131285.156250	-141.395508
131291.015625	-138.866470
131296.875000	-139.635696
131302.734375	-141.513580
131308.593750	-141.882278
131314.453125	-143.147476
131320.312500	-140.893005
131326.171875	-139.557022
131332.031250	-139.098923
131337.890625	-136.595169
131343.750000	-137.631149
131349.609375	-140.842514
131355.468750	-140.965332
131361.328125	-139.932861
131367.187500	-139.709518
131373.046875	-141.089066
131378.906250	-139.511978
131384.765625	-138.162872
131390.625000	-139.972229
131396.484375	-144.109497
131402.343750	-139.448853
131408.203125	-137.850266
131414.062500	-143.086319
131419.921875	-142.635132
131425.781250	-140.595795
131431.640625	-142.957077
131437.500000	-141.390808
131443.359375	-141.720337
131449.218750	-141.974228
131455.078125	-143.079224
131460.937500	-146.459091
131466.796875	-140.809998
131472.656250	-137.570145
131478.515625	-138.053680
131484.375000	-139.761536
131490.234375	-141.758148
131496.093750	-141.512711
131501.953125	-144.787994
131507.812500	-144.295685
131513.671875	-143.796432
131519.531250	-147.498398
131525.390625	-142.265274
131531.250000	-138.703659
131537.109375	-136.528137
131542.968750	-136.652695
131548.828125	-137.436005
131554.687500	-139.215851
131560.546875	-138.857208
131566.406250	-139.957870
131572.265625	-141.162125
131578.125000	-141.128082
131583.984375	-141.077789
131589.843750	-140.386383
131595.703125	-138.251678
131601.562500	-138.122955
131607.421875	-140.827606
131613.281250	-140.360428
131619.140625	-137.852631
131625.000000	-137.045227
131630.859375	-137.822769
131636.718750	-137.249374
131642.578125	-139.354202
131648.437500	-141.233566
131654.296875	-140.243576
131660.156250	-138.975677
131666.015625	-137.510605
131671.875000	-138.925323
131677.734375	-142.842361
131683.593750	-143.590591
131689.453125	-142.732925
131695.312500	-139.128433
131701.171875	-138.221848
131707.031250	-139.601517
131712.890625	-141.603821
131718.750000	-141.596878
131724.609375	-138.730057
131730.468750	-137.451889
131736.328125	-138.839020
131742.187500	-137.743652
131748.046875	-134.725296
131753.906250	-135.461884
131759.765625	-139.325745
131765.625000	-141.075439
131771.484375	-139.932861
131777.343750	-139.202927
131783.203125	-138.913971
131789.062500	-140.575241
131794.921875	-141.843719
131800.781250	-140.460388
131806.640625	-139.631851
131812.500000	-140.540375
131818.359375	-142.125687
131824.218750	-140.633972
131830.078125	-141.985031
131835.937500	-144.923065
131841.796875	-144.860901
131847.656250	-143.038788
131853.515625	-141.043350
131859.375000	-140.157959
131865.234375	-141.986954
131871.093750	-144.193329
131876.953125	-138.722168
131882.812500	-135.003174
131888.671875	-136.595490
131894.531250	-138.852036
131900.390625	-139.064011
131906.250000	-139.574432
131912.109375	-140.674484
131917.968750	-140.921539
131923.828125	-139.310196
131929.687500	-141.012894
131935.546875	-142.750885
131941.406250	-142.582336
131947.265625	-141.219070
131953.125000	-140.751907
131958.984375	-141.219330
131964.843750	-140.661377
131970.703125	-141.076096
131976.562500	-145.049774
131982.421875	-144.782242
131988.281250	-140.183182
131994.140625	-141.173294
132000.000000	-142.565735
132005.859375	-139.736115
132011.718750	-139.202332
132017.578125	-139.971634
132023.437500	-140.862213
132029.296875	-140.666016
132035.156250	-140.395462
132041.015625	-140.837173
132046.875000	-143.195343
132052.734375	-146.021210
132058.593750	-144.111359
132064.453125	-141.454651
132070.312500	-140.804825
132076.171875	-142.381180
132082.031250	-143.315826
132087.890625	-139.555298
132093.750000	-137.960175
132099.609375	-140.956024
132105.468750	-144.765182
132111.328125	-142.113388
132117.187500	-141.646591
132123.046875	-142.313995
132128.906250	-140.760574
132134.765625	-138.556793
132140.625000	-139.309952
132146.484375	-139.921234
132152.343750	-140.400818
132158.203125	-141.252808
132164.062500	-140.258057
132169.921875	-140.112915
132175.781250	-140.172073
132181.640625	-141.900055
132187.500000	-141.512527
132193.359375	-139.355347
132199.218750	-138.654526
132205.078125	-139.304382
132210.937500	-138.616470
132216.796875	-137.983780
132222.656250	-137.055984
132228.515625	-135.966888
132234.375000	-136.889877
132240.234375	-139.723434
132246.093750	-139.714478
132251.953125	-139.162094
132257.812500	-142.508942
132263.671875	-144.082825
132269.531250	-143.934448
132275.390625	-145.750336
132281.250000	-146.689697
132287.109375	-142.870697
132292.968750	-141.273895
132298.828125	-138.373138
132304.687500	-138.305161
132310.546875	-140.731567
132316.406250	-143.397430
132322.265625	-143.375443
132328.125000	-145.458221
132333.984375	-144.707901
132339.843750	-139.692123
132345.703125	-138.085114
132351.562500	-140.003769
132357.421875	-144.354019
132363.281250	-140.919098
132369.140625	-140.992371
132375.000000	-142.401718
132380.859375	-140.727631
132386.718750	-141.437668
132392.578125	-142.658569
132398.437500	-141.637451
132404.296875	-143.002548
132410.156250	-142.587799
132416.015625	-142.116516
132421.875000	-140.553528
132427.734375	-138.938248
132433.593750	-138.762756
132439.453125	-138.087585
132445.312500	-135.749847
132451.171875	-134.835129
132457.031250	-135.101440
132462.890625	-137.331772
132468.750000	-139.308762
132474.609375	-140.126114
132480.468750	-140.888596
132486.328125	-141.297760
132492.187500	-139.209244
132498.046875	-140.184357
132503.906250	-141.045502
132509.765625	-140.035004
132515.625000	-139.023956
132521.484375	-139.983871
132527.343750	-141.074707
132533.203125	-143.042648
132539.062500	-144.016327
132544.921875	-140.536102
132550.781250	-137.550537
132556.640625	-137.055771
132562.500000	-139.062790
132568.359375	-144.674225
132574.218750	-141.919952
132580.078125	-137.478333
132585.937500	-136.915268
132591.796875	-138.080917
132597.656250	-138.418396
132603.515625	-136.924591
132609.375000	-137.284836
132615.234375	-141.598816
132621.093750	-145.178329
132626.953125	-140.364288
132632.812500	-138.735428
132638.671875	-139.333405
132644.531250	-139.401550
132650.390625	-139.171753
132656.250000	-139.444489
132662.109375	-140.444916
132667.968750	-142.247147
132673.828125	-140.154282
132679.687500	-139.698257
132685.546875	-140.762863
132691.406250	-139.649078
132697.265625	-139.488419
132703.125000	-140.661346
132708.984375	-141.210831
132714.843750	-139.266846
132720.703125	-139.558060
132726.562500	-140.186142
132732.421875	-139.198273
132738.281250	-138.742264
132744.140625	-141.066208
132750.000000	-141.603378
132755.859375	-139.835175
132761.718750	-142.188858
132767.578125	-145.487961
132773.437500	-140.885056
132779.296875	-139.278793
132785.156250	-137.680450
132791.015625	-138.469070
132796.875000	-142.467880
132802.734375	-138.589462
132808.593750	-139.772812
132814.453125	-141.015823
132820.312500	-138.737335
132826.171875	-140.347824
132832.031250	-143.230011
132837.890625	-144.980484
132843.750000	-143.968323
132849.609375	-141.825760
132855.468750	-142.445282
132861.328125	-141.238297
132867.187500	-142.593750
132873.046875	-141.554993
132878.906250	-140.105957
132884.765625	-141.266174
132890.625000	-139.768768
132896.484375	-140.313675
132902.343750	-140.852295
132908.203125	-140.677979
132914.062500	-138.812408
132919.921875	-137.863922
132925.781250	-139.579605
132931.640625	-143.477066
132937.500000	-141.081451
132943.359375	-138.645874
132949.218750	-140.539307
132955.078125	-144.048630
132960.937500	-142.772110
132966.796875	-139.225067
132972.656250	-141.355515
132978.515625	-140.803345
132984.375000	-138.531219
132990.234375	-139.045181
132996.093750	-141.803421
133001.953125	-143.750443
133007.812500	-141.153137
133013.671875	-139.304642
133019.531250	-143.234436
133025.390625	-147.516617
133031.250000	-145.664734
133037.109375	-129.223557
133042.968750	-106.958641
133048.828125	-95.746780
133054.687500	-92.042542
133060.546875	-95.019463
133066.406250	-105.324142
133072.265625	-125.880463
133078.125000	-142.849365
133083.984375	-141.319687
133089.843750	-143.715546
133095.703125	-145.332642
133101.562500	-142.007889
133107.421875	-141.353851
133113.281250	-140.209183
133119.140625	-140.531769
133125.000000	-142.342651
133130.859375	-143.385757
133136.718750	-142.666763
133142.578125	-141.124191
133148.437500	-122.733147
133154.296875	-103.634285
133160.156250	-94.276985
133166.015625	-92.102623
133171.875000	-96.645691
133177.734375	-108.952744
133183.593750	-132.057892
133189.453125	-139.261719
133195.312500	-137.807068
133201.171875	-138.517899
133207.031250	-139.909805
133212.890625	-141.281601
133218.750000	-139.918411
133224.609375	-139.958176
133230.468750	-140.782089
133236.328125	-141.629959
133242.187500	-142.919632
133248.046875	-140.416306
133253.906250	-138.207840
133259.765625	-117.473999
133265.625000	-100.804756
133271.484375	-93.175728
133277.343750	-92.502533
133283.203125	-98.620094
133289.062500	-112.885811
133294.921875	-133.821075
133300.781250	-135.543686
133306.640625	-136.817383
133312.500000	-138.803741
133318.359375	-140.663437
133324.218750	-141.157913
133330.078125	-140.821350
133335.937500	-142.365570
133341.796875	-142.531708
133347.656250	-140.646301
133353.515625	-139.666458
133359.375000	-140.611710
133365.234375	-138.770447
133371.093750	-112.446846
133376.953125	-98.323685
133382.812500	-92.390709
133388.671875	-93.230400
133394.531250	-101.022583
133400.390625	-117.810135
133406.250000	-144.174866
133412.109375	-142.667114
133417.968750	-141.985001
133423.828125	-142.095215
133429.687500	-142.024567
133435.546875	-144.252960
133441.406250	-144.333817
133447.265625	-140.279205
133453.125000	-138.805038
133458.984375	-138.827301
133464.843750	-139.320068
133470.703125	-136.457581
133476.562500	-131.655121
133482.421875	-108.349785
133488.281250	-96.307846
133494.140625	-91.964485
133500.000000	-94.320877
133505.859375	-103.901207
133511.718750	-123.750122
133517.578125	-142.822968
133523.437500	-140.870667
133529.296875	-138.584930
133535.156250	-137.491379
133541.015625	-138.173935
133546.875000	-139.954010
133552.734375	-140.385696
133558.593750	-141.605377
133564.453125	-140.658569
133570.312500	-139.858536
133576.171875	-139.517807
133582.031250	-139.529221
133587.890625	-125.329727
133593.750000	-104.788322
133599.609375	-94.680984
133605.468750	-91.884476
133611.328125	-95.790756
133617.187500	-107.339256
133623.046875	-131.050720
133628.906250	-142.945847
133634.765625	-140.205994
133640.625000	-137.075012
133646.484375	-139.074692
133652.343750	-142.835632
133658.203125	-140.409790
133664.062500	-139.212753
133669.921875	-137.183212
133675.781250	-136.269623
133681.640625	-137.105621
133687.500000	-137.941132
133693.359375	-140.071365
133699.218750	-119.120567
133705.078125	-101.685844
133710.937500	-93.401237
133716.796875	-92.121643
133722.656250	-97.584969
133728.515625	-111.038651
133734.375000	-135.914154
133740.234375	-142.815598
133746.093750	-140.125748
133751.953125	-137.141510
133757.812500	-136.270157
133763.671875	-137.112259
133769.531250	-139.677216
133775.390625	-140.697495
133781.250000	-139.920074
133787.109375	-140.134354
133792.968750	-140.103790
133798.828125	-142.143738
133804.687500	-141.589127
133810.546875	-114.259689
133816.406250	-99.148643
133822.265625	-92.527306
133828.125000	-92.751099
133833.984375	-99.863686
133839.843750	-115.644615
133845.703125	-137.910690
133851.562500	-144.040268
133857.421875	-146.035934
133863.281250	-141.682205
133869.140625	-140.555847
133875.000000	-139.569321
133880.859375	-138.647430
133886.718750	-138.714447
133892.578125	-138.811996
133898.437500	-138.976135
133904.296875	-140.854599
133910.156250	-142.742691
133916.015625	-135.985275
133921.875000	-109.943703
133927.734375	-96.979553
133933.593750	-91.967506
133939.453125	-93.693100
133945.312500	-102.512772
133951.171875	-120.719566
133957.031250	-143.154160
133962.890625	-144.813858
133968.750000	-145.548859
133974.609375	-142.000717
133980.468750	-139.708969
133986.328125	-138.897552
133992.187500	-140.622299
133998.046875	-142.139481
134003.906250	-140.857452
134009.765625	-140.859894
134015.625000	-142.221725
134021.484375	-143.025589
134027.343750	-127.880486
134033.203125	-106.060608
134039.062500	-95.176567
134044.921875	-91.744438
134050.781250	-94.992279
134056.640625	-105.623055
134062.500000	-126.625397
134068.359375	-141.046646
134074.218750	-141.815186
134080.078125	-144.618225
134085.937500	-145.977768
134091.796875	-142.412018
134097.656250	-140.500305
134103.515625	-143.692505
134109.375000	-142.987396
134115.234375	-143.983917
134121.093750	-142.294601
134126.953125	-138.567764
134132.812500	-141.198502
134138.671875	-121.523560
134144.531250	-102.813271
134150.390625	-93.792984
134156.250000	-91.892151
134162.109375	-96.717270
134167.968750	-109.454659
134173.828125	-135.061691
134179.687500	-140.266418
134185.546875	-139.990494
134191.406250	-137.414795
134197.265625	-136.843475
134203.125000	-137.807373
134208.984375	-139.068802
134214.843750	-140.261566
134220.703125	-139.478851
134226.562500	-138.883194
134232.421875	-140.713028
134238.281250	-138.745056
134244.140625	-138.352722
134250.000000	-116.252121
134255.859375	-100.080360
134261.718750	-92.759048
134267.578125	-92.354401
134273.437500	-98.762550
134279.296875	-113.620857
134285.156250	-139.839188
134291.015625	-139.039658
134296.875000	-141.271210
134302.734375	-145.058121
134308.593750	-142.229675
134314.453125	-139.830429
134320.312500	-141.908020
134326.171875	-141.778183
134332.031250	-139.666718
134337.890625	-139.772186
134343.750000	-140.823196
134349.609375	-141.805206
134355.468750	-141.639099
134361.328125	-111.533890
134367.187500	-97.713051
134373.046875	-92.060127
134378.906250	-93.166389
134384.765625	-101.273224
134390.625000	-118.520058
134396.484375	-145.434265
134402.343750	-144.165390
134408.203125	-141.646973
134414.062500	-140.690491
134419.921875	-139.900894
134425.781250	-138.997787
134431.640625	-139.960983
134437.500000	-140.313873
134443.359375	-140.269394
134449.218750	-141.385422
134455.078125	-141.945496
134460.937500	-139.783447
134466.796875	-131.614227
134472.656250	-107.543686
134478.515625	-95.822037
134484.375000	-91.741898
134490.234375	-94.344437
134496.093750	-104.151802
134501.953125	-123.725914
134507.812500	-138.366516
134513.671875	-137.594925
134519.531250	-139.135376
134525.390625	-141.021698
134531.250000	-142.489761
134537.109375	-141.892792
134542.968750	-141.835648
134548.828125	-143.391418
134554.687500	-145.768066
134560.546875	-144.472794
134566.406250	-141.633514
134572.265625	-138.628830
134578.125000	-124.217880
134583.984375	-104.078110
134589.843750	-94.280762
134595.703125	-91.744949
134601.562500	-95.901848
134607.421875	-107.709770
134613.281250	-131.989685
134619.140625	-141.055588
134625.000000	-138.636963
134630.859375	-139.593826
134636.718750	-141.776566
134642.578125	-142.990692
134648.437500	-144.086517
134654.296875	-143.128296
134660.156250	-145.117584
134666.015625	-147.758575
134671.875000	-141.298538
134677.734375	-140.521912
134683.593750	-139.332962
134689.453125	-117.760712
134695.312500	-101.069733
134701.171875	-93.108376
134707.031250	-92.097000
134712.890625	-97.851036
134718.750000	-111.796082
134724.609375	-137.196335
134730.468750	-139.580444
134736.328125	-141.815582
134742.187500	-139.711151
134748.046875	-139.250946
134753.906250	-140.590286
134759.765625	-142.230225
134765.625000	-141.394836
134771.484375	-139.833755
134777.343750	-137.852341
134783.203125	-137.587982
134789.062500	-138.025711
134794.921875	-135.719559
134800.781250	-113.055405
134806.640625	-98.574020
134812.500000	-92.288391
134818.359375	-92.779755
134824.218750	-100.168091
134830.078125	-116.310791
134835.937500	-141.378998
134841.796875	-142.678467
134847.656250	-143.952454
134853.515625	-140.854340
134859.375000	-137.271454
134865.234375	-136.379547
134871.093750	-137.140137
134876.953125	-139.086197
134882.812500	-139.123032
134888.671875	-139.319595
134894.531250	-140.850906
134900.390625	-145.475403
134906.250000	-133.477432
134912.109375	-108.990799
134917.968750	-96.513031
134923.828125	-91.801590
134929.687500	-93.796249
134935.546875	-102.916649
134941.406250	-121.536613
134947.265625	-139.929428
134953.125000	-140.818649
134958.984375	-143.211304
134964.843750	-145.301880
134970.703125	-142.959274
134976.562500	-141.024872
134982.421875	-141.946686
134988.281250	-142.835724
134994.140625	-141.764969
135000.000000	-140.552658
135005.859375	-138.817398
135011.718750	-140.891190
135017.578125	-126.866005
135023.437500	-105.411179
135029.296875	-94.862251
135035.156250	-91.699104
135041.015625	-95.208687
135046.875000	-106.118576
135052.734375	-126.946190
135058.593750	-141.579941
135064.453125	-141.487366
135070.312500	-143.751724
135076.171875	-145.021072
135082.031250	-141.754288
135087.890625	-139.939224
135093.750000	-142.080124
135099.609375	-142.098923
135105.468750	-138.955063
135111.328125	-138.228989
135117.187500	-138.831375
135123.046875	-141.196808
135128.906250	-120.762474
135134.765625	-102.279640
135140.625000	-93.551971
135146.484375	-91.915169
135152.343750	-97.016312
135158.203125	-110.080879
135164.062500	-136.047012
135169.921875	-140.625854
135175.781250	-138.907028
135181.640625	-141.608307
135187.500000	-145.003067
135193.359375	-143.225510
135199.218750	-142.560654
135205.078125	-141.384705
135210.937500	-140.708984
135216.796875	-140.663422
135222.656250	-141.723282
135228.515625	-143.319626
135234.375000	-143.927109
135240.234375	-115.500877
135246.093750	-99.626854
135251.953125	-92.591118
135257.812500	-92.453140
135263.671875	-99.158737
135269.531250	-114.380692
135275.390625	-139.676941
135281.250000	-140.492508
135287.109375	-144.152359
135292.968750	-146.901932
135298.828125	-144.113922
135304.687500	-148.129684
135310.546875	-146.729813
135316.406250	-139.617310
135322.265625	-137.991394
135328.125000	-138.479202
135333.984375	-139.272415
135339.843750	-140.257278
135345.703125	-138.676987
135351.562500	-110.846367
135357.421875	-97.390686
135363.281250	-92.011360
135369.140625	-93.380363
135375.000000	-101.771790
135380.859375	-119.243881
135386.718750	-138.227890
135392.578125	-138.115189
135398.437500	-139.451691
135404.296875	-144.267654
135410.156250	-147.341431
135416.015625	-144.212692
135421.875000	-142.589111
135427.734375	-140.402756
135433.593750	-140.551941
135439.453125	-143.699036
135445.312500	-143.811859
135451.171875	-141.094574
135457.031250	-129.562729
135462.890625	-106.871735
135468.750000	-95.561432
135474.609375	-91.776054
135480.468750	-94.674484
135486.328125	-104.916336
135492.187500	-126.026237
135498.046875	-142.484924
135503.906250	-136.671814
135509.765625	-136.063477
135515.625000	-139.182434
135521.484375	-141.811935
135527.343750	-139.078369
135533.203125	-138.612335
135539.062500	-141.752670
135544.921875	-144.358505
135550.781250	-141.731277
135556.640625	-142.763947
135562.500000	-141.741165
135568.359375	-122.975349
135574.218750	-103.544441
135580.078125	-94.098885
135585.937500	-91.837563
135591.796875	-96.272385
135597.656250	-108.390076
135603.515625	-131.175171
135609.375000	-140.990494
135615.234375	-139.538925
135621.093750	-140.308655
135626.953125	-144.148682
135632.812500	-142.855560
135638.671875	-142.205124
135644.531250	-141.508545
135650.390625	-138.550766
135656.250000	-135.995758
135662.109375	-135.954819
135667.968750	-138.264862
135673.828125	-139.573563
135679.687500	-117.488701
135685.546875	-100.731682
135691.406250	-93.028114
135697.265625	-92.279877
135703.125000	-98.321320
135708.984375	-112.580338
135714.843750	-136.380905
135720.703125	-138.131653
135726.562500	-136.887848
135732.421875	-136.533951
135738.281250	-138.487106
135744.140625	-142.235077
135750.000000	-143.208313
135755.859375	-141.309052
135761.718750	-141.958496
135767.578125	-142.502792
135773.437500	-144.031876
135779.296875	-146.994003
135785.156250	-141.283478
135791.015625	-112.710503
135796.875000	-98.354233
135802.734375	-92.310410
135808.593750	-93.067551
135814.453125	-100.789955
135820.312500	-117.486084
135826.171875	-139.550873
135832.031250	-142.958542
135837.890625	-147.685211
135843.750000	-143.800919
135849.609375	-139.895142
135855.468750	-140.400803
135861.328125	-139.568542
135867.187500	-137.017975
135873.046875	-137.135635
135878.906250	-138.824966
135884.765625	-139.439331
135890.625000	-141.381668
135896.484375	-132.297409
135902.343750	-108.483971
135908.203125	-96.365044
135914.062500	-91.935646
135919.921875	-94.196808
135925.781250	-103.633911
135931.640625	-122.984169
135937.500000	-139.020996
135943.359375	-137.708344
135949.218750	-138.166473
135955.078125	-137.330048
135960.937500	-137.384598
135966.796875	-138.669693
135972.656250	-142.014023
135978.515625	-145.961990
135984.375000	-146.395706
135990.234375	-143.244446
135996.093750	-139.498718
136001.953125	-138.532242
136007.812500	-125.954697
136013.671875	-104.987381
136019.531250	-94.765030
136025.390625	-91.873337
136031.250000	-95.664474
136037.109375	-106.987282
136042.968750	-129.831665
136048.828125	-141.341400
136054.687500	-140.290924
136060.546875	-140.575211
136066.406250	-144.235123
136072.265625	-144.524811
136078.125000	-140.667084
136083.984375	-140.077484
136089.843750	-141.904480
136095.703125	-142.963730
136101.562500	-141.755981
136107.421875	-140.301300
136113.281250	-140.343201
136119.140625	-119.391472
136125.000000	-101.935211
136130.859375	-93.546852
136136.718750	-92.175148
136142.578125	-97.535393
136148.437500	-110.819893
136154.296875	-133.179520
136160.156250	-138.716385
136166.015625	-139.122437
136171.875000	-140.491364
136177.734375	-137.988434
136183.593750	-136.763611
136189.453125	-138.167603
136195.312500	-139.875153
136201.171875	-140.794922
136207.031250	-139.670853
136212.890625	-139.961029
136218.750000	-140.607513
136224.609375	-139.654785
136230.468750	-114.788124
136236.328125	-99.442734
136242.187500	-92.711197
136248.046875	-92.837288
136253.906250	-99.833298
136259.765625	-115.462364
136265.625000	-140.384262
136271.484375	-143.877502
136277.343750	-147.823013
136283.203125	-153.150009
136289.062500	-148.342422
136294.921875	-142.434036
136300.781250	-141.495468
136306.640625	-142.744675
136312.500000	-143.375336
136318.359375	-141.406830
136324.218750	-139.853683
136330.078125	-141.458405
136335.937500	-134.595291
136341.796875	-110.288963
136347.656250	-97.294090
136353.515625	-92.205101
136359.375000	-93.844688
136365.234375	-102.574249
136371.093750	-120.913399
136376.953125	-141.834503
136382.812500	-141.867844
136388.671875	-142.212296
136394.531250	-139.394714
136400.390625	-138.828369
136406.250000	-139.261368
136412.109375	-139.582458
136417.968750	-139.808426
136423.828125	-138.557281
136429.687500	-139.115982
136435.546875	-140.657440
136441.406250	-138.756271
136447.265625	-128.075989
136453.125000	-106.527000
136458.984375	-95.558800
136464.843750	-92.042450
136470.703125	-95.209969
136476.562500	-105.767082
136482.421875	-127.072784
136488.281250	-146.342255
136494.140625	-144.227753
136500.000000	-138.564194
136505.859375	-138.145599
136511.718750	-142.885696
136517.578125	-141.359039
136523.437500	-142.367432
136529.296875	-146.167862
136535.156250	-148.744263
136541.015625	-146.276443
136546.875000	-143.053223
136552.734375	-141.331726
136558.593750	-122.072327
136564.453125	-103.343819
136570.312500	-94.206291
136576.171875	-92.213486
136582.031250	-96.936844
136587.890625	-109.494621
136593.750000	-133.153503
136599.609375	-138.659134
136605.468750	-139.752548
136611.328125	-142.009613
136617.187500	-145.460464
136623.046875	-143.606079
136628.906250	-144.492325
136634.765625	-146.279083
136640.625000	-143.567657
136646.484375	-144.144653
136652.343750	-144.694366
136658.203125	-140.339767
136664.062500	-137.871628
136669.921875	-116.616310
136675.781250	-100.578346
136681.640625	-93.209053
136687.500000	-92.729836
136693.359375	-99.062828
136699.218750	-113.839882
136705.078125	-141.205841
136710.937500	-138.526733
136716.796875	-138.414047
136722.656250	-142.060150
136728.515625	-143.296082
136734.375000	-140.162369
136740.234375	-138.025467
136746.093750	-137.333878
136751.953125	-138.384308
136757.812500	-137.489288
136763.671875	-139.815811
136769.531250	-145.992493
136775.390625	-140.164886
136781.250000	-112.197052
136787.109375	-98.317673
136792.968750	-92.582100
136798.828125	-93.607246
136804.687500	-101.626114
136810.546875	-118.746475
136816.406250	-142.469955
136822.265625	-141.967651
136828.125000	-140.741653
136833.984375	-138.443817
136839.843750	-139.058090
136845.703125	-142.014175
136851.562500	-142.289246
136857.421875	-142.854309
136863.281250	-141.744476
136869.140625	-140.210831
136875.000000	-141.900513
136880.859375	-144.167343
136886.718750	-132.861847
136892.578125	-108.337410
136898.437500	-96.480339
136904.296875	-92.306786
136910.156250	-94.835976
136916.015625	-104.612442
136921.875000	-124.441559
136927.734375	-149.486038
136933.593750	-146.197067
136939.453125	-143.061981
136945.312500	-142.926163
136951.171875	-142.217682
136957.031250	-140.204941
136962.890625	-139.257843
136968.750000	-139.812958
136974.609375	-140.262360
136980.468750	-140.513367
136986.328125	-143.541046
136992.187500	-142.929932
136998.046875	-124.380646
137003.906250	-104.822060
137009.765625	-94.973633
137015.625000	-92.361534
137021.484375	-96.447639
137027.343750	-108.180405
137033.203125	-131.174927
137039.062500	-142.695480
137044.921875	-142.914291
137050.781250	-141.763214
137056.640625	-139.120178
137062.500000	-140.203003
137068.359375	-141.580582
137074.218750	-140.226395
137080.078125	-141.509918
137085.937500	-142.591675
137091.796875	-142.294357
137097.656250	-143.891022
137103.515625	-143.285385
137109.375000	-119.151115
137115.234375	-101.925125
137121.093750	-93.836296
137126.953125	-92.729843
137132.812500	-98.383820
137138.671875	-112.188171
137144.531250	-142.065292
137150.390625	-144.889099
137156.250000	-142.685806
137162.109375	-141.605820
137167.968750	-146.612350
137173.828125	-141.137344
137179.687500	-139.287415
137185.546875	-141.576599
137191.406250	-138.976242
137197.265625	-137.276810
137203.125000	-137.720123
137208.984375	-139.408157
137214.843750	-139.163635
137220.703125	-114.342102
137226.562500	-99.525719
137232.421875	-93.096901
137238.281250	-93.489510
137244.140625	-100.765068
137250.000000	-116.682526
137255.859375	-141.881241
137261.718750	-147.643906
137267.578125	-147.153732
137273.437500	-144.680664
137279.296875	-145.461044
137285.156250	-142.477402
137291.015625	-140.747772
137296.875000	-141.602509
137302.734375	-143.522537
137308.593750	-142.366638
137314.453125	-141.589233
137320.312500	-139.809235
137326.171875	-135.866623
137332.031250	-110.237770
137337.890625	-97.499908
137343.750000	-92.670425
137349.609375	-94.564354
137355.468750	-103.559174
137361.328125	-121.985359
137367.187500	-141.499725
137373.046875	-143.881516
137378.906250	-141.415512
137384.765625	-141.977448
137390.625000	-145.288422
137396.484375	-143.271408
137402.343750	-141.339905
137408.203125	-141.559341
137414.062500	-141.448700
137419.921875	-141.141983
137425.781250	-140.194656
137431.640625	-140.339798
137437.500000	-127.266800
137443.359375	-106.475014
137449.218750	-95.843536
137455.078125	-92.597015
137460.937500	-96.036865
137466.796875	-106.949127
137472.656250	-129.160202
137478.515625	-140.481598
137484.375000	-140.640060
137490.234375	-141.224380
137496.093750	-142.659058
137501.953125	-143.962997
137507.812500	-142.329132
137513.671875	-141.734238
137519.531250	-138.106720
137525.390625	-137.845612
137531.250000	-138.369827
137537.109375	-139.620377
137542.968750	-141.783142
137548.828125	-121.734543
137554.687500	-103.447968
137560.546875	-94.600899
137566.406250	-92.861992
137572.265625	-97.836220
137578.125000	-110.607780
137583.984375	-134.077454
137589.843750	-141.993134
137595.703125	-138.767822
137601.562500	-138.352310
137607.421875	-139.605362
137613.281250	-141.686676
137619.140625	-139.370422
137625.000000	-140.578735
137630.859375	-144.491760
137636.718750	-143.984314
137642.578125	-139.052246
137648.437500	-138.543274
137654.296875	-139.017075
137660.156250	-116.400185
137666.015625	-100.755547
137671.875000	-93.670433
137677.734375	-93.450256
137683.593750	-100.051445
137689.453125	-115.151436
137695.312500	-138.686111
137701.171875	-140.251343
137707.031250	-138.491684
137712.890625	-137.633896
137718.750000	-139.290939
137724.609375	-139.726166
137730.468750	-140.447296
137736.328125	-141.222748
137742.187500	-140.703644
137748.046875	-140.003952
137753.906250	-139.750717
137759.765625	-141.686508
137765.625000	-135.654266
137771.484375	-112.157204
137777.343750	-98.633926
137783.203125	-93.158363
137789.062500	-94.436768
137794.921875	-102.754486
137800.781250	-120.666275
137806.640625	-137.027069
137812.500000	-137.220627
137818.359375	-140.271332
137824.218750	-142.947556
137830.078125	-146.500565
137835.937500	-142.594437
137841.796875	-140.422989
137847.656250	-140.134750
137853.515625	-140.531860
137859.375000	-139.351700
137865.234375	-138.473007
137871.093750	-139.794983
137876.953125	-131.378098
137882.812500	-108.218987
137888.671875	-96.818428
137894.531250	-92.947777
137900.390625	-95.762215
137906.250000	-105.916862
137912.109375	-126.861366
137917.968750	-142.491302
137923.828125	-143.369934
137929.687500	-142.135071
137935.546875	-140.716400
137941.406250	-139.482635
137947.265625	-138.328003
137953.125000	-137.816635
137958.984375	-140.153854
137964.843750	-140.067108
137970.703125	-140.416077
137976.562500	-141.647919
137982.421875	-139.855881
137988.281250	-124.087471
137994.140625	-104.993317
138000.000000	-95.452522
138005.859375	-93.107384
138011.718750	-97.470932
138017.578125	-109.611443
138023.437500	-134.102982
138029.296875	-138.953064
138035.156250	-138.851898
138041.015625	-138.388916
138046.875000	-139.277176
138052.734375	-141.740219
138058.593750	-142.195938
138064.453125	-140.397476
138070.312500	-140.513016
138076.171875	-140.061676
138082.031250	-141.103027
138087.890625	-143.490814
138093.750000	-140.676483
138099.609375	-118.831429
138105.468750	-102.190735
138111.328125	-94.409935
138117.187500	-93.565773
138123.046875	-99.476997
138128.906250	-113.527451
138134.765625	-141.108017
138140.625000	-140.500443
138146.484375	-141.240448
138152.343750	-143.832443
138158.203125	-144.877441
138164.062500	-142.124496
138169.921875	-141.289719
138175.781250	-141.552307
138181.640625	-143.635178
138187.500000	-143.951843
138193.359375	-142.594894
138199.218750	-141.997177
138205.078125	-138.145828
138210.937500	-114.175926
138216.796875	-99.880043
138222.656250	-93.756874
138228.515625	-94.425995
138234.375000	-102.051247
138240.234375	-118.666634
138246.093750	-140.917542
138251.953125	-143.676071
138257.812500	-145.227478
138263.671875	-140.596313
138269.531250	-139.218506
138275.390625	-141.453079
138281.250000	-141.741364
138287.109375	-140.101669
138292.968750	-138.533707
138298.828125	-138.534500
138304.687500	-143.050674
138310.546875	-143.265915
138316.406250	-132.565460
138322.265625	-110.215233
138328.125000	-97.975700
138333.984375	-93.445007
138339.843750	-95.627274
138345.703125	-105.030197
138351.562500	-124.692192
138357.421875	-141.713150
138363.281250	-138.454666
138369.140625	-140.161880
138375.000000	-145.084702
138380.859375	-140.617371
138386.718750	-139.571289
138392.578125	-144.115204
138398.437500	-145.039581
138404.296875	-143.649750
138410.156250	-145.080795
138416.015625	-142.237579
138421.875000	-140.358734
138427.734375	-128.262100
138433.593750	-106.839340
138439.453125	-96.466049
138445.312500	-93.478630
138451.171875	-97.191254
138457.031250	-108.463196
138462.890625	-131.132004
138468.750000	-145.489487
138474.609375	-140.961060
138480.468750	-139.171173
138486.328125	-140.192612
138492.187500	-142.660248
138498.046875	-140.972031
138503.906250	-140.306061
138509.765625	-141.525131
138515.625000	-142.744888
138521.484375	-142.887497
138527.343750	-140.878189
138533.203125	-140.130524
138539.062500	-121.939995
138544.921875	-103.845764
138550.781250	-95.297783
138556.640625	-93.828682
138562.500000	-99.098862
138568.359375	-112.336739
138574.218750	-137.437027
138580.078125	-142.203720
138585.937500	-140.401443
138591.796875	-139.627457
138597.656250	-140.311066
138603.515625	-141.575958
138609.375000	-142.403946
138615.234375	-141.457123
138621.093750	-138.071609
138626.953125	-137.283997
138632.812500	-138.215897
138638.671875	-138.029480
138644.531250	-138.633987
138650.390625	-116.745163
138656.250000	-101.317169
138662.109375	-94.501663
138667.968750	-94.543930
138673.828125	-101.453346
138679.687500	-116.945518
138685.546875	-139.891541
138691.406250	-140.309708
138697.265625	-139.858154
138703.125000	-140.053116
138708.984375	-140.178040
138714.843750	-138.861679
138720.703125	-139.517944
138726.562500	-141.526581
138732.421875	-141.759995
138738.281250	-142.729843
138744.140625	-146.024597
138750.000000	-143.521881
138755.859375	-135.067642
138761.718750	-112.227249
138767.578125	-99.230598
138773.437500	-94.067360
138779.296875	-95.626801
138785.156250	-104.271744
138791.015625	-122.340477
138796.875000	-141.088165
138802.734375	-141.632324
138808.593750	-142.781097
138814.453125	-142.100037
138820.312500	-143.279297
138826.171875	-143.134674
138832.031250	-143.118134
138837.890625	-142.454941
138843.750000	-141.882416
138849.609375	-142.964874
138855.468750	-140.179535
138861.328125	-140.766327
138867.187500	-130.812164
138873.046875	-108.754326
138878.906250	-97.608200
138884.765625	-93.982323
138890.625000	-97.043427
138896.484375	-107.427330
138902.343750	-127.621277
138908.203125	-142.972977
138914.062500	-145.339111
138919.921875	-144.315842
138925.781250	-144.107315
138931.640625	-141.095581
138937.500000	-139.571442
138943.359375	-140.534103
138949.218750	-140.123428
138955.078125	-140.637375
138960.937500	-142.140335
138966.796875	-140.063934
138972.656250	-139.612900
138978.515625	-125.136101
138984.375000	-105.647934
138990.234375	-96.323318
138996.093750	-94.217697
139001.953125	-98.841003
139007.812500	-111.249001
139013.671875	-133.818787
139019.531250	-143.698090
139025.390625	-146.680603
139031.250000	-145.292007
139037.109375	-142.082031
139042.968750	-141.056519
139048.828125	-140.486969
139054.687500	-140.697205
139060.546875	-142.614929
139066.406250	-141.898422
139072.265625	-141.626923
139078.125000	-141.945801
139083.984375	-142.732162
139089.843750	-119.080978
139095.703125	-102.855286
139101.562500	-95.386322
139107.421875	-94.821793
139113.281250	-101.069954
139119.140625	-115.733604
139125.000000	-143.557602
139130.859375	-144.089020
139136.718750	-143.099213
139142.578125	-140.062927
139148.437500	-137.179169
139154.296875	-137.580597
139160.156250	-139.812241
139166.015625	-140.819885
139171.875000	-142.830643
139177.734375	-144.958801
139183.593750	-144.679382
139189.453125	-142.533035
139195.312500	-138.386551
139201.171875	-114.795502
139207.031250	-100.672073
139212.890625	-94.808617
139218.750000	-95.729004
139224.609375	-103.604973
139230.468750	-120.449844
139236.328125	-140.939896
139242.187500	-140.826797
139248.046875	-140.094086
139253.906250	-140.056549
139259.765625	-140.646149
139265.625000	-142.305740
139271.484375	-140.171524
139277.343750	-137.764114
139283.203125	-137.646637
139289.062500	-138.840988
139294.921875	-140.184052
139300.781250	-139.791763
139306.640625	-134.931137
139312.500000	-110.808044
139318.359375	-98.859016
139324.218750	-94.608803
139330.078125	-97.069595
139335.937500	-106.821915
139341.796875	-127.020103
139347.656250	-144.065140
139353.515625	-146.110001
139359.375000	-149.285797
139365.234375	-144.311157
139371.093750	-140.939529
139376.953125	-139.126968
139382.812500	-139.329880
139388.671875	-141.922180
139394.531250	-143.002975
139400.390625	-144.623703
139406.250000	-142.239563
139412.109375	-141.759781
139417.968750	-128.048721
139423.828125	-107.419769
139429.687500	-97.434662
139435.546875	-94.724937
139441.406250	-98.702919
139447.265625	-110.263908
139453.125000	-132.712418
139458.984375	-141.658295
139464.843750	-140.990341
139470.703125	-140.711594
139476.562500	-140.969177
139482.421875	-142.865585
139488.281250	-142.727600
139494.140625	-140.310928
139500.000000	-141.857544
139505.859375	-148.034836
139511.718750	-147.711594
139517.578125	-145.598816
139523.437500	-142.234756
139529.296875	-122.459785
139535.156250	-104.710350
139541.015625	-96.456749
139546.875000	-95.252625
139552.734375	-100.810539
139558.593750	-114.476440
139564.453125	-140.358307
139570.312500	-143.633347
139576.171875	-144.117432
139582.031250	-143.325836
139587.890625	-143.353928
139593.750000	-140.574081
139599.609375	-140.487656
139605.468750	-139.686340
139611.328125	-141.497543
139617.187500	-142.778061
139623.046875	-140.869415
139628.906250	-144.217773
139634.765625	-145.680359
139640.625000	-117.211357
139646.484375	-102.253426
139652.343750	-95.742088
139658.203125	-96.056877
139664.062500	-103.251289
139669.921875	-119.119041
139675.781250	-142.961090
139681.640625	-139.435516
139687.500000	-138.205063
139693.359375	-137.907608
139699.218750	-137.418747
139705.078125	-138.047028
139710.937500	-138.882965
139716.796875	-140.287674
139722.656250	-139.707199
139728.515625	-139.317123
139734.375000	-139.708435
139740.234375	-141.409637
139746.093750	-135.003387
139751.953125	-112.930038
139757.812500	-100.311493
139763.671875	-95.424103
139769.531250	-97.236565
139775.390625	-106.139519
139781.250000	-124.131805
139787.109375	-138.867569
139792.968750	-139.853806
139798.828125	-144.336304
139804.687500	-141.260773
139810.546875	-138.574341
139816.406250	-137.740570
139822.265625	-138.079056
139828.125000	-139.586868
139833.984375	-139.548325
139839.843750	-137.523880
139845.703125	-137.144028
139851.562500	-136.262085
139857.421875	-131.237167
139863.281250	-109.631844
139869.140625	-98.804161
139875.000000	-95.456535
139880.859375	-98.814041
139886.718750	-109.675629
139892.578125	-132.191193
139898.437500	-148.236420
139904.296875	-143.436646
139910.156250	-140.910416
139916.015625	-140.166962
139921.875000	-140.488525
139927.734375	-139.753952
139933.593750	-138.251633
139939.453125	-138.955627
139945.312500	-141.864395
139951.171875	-141.562912
139957.031250	-141.166626
139962.890625	-142.601562
139968.750000	-125.319885
139974.609375	-106.562004
139980.468750	-97.623734
139986.328125	-95.802551
139992.187500	-100.681778
139998.046875	-113.321777
140003.906250	-135.107407
140009.765625	-138.892487
140015.625000	-138.969864
140021.484375	-141.374191
140027.343750	-141.853928
140033.203125	-140.362411
140039.062500	-141.313751
140044.921875	-139.118027
140050.781250	-138.862228
140056.640625	-139.556808
140062.500000	-140.964157
140068.359375	-143.550446
140074.218750	-143.864548
140080.078125	-119.839561
140085.937500	-104.014870
140091.796875	-96.831024
140097.656250	-96.524261
140103.515625	-103.032738
140109.375000	-117.893555
140115.234375	-140.746399
140121.093750	-140.331223
140126.953125	-141.977463
140132.812500	-143.970093
140138.671875	-140.713394
140144.531250	-139.630783
140150.390625	-140.509277
140156.250000	-141.669327
140162.109375	-142.700150
140167.968750	-142.903122
140173.828125	-141.566513
140179.687500	-143.838699
140185.546875	-139.309814
140191.406250	-115.501785
140197.265625	-101.929451
140203.125000	-96.381050
140208.984375	-97.582878
140214.843750	-105.830536
140220.703125	-123.786034
140226.562500	-140.159515
140232.421875	-142.261688
140238.281250	-142.347412
140244.140625	-141.622086
140250.000000	-139.560944
140255.859375	-138.412827
140261.718750	-139.459915
140267.578125	-140.397552
140273.437500	-140.464828
140279.296875	-140.915985
140285.156250	-141.721283
140291.015625	-139.722763
140296.875000	-132.225891
140302.734375	-111.765808
140308.593750	-100.282463
140314.453125	-96.313881
140320.312500	-99.023872
140326.171875	-108.968216
140332.031250	-128.186539
140337.890625	-138.358292
140343.750000	-138.336502
140349.609375	-139.794586
140355.468750	-143.830826
140361.328125	-144.377731
140367.187500	-141.484833
140373.046875	-142.367126
140378.906250	-144.939453
140384.765625	-142.972015
140390.625000	-142.202866
140396.484375	-142.937378
140402.343750	-143.484756
140408.203125	-127.948608
140414.062500	-108.597046
140419.921875	-98.971863
140425.781250	-96.540527
140431.640625	-100.804298
140437.500000	-112.752174
140443.359375	-134.614334
140449.218750	-142.244064
140455.078125	-145.726151
140460.937500	-143.605347
140466.796875	-141.614975
140472.656250	-139.046158
140478.515625	-138.441345
140484.375000	-140.649643
140490.234375	-145.181274
140496.093750	-147.292679
140501.953125	-151.931000
140507.812500	-144.472031
140513.671875	-141.689148
140519.531250	-123.257195
140525.390625	-106.040367
140531.250000	-98.121254
140537.109375	-97.181412
140542.968750	-102.994926
140548.828125	-116.785683
140554.687500	-139.359406
140560.546875	-141.670929
140566.406250	-140.777908
140572.265625	-140.355865
140578.125000	-141.060303
140583.984375	-142.532394
140589.843750	-143.235352
140595.703125	-141.540512
140601.562500	-139.638290
140607.421875	-139.965454
140613.281250	-143.417923
140619.140625	-148.743652
140625.000000	-141.982773
140630.859375	-118.176933
140636.718750	-103.736084
140642.578125	-97.526932
140648.437500	-98.099075
140654.296875	-105.566925
140660.156250	-121.769531
140666.015625	-139.846329
140671.875000	-142.098770
140677.734375	-142.185104
140683.593750	-140.699310
140689.453125	-141.952606
140695.312500	-142.914383
140701.171875	-142.710693
140707.031250	-142.809814
140712.890625	-139.911728
140718.750000	-138.800812
140724.609375	-140.798981
140730.468750	-141.812103
140736.328125	-138.866180
140742.187500	-114.361015
140748.046875	-101.984062
140753.906250	-97.370949
140759.765625	-99.457420
140765.625000	-108.672379
140771.484375	-127.273232
140777.343750	-140.768890
140783.203125	-140.626007
140789.062500	-145.942947
140794.921875	-149.932602
140800.781250	-149.067200
140806.640625	-143.845856
140812.500000	-141.990982
140818.359375	-140.776535
140824.218750	-140.365707
140830.078125	-142.853867
140835.937500	-146.432556
140841.796875	-146.974838
140847.656250	-131.612427
140853.515625	-111.060074
140859.375000	-100.626183
140865.234375	-97.553185
140871.093750	-101.170311
140876.953125	-112.215469
140882.812500	-131.899918
140888.671875	-138.874771
140894.531250	-139.605774
140900.390625	-139.926529
140906.250000	-138.815506
140912.109375	-140.100143
140917.968750	-139.698547
140923.828125	-141.477554
140929.687500	-144.685593
140935.546875	-143.519028
140941.406250	-141.566437
140947.265625	-140.672424
140953.125000	-140.454742
140958.984375	-126.569481
140964.843750	-108.263802
140970.703125	-99.639771
140976.562500	-98.101631
140982.421875	-103.314674
140988.281250	-116.587845
140994.140625	-138.621964
141000.000000	-138.761337
141005.859375	-138.164810
141011.718750	-138.816803
141017.578125	-140.867630
141023.437500	-143.245834
141029.296875	-145.940430
141035.156250	-146.995728
141041.015625	-147.215698
141046.875000	-142.368698
141052.734375	-139.361038
141058.593750	-138.262665
141064.453125	-137.760696
141070.312500	-121.088860
141076.171875	-105.894035
141082.031250	-98.992409
141087.890625	-98.949280
141093.750000	-105.777939
141099.609375	-121.288361
141105.468750	-144.937592
141111.328125	-147.510254
141117.187500	-144.262192
141123.046875	-139.208069
141128.906250	-137.834946
141134.765625	-139.515472
141140.625000	-141.780792
141146.484375	-142.475021
141152.343750	-141.143616
141158.203125	-140.811508
141164.062500	-140.735565
141169.921875	-142.564957
141175.781250	-141.100021
141181.640625	-117.454880
141187.500000	-104.009819
141193.359375	-98.681572
141199.218750	-100.125969
141205.078125	-108.614647
141210.937500	-125.995575
141216.796875	-138.777710
141222.656250	-139.743668
141228.515625	-142.577774
141234.375000	-143.438477
141240.234375	-141.581711
141246.093750	-141.296448
141251.953125	-144.750244
141257.812500	-145.517075
141263.671875	-145.429718
141269.531250	-142.931290
141275.390625	-138.428726
141281.250000	-137.652496
141287.109375	-132.188950
141292.968750	-113.479599
141298.828125	-102.393700
141304.687500	-98.700150
141310.546875	-101.651253
141316.406250	-111.808769
141322.265625	-131.034454
141328.125000	-143.709976
141333.984375	-141.990829
141339.843750	-139.840591
141345.703125	-141.660004
141351.562500	-149.415039
141357.421875	-147.190369
141363.281250	-146.282150
141369.140625	-145.458405
141375.000000	-144.725052
141380.859375	-143.386429
141386.718750	-143.208206
141392.578125	-144.387283
141398.437500	-129.826385
141404.296875	-110.692368
141410.156250	-101.340668
141416.015625	-99.164116
141421.875000	-103.689926
141427.734375	-115.980484
141433.593750	-139.608444
141439.453125	-142.667389
141445.312500	-144.305298
141451.171875	-142.922058
141457.031250	-143.912476
141462.890625	-149.619781
141468.750000	-147.124054
141474.609375	-144.529816
141480.468750	-144.738647
141486.328125	-144.617142
141492.187500	-143.293213
141498.046875	-142.215454
141503.906250	-141.707092
141509.765625	-124.725281
141515.625000	-108.318848
141521.484375	-100.668533
141527.343750	-100.000381
141533.203125	-106.189598
141539.062500	-121.081276
141544.921875	-144.508163
141550.781250	-143.104309
141556.640625	-141.868805
141562.500000	-139.328735
141568.359375	-140.155228
141574.218750	-143.805908
141580.078125	-138.466507
141585.937500	-137.002487
141591.796875	-138.178223
141597.656250	-139.783966
141603.515625	-140.085892
141609.375000	-142.270218
141615.234375	-141.265091
141621.093750	-119.799522
141626.953125	-106.124748
141632.812500	-100.258316
141638.671875	-101.097466
141644.531250	-108.811371
141650.390625	-124.890991
141656.250000	-140.977097
141662.109375	-141.290573
141667.968750	-143.088898
141673.828125	-146.988327
141679.687500	-145.144394
141685.546875	-144.806900
141691.406250	-145.704346
141697.265625	-146.645554
141703.125000	-145.607224
141708.984375	-145.736816
141714.843750	-143.797836
141720.703125	-141.826233
141726.562500	-137.540894
141732.421875	-116.817719
141738.281250	-104.689476
141744.140625	-100.319199
141750.000000	-102.674141
141755.859375	-112.274139
141761.718750	-131.632385
141767.578125	-143.722443
141773.437500	-145.852127
141779.296875	-142.576294
141785.156250	-140.487198
141791.015625	-141.167618
141796.875000	-145.534073
141802.734375	-145.335495
141808.593750	-141.670929
141814.453125	-141.407822
141820.312500	-141.354736
141826.171875	-141.044937
141832.031250	-143.486740
141837.890625	-133.343399
141843.750000	-113.441185
141849.609375	-103.413551
141855.468750	-100.637276
141861.328125	-104.534332
141867.187500	-115.923950
141873.046875	-135.816452
141878.906250	-140.739151
141884.765625	-142.026062
141890.625000	-144.834610
141896.484375	-141.420959
141902.343750	-139.583496
141908.203125	-143.243073
141914.062500	-144.645035
141919.921875	-143.570969
141925.781250	-141.913010
141931.640625	-141.226654
141937.500000	-142.478622
141943.359375	-143.112076
141949.218750	-128.064117
141955.078125	-110.882362
141960.937500	-102.642342
141966.796875	-101.373611
141972.656250	-106.821716
141978.515625	-120.072121
141984.375000	-137.401291
141990.234375	-138.829010
141996.093750	-141.919098
142001.953125	-144.590042
142007.812500	-144.124680
142013.671875	-146.312546
142019.531250	-144.828796
142025.390625	-144.610855
142031.250000	-146.051712
142037.109375	-145.479858
142042.968750	-144.061630
142048.828125	-142.801025
142054.687500	-141.439621
142060.546875	-123.655373
142066.406250	-108.808098
142072.265625	-102.246429
142078.125000	-102.482300
142083.984375	-109.594231
142089.843750	-125.220230
142095.703125	-147.080353
142101.562500	-145.797745
142107.421875	-147.142365
142113.281250	-143.315628
142119.140625	-141.874969
142125.000000	-142.756134
142130.859375	-143.346527
142136.718750	-142.257172
142142.578125	-142.422546
142148.437500	-144.852753
142154.296875	-143.097061
142160.156250	-140.890976
142166.015625	-139.127060
142171.875000	-120.226433
142177.734375	-107.270287
142183.593750	-102.233765
142189.453125	-103.973244
142195.312500	-112.897629
142201.171875	-131.176254
142207.031250	-141.503815
142212.890625	-138.810989
142218.750000	-139.150436
142224.609375	-140.860901
142230.468750	-141.682938
142236.328125	-144.202362
142242.187500	-145.886673
142248.046875	-143.677582
142253.906250	-141.793518
142259.765625	-140.349518
142265.625000	-142.362793
142271.484375	-144.887589
142277.343750	-136.954163
142283.203125	-116.746651
142289.062500	-106.009018
142294.921875	-102.605751
142300.781250	-105.878532
142306.640625	-116.585373
142312.500000	-137.245255
142318.359375	-139.516998
142324.218750	-140.500031
142330.078125	-144.380615
142335.937500	-143.413071
142341.796875	-142.968689
142347.656250	-144.695587
142353.515625	-146.823349
142359.375000	-147.519653
142365.234375	-143.903214
142371.093750	-143.995346
142376.953125	-142.677612
142382.812500	-140.353394
142388.671875	-135.030029
142394.531250	-114.537132
142400.390625	-105.264107
142406.250000	-103.299255
142412.109375	-108.044640
142417.968750	-120.395134
142423.828125	-143.801727
142429.687500	-143.443405
142435.546875	-139.301071
142441.406250	-139.489944
142447.265625	-139.561447
142453.125000	-138.972748
142458.984375	-141.708710
142464.843750	-146.568649
142470.703125	-143.814148
142476.562500	-141.586441
142482.421875	-142.933014
142488.281250	-145.031113
142494.140625	-144.682175
142500.000000	-128.193069
142505.859375	-112.125076
142511.718750	-104.813278
142517.578125	-104.379379
142523.437500	-110.674896
142529.296875	-124.800720
142535.156250	-142.681717
142541.015625	-144.928848
142546.875000	-144.030151
142552.734375	-142.002167
142558.593750	-140.572952
142564.453125	-140.591980
142570.312500	-142.744659
142576.171875	-147.233536
142582.031250	-145.779907
142587.890625	-145.090454
142593.750000	-143.687729
142599.609375	-142.908539
142605.468750	-142.924759
142611.328125	-123.649742
142617.187500	-110.372208
142623.046875	-104.804680
142628.906250	-105.948563
142634.765625	-114.124123
142640.625000	-131.903488
142646.484375	-143.365860
142652.343750	-146.082565
142658.203125	-146.514236
142664.062500	-147.768631
142669.921875	-144.554352
142675.781250	-144.816635
142681.640625	-147.449051
142687.500000	-145.297501
142693.359375	-142.607574
142699.218750	-141.277100
142705.078125	-141.518646
142710.937500	-142.693939
142716.796875	-142.593536
142722.656250	-121.010567
142728.515625	-109.296661
142734.375000	-105.206200
142740.234375	-107.782928
142746.093750	-117.471085
142751.953125	-134.616135
142757.812500	-140.437073
142763.671875	-144.478699
142769.531250	-146.810654
142775.390625	-143.414886
142781.250000	-143.399628
142787.109375	-143.794662
142792.968750	-140.505081
142798.828125	-138.713623
142804.687500	-138.741623
142810.546875	-140.507599
142816.406250	-142.416168
142822.265625	-142.554596
142828.125000	-135.450485
142833.984375	-117.954346
142839.843750	-108.509789
142845.703125	-106.050392
142851.562500	-110.246277
142857.421875	-122.125481
142863.281250	-142.115784
142869.140625	-143.679291
142875.000000	-143.728607
142880.859375	-142.031708
142886.718750	-142.479874
142892.578125	-143.002731
142898.437500	-142.969925
142904.296875	-143.773361
142910.156250	-144.358002
142916.015625	-144.088318
142921.875000	-145.003616
142927.734375	-142.538010
142933.593750	-141.357895
142939.453125	-133.334061
142945.312500	-116.483681
142951.171875	-108.328735
142957.031250	-107.271973
142962.890625	-112.969147
142968.750000	-126.371910
142974.609375	-140.124817
142980.468750	-140.383194
142986.328125	-138.876740
142992.187500	-139.330215
142998.046875	-140.878372
143003.906250	-141.525818
143009.765625	-142.151154
143015.625000	-141.632050
143021.484375	-142.346069
143027.343750	-145.067841
143033.203125	-143.458160
143039.062500	-144.535461
143044.921875	-143.210587
143050.781250	-129.787231
143056.640625	-115.036697
143062.500000	-108.602776
143068.359375	-109.101761
143074.218750	-116.679878
143080.078125	-133.760925
143085.937500	-147.211121
143091.796875	-143.548294
143097.656250	-140.859085
143103.515625	-139.671799
143109.375000	-139.082840
143115.234375	-139.343445
143121.093750	-139.954590
143126.953125	-140.398285
143132.812500	-141.088501
143138.671875	-141.700165
143144.531250	-144.368820
143150.390625	-144.537323
143156.250000	-140.438690
143162.109375	-127.159378
143167.968750	-113.924591
143173.828125	-109.050560
143179.687500	-110.957428
143185.546875	-119.917305
143191.406250	-137.796509
143197.265625	-141.019531
143203.125000	-141.266495
143208.984375	-145.756302
143214.843750	-142.102066
143220.703125	-142.520477
143226.562500	-147.181686
143232.421875	-144.707504
143238.281250	-143.581070
143244.140625	-143.798660
143250.000000	-143.094788
143255.859375	-142.229279
143261.718750	-141.763214
143267.578125	-143.321976
143273.437500	-124.188156
143279.296875	-113.510551
143285.156250	-110.371078
143291.015625	-113.944969
143296.875000	-125.223228
143302.734375	-140.125336
143308.593750	-141.364929
143314.453125	-143.818207
143320.312500	-146.268631
143326.171875	-144.598282
143332.031250	-141.636719
143337.890625	-142.461624
143343.750000	-147.721207
143349.609375	-144.258469
143355.468750	-141.852371
143361.328125	-141.526367
143367.187500	-140.324127
143373.046875	-141.921722
143378.906250	-139.035645
143384.765625	-122.380600
143390.625000	-113.682190
143396.484375	-112.077873
143402.343750	-117.208664
143408.203125	-130.031113
143414.062500	-142.398880
143419.921875	-143.111374
143425.781250	-143.086090
143431.640625	-141.187012
143437.500000	-138.391220
143443.359375	-137.140778
143449.218750	-138.165497
143455.078125	-141.172455
143460.937500	-141.888718
143466.796875	-140.008545
143472.656250	-140.391785
143478.515625	-140.589584
143484.375000	-139.621384
143490.234375	-135.932983
143496.093750	-121.877701
143501.953125	-114.788460
143507.812500	-114.535263
143513.671875	-120.875732
143519.531250	-133.363586
143525.390625	-143.290863
143531.250000	-143.844940
143537.109375	-141.984573
143542.968750	-142.671707
143548.828125	-143.971375
143554.687500	-142.217239
143560.546875	-141.514572
143566.406250	-142.532516
143572.265625	-144.180984
143578.125000	-146.020645
143583.984375	-145.488922
143589.843750	-143.209076
143595.703125	-142.796249
143601.562500	-135.817139
143607.421875	-121.921486
143613.281250	-116.583244
143619.140625	-118.033073
143625.000000	-126.487946
143630.859375	-139.937668
143636.718750	-141.517181
143642.578125	-139.149887
143648.437500	-139.796036
143654.296875	-142.728424
143660.156250	-142.421204
143666.015625	-140.560425
143671.875000	-140.123108
143677.734375	-140.886765
143683.593750	-141.896881
143689.453125	-143.902298
143695.312500	-143.170563
143701.171875	-144.803116
143707.031250	-146.177475
143712.890625	-136.009918
143718.750000	-124.257584
143724.609375	-120.266396
143730.468750	-123.161659
143736.328125	-133.647507
143742.187500	-140.077759
143748.046875	-138.945801
143753.906250	-139.947586
143759.765625	-144.866852
143765.625000	-144.879868
143771.484375	-142.158081
143777.343750	-142.369446
143783.203125	-143.601166
143789.062500	-141.465851
143794.921875	-138.799164
143800.781250	-139.547668
143806.640625	-141.433746
143812.500000	-141.278366
143818.359375	-139.481400
143824.218750	-137.059647
143830.078125	-130.953964
143835.937500	-129.037598
143841.796875	-133.343903
143847.656250	-142.683563
143853.515625	-142.935654
143859.375000	-141.114075
143865.234375	-140.825851
143871.093750	-141.842865
143876.953125	-142.009781
143882.812500	-141.857269
143888.671875	-142.647369
143894.531250	-142.791702
143900.390625	-141.454559
143906.250000	-141.448120
143912.109375	-143.008499
143917.968750	-141.325089
143923.828125	-141.313034
143929.687500	-141.471970
143935.546875	-129.204193
143941.406250	-121.572464
143947.265625	-120.893585
143953.125000	-126.789635
143958.984375	-138.211273
143964.843750	-142.076981
143970.703125	-141.792343
143976.562500	-141.849762
143982.421875	-142.633392
143988.281250	-142.703247
143994.140625	-143.188171
144000.000000	-144.761230
144005.859375	-141.517822
144011.718750	-139.920517
144017.578125	-139.444336
144023.437500	-139.963989
144029.296875	-140.586777
144035.156250	-139.916748
144041.015625	-136.209000
144046.875000	-126.657249
144052.734375	-120.803032
144058.593750	-121.427818
144064.453125	-129.633911
144070.312500	-142.854767
144076.171875	-145.439514
144082.031250	-143.569962
144087.890625	-144.316086
144093.750000	-145.146988
144099.609375	-144.175095
144105.468750	-142.732819
144111.328125	-141.324829
144117.187500	-140.630798
144123.046875	-140.684525
144128.906250	-141.094055
144134.765625	-142.913467
144140.625000	-143.979523
144146.484375	-143.426117
144152.343750	-145.942398
144158.203125	-135.182373
144164.062500	-130.335571
144169.921875	-132.363632
144175.781250	-138.918320
144181.640625	-140.928619
144187.500000	-140.597900
144193.359375	-140.513031
144199.218750	-142.342133
144205.078125	-143.246475
144210.937500	-142.318283
144216.796875	-143.276779
144222.656250	-145.469528
144228.515625	-147.188919
144234.375000	-145.803452
144240.234375	-144.444809
144246.093750	-143.717468
144251.953125	-143.084244
144257.812500	-142.373032
144263.671875	-133.055191
144269.531250	-123.264427
144275.390625	-120.488037
144281.250000	-124.644753
144287.109375	-137.103287
144292.968750	-145.522690
144298.828125	-143.100876
144304.687500	-145.242905
144310.546875	-145.449112
144316.406250	-145.817581
144322.265625	-143.813431
144328.125000	-143.229919
144333.984375	-141.950333
144339.843750	-141.609634
144345.703125	-142.484970
144351.562500	-142.758179
144357.421875	-141.436493
144363.281250	-140.607925
144369.140625	-139.548050
144375.000000	-126.471107
144380.859375	-118.184219
144386.718750	-116.792534
144392.578125	-122.140205
144398.437500	-135.462021
144404.296875	-143.792694
144410.156250	-142.660202
144416.015625	-142.000687
144421.875000	-141.819565
144427.734375	-142.070786
144433.593750	-143.762619
144439.453125	-143.702423
144445.312500	-144.368759
144451.171875	-145.194183
144457.031250	-142.248871
144462.890625	-142.125305
144468.750000	-141.310104
144474.609375	-141.774353
144480.468750	-134.138489
144486.328125	-121.091705
144492.187500	-114.547646
144498.046875	-114.683144
144503.906250	-121.557281
144509.765625	-135.354919
144515.625000	-143.192261
144521.484375	-145.765182
144527.343750	-144.768219
144533.203125	-142.880798
144539.062500	-141.978714
144544.921875	-144.150604
144550.781250	-144.038559
144556.640625	-139.393311
144562.500000	-139.109787
144568.359375	-142.503616
144574.218750	-146.171829
144580.078125	-151.355850
144585.937500	-153.113174
144591.796875	-130.412048
144597.656250	-117.321007
144603.515625	-112.223015
144609.375000	-113.783409
144615.234375	-122.099197
144621.093750	-136.496674
144626.953125	-143.325134
144632.812500	-142.135345
144638.671875	-142.562454
144644.531250	-140.614990
144650.390625	-140.323624
144656.250000	-143.530197
144662.109375	-145.343460
144667.968750	-142.608475
144673.828125	-141.565735
144679.687500	-141.833496
144685.546875	-143.701294
144691.406250	-144.332596
144697.265625	-145.757629
144703.125000	-125.368179
144708.984375	-113.983894
144714.843750	-110.377754
144720.703125	-113.542389
144726.562500	-124.272758
144732.421875	-139.988541
144738.281250	-140.402237
144744.140625	-141.504044
144750.000000	-142.467392
144755.859375	-142.202057
144761.718750	-141.800430
144767.578125	-139.998627
144773.437500	-139.005768
144779.296875	-140.353119
144785.156250	-142.868851
144791.015625	-145.174393
144796.875000	-144.351929
144802.734375	-142.688004
144808.593750	-137.162125
144814.453125	-120.302933
144820.312500	-111.229645
144826.171875	-109.247581
144832.031250	-113.980064
144837.890625	-126.574554
144843.750000	-141.268158
144849.609375	-141.411697
144855.468750	-141.363525
144861.328125	-141.489716
144867.187500	-139.534042
144873.046875	-139.031738
144878.906250	-140.150299
144884.765625	-141.221313
144890.625000	-141.446915
144896.484375	-142.240189
144902.343750	-141.880127
144908.203125	-143.123169
144914.062500	-144.265854
144919.921875	-131.907028
144925.781250	-116.527260
144931.640625	-109.179909
144937.500000	-108.703918
144943.359375	-115.077568
144949.218750	-129.618286
144955.078125	-144.010651
144960.937500	-142.039429
144966.796875	-140.623108
144972.656250	-141.847702
144978.515625	-143.116318
144984.375000	-144.380707
144990.234375	-144.335709
144996.093750	-141.735352
145001.953125	-139.229385
145007.812500	-140.091354
145013.671875	-140.409454
145019.531250	-139.258652
145025.390625	-138.535950
145031.250000	-126.332703
145037.109375	-113.164566
145042.968750	-107.431091
145048.828125	-108.416481
145054.687500	-116.386467
145060.546875	-133.501846
145066.406250	-144.365692
145072.265625	-143.156967
145078.125000	-143.164658
145083.984375	-145.324310
145089.843750	-147.105560
145095.703125	-142.132477
145101.562500	-142.061157
145107.421875	-144.572220
145113.281250	-145.439468
145119.140625	-146.935074
145125.000000	-148.686401
145130.859375	-148.253601
145136.718750	-143.891861
145142.578125	-122.162155
145148.437500	-110.376945
145154.296875	-106.202339
145160.156250	-108.695152
145166.015625	-118.211296
145171.875000	-134.713318
145177.734375	-141.658539
145183.593750	-142.446518
145189.453125	-142.738022
145195.312500	-143.588211
145201.171875	-144.614395
145207.031250	-142.101639
145212.890625	-140.317581
145218.750000	-140.316650
145224.609375	-141.028976
145230.468750	-142.120758
145236.328125	-141.059555
145242.187500	-139.823593
145248.046875	-136.461624
145253.906250	-117.982819
145259.765625	-108.094582
145265.625000	-105.479477
145271.484375	-109.587463
145277.343750	-121.553513
145283.203125	-145.635056
145289.062500	-143.913406
145294.921875	-144.950653
145300.781250	-144.797562
145306.640625	-142.890656
145312.500000	-140.569153
145318.359375	-141.537598
145324.218750	-143.513123
145330.078125	-141.827377
145335.937500	-143.847198
145341.796875	-143.871490
145347.656250	-143.071747
145353.515625	-142.186859
145359.375000	-132.216858
145365.234375	-114.387466
145371.093750	-106.140495
145376.953125	-104.985237
145382.812500	-110.606415
145388.671875	-124.251457
145394.531250	-147.623398
145400.390625	-144.660645
145406.250000	-142.292419
145412.109375	-141.719299
145417.968750	-142.023819
145423.828125	-142.356705
145429.687500	-143.678406
145435.546875	-143.597382
145441.406250	-143.500732
145447.265625	-145.327255
145453.125000	-142.921280
145458.984375	-142.048813
145464.843750	-144.502274
145470.703125	-125.550041
145476.562500	-110.952354
145482.421875	-104.565948
145488.281250	-104.976532
145494.140625	-112.266212
145500.000000	-128.169952
145505.859375	-142.089462
145511.718750	-145.469498
145517.578125	-144.620041
145523.437500	-142.550446
145529.296875	-140.660889
145535.156250	-142.004639
145541.015625	-142.628616
145546.875000	-141.770523
145552.734375	-142.051636
145558.593750	-142.184387
145564.453125	-141.525330
145570.312500	-142.820572
145576.171875	-146.602051
145582.031250	-121.457664
145587.890625	-108.479759
145593.750000	-103.601280
145599.609375	-105.502731
145605.468750	-114.648720
145611.328125	-134.579269
145617.187500	-141.540237
145623.046875	-145.259338
145628.906250	-147.670349
145634.765625	-149.377182
145640.625000	-145.978088
145646.484375	-141.442505
145652.343750	-139.453201
145658.203125	-140.047760
145664.062500	-141.442871
145669.921875	-143.003036
145675.781250	-144.249359
145681.640625	-144.610336
145687.500000	-138.215927
145693.359375	-116.952530
145699.218750	-106.141197
145705.078125	-102.847008
145710.937500	-106.274887
145716.796875	-117.260033
145722.656250	-140.448257
145728.515625	-141.488998
145734.375000	-142.043930
145740.234375	-141.982285
145746.093750	-140.242249
145751.953125	-139.357834
145757.812500	-140.141373
145763.671875	-141.251450
145769.531250	-141.638351
145775.390625	-140.396820
145781.250000	-139.684265
145787.109375	-141.340073
145792.968750	-142.171982
145798.828125	-131.663330
145804.687500	-113.032196
145810.546875	-104.173416
145816.406250	-102.443604
145822.265625	-107.445671
145828.125000	-120.224327
145833.984375	-138.909225
145839.843750	-142.294464
145845.703125	-144.430267
145851.562500	-141.777618
145857.421875	-141.763977
145863.281250	-143.422806
145869.140625	-142.629669
145875.000000	-141.650970
145880.859375	-141.432587
145886.718750	-140.516113
145892.578125	-140.507690
145898.437500	-145.154663
145904.296875	-145.765076
145910.156250	-125.750565
145916.015625	-109.889412
145921.875000	-102.744286
145927.734375	-102.520172
145933.593750	-109.160484
145939.453125	-124.430336
145945.312500	-142.492172
145951.171875	-144.384766
145957.031250	-144.820679
145962.890625	-148.722870
145968.750000	-148.659912
145974.609375	-143.943954
145980.468750	-142.559219
145986.328125	-143.217621
145992.187500	-145.028244
145998.046875	-146.613647
146003.906250	-143.881622
146009.765625	-140.916260
146015.625000	-139.635818
146021.484375	-120.630089
146027.343750	-107.106842
146033.203125	-101.635994
146039.062500	-102.928185
146044.921875	-111.290253
146050.781250	-129.213150
146056.640625	-142.739182
146062.500000	-143.035538
146068.359375	-139.754379
146074.218750	-139.033981
146080.078125	-139.801498
146085.937500	-140.937042
146091.796875	-141.591095
146097.656250	-141.588409
146103.515625	-142.047791
146109.375000	-142.428848
146115.234375	-141.580109
146121.093750	-141.214447
146126.953125	-136.726562
146132.812500	-116.170700
146138.671875	-104.789536
146144.531250	-100.900864
146150.390625	-103.688606
146156.250000	-113.761757
146162.109375	-134.033051
146167.968750	-144.173447
146173.828125	-144.526489
146179.687500	-143.736465
146185.546875	-141.985779
146191.406250	-141.800812
146197.265625	-143.012009
146203.125000	-142.132156
146208.984375	-140.246231
146214.843750	-140.003036
146220.703125	-141.179428
146226.562500	-141.628845
146232.421875	-143.553543
146238.281250	-132.559357
146244.140625	-112.578453
146250.000000	-102.957718
146255.859375	-100.599640
146261.718750	-104.948586
146267.578125	-116.972458
146273.437500	-138.755814
146279.296875	-141.978699
146285.156250	-141.842972
146291.015625	-142.859604
146296.875000	-141.937500
146302.734375	-143.734177
146308.593750	-140.419662
146314.453125	-138.885025
146320.312500	-138.572830
146326.171875	-138.535995
146332.031250	-140.950562
146337.890625	-145.266312
146343.750000	-145.852798
146349.609375	-126.161858
146355.468750	-109.236855
146361.328125	-101.412880
146367.187500	-100.568855
146373.046875	-106.511856
146378.906250	-120.665718
146384.765625	-139.551758
146390.625000	-140.146927
146396.484375	-143.066742
146402.343750	-143.222717
146408.203125	-141.872543
146414.062500	-141.288849
146419.921875	-141.393875
146425.781250	-142.339706
146431.640625	-142.274902
146437.500000	-140.975937
146443.359375	-140.365814
146449.218750	-140.326004
146455.078125	-144.279190
146460.937500	-121.187492
146466.796875	-106.441444
146472.656250	-100.274559
146478.515625	-100.921165
146484.375000	-108.475975
146490.234375	-124.610825
146496.093750	-139.209381
146501.953125	-139.950989
146507.812500	-139.040695
146513.671875	-138.252853
146519.531250	-139.515945
146525.390625	-142.327698
146531.250000	-146.041702
146537.109375	-143.050125
146542.968750	-141.833466
146548.828125	-142.110123
146554.687500	-142.936264
146560.546875	-142.140610
146566.406250	-137.957169
146572.265625	-116.213760
146578.125000	-104.011482
146583.984375	-99.490746
146589.843750	-101.659798
146595.703125	-110.968994
146601.562500	-129.817764
146607.421875	-147.529449
146613.281250	-143.246582
146619.140625	-139.971130
146625.000000	-139.710983
146630.859375	-141.682785
146636.718750	-143.188919
146642.578125	-145.226547
146648.437500	-147.363327
146654.296875	-145.036301
146660.156250	-143.552231
146666.015625	-143.151917
146671.875000	-142.153748
146677.734375	-132.473053
146683.593750	-112.356201
146689.453125	-102.054390
146695.312500	-99.078697
146701.171875	-102.781090
146707.031250	-113.937988
146712.890625	-134.573227
146718.750000	-146.203629
146724.609375	-148.664581
146730.468750	-144.236252
146736.328125	-141.837967
146742.187500	-141.755600
146748.046875	-141.962128
146753.906250	-143.767914
146759.765625	-146.466370
146765.625000	-145.820053
146771.484375	-150.093552
146777.343750	-146.329971
146783.203125	-142.570908
146789.062500	-127.496422
146794.921875	-109.070831
146800.781250	-100.483139
146806.640625	-99.014977
146812.500000	-104.324646
146818.359375	-117.718651
146824.218750	-139.639893
146830.078125	-142.289398
146835.937500	-141.494476
146841.796875	-141.065369
146847.656250	-142.888901
146853.515625	-145.053619
146859.375000	-144.180923
146865.234375	-143.448929
146871.093750	-144.872849
146876.953125	-144.698853
146882.812500	-144.167953
146888.671875	-143.263931
146894.531250	-145.981644
146900.390625	-121.558853
146906.250000	-106.077492
146912.109375	-99.275169
146917.968750	-99.321106
146923.828125	-106.212753
146929.687500	-121.510971
146935.546875	-143.158356
146941.406250	-142.924133
146947.265625	-140.622650
146953.125000	-140.591583
146958.984375	-142.824554
146964.843750	-142.427551
146970.703125	-141.986526
146976.562500	-142.373642
146982.421875	-142.828583
146988.281250	-143.591141
146994.140625	-142.466187
147000.000000	-141.336258
147005.859375	-141.729263
147011.718750	-117.236221
147017.578125	-103.676064
147023.437500	-98.426773
147029.296875	-99.954041
147035.156250	-108.529633
147041.015625	-126.272751
147046.875000	-149.128845
147052.734375	-150.059769
147058.593750	-144.096771
147064.453125	-143.562256
147070.312500	-145.403427
147076.171875	-143.989578
147082.031250	-142.160202
147087.890625	-142.697083
147093.750000	-144.589890
147099.609375	-147.743317
147105.468750	-145.371078
147111.328125	-143.099274
147117.187500	-134.521255
147123.046875	-112.702583
147128.906250	-101.556137
147134.765625	-97.933762
147140.625000	-101.013855
147146.484375	-111.469055
147152.343750	-131.922607
147158.203125	-146.415512
147164.062500	-146.393539
147169.921875	-142.541824
147175.781250	-139.584137
147181.640625	-139.586273
147187.500000	-140.947174
147193.359375	-141.633179
147199.218750	-143.957993
147205.078125	-145.733719
147210.937500	-145.826950
147216.796875	-144.329819
147222.656250	-141.691025
147228.515625	-127.802795
147234.375000	-109.024666
147240.234375	-99.816887
147246.093750	-97.741493
147251.953125	-102.364502
147257.812500	-114.690285
147263.671875	-136.407883
147269.531250	-144.341644
147275.390625	-143.027405
147281.250000	-143.168549
147287.109375	-141.437653
147292.968750	-141.146149
147298.828125	-142.823502
147304.687500	-145.369919
147310.546875	-145.504089
147316.406250	-143.461075
147322.265625	-143.292633
147328.125000	-144.535431
147333.984375	-144.205154
147339.843750	-122.159119
147345.703125	-105.994278
147351.562500	-98.520859
147357.421875	-97.941368
147363.281250	-104.125977
147369.140625	-118.339775
147375.000000	-140.529037
147380.859375	-147.141373
147386.718750	-141.481567
147392.578125	-139.706879
147398.437500	-139.794922
147404.296875	-141.625595
147410.156250	-142.510956
147416.015625	-144.141281
147421.875000	-144.895660
147427.734375	-142.489365
147433.593750	-142.101105
147439.453125	-143.091141
147445.312500	-140.847153
147451.171875	-117.271927
147457.031250	-103.398926
147462.890625	-97.576668
147468.750000	-98.511925
147474.609375	-106.395058
147480.468750	-123.029022
147486.328125	-141.442413
147492.187500	-143.144363
147498.046875	-144.593018
147503.906250	-146.101639
147509.765625	-144.257599
147515.625000	-143.956268
147521.484375	-144.823578
147527.343750	-142.165939
147533.203125	-139.447678
147539.062500	-140.110245
147544.921875	-146.180984
147550.781250	-144.470474
147556.640625	-136.306274
147562.500000	-113.193413
147568.359375	-101.240822
147574.218750	-96.984154
147580.078125	-99.431892
147585.937500	-109.143791
147591.796875	-129.572784
147597.656250	-144.670975
147603.515625	-144.273148
147609.375000	-144.971237
147615.234375	-145.363297
147621.093750	-143.112686
147626.953125	-141.742264
147632.812500	-141.310257
147638.671875	-140.234116
147644.531250	-140.266800
147650.390625	-141.919647
147656.250000	-142.304672
147662.109375	-143.412720
147667.968750	-129.700470
147673.828125	-109.406273
147679.687500	-99.442802
147685.546875	-96.740692
147691.406250	-100.723137
147697.265625	-112.282036
147703.125000	-134.399643
147708.984375	-145.988678
147714.843750	-145.128677
147720.703125	-143.147491
147726.562500	-143.945206
147732.421875	-145.395325
147738.281250	-144.392441
147744.140625	-142.924286
147750.000000	-145.291840
147755.859375	-149.421234
147761.718750	-147.217667
147767.578125	-142.755066
147773.437500	-141.562912
147779.296875	-124.373100
147785.156250	-106.300919
147791.015625	-98.039986
147796.875000	-96.836266
147802.734375	-102.386734
147808.593750	-116.023232
147814.453125	-140.204620
147820.312500	-142.300461
147826.171875	-143.767746
147832.031250	-148.385941
147837.890625	-145.643661
147843.750000	-143.090500
147849.609375	-141.978577
147855.468750	-145.352249
147861.328125	-149.178467
147867.187500	-145.318878
147873.046875	-143.289871
147878.906250	-144.861725
147884.765625	-144.663712
147890.625000	-118.545105
147896.484375	-103.523178
147902.343750	-96.987061
147908.203125	-97.290886
147914.062500	-104.488510
147919.921875	-120.460655
147925.781250	-145.021011
147931.640625	-141.753723
147937.500000	-142.012711
147943.359375	-141.685303
147949.218750	-143.453827
147955.078125	-147.132080
147960.937500	-143.228455
147966.796875	-142.654968
147972.656250	-143.935486
147978.515625	-143.311218
147984.375000	-143.177521
147990.234375	-146.005264
147996.093750	-137.483154
148001.953125	-113.810165
148007.812500	-101.167328
148013.671875	-96.283302
148019.531250	-98.105545
148025.390625	-107.056717
148031.250000	-125.726540
148037.109375	-144.738388
148042.968750	-144.551285
148048.828125	-144.654465
148054.687500	-145.831726
148060.546875	-144.533936
148066.406250	-145.586243
148072.265625	-147.135529
148078.125000	-146.370560
148083.984375	-148.736115
148089.843750	-144.846878
148095.703125	-143.397827
148101.562500	-143.929108
148107.421875	-131.436295
148113.281250	-110.058472
148119.140625	-99.272141
148125.000000	-95.928345
148130.859375	-99.279892
148136.718750	-110.092659
148142.578125	-131.775925
148148.437500	-141.747833
148154.296875	-140.699371
148160.156250	-141.352570
148166.015625	-145.714081
148171.875000	-145.236679
148177.734375	-143.058304
148183.593750	-141.569214
148189.453125	-142.170700
148195.312500	-145.017868
148201.171875	-144.453644
148207.031250	-141.888840
148212.890625	-141.043915
148218.750000	-125.208176
148224.609375	-106.673149
148230.468750	-97.728752
148236.328125	-95.905441
148242.187500	-100.789413
148248.046875	-113.472427
148253.906250	-136.762955
148259.765625	-142.312363
148265.625000	-143.539688
148271.484375	-144.583221
148277.343750	-146.647781
148283.203125	-142.209244
148289.062500	-140.461288
148294.921875	-140.854904
148300.781250	-142.001755
148306.640625	-144.052017
148312.500000	-145.019913
148318.359375	-142.128769
148324.218750	-140.006027
148330.078125	-119.273003
148335.937500	-103.713654
148341.796875	-96.566788
148347.656250	-96.267326
148353.515625	-102.801476
148359.375000	-117.919868
148365.234375	-141.975342
148371.093750	-141.864990
148376.953125	-143.432983
148382.812500	-143.885025
148388.671875	-142.726974
148394.531250	-143.305450
148400.390625	-142.619278
148406.250000	-142.628189
148412.109375	-143.697327
148417.968750	-141.442764
148423.828125	-141.368179
148429.687500	-143.057083
148435.546875	-140.719727
148441.406250	-115.051582
148447.265625	-101.340515
148453.125000	-95.770744
148458.984375	-96.963272
148464.843750	-105.173462
148470.703125	-122.704369
148476.562500	-143.673523
148482.421875	-142.947830
148488.281250	-142.131042
148494.140625	-143.271820
148500.000000	-145.050797
148505.859375	-147.986115
148511.718750	-148.865692
148517.578125	-144.832031
148523.437500	-144.211411
148529.296875	-147.430130
148535.156250	-146.426651
148541.015625	-143.822311
148546.875000	-133.519409
148552.734375	-110.743958
148558.593750	-99.236824
148564.453125	-95.271744
148570.312500	-97.993904
148576.171875	-108.025955
148582.031250	-128.591644
148587.890625	-143.921646
148593.750000	-143.434967
148599.609375	-143.679977
148605.468750	-145.947052
148611.328125	-146.147552
148617.187500	-142.947357
148623.046875	-142.219574
148628.906250	-143.671951
148634.765625	-143.873932
148640.625000	-143.204483
148646.484375	-142.221436
148652.343750	-142.028732
148658.203125	-126.779068
148664.062500	-107.325211
148669.921875	-97.623367
148675.781250	-95.170891
148681.640625	-99.423401
148687.500000	-111.344109
148693.359375	-134.943909
148699.218750	-144.427505
148705.078125	-142.617935
148710.937500	-143.436722
148716.796875	-145.428131
148722.656250	-144.006439
148728.515625	-141.308350
148734.375000	-140.033554
148740.234375	-142.577148
148746.093750	-144.315231
148751.953125	-143.635315
148757.812500	-142.289886
148763.671875	-139.457474
148769.531250	-120.807526
148775.390625	-104.202278
148781.250000	-96.326561
148787.109375	-95.402229
148792.968750	-101.260147
148798.828125	-115.383110
148804.687500	-142.245087
148810.546875	-142.597702
148816.406250	-140.917374
148822.265625	-140.599060
148828.125000	-142.235382
148833.984375	-143.173248
148839.843750	-140.702393
148845.703125	-140.150375
148851.562500	-142.199310
148857.421875	-146.408157
148863.281250	-149.500763
148869.140625	-144.715103
148875.000000	-141.323685
148880.859375	-116.001106
148886.718750	-101.576355
148892.578125	-95.374939
148898.437500	-95.946617
148904.296875	-103.398270
148910.156250	-119.514587
148916.015625	-144.428665
148921.875000	-141.335526
148927.734375	-140.280716
148933.593750	-140.325500
148939.453125	-142.879044
148945.312500	-145.438446
148951.171875	-145.174744
148957.031250	-143.884964
148962.890625	-143.543427
148968.750000	-143.629089
148974.609375	-147.003311
148980.468750	-143.026398
148986.328125	-134.411514
148992.187500	-111.885803
148998.046875	-99.446518
149003.906250	-94.814453
149009.765625	-96.904015
149015.625000	-106.177132
149021.484375	-125.683098
149027.343750	-144.450546
149033.203125	-143.498520
149039.062500	-142.693726
149044.921875	-142.089371
149050.781250	-142.367310
149056.640625	-141.509232
149062.500000	-141.142746
149068.359375	-142.302658
149074.218750	-143.995529
149080.078125	-144.503784
149085.937500	-144.503143
149091.796875	-145.337708
149097.656250	-129.347626
149103.515625	-108.181747
149109.375000	-97.690994
149115.234375	-94.610161
149121.093750	-98.227524
149126.953125	-109.364838
149132.812500	-131.876404
149138.671875	-143.007843
149144.531250	-148.166840
149150.390625	-147.936966
149156.250000	-146.132523
149162.109375	-148.152206
149167.968750	-149.237167
149173.828125	-148.486282
149179.687500	-146.161911
149185.546875	-144.372360
149191.406250	-145.328506
149197.265625	-144.876434
149203.125000	-145.209793
149208.984375	-123.286339
149214.843750	-104.910507
149220.703125	-96.259453
149226.562500	-94.696098
149232.421875	-99.851151
149238.281250	-112.875183
149244.140625	-138.374207
149250.000000	-143.756592
149255.859375	-143.710632
149261.718750	-144.965439
149267.578125	-144.279083
149273.437500	-145.114929
149279.296875	-146.461823
149285.156250	-142.683609
149291.015625	-141.840118
149296.875000	-144.291672
149302.734375	-146.950394
149308.593750	-148.996475
149314.453125	-146.333267
149320.312500	-117.904495
149326.171875	-102.134209
149332.031250	-95.187874
149337.890625	-95.140572
149343.750000	-101.963661
149349.609375	-117.451530
149355.468750	-141.043823
149361.328125	-143.855591
149367.187500	-144.996918
149373.046875	-143.361008
149378.906250	-142.359650
149384.765625	-141.233261
149390.625000	-142.240479
149396.484375	-146.090836
149402.343750	-147.162201
149408.203125	-144.075195
149414.062500	-147.100708
149419.921875	-150.438187
149425.781250	-139.532532
149431.640625	-113.076202
149437.500000	-99.785461
149443.359375	-94.504295
149449.218750	-95.972900
149455.078125	-104.526207
149460.937500	-122.688240
149466.796875	-144.342224
149472.656250	-143.328201
149478.515625	-141.597992
149484.375000	-141.231735
149490.234375	-140.538437
149496.093750	-142.075165
149501.953125	-143.077057
149507.812500	-141.981659
149513.671875	-142.744797
149519.531250	-146.424469
149525.390625	-147.648941
149531.250000	-145.409180
149537.109375	-130.414459
149542.968750	-108.999962
149548.828125	-97.829575
149554.687500	-94.131187
149560.546875	-97.115379
149566.406250	-107.459305
149572.265625	-128.481110
149578.125000	-141.998505
149583.984375	-145.892120
149589.843750	-145.432556
149595.703125	-145.566208
149601.562500	-145.026077
149607.421875	-143.223785
149613.281250	-145.335510
149619.140625	-145.024124
149625.000000	-142.367477
149630.859375	-142.404739
149636.718750	-144.432785
149642.578125	-146.994400
149648.437500	-124.722755
149654.296875	-105.626755
149660.156250	-96.288177
149666.015625	-94.118217
149671.875000	-98.660004
149677.734375	-110.984161
149683.593750	-136.118851
149689.453125	-145.461075
149695.312500	-143.877701
149701.171875	-143.720657
149707.031250	-143.116577
149712.890625	-142.102051
149718.750000	-143.084518
149724.609375	-144.399323
149730.468750	-141.336884
149736.328125	-140.621597
149742.187500	-143.435547
149748.046875	-147.407791
149753.906250	-150.313995
149759.765625	-119.331223
149765.625000	-102.712982
149771.484375	-95.109734
149777.343750	-94.445145
149783.203125	-100.569931
149789.062500	-114.898315
149794.921875	-139.174454
149800.781250	-144.052429
149806.640625	-145.761765
149812.500000	-145.071732
149818.359375	-145.843872
149824.218750	-145.260864
149830.078125	-142.580154
149835.937500	-141.313629
149841.796875	-142.262329
149847.656250	-149.527634
149853.515625	-144.587555
149859.375000	-142.433685
149865.234375	-140.115036
149871.093750	-114.487312
149876.953125	-100.250092
149882.812500	-94.294441
149888.671875	-95.131310
149894.531250	-102.922928
149900.390625	-119.732758
149906.250000	-141.850021
149912.109375	-141.869293
149917.968750	-145.816040
149923.828125	-146.329391
149929.687500	-143.122726
149935.546875	-142.606689
149941.406250	-142.306396
149947.265625	-139.615936
149953.125000	-138.292709
149958.984375	-139.557297
149964.843750	-141.482574
149970.703125	-142.489075
149976.562500	-134.408920
149982.421875	-110.356575
149988.281250	-98.203201
149994.140625	-93.829262
150000.000000	-96.172867
150005.859375	-105.722916
150011.718750	-124.716599
150017.578125	-141.112915
150023.437500	-144.772095
150029.296875	-146.666992
150035.156250	-147.172516
150041.015625	-145.341324
150046.875000	-143.281601
150052.734375	-143.075439
150058.593750	-143.060577
150064.453125	-143.676086
150070.312500	-145.767075
150076.171875	-145.968796
150082.031250	-147.609100
150087.890625	-126.813034
150093.750000	-106.588943
150099.609375	-96.475739
150105.468750	-93.671890
150111.328125	-97.561607
150117.187500	-109.008675
150123.046875	-130.842743
150128.906250	-142.388229
150134.765625	-145.811234
150140.625000	-146.103912
150146.484375	-145.504929
150152.343750	-145.322052
150158.203125	-145.383209
150164.062500	-143.426987
150169.921875	-142.424881
150175.781250	-144.798126
150181.640625	-145.981491
150187.500000	-141.584305
150193.359375	-140.309326
150199.218750	-121.174820
150205.078125	-103.465759
150210.937500	-95.173714
150216.796875	-93.895279
150222.656250	-99.345528
150228.515625	-112.724182
150234.375000	-136.382950
150240.234375	-143.313629
150246.093750	-142.751099
150251.953125	-140.939682
150257.812500	-141.486069
150263.671875	-145.943176
150269.531250	-148.144089
150275.390625	-144.971939
150281.250000	-143.603409
150287.109375	-143.080933
150292.968750	-144.411774
150298.828125	-141.818588
150304.687500	-140.688828
150310.546875	-115.935349
150316.406250	-100.815285
150322.265625	-94.209122
150328.125000	-94.428513
150333.984375	-101.523285
150339.843750	-117.275063
150345.703125	-144.518036
150351.562500	-144.782928
150357.421875	-144.075104
150363.281250	-144.648071
150369.140625	-144.408569
150375.000000	-144.366882
150380.859375	-145.216690
150386.718750	-145.330124
150392.578125	-142.633102
150398.437500	-140.755569
150404.296875	-141.926697
150410.156250	-145.623734
150416.015625	-134.757034
150421.875000	-111.386543
150427.734375	-98.598274
150433.593750	-93.616447
150439.453125	-95.351822
150445.312500	-104.196426
150451.171875	-122.491974
150457.031250	-142.310043
150462.890625	-140.916794
150468.750000	-141.506653
150474.609375	-145.496490
150480.468750	-145.438553
150486.328125	-142.288651
150492.187500	-141.154343
150498.046875	-141.865570
150503.906250	-143.071213
150509.765625	-143.390564
150515.625000	-143.152283
150521.484375	-142.539383
150527.343750	-129.751434
150533.203125	-107.717865
150539.062500	-96.798485
150544.921875	-93.361954
150550.781250	-96.620735
150556.640625	-107.298233
150562.500000	-128.535446
150568.359375	-149.250336
150574.218750	-150.975769
150580.078125	-147.098618
150585.937500	-145.653442
150591.796875	-143.419342
150597.656250	-141.865814
150603.515625	-141.954956
150609.375000	-144.536652
150615.234375	-144.631088
150621.093750	-142.821243
150626.953125	-143.536362
150632.812500	-143.197403
150638.671875	-123.111542
150644.531250	-104.417183
150650.390625	-95.372223
150656.250000	-93.471977
150662.109375	-98.316017
150667.968750	-111.142120
150673.828125	-138.783997
150679.687500	-146.063705
150685.546875	-150.858124
150691.406250	-147.326920
150697.265625	-142.571320
150703.125000	-140.605637
150708.984375	-142.124069
150714.843750	-144.070984
150720.703125	-143.678925
150726.562500	-143.010468
150732.421875	-143.391159
150738.281250	-143.149277
150744.140625	-141.724945
150750.000000	-117.529182
150755.859375	-101.560310
150761.718750	-94.273659
150767.578125	-93.878479
150773.437500	-100.313202
150779.296875	-115.252129
150785.156250	-144.796173
150791.015625	-143.566711
150796.875000	-143.581024
150802.734375	-147.247910
150808.593750	-149.523361
150814.453125	-142.217133
150820.312500	-139.655945
150826.171875	-141.519302
150832.031250	-142.728531
150837.890625	-142.673843
150843.750000	-144.745682
150849.609375	-145.967163
150855.468750	-138.157654
150861.328125	-112.804878
150867.187500	-99.163216
150873.046875	-93.536499
150878.906250	-94.662155
150884.765625	-102.821770
150890.625000	-120.477898
150896.484375	-141.501404
150902.343750	-142.096558
150908.203125	-143.352310
150914.062500	-145.173294
150919.921875	-145.314087
150925.781250	-145.828262
150931.640625	-144.456970
150937.500000	-143.971939
150943.359375	-147.266006
150949.218750	-150.283325
150955.078125	-145.500839
150960.937500	-141.887985
150966.796875	-130.955688
150972.656250	-108.902412
150978.515625	-97.252388
150984.375000	-93.182701
150990.234375	-95.804489
150996.093750	-105.701385
151001.953125	-125.941017
151007.812500	-142.629196
151013.671875	-141.642532
151019.531250	-142.394043
151025.390625	-143.944000
151031.250000	-144.926178
151037.109375	-144.669754
151042.968750	-144.201187
151048.828125	-141.483994
151054.687500	-140.424454
151060.546875	-141.026062
151066.406250	-142.084335
151072.265625	-142.767807
151078.125000	-125.301659
151083.984375	-105.477303
151089.843750	-95.681900
151095.703125	-93.148987
151101.562500	-97.326424
151107.421875	-109.194542
151113.281250	-133.147736
151119.140625	-146.343246
151125.000000	-145.472992
151130.859375	-145.243576
151136.718750	-145.396317
151142.578125	-144.533707
151148.437500	-142.164078
151154.296875	-140.307800
151160.156250	-140.249435
151166.015625	-141.846771
151171.875000	-142.565353
151177.734375	-140.610870
151183.593750	-139.405548
151189.453125	-119.170967
151195.312500	-102.402939
151201.171875	-94.443748
151207.031250	-93.432877
151212.890625	-99.177467
151218.750000	-113.086456
151224.609375	-139.591003
151230.468750	-142.193237
151236.328125	-143.361755
151242.187500	-142.947327
151248.046875	-143.721054
151253.906250	-142.781479
151259.765625	-142.067764
151265.625000	-142.035751
151271.484375	-142.891968
151277.343750	-144.776825
151283.203125	-148.775955
151289.062500	-147.006760
151294.921875	-142.683014
151300.781250	-114.661674
151306.640625	-99.938095
151312.500000	-93.609428
151318.359375	-94.099068
151324.218750	-101.513824
151330.078125	-117.820534
151335.937500	-144.699417
151341.796875	-143.478027
151347.656250	-142.951721
151353.515625	-144.159164
151359.375000	-144.166183
151365.234375	-144.366089
151371.093750	-143.809891
151376.953125	-143.298630
151382.812500	-142.802704
151388.671875	-143.482071
151394.531250	-141.281967
151400.390625	-140.594040
151406.250000	-134.210785
151412.109375	-110.336548
151417.968750	-97.811920
151423.828125	-93.088593
151429.687500	-95.076477
151435.546875	-104.192642
151441.406250	-122.814720
151447.265625	-142.197342
151453.125000	-140.280670
151458.984375	-141.632080
151464.843750	-144.487030
151470.703125	-151.545227
151476.562500	-144.443008
151482.421875	-140.707153
151488.281250	-141.502396
151494.140625	-143.208405
151500.000000	-142.834732
151505.859375	-142.476105
151511.718750	-141.636017
151517.578125	-127.598297
151523.437500	-106.656631
151529.296875	-96.102684
151535.156250	-92.936195
151541.015625	-96.448242
151546.875000	-107.371368
151552.734375	-128.539062
151558.593750	-145.538422
151564.453125	-145.130432
151570.312500	-141.583405
151576.171875	-141.947311
151582.031250	-143.748077
151587.890625	-145.228210
151593.750000	-144.222244
151599.609375	-142.693054
151605.468750	-147.590729
151611.328125	-145.566910
151617.187500	-143.869003
151623.046875	-144.314133
151628.906250	-121.423111
151634.765625	-103.436592
151640.625000	-94.741837
151646.484375	-93.107117
151652.343750	-98.190826
151658.203125	-111.167839
151664.062500	-136.538910
151669.921875	-145.843323
151675.781250	-143.865036
151681.640625	-143.399521
151687.500000	-142.963821
151693.359375	-144.399612
151699.218750	-146.320679
151705.078125	-146.835876
151710.937500	-148.687592
151716.796875	-150.424591
151722.656250	-144.082794
151728.515625	-140.880203
151734.375000	-139.514175
151740.234375	-116.391884
151746.093750	-100.763168
151751.953125	-93.754105
151757.812500	-93.622276
151763.671875	-100.345390
151769.531250	-115.691589
151775.390625	-142.913162
151781.250000	-143.947266
151787.109375	-145.468079
151792.968750	-148.097656
151798.828125	-144.384689
151804.687500	-142.095795
151810.546875	-144.265823
151816.406250	-144.197098
151822.265625	-143.125244
151828.125000	-144.462723
151833.984375	-146.113693
151839.843750	-143.903397
151845.703125	-137.509857
151851.562500	-111.916855
151857.421875	-98.502884
151863.281250	-93.127617
151869.140625	-94.492569
151875.000000	-102.864243
151880.859375	-120.230225
151886.718750	-141.628372
151892.578125	-141.705734
151898.437500	-142.430847
151904.296875	-142.930862
151910.156250	-143.466644
151916.015625	-142.594009
151921.875000	-141.908493
151927.734375	-144.608353
151933.593750	-151.373001
151939.453125	-145.718567
151945.312500	-143.112564
151951.171875	-144.395676
151957.031250	-130.820419
151962.890625	-107.955009
151968.750000	-96.618683
151974.609375	-92.822021
151980.468750	-95.707405
151986.328125	-105.884628
151992.187500	-126.072350
151998.046875	-143.309250
152003.906250	-144.859711
152009.765625	-148.718582
152015.625000	-146.483383
152021.484375	-146.093246
152027.343750	-145.914886
152033.203125	-143.240677
152039.062500	-141.614609
152044.921875	-141.754837
152050.781250	-141.218445
152056.640625	-140.998886
152062.500000	-143.001785
152068.359375	-124.202026
152074.218750	-104.630585
152080.078125	-95.152092
152085.937500	-92.883469
152091.796875	-97.313484
152097.656250	-109.406075
152103.515625	-131.994186
152109.375000	-142.530792
152115.234375	-144.781952
152121.093750	-145.647278
152126.953125	-142.533951
152132.812500	-141.210846
152138.671875	-142.393127
152144.531250	-144.576874
152150.390625	-142.504364
152156.250000	-140.632370
152162.109375	-141.851913
152167.968750	-142.578430
152173.828125	-142.957657
152179.687500	-118.482933
152185.546875	-101.747276
152191.406250	-94.030418
152197.265625	-93.271660
152203.125000	-99.291702
152208.984375	-113.536461
152214.843750	-138.225159
152220.703125	-140.363953
152226.562500	-140.655640
152232.421875	-142.421005
152238.281250	-145.956131
152244.140625	-144.414658
152250.000000	-144.814636
152255.859375	-143.565002
152261.718750	-141.154388
152267.578125	-139.631165
152273.437500	-139.388214
152279.296875	-142.450745
152285.156250	-141.635040
152291.015625	-113.688400
152296.875000	-99.327682
152302.734375	-93.275963
152308.593750	-94.021103
152314.453125	-101.717682
152320.312500	-118.342209
152326.171875	-142.623474
152332.031250	-145.713196
152337.890625	-147.375839
152343.750000	-143.324310
152349.609375	-141.677322
152355.468750	-141.418961
152361.328125	-142.534637
152367.187500	-142.605881
152373.046875	-144.061111
152378.906250	-145.574295
152384.765625	-143.892776
152390.625000	-144.314667
152396.484375	-133.220734
152402.343750	-109.418167
152408.203125	-97.273132
152414.062500	-92.836266
152419.921875	-95.094376
152425.781250	-104.529213
152431.640625	-123.908279
152437.500000	-145.703705
152443.359375	-144.155655
152449.218750	-142.559891
152455.078125	-142.566162
152460.937500	-144.482254
152466.796875	-149.651306
152472.656250	-149.606354
152478.515625	-150.452393
152484.375000	-146.355072
152490.234375	-145.740051
152496.093750	-146.206558
152501.953125	-145.020508
152507.812500	-126.725319
152513.671875	-105.895271
152519.531250	-95.658264
152525.390625	-92.760025
152531.250000	-96.546463
152537.109375	-107.849625
152542.968750	-130.205978
152548.828125	-142.055954
152554.687500	-140.294632
152560.546875	-141.643021
152566.406250	-143.346207
152572.265625	-143.909134
152578.125000	-145.344772
152583.984375	-148.755875
152589.843750	-148.390564
152595.703125	-146.081528
152601.562500	-143.431168
152607.421875	-141.468933
152613.281250	-140.907104
152619.140625	-120.585960
152625.000000	-102.832512
152630.859375	-94.410820
152636.718750	-93.028877
152642.578125	-98.380806
152648.437500	-111.624046
152654.296875	-134.909729
152660.156250	-141.879242
152666.015625	-141.157776
152671.875000	-141.867020
152677.734375	-144.251541
152683.593750	-147.126266
152689.453125	-150.788971
152695.312500	-148.314041
152701.171875	-145.694443
152707.031250	-143.561264
152712.890625	-142.264999
152718.750000	-141.231216
152724.609375	-140.567169
152730.468750	-115.446838
152736.328125	-100.230324
152742.187500	-93.521652
152748.046875	-93.651627
152753.906250	-100.654968
152759.765625	-116.363968
152765.625000	-142.381119
152771.484375	-146.055023
152777.343750	-146.039322
152783.203125	-144.281754
152789.062500	-143.664200
152794.921875	-144.529938
152800.781250	-142.771286
152806.640625	-141.856445
152812.500000	-142.141983
152818.359375	-143.340225
152824.218750	-145.792618
152830.078125	-147.911530
152835.937500	-137.895737
152841.796875	-111.128609
152847.656250	-98.045990
152853.515625	-92.944588
152859.375000	-94.588165
152865.234375	-103.335358
152871.093750	-121.652046
152876.953125	-144.989410
152882.812500	-146.740082
152888.671875	-147.014679
152894.531250	-143.933334
152900.390625	-143.112488
152906.250000	-143.361908
152912.109375	-145.111908
152917.968750	-145.726669
152923.828125	-143.972397
152929.687500	-144.140137
152935.546875	-145.961823
152941.406250	-144.221725
152947.265625	-128.170105
152953.125000	-107.164673
152958.984375	-96.257065
152964.843750	-92.749870
152970.703125	-95.916901
152976.562500	-106.467003
152982.421875	-127.552917
152988.281250	-144.765518
152994.140625	-141.394485
153000.000000	-141.500137
153005.859375	-143.427261
153011.718750	-143.973434
153017.578125	-143.341660
153023.437500	-145.752853
153029.296875	-147.442734
153035.156250	-143.190033
153041.015625	-141.597137
153046.875000	-145.757629
153052.734375	-145.673981
153058.593750	-123.178207
153064.453125	-104.017487
153070.312500	-94.869385
153076.171875	-92.873276
153082.031250	-97.589928
153087.890625	-110.101303
153093.750000	-134.552353
153099.609375	-143.779968
153105.468750	-142.587509
153111.328125	-142.381607
153117.187500	-143.703705
153123.046875	-145.738449
153128.906250	-146.738541
153134.765625	-146.134369
153140.625000	-143.356598
153146.484375	-143.910507
153152.343750	-144.111969
153158.203125	-143.511520
153164.062500	-143.518127
153169.921875	-117.608971
153175.781250	-101.313934
153181.640625	-93.888535
153187.500000	-93.389801
153193.359375	-99.683350
153199.218750	-114.198761
153205.078125	-138.785553
153210.937500	-144.383102
153216.796875	-146.014633
153222.656250	-148.847870
153228.515625	-148.990967
153234.375000	-145.928467
153240.234375	-144.305038
153246.093750	-143.866745
153251.953125	-144.606384
153257.812500	-146.079102
153263.671875	-144.641327
153269.531250	-142.996796
153275.390625	-139.389694
153281.250000	-112.917641
153287.109375	-98.952515
153292.968750	-93.189171
153298.828125	-94.205338
153304.687500	-102.212852
153310.546875	-119.385635
153316.406250	-146.792450
153322.265625	-147.603256
153328.125000	-145.115402
153333.984375	-142.361328
153339.843750	-142.128952
153345.703125	-140.797607
153351.562500	-141.544556
153357.421875	-144.093628
153363.281250	-143.458984
153369.140625	-141.679153
153375.000000	-141.833191
153380.859375	-143.600769
153386.718750	-132.136200
153392.578125	-108.812996
153398.437500	-97.037148
153404.296875	-92.880905
153410.156250	-95.416061
153416.015625	-105.204552
153421.875000	-125.075592
153427.734375	-151.490417
153433.593750	-146.092224
153439.453125	-143.875656
153445.312500	-142.104187
153451.171875	-142.004410
153457.031250	-142.671494
153462.890625	-145.033493
153468.750000	-146.500290
153474.609375	-145.959381
153480.468750	-147.337189
153486.328125	-146.407959
153492.187500	-146.649445
153498.046875	-125.909531
153503.906250	-105.425301
153509.765625	-95.503677
153515.625000	-92.877197
153521.484375	-96.951111
153527.343750	-108.639526
153533.203125	-131.412949
153539.062500	-145.505737
153544.921875	-147.884949
153550.781250	-150.093338
153556.640625	-149.455200
153562.500000	-146.502365
153568.359375	-142.872192
153574.218750	-142.359573
153580.078125	-143.100433
153585.937500	-142.955780
153591.796875	-144.651901
153597.656250	-144.541367
153603.515625	-142.784729
153609.375000	-119.434525
153615.234375	-102.394402
153621.093750	-94.313011
153626.953125	-93.218391
153632.812500	-98.892082
153638.671875	-112.789169
153644.531250	-142.890656
153650.390625	-146.122238
153656.250000	-144.492386
153662.109375	-143.463089
153667.968750	-145.581375
153673.828125	-144.962112
153679.687500	-142.214111
153685.546875	-143.355942
153691.406250	-148.419449
153697.265625	-147.576309
153703.125000	-146.686996
153708.984375	-146.181717
153714.843750	-145.632141
153720.703125	-114.902802
153726.562500	-99.954903
153732.421875	-93.518890
153738.281250	-93.915459
153744.140625	-101.231697
153750.000000	-117.443954
153755.859375	-146.573975
153761.718750	-145.635818
153767.578125	-146.979965
153773.437500	-144.393600
153779.296875	-141.801743
153785.156250	-144.136368
153791.015625	-142.345032
153796.875000	-140.736557
153802.734375	-143.047302
153808.593750	-147.650528
153814.453125	-150.463425
153820.312500	-146.841400
153826.171875	-134.532959
153832.031250	-110.454315
153837.890625	-97.848602
153843.750000	-93.042931
153849.609375	-94.950470
153855.468750	-103.996407
153861.328125	-122.784241
153867.187500	-143.656769
153873.046875	-143.225693
153878.906250	-141.175537
153884.765625	-141.764084
153890.625000	-146.516983
153896.484375	-145.108795
153902.343750	-142.771866
153908.203125	-145.038635
153914.062500	-143.327179
153919.921875	-141.886993
153925.781250	-140.854584
153931.640625	-140.270721
153937.500000	-127.152443
153943.359375	-106.794693
153949.218750	-96.177483
153955.078125	-92.927467
153960.937500	-96.346039
153966.796875	-107.140701
153972.656250	-127.682198
153978.515625	-142.322189
153984.375000	-143.412216
153990.234375	-143.242432
153996.093750	-145.883881
154001.953125	-145.828827
154007.812500	-143.756638
154013.671875	-143.704391
154019.531250	-142.126038
154025.390625	-141.432724
154031.250000	-141.850281
154037.109375	-143.654556
154042.968750	-143.973816
154048.828125	-122.107140
154054.687500	-103.725327
154060.546875	-94.893524
154066.406250	-93.164192
154072.265625	-98.160904
154078.125000	-111.041840
154083.984375	-136.106003
154089.843750	-143.808136
154095.703125	-147.704056
154101.562500	-145.117615
154107.421875	-143.581711
154113.281250	-143.403244
154119.140625	-142.922867
154125.000000	-142.643127
154130.859375	-143.159561
154136.718750	-143.686188
154142.578125	-142.217361
154148.437500	-141.606659
154154.296875	-141.720490
154160.156250	-116.882721
154166.015625	-101.034042
154171.875000	-93.925018
154177.734375	-93.701141
154183.593750	-100.305664
154189.453125	-115.306984
154195.312500	-140.452927
154201.171875	-147.140350
154207.031250	-143.483200
154212.890625	-141.627762
154218.750000	-140.666565
154224.609375	-140.674133
154230.468750	-141.533035
154236.328125	-141.955643
154242.187500	-140.993057
154248.046875	-140.033646
154253.906250	-141.719070
154259.765625	-145.680084
154265.625000	-138.571518
154271.484375	-112.263184
154277.343750	-98.807648
154283.203125	-93.353317
154289.062500	-94.646141
154294.921875	-102.990395
154300.781250	-120.921097
154306.640625	-144.557083
154312.500000	-142.776764
154318.359375	-141.444702
154324.218750	-139.987793
154330.078125	-139.580231
154335.937500	-140.100449
154341.796875	-142.189529
154347.656250	-142.528885
154353.515625	-140.533463
154359.375000	-140.664337
154365.234375	-141.950974
154371.093750	-144.283173
154376.953125	-131.783981
154382.812500	-108.514557
154388.671875	-97.015251
154394.531250	-93.117371
154400.390625	-95.911125
154406.250000	-105.987068
154412.109375	-126.132881
154417.968750	-144.835114
154423.828125	-146.962708
154429.687500	-147.082977
154435.546875	-148.361771
154441.406250	-150.196457
154447.265625	-150.667221
154453.125000	-146.874817
154458.984375	-144.190338
154464.843750	-144.132172
154470.703125	-142.782990
154476.562500	-141.484131
154482.421875	-140.904648
154488.281250	-124.888359
154494.140625	-105.136726
154500.000000	-95.562271
154505.859375	-93.210793
154511.718750	-97.564842
154517.578125	-109.647324
154523.437500	-134.600784
154529.296875	-140.936768
154535.156250	-140.538330
154541.015625	-141.244751
154546.875000	-143.679962
154552.734375	-146.632736
154558.593750	-148.807861
154564.453125	-147.075531
154570.312500	-144.941162
154576.171875	-143.698212
154582.031250	-143.279068
154587.890625	-142.495544
154593.750000	-141.058868
154599.609375	-119.105560
154605.468750	-102.306236
154611.328125	-94.489647
154617.187500	-93.646034
154623.046875	-99.582932
154628.906250	-113.689636
154634.765625	-138.518387
154640.625000	-143.236038
154646.484375	-143.631348
154652.343750	-143.397614
154658.203125	-142.117538
154664.062500	-141.809708
154669.921875	-141.468475
154675.781250	-140.835144
154681.640625	-141.841278
154687.500000	-143.155472
154693.359375	-144.303040
154699.218750	-148.459686
154705.078125	-141.963760
154710.937500	-114.349510
154716.796875	-99.900200
154722.656250	-93.760658
154728.515625	-94.412064
154734.375000	-101.968391
154740.234375	-118.279625
154746.093750	-146.483307
154751.953125	-143.281204
154757.812500	-142.450851
154763.671875	-143.357986
154769.531250	-144.550476
154775.390625	-144.329117
154781.250000	-144.547913
154787.109375	-146.607849
154792.968750	-149.164017
154798.828125	-147.136765
154804.687500	-146.119736
154810.546875	-144.178482
154816.406250	-132.925262
154822.265625	-110.157082
154828.125000	-97.931396
154833.984375	-93.402672
154839.843750	-95.575623
154845.703125	-104.936111
154851.562500	-124.362152
154857.421875	-141.798508
154863.281250	-143.752029
154869.140625	-142.776627
154875.000000	-141.750717
154880.859375	-142.120255
154886.718750	-143.688354
154892.578125	-144.831772
154898.437500	-147.564255
154904.296875	-146.724991
154910.156250	-148.155563
154916.015625	-147.997513
154921.875000	-149.905624
154927.734375	-127.951126
154933.593750	-106.717606
154939.453125	-96.335579
154945.312500	-93.345398
154951.171875	-97.052277
154957.031250	-108.276230
154962.890625	-130.454834
154968.750000	-148.919662
154974.609375	-150.176270
154980.468750	-149.588120
154986.328125	-142.030411
154992.187500	-140.954254
154998.046875	-143.898453
155003.906250	-145.609604
155009.765625	-141.977844
155015.625000	-139.558441
155021.484375	-139.107269
155027.343750	-141.369705
155033.203125	-144.296371
155039.062500	-145.613129
155044.921875	-143.095993
155050.781250	-141.849487
155056.640625	-141.913589
155062.500000	-144.016418
155068.359375	-146.565292
155074.218750	-147.477768
155080.078125	-145.235153
155085.937500	-143.281876
155091.796875	-145.781601
155097.656250	-153.302383
155103.515625	-149.357361
155109.375000	-144.925751
155115.234375	-141.294342
155121.093750	-141.136765
155126.953125	-144.608765
155132.812500	-145.787796
155138.671875	-145.104218
155144.531250	-143.162567
155150.390625	-143.892044
155156.250000	-145.436172
155162.109375	-144.246124
155167.968750	-142.023911
155173.828125	-140.804214
155179.687500	-140.936356
155185.546875	-142.220749
155191.406250	-143.090363
155197.265625	-142.843399
155203.125000	-147.172943
155208.984375	-146.190399
155214.843750	-143.574036
155220.703125	-145.575668
155226.562500	-146.787369
155232.421875	-146.334366
155238.281250	-145.556168
155244.140625	-143.124680
155250.000000	-142.842804
155255.859375	-145.519424
155261.718750	-145.773483
155267.578125	-144.582443
155273.437500	-147.828583
155279.296875	-146.552155
155285.156250	-142.584015
155291.015625	-142.694427
155296.875000	-143.618378
155302.734375	-141.562424
155308.593750	-141.783554
155314.453125	-142.920074
155320.312500	-144.456512
155326.171875	-147.235977
155332.031250	-149.704330
155337.890625	-146.894470
155343.750000	-142.745026
155349.609375	-141.268326
155355.468750	-143.086914
155361.328125	-145.127579
155367.187500	-142.747192
155373.046875	-142.421295
155378.906250	-143.642197
155384.765625	-145.948013
155390.625000	-146.692566
155396.484375	-148.457642
155402.343750	-150.218491
155408.203125	-147.789383
155414.062500	-149.287766
155419.921875	-147.565384
155425.781250	-146.308121
155431.640625	-144.276672
155437.500000	-143.177094
155443.359375	-144.662598
155449.218750	-144.352478
155455.078125	-149.170700
155460.937500	-153.759491
155466.796875	-145.498932
155472.656250	-142.920181
155478.515625	-144.524826
155484.375000	-148.596832
155490.234375	-142.467590
155496.093750	-142.552460
155501.953125	-145.375275
155507.812500	-147.915009
155513.671875	-146.616425
155519.531250	-142.057327
155525.390625	-142.649780
155531.250000	-142.673523
155537.109375	-140.440109
155542.968750	-142.394287
155548.828125	-145.694321
155554.687500	-143.776871
155560.546875	-142.345291
155566.406250	-141.597946
155572.265625	-142.234085
155578.125000	-143.162964
155583.984375	-142.282883
155589.843750	-141.538193
155595.703125	-140.507980
155601.562500	-140.082977
155607.421875	-140.711914
155613.281250	-145.043747
155619.140625	-148.488434
155625.000000	-145.360535
155630.859375	-142.853363
155636.718750	-144.258118
155642.578125	-145.541611
155648.437500	-143.498550
155654.296875	-143.878540
155660.156250	-147.557343
155666.015625	-143.805710
155671.875000	-142.485718
155677.734375	-142.053558
155683.593750	-141.866470
155689.453125	-143.939255
155695.312500	-150.122925
155701.171875	-145.700577
155707.031250	-144.054413
155712.890625	-143.109406
155718.750000	-144.801926
155724.609375	-149.245941
155730.468750	-147.909393
155736.328125	-144.736908
155742.187500	-143.678314
155748.046875	-143.942032
155753.906250	-145.503128
155759.765625	-148.002762
155765.625000	-149.908752
155771.484375	-148.343506
155777.343750	-148.497803
155783.203125	-148.140732
155789.062500	-146.552689
155794.921875	-149.507477
155800.781250	-142.692856
155806.640625	-140.774063
155812.500000	-142.725021
155818.359375	-146.263519
155824.218750	-146.895264
155830.078125	-144.702881
155835.937500	-146.593048
155841.796875	-146.944412
155847.656250	-143.905472
155853.515625	-143.716553
155859.375000	-145.335861
155865.234375	-146.202942
155871.093750	-146.503403
155876.953125	-145.392288
155882.812500	-144.589478
155888.671875	-143.590210
155894.531250	-142.473923
155900.390625	-143.672821
155906.250000	-145.090485
155912.109375	-144.637314
155917.968750	-145.404282
155923.828125	-142.603394
155929.687500	-142.317337
155935.546875	-145.844315
155941.406250	-144.727997
155947.265625	-142.548706
155953.125000	-143.007385
155958.984375	-143.508606
155964.843750	-143.354172
155970.703125	-143.523911
155976.562500	-141.654343
155982.421875	-140.765640
155988.281250	-143.439362
155994.140625	-144.483841
156000.000000	-143.549149
156005.859375	-146.401703
156011.718750	-144.298798
156017.578125	-142.132507
156023.437500	-143.177719
156029.296875	-147.990662
156035.156250	-140.434021
156041.015625	-139.190201
156046.875000	-142.203629
156052.734375	-144.356247
156058.593750	-144.786789
156064.453125	-144.522568
156070.312500	-145.248032
156076.171875	-143.697830
156082.031250	-144.822357
156087.890625	-147.481003
156093.750000	-142.274017
156099.609375	-140.421967
156105.468750	-140.718689
156111.328125	-143.750641
156117.187500	-148.644257
156123.046875	-152.012146
156128.906250	-146.226654
156134.765625	-142.523636
156140.625000	-142.341583
156146.484375	-143.220551
156152.343750	-143.502075
156158.203125	-143.769135
156164.062500	-143.636719
156169.921875	-145.339645
156175.781250	-144.714218
156181.640625	-144.249390
156187.500000	-146.638306
156193.359375	-147.176926
156199.218750	-148.093994
156205.078125	-147.273315
156210.937500	-144.683411
156216.796875	-143.974274
156222.656250	-144.361526
156228.515625	-144.731842
156234.375000	-144.565063
156240.234375	-144.094376
156246.093750	-145.762222
156251.953125	-146.999756
156257.812500	-145.426102
156263.671875	-145.813248
156269.531250	-149.412186
156275.390625	-144.107773
156281.250000	-141.079758
156287.109375	-141.822525
156292.968750	-141.774933
156298.828125	-142.148193
156304.687500	-144.622086
156310.546875	-145.078888
156316.406250	-145.741150
156322.265625	-146.358902
156328.125000	-146.128448
156333.984375	-145.286652
156339.843750	-145.118729
156345.703125	-144.798309
156351.562500	-145.957077
156357.421875	-146.446259
156363.281250	-144.536514
156369.140625	-143.483887
156375.000000	-142.859116
156380.859375	-143.867096
156386.718750	-143.880249
156392.578125	-143.744476
156398.437500	-148.065018
156404.296875	-149.127258
156410.156250	-146.681320
156416.015625	-145.820709
156421.875000	-147.652084
156427.734375	-148.665634
156433.593750	-145.570511
156439.453125	-143.982468
156445.312500	-142.174652
156451.171875	-142.145813
156457.031250	-145.693832
156462.890625	-147.024719
156468.750000	-144.053589
156474.609375	-142.084381
156480.468750	-142.880463
156486.328125	-147.450958
156492.187500	-147.557770
156498.046875	-145.841568
156503.906250	-143.524765
156509.765625	-144.634537
156515.625000	-145.578232
156521.484375	-142.743881
156527.343750	-144.212524
156533.203125	-146.352005
156539.062500	-147.175812
156544.921875	-148.448349
156550.781250	-143.987000
156556.640625	-142.971451
156562.500000	-145.097336
156568.359375	-144.846558
156574.218750	-144.525818
156580.078125	-144.262558
156585.937500	-144.478043
156591.796875	-145.491409
156597.656250	-143.864258
156603.515625	-144.792831
156609.375000	-144.042572
156615.234375	-141.768143
156621.093750	-141.388382
156626.953125	-142.031189
156632.812500	-143.363785
156638.671875	-145.566040
156644.531250	-146.248138
156650.390625	-145.197784
156656.250000	-146.227005
156662.109375	-147.273178
156667.968750	-146.313766
156673.828125	-146.206223
156679.687500	-146.459595
156685.546875	-144.758484
156691.406250	-143.044281
156697.265625	-144.888504
156703.125000	-146.915634
156708.984375	-144.896255
156714.843750	-143.861008
156720.703125	-145.572250
156726.562500	-148.610077
156732.421875	-146.588470
156738.281250	-142.207947
156744.140625	-141.490097
156750.000000	-142.785400
156755.859375	-143.084686
156761.718750	-142.883713
156767.578125	-140.555237
156773.437500	-140.495377
156779.296875	-143.207596
156785.156250	-144.682663
156791.015625	-144.161453
156796.875000	-144.951889
156802.734375	-142.773529
156808.593750	-142.435593
156814.453125	-144.290649
156820.312500	-146.557449
156826.171875	-149.199448
156832.031250	-146.108673
156837.890625	-142.584366
156843.750000	-142.836227
156849.609375	-145.558929
156855.468750	-145.896393
156861.328125	-142.703766
156867.187500	-141.763733
156873.046875	-142.746338
156878.906250	-144.544937
156884.765625	-143.620834
156890.625000	-144.877609
156896.484375	-149.291382
156902.343750	-144.940170
156908.203125	-144.547287
156914.062500	-144.298325
156919.921875	-143.520096
156925.781250	-144.458740
156931.640625	-143.953598
156937.500000	-142.879730
156943.359375	-142.588898
156949.218750	-142.932175
156955.078125	-142.354340
156960.937500	-143.042709
156966.796875	-147.414627
156972.656250	-150.613312
156978.515625	-148.331436
156984.375000	-142.987595
156990.234375	-142.656555
156996.093750	-144.940414
157001.953125	-145.193008
157007.812500	-145.608353
157013.671875	-145.949860
157019.531250	-145.915604
157025.390625	-145.609589
157031.250000	-147.031509
157037.109375	-146.222946
157042.968750	-142.396622
157048.828125	-143.300003
157054.687500	-146.621811
157060.546875	-144.346756
157066.406250	-142.909775
157072.265625	-143.149368
157078.125000	-143.004944
157083.984375	-145.575500
157089.843750	-144.893173
157095.703125	-141.900909
157101.562500	-141.661392
157107.421875	-142.347549
157113.281250	-143.295715
157119.140625	-147.708359
157125.000000	-148.416534
157130.859375	-145.911774
157136.718750	-145.538483
157142.578125	-146.444656
157148.437500	-144.861679
157154.296875	-145.689667
157160.156250	-148.409363
157166.015625	-145.423523
157171.875000	-145.518616
157177.734375	-143.666153
157183.593750	-142.165970
157189.453125	-147.993729
157195.312500	-145.264771
157201.171875	-143.944534
157207.031250	-146.063690
157212.890625	-145.187454
157218.750000	-143.582962
157224.609375	-141.924728
157230.468750	-142.744308
157236.328125	-143.511200
157242.187500	-142.820328
157248.046875	-142.825775
157253.906250	-145.834625
157259.765625	-147.114609
157265.625000	-142.582062
157271.484375	-142.191345
157277.343750	-144.515305
157283.203125	-146.099747
157289.062500	-145.712311
157294.921875	-144.388428
157300.781250	-142.111908
157306.640625	-140.623505
157312.500000	-141.171448
157318.359375	-144.428955
157324.218750	-147.434952
157330.078125	-144.618774
157335.937500	-142.828384
157341.796875	-144.445969
157347.656250	-142.906845
157353.515625	-143.469193
157359.375000	-145.230347
157365.234375	-143.028534
157371.093750	-142.746002
157376.953125	-144.714462
157382.812500	-143.615814
157388.671875	-142.762711
157394.531250	-143.959366
157400.390625	-145.390701
157406.250000	-145.937073
157412.109375	-150.026978
157417.968750	-149.293106
157423.828125	-149.538849
157429.687500	-144.076584
157435.546875	-144.673370
157441.406250	-144.627701
157447.265625	-144.397202
157453.125000	-144.414093
157458.984375	-143.863449
157464.843750	-143.480316
157470.703125	-144.242264
157476.562500	-144.198120
157482.421875	-142.888184
157488.281250	-142.119293
157494.140625	-141.456802
157500.000000	-143.759689
157505.859375	-147.434555
157511.718750	-146.615479
157517.578125	-145.186417
157523.437500	-143.983276
157529.296875	-143.345428
157535.156250	-143.938934
157541.015625	-143.358887
157546.875000	-143.746780
157552.734375	-146.135208
157558.593750	-146.016708
157564.453125	-148.676315
157570.312500	-150.424713
157576.171875	-145.359390
157582.031250	-143.720871
157587.890625	-143.325653
157593.750000	-144.183716
157599.609375	-144.565765
157605.468750	-143.131943
157611.328125	-142.182343
157617.187500	-142.662735
157623.046875	-142.606842
157628.906250	-144.521454
157634.765625	-147.721924
157640.625000	-146.215881
157646.484375	-145.971619
157652.343750	-147.889297
157658.203125	-146.076691
157664.062500	-144.674057
157669.921875	-143.903275
157675.781250	-142.596527
157681.640625	-145.798904
157687.500000	-146.487930
157693.359375	-144.519669
157699.218750	-148.093658
157705.078125	-149.173782
157710.937500	-144.241425
157716.796875	-142.114929
157722.656250	-143.134003
157728.515625	-142.461807
157734.375000	-142.381546
157740.234375	-143.022415
157746.093750	-142.372696
157751.953125	-143.653580
157757.812500	-144.122940
157763.671875	-142.477188
157769.531250	-142.657135
157775.390625	-144.948029
157781.250000	-143.155869
157787.109375	-141.356750
157792.968750	-141.374023
157798.828125	-142.027496
157804.687500	-143.475021
157810.546875	-147.191299
157816.406250	-146.013458
157822.265625	-145.218140
157828.125000	-147.460327
157833.984375	-146.224411
157839.843750	-143.885025
157845.703125	-143.440186
157851.562500	-146.941727
157857.421875	-147.739914
157863.281250	-144.443756
157869.140625	-142.482925
157875.000000	-142.043045
157880.859375	-144.108337
157886.718750	-148.921951
157892.578125	-148.555496
157898.437500	-145.612595
157904.296875	-143.035965
157910.156250	-141.065567
157916.015625	-140.780640
157921.875000	-141.371078
157927.734375	-141.133392
157933.593750	-141.452988
157939.453125	-142.041107
157945.312500	-141.679138
157951.171875	-141.318100
157957.031250	-141.620071
157962.890625	-142.351166
157968.750000	-142.888916
157974.609375	-142.671249
157980.468750	-143.569931
157986.328125	-143.184525
157992.187500	-142.722641
157998.046875	-146.922729
158003.906250	-146.636444
158009.765625	-145.613892
158015.625000	-147.301910
158021.484375	-145.709702
158027.343750	-144.971405
158033.203125	-142.904739
158039.062500	-142.941345
158044.921875	-143.571625
158050.781250	-144.699799
158056.640625	-144.621414
158062.500000	-144.794434
158068.359375	-149.040146
158074.218750	-147.736755
158080.078125	-142.036835
158085.937500	-142.427597
158091.796875	-141.198044
158097.656250	-141.348877
158103.515625	-143.349670
158109.375000	-143.473831
158115.234375	-143.446442
158121.093750	-144.314880
158126.953125	-142.692978
158132.812500	-141.219193
158138.671875	-141.726151
158144.531250	-143.482971
158150.390625	-142.335037
158156.250000	-142.101883
158162.109375	-143.435669
158167.968750	-143.220001
158173.828125	-144.273468
158179.687500	-146.173294
158185.546875	-142.269989
158191.406250	-140.580688
158197.265625	-141.542160
158203.125000	-144.871399
158208.984375	-144.841293
158214.843750	-145.133026
158220.703125	-147.888153
158226.562500	-145.488342
158232.421875	-145.340988
158238.281250	-148.071274
158244.140625	-149.204102
158250.000000	-144.844421
158255.859375	-140.979462
158261.718750	-140.526001
158267.578125	-142.865189
158273.437500	-146.135345
158279.296875	-142.712189
158285.156250	-142.013596
158291.015625	-145.989532
158296.875000	-148.187515
158302.734375	-144.694122
158308.593750	-142.985535
158314.453125	-144.818390
158320.312500	-144.861267
158326.171875	-145.790909
158332.031250	-144.064407
158337.890625	-142.169189
158343.750000	-142.998505
158349.609375	-144.025238
158355.468750	-143.445465
158361.328125	-143.258865
158367.187500	-143.645248
158373.046875	-143.604523
158378.906250	-143.809006
158384.765625	-144.181412
158390.625000	-142.083374
158396.484375	-140.606522
158402.343750	-142.228973
158408.203125	-147.078232
158414.062500	-146.916977
158419.921875	-143.097214
158425.781250	-143.630295
158431.640625	-143.432419
158437.500000	-145.979935
158443.359375	-148.031677
158449.218750	-142.396454
158455.078125	-141.155823
158460.937500	-144.532639
158466.796875	-145.245224
158472.656250	-144.647171
158478.515625	-143.686478
158484.375000	-142.046387
158490.234375	-141.735016
158496.093750	-142.642670
158501.953125	-144.254913
158507.812500	-143.231903
158513.671875	-143.941605
158519.531250	-146.416168
158525.390625	-144.108383
158531.250000	-141.826004
158537.109375	-142.676422
158542.968750	-142.413803
158548.828125	-141.732239
158554.687500	-142.473114
158560.546875	-142.722183
158566.406250	-141.276443
158572.265625	-142.584976
158578.125000	-145.731201
158583.984375	-146.634293
158589.843750	-141.657486
158595.703125	-140.329239
158601.562500	-141.979492
158607.421875	-144.414871
158613.281250	-145.484344
158619.140625	-145.352798
158625.000000	-141.365448
158630.859375	-141.282028
158636.718750	-142.609711
158642.578125	-143.580704
158648.437500	-146.283859
158654.296875	-144.493988
158660.156250	-143.012863
158666.015625	-144.293716
158671.875000	-145.434143
158677.734375	-144.356247
158683.593750	-141.621185
158689.453125	-143.932205
158695.312500	-146.661911
158701.171875	-145.116409
158707.031250	-143.254913
158712.890625	-142.939102
158718.750000	-144.070572
158724.609375	-144.084091
158730.468750	-142.595291
158736.328125	-142.702011
158742.187500	-142.272202
158748.046875	-141.667374
158753.906250	-142.350967
158759.765625	-145.841675
158765.625000	-148.818100
158771.484375	-148.222229
158777.343750	-146.264420
158783.203125	-142.903015
158789.062500	-140.852753
158794.921875	-142.280594
158800.781250	-146.699081
158806.640625	-144.855789
158812.500000	-147.073181
158818.359375	-149.506180
158824.218750	-144.360077
158830.078125	-142.334183
158835.937500	-144.418640
158841.796875	-147.208038
158847.656250	-148.066666
158853.515625	-146.700592
158859.375000	-145.382385
158865.234375	-143.720215
158871.093750	-142.977127
158876.953125	-143.384491
158882.812500	-144.391144
158888.671875	-142.929214
158894.531250	-142.696671
158900.390625	-143.200607
158906.250000	-141.965530
158912.109375	-143.290298
158917.968750	-144.962555
158923.828125	-144.183350
158929.687500	-145.636322
158935.546875	-147.847855
158941.406250	-145.842285
158947.265625	-144.835266
158953.125000	-145.176849
158958.984375	-142.723618
158964.843750	-140.831787
158970.703125	-144.263702
158976.562500	-146.003769
158982.421875	-143.709045
158988.281250	-143.864075
158994.140625	-146.150757
159000.000000	-145.591843
159005.859375	-145.465073
159011.718750	-146.348541
159017.578125	-142.934677
159023.437500	-140.692429
159029.296875	-140.442108
159035.156250	-141.122055
159041.015625	-141.832611
159046.875000	-142.877289
159052.734375	-143.096405
159058.593750	-142.956299
159064.453125	-144.362213
159070.312500	-144.834366
159076.171875	-145.069824
159082.031250	-143.298553
159087.890625	-141.773712
159093.750000	-142.668182
159099.609375	-145.507309
159105.468750	-149.038208
159111.328125	-146.196259
159117.187500	-144.365814
159123.046875	-145.163834
159128.906250	-142.952774
159134.765625	-143.477890
159140.625000	-144.238632
159146.484375	-142.248840
159152.343750	-143.716675
159158.203125	-145.532516
159164.062500	-143.866302
159169.921875	-141.817093
159175.781250	-140.127365
159181.640625	-140.469482
159187.500000	-141.223480
159193.359375	-142.852234
159199.218750	-141.851807
159205.078125	-139.235825
159210.937500	-139.329971
159216.796875	-142.519608
159222.656250	-145.904053
159228.515625	-143.864914
159234.375000	-142.204590
159240.234375	-141.704254
159246.093750	-142.251114
159251.953125	-144.530121
159257.812500	-145.168228
159263.671875	-145.051575
159269.531250	-145.302811
159275.390625	-146.891602
159281.250000	-145.461472
159287.109375	-141.196167
159292.968750	-140.415298
159298.828125	-142.315430
159304.687500	-141.118286
159310.546875	-139.362640
159316.406250	-140.363632
159322.265625	-141.152328
159328.125000	-140.825333
159333.984375	-141.223358
159339.843750	-143.557449
159345.703125	-145.770279
159351.562500	-145.232635
159357.421875	-144.016769
159363.281250	-142.469208
159369.140625	-141.355896
159375.000000	-142.259216
159380.859375	-145.524292
159386.718750	-148.643173
159392.578125	-147.033936
159398.437500	-145.652283
159404.296875	-143.111908
159410.156250	-141.035309
159416.015625	-141.294785
159421.875000	-142.094894
159427.734375	-142.939880
159433.593750	-145.466141
159439.453125	-144.583344
159445.312500	-143.136459
159451.171875	-143.703369
159457.031250	-145.743668
159462.890625	-145.407990
159468.750000	-143.629852
159474.609375	-143.766235
159480.468750	-143.339478
159486.328125	-144.043182
159492.187500	-144.850281
159498.046875	-146.968735
159503.906250	-147.766647
159509.765625	-144.121979
159515.625000	-142.645844
159521.484375	-143.579575
159527.343750	-142.455933
159533.203125	-142.150101
159539.062500	-145.362076
159544.921875	-146.551590
159550.781250	-143.327286
159556.640625	-140.827209
159562.500000	-139.196152
159568.359375	-139.688065
159574.218750	-141.590393
159580.078125	-143.378708
159585.937500	-143.240173
159591.796875	-144.059280
159597.656250	-145.167877
159603.515625	-147.472290
159609.375000	-147.063705
159615.234375	-145.707306
159621.093750	-145.243637
159626.953125	-142.907745
159632.812500	-141.195160
159638.671875	-141.480301
159644.531250	-141.183899
159650.390625	-142.861572
159656.250000	-147.328583
159662.109375	-147.000504
159667.968750	-143.161682
159673.828125	-145.036606
159679.687500	-147.654419
159685.546875	-146.030350
159691.406250	-146.408554
159697.265625	-144.562164
159703.125000	-143.431427
159708.984375	-144.665817
159714.843750	-144.862228
159720.703125	-145.978256
159726.562500	-146.944397
159732.421875	-147.351334
159738.281250	-145.591690
159744.140625	-141.550690
159750.000000	-139.883362
159755.859375	-141.326233
159761.718750	-144.198898
159767.578125	-146.437698
159773.437500	-144.074585
159779.296875	-142.460510
159785.156250	-141.976532
159791.015625	-141.372910
159796.875000	-141.846863
159802.734375	-140.317581
159808.593750	-138.615936
159814.453125	-139.575195
159820.312500	-141.425659
159826.171875	-142.931534
159832.031250	-142.533096
159837.890625	-141.293655
159843.750000	-142.279160
159849.609375	-142.562256
159855.468750	-141.594879
159861.328125	-140.341690
159867.187500	-141.027237
159873.046875	-142.470856
159878.906250	-142.541214
159884.765625	-143.340576
159890.625000	-145.277359
159896.484375	-143.141708
159902.343750	-142.933853
159908.203125	-146.236267
159914.062500	-145.754761
159919.921875	-144.531433
159925.781250	-145.075516
159931.640625	-144.030716
159937.500000	-143.637466
159943.359375	-143.219818
159949.218750	-144.174179
159955.078125	-144.262100
159960.937500	-144.354309
159966.796875	-146.955322
159972.656250	-146.407928
159978.515625	-146.237228
159984.375000	-145.798096
159990.234375	-144.549744
159996.093750	-141.935959
160001.953125	-138.423828
160007.812500	-137.502838
160013.671875	-139.725906
160019.531250	-142.357758
160025.390625	-140.798187
160031.250000	-141.429733
160037.109375	-144.314453
160042.968750	-143.617508
160048.828125	-143.094879
160054.687500	-148.607437
160060.546875	-149.018112
160066.406250	-145.917587
160072.265625	-149.027298
160078.125000	-144.960007
160083.984375	-140.894531
160089.843750	-139.767517
160095.703125	-139.943375
160101.562500	-142.205322
160107.421875	-145.917725
160113.281250	-142.349716
160119.140625	-141.114471
160125.000000	-143.731903
160130.859375	-145.581543
160136.718750	-142.935074
160142.578125	-141.918198
160148.437500	-141.595383
160154.296875	-140.841141
160160.156250	-140.661591
160166.015625	-141.992523
160171.875000	-143.786835
160177.734375	-143.386856
160183.593750	-142.013702
160189.453125	-141.919418
160195.312500	-142.928177
160201.171875	-144.250259
160207.031250	-144.858185
160212.890625	-143.110916
160218.750000	-141.814407
160224.609375	-143.061798
160230.468750	-144.113922
160236.328125	-143.473877
160242.187500	-141.805023
160248.046875	-141.891998
160253.906250	-143.651138
160259.765625	-145.027023
160265.625000	-144.392929
160271.484375	-144.658600
160277.343750	-144.742966
160283.203125	-143.340118
160289.062500	-144.333023
160294.921875	-146.284409
160300.781250	-146.667480
160306.640625	-148.726288
160312.500000	-146.012222
160318.359375	-142.273148
160324.218750	-142.655533
160330.078125	-142.177734
160335.937500	-140.505478
160341.796875	-138.606125
160347.656250	-139.425476
160353.515625	-144.267853
160359.375000	-146.994186
160365.234375	-146.787994
160371.093750	-142.549789
160376.953125	-142.627853
160382.812500	-144.459656
160388.671875	-143.199997
160394.531250	-144.251190
160400.390625	-146.896667
160406.250000	-146.295685
160412.109375	-144.724777
160417.968750	-144.463562
160423.828125	-145.614182
160429.687500	-145.202942
160435.546875	-142.162064
160441.406250	-141.757278
160447.265625	-144.782272
160453.125000	-144.797058
160458.984375	-143.129578
160464.843750	-141.226974
160470.703125	-141.941055
160476.562500	-145.486221
160482.421875	-146.976776
160488.281250	-147.669678
160494.140625	-149.309555
160500.000000	-147.091614
160505.859375	-144.911224
160511.718750	-142.067184
160517.578125	-141.755447
160523.437500	-146.272354
160529.296875	-144.914398
160535.156250	-143.200378
160541.015625	-145.922424
160546.875000	-146.425095
160552.734375	-147.460754
160558.593750	-146.759155
160564.453125	-143.699799
160570.312500	-142.223892
160576.171875	-141.017792
160582.031250	-140.482803
160587.890625	-141.074234
160593.750000	-142.505234
160599.609375	-144.623245
160605.468750	-148.750183
160611.328125	-146.463303
160617.187500	-143.654007
160623.046875	-144.713058
160628.906250	-145.026779
160634.765625	-143.503845
160640.625000	-144.433548
160646.484375	-147.008911
160652.343750	-145.923019
160658.203125	-146.816589
160664.062500	-144.893799
160669.921875	-143.425476
160675.781250	-144.334930
160681.640625	-144.910416
160687.500000	-146.780167
160693.359375	-145.854797
160699.218750	-144.457443
160705.078125	-144.386200
160710.937500	-142.692032
160716.796875	-141.197495
160722.656250	-142.145630
160728.515625	-142.576843
160734.375000	-143.168091
160740.234375	-144.769379
160746.093750	-145.707840
160751.953125	-142.142883
160757.812500	-139.051590
160763.671875	-140.264099
160769.531250	-142.311707
160775.390625	-143.196594
160781.250000	-143.686920
160787.109375	-144.230453
160792.968750	-143.187820
160798.828125	-145.113770
160804.687500	-145.727448
160810.546875	-142.735062
160816.406250	-141.149033
160822.265625	-140.496918
160828.125000	-141.065720
160833.984375	-141.199448
160839.843750	-142.468002
160845.703125	-144.874008
160851.562500	-147.616608
160857.421875	-147.846756
160863.281250	-145.385315
160869.140625	-141.126617
160875.000000	-140.207581
160880.859375	-142.860184
160886.718750	-144.300903
160892.578125	-140.682678
160898.437500	-140.105728
160904.296875	-144.534698
160910.156250	-147.566666
160916.015625	-147.915497
160921.875000	-143.870895
160927.734375	-143.769669
160933.593750	-146.557098
160939.453125	-146.755737
160945.312500	-141.404068
160951.171875	-139.572067
160957.031250	-141.635010
160962.890625	-143.052490
160968.750000	-143.282654
160974.609375	-148.295120
160980.468750	-147.974503
160986.328125	-144.596542
160992.187500	-143.805679
160998.046875	-147.431381
161003.906250	-147.644455
161009.765625	-146.125763
161015.625000	-144.063339
161021.484375	-140.895432
161027.343750	-141.472855
161033.203125	-145.475082
161039.062500	-143.775009
161044.921875	-144.200775
161050.781250	-144.429596
161056.640625	-144.359497
161062.500000	-143.343872
161068.359375	-142.459503
161074.218750	-142.213226
161080.078125	-141.997803
161085.937500	-143.811844
161091.796875	-146.266510
161097.656250	-146.634644
161103.515625	-146.205109
161109.375000	-144.075348
161115.234375	-142.210724
161121.093750	-142.489410
161126.953125	-142.939209
161132.812500	-141.621796
161138.671875	-142.806381
161144.531250	-142.078171
161150.390625	-139.851715
161156.250000	-139.392517
161162.109375	-138.412994
161167.968750	-138.955231
161173.828125	-141.048218
161179.687500	-141.673676
161185.546875	-142.180389
161191.406250	-145.280396
161197.265625	-145.190933
161203.125000	-144.004990
161208.984375	-143.706299
161214.843750	-145.322891
161220.703125	-144.507156
161226.562500	-143.311646
161232.421875	-143.939865
161238.281250	-142.232468
161244.140625	-139.820404
161250.000000	-139.509415
161255.859375	-140.748154
161261.718750	-141.363464
161267.578125	-142.118927
161273.437500	-145.092194
161279.296875	-146.447662
161285.156250	-142.852905
161291.015625	-141.700745
161296.875000	-140.203506
161302.734375	-140.492371
161308.593750	-141.284256
161314.453125	-141.196106
161320.312500	-140.703613
161326.171875	-141.512360
161332.031250	-142.963455
161337.890625	-142.244690
161343.750000	-144.539352
161349.609375	-146.996750
161355.468750	-147.585083
161361.328125	-148.403519
161367.187500	-147.256317
161373.046875	-148.034470
161378.906250	-146.062332
161384.765625	-143.784378
161390.625000	-142.340042
161396.484375	-140.544144
161402.343750	-141.733307
161408.203125	-145.782623
161414.062500	-145.600723
161419.921875	-143.719955
161425.781250	-141.296814
161431.640625	-140.828430
161437.500000	-142.519623
161443.359375	-142.302979
161449.218750	-141.996185
161455.078125	-141.217850
161460.937500	-142.323837
161466.796875	-144.958603
161472.656250	-140.699005
161478.515625	-141.098862
161484.375000	-145.724609
161490.234375	-145.351212
161496.093750	-142.857086
161501.953125	-142.038101
161507.812500	-141.618423
161513.671875	-141.016754
161519.531250	-139.434128
161525.390625	-140.287781
161531.250000	-141.841537
161537.109375	-143.330338
161542.968750	-147.107758
161548.828125	-143.666122
161554.687500	-143.208069
161560.546875	-146.276901
161566.406250	-144.377518
161572.265625	-146.022324
161578.125000	-146.566406
161583.984375	-143.712509
161589.843750	-140.959610
161595.703125	-138.987442
161601.562500	-138.807846
161607.421875	-142.375641
161613.281250	-143.504822
161619.140625	-143.365326
161625.000000	-145.156540
161630.859375	-144.227325
161636.718750	-145.135391
161642.578125	-149.000168
161648.437500	-146.020737
161654.296875	-143.116592
161660.156250	-142.454422
161666.015625	-143.599487
161671.875000	-143.846924
161677.734375	-142.232605
161683.593750	-143.213638
161689.453125	-144.242126
161695.312500	-142.110138
161701.171875	-141.282867
161707.031250	-141.267700
161712.890625	-141.482529
161718.750000	-142.092041
161724.609375	-142.574005
161730.468750	-141.172729
161736.328125	-142.223846
161742.187500	-141.730240
161748.046875	-141.542206
161753.906250	-143.816315
161759.765625	-144.820724
161765.625000	-143.756561
161771.484375	-142.135544
161777.343750	-140.949280
161783.203125	-143.007553
161789.062500	-146.029724
161794.921875	-143.684509
161800.781250	-141.661514
161806.640625	-141.612549
161812.500000	-141.156601
161818.359375	-140.662750
161824.218750	-142.864655
161830.078125	-142.710159
161835.937500	-141.360245
161841.796875	-141.655991
161847.656250	-142.076492
161853.515625	-141.987717
161859.375000	-141.204041
161865.234375	-143.100571
161871.093750	-144.001434
161876.953125	-142.885498
161882.812500	-141.605087
161888.671875	-142.466095
161894.531250	-144.873749
161900.390625	-145.301819
161906.250000	-144.607727
161912.109375	-143.275436
161917.968750	-141.705582
161923.828125	-141.147385
161929.687500	-142.969391
161935.546875	-148.471054
161941.406250	-145.950226
161947.265625	-141.134201
161953.125000	-140.423950
161958.984375	-140.713898
161964.843750	-141.646774
161970.703125	-141.825943
161976.562500	-142.982635
161982.421875	-144.074448
161988.281250	-143.353394
161994.140625	-142.161362
162000.000000	-142.563934
162005.859375	-144.076309
162011.718750	-143.526077
162017.578125	-142.042908
162023.437500	-140.389450
162029.296875	-139.624603
162035.156250	-138.575439
162041.015625	-139.248199
162046.875000	-143.388611
162052.734375	-147.302963
162058.593750	-142.976654
162064.453125	-142.494324
162070.312500	-146.617905
162076.171875	-144.948837
162082.031250	-141.900085
162087.890625	-143.179321
162093.750000	-145.474960
162099.609375	-145.986862
162105.468750	-143.766800
162111.328125	-140.762466
162117.187500	-140.417999
162123.046875	-142.814560
162128.906250	-142.269257
162134.765625	-141.434906
162140.625000	-140.322891
162146.484375	-139.394913
162152.343750	-139.921967
162158.203125	-141.078873
162164.062500	-141.648911
162169.921875	-141.691528
162175.781250	-144.287842
162181.640625	-144.858521
162187.500000	-139.708633
162193.359375	-138.907898
162199.218750	-140.998886
162205.078125	-142.990814
162210.937500	-143.626923
162216.796875	-141.512558
162222.656250	-140.389435
162228.515625	-141.556549
162234.375000	-142.370056
162240.234375	-142.122192
162246.093750	-140.810394
162251.953125	-139.943253
162257.812500	-139.332077
162263.671875	-140.500443
162269.531250	-142.383881
162275.390625	-143.487701
162281.250000	-144.125488
162287.109375	-144.491867
162292.968750	-144.172348
162298.828125	-144.792145
162304.687500	-145.979248
162310.546875	-148.916122
162316.406250	-145.343384
162322.265625	-141.945465
162328.125000	-140.941208
162333.984375	-141.002914
162339.843750	-142.347122
162345.703125	-141.740479
162351.562500	-140.266113
162357.421875	-143.475388
162363.281250	-143.639725
162369.140625	-139.739792
162375.000000	-139.488083
162380.859375	-141.608063
162386.718750	-142.473846
162392.578125	-141.832581
162398.437500	-141.707642
162404.296875	-143.129272
162410.156250	-145.466293
162416.015625	-143.361801
162421.875000	-141.484695
162427.734375	-142.328674
162433.593750	-145.654678
162439.453125	-142.066055
162445.312500	-141.738312
162451.171875	-143.755615
162457.031250	-143.989853
162462.890625	-139.829315
162468.750000	-138.289963
162474.609375	-139.833542
162480.468750	-141.958328
162486.328125	-145.687134
162492.187500	-143.358780
162498.046875	-143.350357
162503.906250	-143.531784
162509.765625	-141.962158
162515.625000	-141.706100
162521.484375	-141.414215
162527.343750	-140.777100
162533.203125	-142.518494
162539.062500	-145.592377
162544.921875	-143.215591
162550.781250	-143.724792
162556.640625	-143.423767
162562.500000	-140.338379
162568.359375	-142.133087
162574.218750	-144.534973
162580.078125	-141.738266
162585.937500	-143.071335
162591.796875	-145.109039
162597.656250	-142.600220
162603.515625	-141.359848
162609.375000	-140.059082
162615.234375	-138.115021
162621.093750	-137.145081
162626.953125	-138.827225
162632.812500	-141.665573
162638.671875	-142.453064
162644.531250	-141.540344
162650.390625	-140.167892
162656.250000	-139.200882
162662.109375	-140.116898
162667.968750	-142.034851
162673.828125	-143.909821
162679.687500	-146.806366
162685.546875	-144.541168
162691.406250	-140.387970
162697.265625	-138.966995
162703.125000	-139.440170
162708.984375	-141.340134
162714.843750	-143.341110
162720.703125	-143.106033
162726.562500	-143.422943
162732.421875	-140.908630
162738.281250	-139.855743
162744.140625	-140.621841
162750.000000	-141.195999
162755.859375	-142.698151
162761.718750	-141.456085
162767.578125	-139.851486
162773.437500	-140.653503
162779.296875	-140.166931
162785.156250	-138.008667
162791.015625	-138.661819
162796.875000	-140.332275
162802.734375	-140.765121
162808.593750	-138.521957
162814.453125	-138.313461
162820.312500	-141.098236
162826.171875	-142.965759
162832.031250	-143.210663
162837.890625	-143.005188
162843.750000	-143.720886
162849.609375	-145.181503
162855.468750	-144.283463
162861.328125	-140.632095
162867.187500	-140.360916
162873.046875	-144.481476
162878.906250	-144.402374
162884.765625	-141.598984
162890.625000	-141.119324
162896.484375	-140.900360
162902.343750	-142.375381
162908.203125	-143.160614
162914.062500	-143.276993
162919.921875	-142.306183
162925.781250	-140.576309
162931.640625	-138.684341
162937.500000	-137.936020
162943.359375	-138.004166
162949.218750	-138.485718
162955.078125	-138.869247
162960.937500	-138.762085
162966.796875	-140.925964
162972.656250	-142.306793
162978.515625	-140.752090
162984.375000	-139.035553
162990.234375	-138.778519
162996.093750	-139.731674
163001.953125	-141.007004
163007.812500	-142.958939
163013.671875	-142.652924
163019.531250	-141.020401
163025.390625	-139.768265
163031.250000	-139.781250
163037.109375	-141.285889
163042.968750	-142.216461
163048.828125	-143.435211
163054.687500	-141.374161
163060.546875	-140.438904
163066.406250	-139.455765
163072.265625	-138.064896
163078.125000	-140.445587
163083.984375	-146.540100
163089.843750	-142.711914
163095.703125	-140.399460
163101.562500	-142.738052
163107.421875	-146.046539
163113.281250	-140.047287
163119.140625	-139.934708
163125.000000	-141.856705
163130.859375	-141.521652
163136.718750	-141.455566
163142.578125	-144.130157
163148.437500	-145.863312
163154.296875	-144.030334
163160.156250	-143.826492
163166.015625	-144.340378
163171.875000	-141.318039
163177.734375	-141.377716
163183.593750	-141.604340
163189.453125	-142.203003
163195.312500	-144.396149
163201.171875	-145.695572
163207.031250	-144.624847
163212.890625	-141.853088
163218.750000	-142.109909
163224.609375	-141.616425
163230.468750	-139.709213
163236.328125	-138.404572
163242.187500	-140.668060
163248.046875	-144.859146
163253.906250	-146.737671
163259.765625	-146.930573
163265.625000	-144.664474
163271.484375	-143.810394
163277.343750	-142.264755
163283.203125	-143.079193
163289.062500	-143.779404
163294.921875	-140.181213
163300.781250	-138.790466
163306.640625	-141.387756
163312.500000	-141.562912
163318.359375	-140.370895
163324.218750	-140.532227
163330.078125	-140.644028
163335.937500	-140.929276
163341.796875	-140.217316
163347.656250	-139.618866
163353.515625	-141.550217
163359.375000	-144.450897
163365.234375	-143.475937
163371.093750	-143.694855
163376.953125	-142.809402
163382.812500	-140.818832
163388.671875	-142.073517
163394.531250	-141.380692
163400.390625	-141.317581
163406.250000	-142.624069
163412.109375	-142.718170
163417.968750	-141.961838
163423.828125	-143.792328
163429.687500	-142.428787
163435.546875	-140.537582
163441.406250	-141.641998
163447.265625	-142.523483
163453.125000	-141.239029
163458.984375	-138.585938
163464.843750	-139.089752
163470.703125	-143.088974
163476.562500	-143.710800
163482.421875	-141.535141
163488.281250	-137.874481
163494.140625	-138.564194
163500.000000	-141.350418
163505.859375	-142.073380
163511.718750	-141.335358
163517.578125	-141.082748
163523.437500	-140.303299
163529.296875	-140.026154
163535.156250	-141.743423
163541.015625	-143.881363
163546.875000	-144.709610
163552.734375	-144.202271
163558.593750	-142.601181
163564.453125	-142.079681
163570.312500	-142.260437
163576.171875	-143.742783
163582.031250	-143.151352
163587.890625	-142.108459
163593.750000	-143.016586
163599.609375	-142.552887
163605.468750	-141.831223
163611.328125	-143.615295
163617.187500	-143.834503
163623.046875	-141.315018
163628.906250	-142.083099
163634.765625	-144.890182
163640.625000	-146.476547
163646.484375	-146.389374
163652.343750	-144.571289
163658.203125	-142.727127
163664.062500	-142.298889
163669.921875	-142.134705
163675.781250	-142.042908
163681.640625	-142.352509
163687.500000	-144.161865
163693.359375	-143.487885
163699.218750	-141.763550
163705.078125	-141.208176
163710.937500	-145.202682
163716.796875	-145.128891
163722.656250	-144.134705
163728.515625	-142.618866
163734.375000	-142.059296
163740.234375	-143.251892
163746.093750	-146.051743
163751.953125	-149.080154
163757.812500	-144.755951
163763.671875	-140.273529
163769.531250	-141.364365
163775.390625	-145.335831
163781.250000	-142.959717
163787.109375	-138.153549
163792.968750	-138.090652
163798.828125	-143.332840
163804.687500	-145.815140
163810.546875	-143.941757
163816.406250	-143.765869
163822.265625	-142.636581
163828.125000	-140.623520
163833.984375	-140.444626
163839.843750	-141.501846
163845.703125	-144.628571
163851.562500	-147.849609
163857.421875	-143.928574
163863.281250	-141.920898
163869.140625	-141.216797
163875.000000	-141.197632
163880.859375	-140.399155
163886.718750	-140.406006
163892.578125	-141.580978
163898.437500	-144.286423
163904.296875	-141.265869
163910.156250	-141.034073
163916.015625	-140.345413
163921.875000	-140.941483
163927.734375	-144.800842
163933.593750	-142.693420
163939.453125	-138.459793
163945.312500	-137.216370
163951.171875	-138.662994
163957.031250	-140.014923
163962.890625	-139.819626
163968.750000	-139.253967
163974.609375	-137.610107
163980.468750	-137.858231
163986.328125	-140.575165
163992.187500	-141.450745
163998.046875	-140.940414
164003.906250	-140.609238
164009.765625	-141.172943
164015.625000	-144.479492
164021.484375	-146.305954
164027.343750	-139.857361
164033.203125	-136.694244
164039.062500	-136.376587
164044.921875	-138.814377
164050.781250	-141.207840
164056.640625	-139.364120
164062.500000	-137.906403
164068.359375	-140.079376
164074.218750	-142.552948
164080.078125	-144.351227
164085.937500	-143.867920
164091.796875	-140.796417
164097.656250	-140.879456
164103.515625	-143.914078
164109.375000	-148.022064
164115.234375	-143.867249
164121.093750	-140.939926
164126.953125	-142.221603
164132.812500	-143.234100
164138.671875	-143.088409
164144.531250	-144.959808
164150.390625	-140.629791
164156.250000	-139.623886
164162.109375	-142.155746
164167.968750	-141.183746
164173.828125	-140.450729
164179.687500	-142.007431
164185.546875	-141.759674
164191.406250	-141.704025
164197.265625	-140.377579
164203.125000	-139.535004
164208.984375	-141.509323
164214.843750	-144.848114
164220.703125	-146.479263
164226.562500	-143.428970
164232.421875	-142.232956
164238.281250	-143.164566
164244.140625	-141.839478
164250.000000	-140.533279
164255.859375	-141.898468
164261.718750	-140.754135
164267.578125	-138.648361
164273.437500	-138.977386
164279.296875	-140.815903
164285.156250	-141.955338
164291.015625	-141.425003
164296.875000	-140.064438
164302.734375	-139.326263
164308.593750	-139.571487
164314.453125	-140.069534
164320.312500	-140.895325
164326.171875	-139.981873
164332.031250	-139.263214
164337.890625	-138.901581
164343.750000	-138.308853
164349.609375	-139.373322
164355.468750	-141.986069
164361.328125	-145.061920
164367.187500	-145.062927
164373.046875	-143.643600
164378.906250	-140.778625
164384.765625	-139.493408
164390.625000	-141.019394
164396.484375	-143.512192
164402.343750	-148.608963
164408.203125	-142.666687
164414.062500	-142.223511
164419.921875	-143.247604
164425.781250	-143.262634
164431.640625	-141.111496
164437.500000	-140.481873
164443.359375	-140.261703
164449.218750	-139.258682
164455.078125	-142.787384
164460.937500	-146.738083
164466.796875	-141.791580
164472.656250	-141.974930
164478.515625	-144.061722
164484.375000	-145.333481
164490.234375	-145.258759
164496.093750	-142.951492
164501.953125	-142.376526
164507.812500	-143.996872
164513.671875	-147.101654
164519.531250	-145.156143
164525.390625	-143.546509
164531.250000	-141.174911
164537.109375	-140.977676
164542.968750	-142.903900
164548.828125	-141.480118
164554.687500	-139.248276
164560.546875	-140.606064
164566.406250	-143.442886
164572.265625	-142.584106
164578.125000	-142.790756
164583.984375	-142.653076
164589.843750	-143.199356
164595.703125	-139.810196
164601.562500	-138.809845
164607.421875	-139.673447
164613.281250	-141.674210
164619.140625	-142.942413
164625.000000	-142.914230
164630.859375	-144.091339
164636.718750	-141.128754
164642.578125	-139.453979
164648.437500	-140.178360
164654.296875	-140.800308
164660.156250	-142.538803
164666.015625	-144.487381
164671.875000	-143.960098
164677.734375	-144.433105
164683.593750	-140.817551
164689.453125	-138.666367
164695.312500	-140.317261
164701.171875	-142.397903
164707.031250	-141.864731
164712.890625	-140.703323
164718.750000	-141.850571
164724.609375	-141.699997
164730.468750	-141.563889
164736.328125	-145.224503
164742.187500	-148.575211
164748.046875	-145.205841
164753.906250	-142.758667
164759.765625	-140.021072
164765.625000	-139.577209
164771.484375	-138.392395
164777.343750	-139.163300
164783.203125	-141.201401
164789.062500	-141.421982
164794.921875	-141.538986
164800.781250	-138.234482
164806.640625	-136.681732
164812.500000	-136.695694
164818.359375	-136.427658
164824.218750	-135.901489
164830.078125	-136.150330
164835.937500	-138.421799
164841.796875	-141.109970
164847.656250	-140.811890
164853.515625	-139.908997
164859.375000	-140.842651
164865.234375	-144.098190
164871.093750	-142.321960
164876.953125	-139.890137
164882.812500	-138.143906
164888.671875	-137.251389
164894.531250	-137.667984
164900.390625	-137.786392
164906.250000	-138.878326
164912.109375	-138.888382
164917.968750	-138.279205
164923.828125	-140.310959
164929.687500	-140.604065
164935.546875	-140.209152
164941.406250	-140.898132
164947.265625	-139.885468
164953.125000	-142.063675
164958.984375	-141.823166
164964.843750	-140.844437
164970.703125	-144.561722
164976.562500	-141.255814
164982.421875	-138.069336
164988.281250	-138.333328
164994.140625	-138.764206
165000.000000	-138.584488
165005.859375	-139.693375
165011.718750	-139.417709
165017.578125	-137.634155
165023.437500	-139.104126
165029.296875	-145.456863
165035.156250	-144.757919
165041.015625	-141.325699
165046.875000	-140.033829
165052.734375	-140.088623
165058.593750	-140.906555
165064.453125	-139.751282
165070.312500	-139.750595
165076.171875	-141.478058
165082.031250	-143.710968
165087.890625	-141.415909
165093.750000	-141.214996
165099.609375	-139.904999
165105.468750	-140.204346
165111.328125	-139.309753
165117.187500	-138.674484
165123.046875	-138.992859
165128.906250	-138.940506
165134.765625	-138.392303
165140.625000	-140.907242
165146.484375	-144.377502
165152.343750	-138.947906
165158.203125	-137.323090
165164.062500	-138.475098
165169.921875	-139.685867
165175.781250	-140.504547
165181.640625	-140.807663
165187.500000	-139.888382
165193.359375	-140.518112
165199.218750	-142.081161
165205.078125	-141.650436
165210.937500	-139.279953
165216.796875	-138.229660
165222.656250	-139.152954
165228.515625	-140.377457
165234.375000	-141.719223
165240.234375	-143.435928
165246.093750	-145.634155
165251.953125	-145.266129
165257.812500	-141.785507
165263.671875	-141.348541
165269.531250	-140.963974
165275.390625	-140.539673
165281.250000	-140.789856
165287.109375	-141.071884
165292.968750	-141.140579
165298.828125	-142.331924
165304.687500	-144.058029
165310.546875	-143.703445
165316.406250	-142.463699
165322.265625	-141.374588
165328.125000	-138.877121
165333.984375	-137.954376
165339.843750	-138.788986
165345.703125	-139.322403
165351.562500	-139.802612
165357.421875	-140.325409
165363.281250	-140.485947
165369.140625	-140.237167
165375.000000	-139.336349
165380.859375	-139.502594
165386.718750	-142.443039
165392.578125	-143.830933
165398.437500	-141.864059
165404.296875	-141.503143
165410.156250	-140.871109
165416.015625	-142.418365
165421.875000	-140.983780
165427.734375	-137.716476
165433.593750	-137.536682
165439.453125	-138.561737
165445.312500	-139.216965
165451.171875	-139.653336
165457.031250	-138.765091
165462.890625	-139.033936
165468.750000	-141.829224
165474.609375	-141.048416
165480.468750	-139.494080
165486.328125	-139.518967
165492.187500	-142.181015
165498.046875	-144.177109
165503.906250	-141.853745
165509.765625	-142.554840
165515.625000	-145.000046
165521.484375	-141.690506
165527.343750	-140.861023
165533.203125	-142.725739
165539.062500	-141.559219
165544.921875	-141.398270
165550.781250	-140.369049
165556.640625	-138.952362
165562.500000	-140.402267
165568.359375	-140.227417
165574.218750	-139.598862
165580.078125	-140.413116
165585.937500	-142.298782
165591.796875	-141.547501
165597.656250	-140.854935
165603.515625	-141.339157
165609.375000	-139.726334
165615.234375	-138.390915
165621.093750	-137.581406
165626.953125	-137.573868
165632.812500	-138.402542
165638.671875	-139.928391
165644.531250	-140.842422
165650.390625	-141.234970
165656.250000	-140.592941
165662.109375	-141.234634
165667.968750	-140.845901
165673.828125	-138.109833
165679.687500	-137.702087
165685.546875	-136.059738
165691.406250	-135.794815
165697.265625	-139.276077
165703.125000	-146.777100
165708.984375	-143.610321
165714.843750	-138.588287
165720.703125	-138.683655
165726.562500	-139.950821
165732.421875	-139.807129
165738.281250	-142.456131
165744.140625	-141.959473
165750.000000	-138.744293
165755.859375	-138.203979
165761.718750	-138.954330
165767.578125	-142.405396
165773.437500	-144.265579
165779.296875	-140.383728
165785.156250	-139.743744
165791.015625	-140.521667
165796.875000	-140.203049
165802.734375	-139.007095
165808.593750	-141.736038
165814.453125	-145.531357
165820.312500	-143.355133
165826.171875	-141.005539
165832.031250	-139.056625
165837.890625	-139.754837
165843.750000	-142.281693
165849.609375	-142.725037
165855.468750	-142.325211
165861.328125	-142.154526
165867.187500	-141.088745
165873.046875	-141.886734
165878.906250	-141.393326
165884.765625	-141.022827
165890.625000	-139.795990
165896.484375	-139.729141
165902.343750	-141.111557
165908.203125	-143.812180
165914.062500	-144.198196
165919.921875	-141.562531
165925.781250	-138.847534
165931.640625	-139.135727
165937.500000	-141.232239
165943.359375	-144.889999
165949.218750	-144.440994
165955.078125	-141.073669
165960.937500	-139.114609
165966.796875	-138.986649
165972.656250	-139.233566
165978.515625	-140.513351
165984.375000	-144.666626
165990.234375	-149.649200
165996.093750	-145.876175
166001.953125	-142.528793
166007.812500	-141.708054
166013.671875	-141.866196
166019.531250	-142.720322
166025.390625	-142.287109
166031.250000	-140.192459
166037.109375	-138.559036
166042.968750	-137.062851
166048.828125	-136.089020
166054.687500	-137.837143
166060.546875	-140.925491
166066.406250	-140.442947
166072.265625	-139.102356
166078.125000	-139.967529
166083.984375	-143.358734
166089.843750	-143.475693
166095.703125	-139.206665
166101.562500	-139.081650
166107.421875	-139.911591
166113.281250	-142.716812
166119.140625	-143.431488
166125.000000	-141.384171
166130.859375	-141.324982
166136.718750	-138.097794
166142.578125	-137.699173
166148.437500	-139.552872
166154.296875	-139.275375
166160.156250	-138.183273
166166.015625	-139.169510
166171.875000	-141.657898
166177.734375	-144.371841
166183.593750	-142.340851
166189.453125	-139.102524
166195.312500	-138.608353
166201.171875	-140.136505
166207.031250	-139.835541
166212.890625	-140.754486
166218.750000	-140.903214
166224.609375	-139.505020
166230.468750	-139.389786
166236.328125	-139.594116
166242.187500	-140.387253
166248.046875	-139.712280
166253.906250	-138.057770
166259.765625	-138.106873
166265.625000	-137.858414
166271.484375	-140.201767
166277.343750	-139.607986
166283.203125	-136.641464
166289.062500	-135.201736
166294.921875	-136.385849
166300.781250	-141.147064
166306.640625	-141.978394
166312.500000	-144.886963
166318.359375	-143.973740
166324.218750	-144.943573
166330.078125	-143.726318
166335.937500	-140.833328
166341.796875	-138.686737
166347.656250	-139.021805
166353.515625	-141.927750
166359.375000	-144.637833
166365.234375	-145.379929
166371.093750	-140.696609
166376.953125	-140.818283
166382.812500	-140.427032
166388.671875	-136.243073
166394.531250	-137.137115
166400.390625	-142.343704
166406.250000	-142.804977
166412.109375	-142.397995
166417.968750	-141.631577
166423.828125	-138.413635
166429.687500	-138.049408
166435.546875	-143.274658
166441.406250	-147.932510
166447.265625	-141.899521
166453.125000	-139.878098
166458.984375	-138.775604
166464.843750	-139.519531
166470.703125	-140.366608
166476.562500	-138.950256
166482.421875	-136.478836
166488.281250	-135.525040
166494.140625	-137.158737
166500.000000	-138.307129
166505.859375	-138.694763
166511.718750	-142.490891
166517.578125	-143.373688
166523.437500	-143.337311
166529.296875	-143.530655
166535.156250	-142.665024
166541.015625	-138.219528
166546.875000	-137.724365
166552.734375	-141.750748
166558.593750	-143.506592
166564.453125	-141.621567
166570.312500	-140.758774
166576.171875	-139.688156
166582.031250	-137.848587
166587.890625	-137.663574
166593.750000	-141.277710
166599.609375	-141.913269
166605.468750	-139.038559
166611.328125	-137.939651
166617.187500	-139.391357
166623.046875	-140.593231
166628.906250	-138.654861
166634.765625	-138.022873
166640.625000	-141.287994
166646.484375	-144.524048
166652.343750	-141.523621
166658.203125	-140.012131
166664.062500	-139.808838
166669.921875	-141.272186
166675.781250	-144.652313
166681.640625	-141.086456
166687.500000	-137.043304
166693.359375	-137.102814
166699.218750	-140.251205
166705.078125	-138.532043
166710.937500	-138.780762
166716.796875	-140.300583
166722.656250	-141.353806
166728.515625	-142.662216
166734.375000	-138.439316
166740.234375	-137.633179
166746.093750	-140.562790
166751.953125	-142.839554
166757.812500	-139.294876
166763.671875	-137.978088
166769.531250	-139.923218
166775.390625	-139.925278
166781.250000	-138.280884
166787.109375	-138.526382
166792.968750	-138.516220
166798.828125	-140.208832
166804.687500	-143.295074
166810.546875	-142.975479
166816.406250	-141.899307
166822.265625	-143.331879
166828.125000	-142.742722
166833.984375	-139.828003
166839.843750	-140.036224
166845.703125	-141.470047
166851.562500	-139.704758
166857.421875	-140.506775
166863.281250	-142.744568
166869.140625	-143.757034
166875.000000	-142.616531
166880.859375	-138.882355
166886.718750	-139.335342
166892.578125	-140.689270
166898.437500	-139.040344
166904.296875	-138.770447
166910.156250	-139.255539
166916.015625	-140.791458
166921.875000	-140.506027
166927.734375	-138.187271
166933.593750	-138.713577
166939.453125	-142.357239
166945.312500	-141.190811
166951.171875	-140.945969
166957.031250	-142.316254
166962.890625	-142.574493
166968.750000	-142.253113
166974.609375	-142.559311
166980.468750	-140.120010
166986.328125	-141.296051
166992.187500	-144.149796
166998.046875	-141.577652
167003.906250	-141.649399
167009.765625	-143.557175
167015.625000	-142.477127
167021.484375	-139.028915
167027.343750	-137.112869
167033.203125	-136.766327
167039.062500	-136.511475
167044.921875	-136.988968
167050.781250	-139.534500
167056.640625	-139.928619
167062.500000	-139.854782
167068.359375	-140.017944
167074.218750	-139.075058
167080.078125	-138.762772
167085.937500	-140.410339
167091.796875	-144.031815
167097.656250	-141.811127
167103.515625	-138.742294
167109.375000	-140.776520
167115.234375	-144.235962
167121.093750	-142.916107
167126.953125	-139.059311
167132.812500	-138.006439
167138.671875	-139.269638
167144.531250	-140.756500
167150.390625	-139.503189
167156.250000	-140.671524
167162.109375	-142.951797
167167.968750	-140.923538
167173.828125	-140.423477
167179.687500	-141.875931
167185.546875	-140.297501
167191.406250	-138.816971
167197.265625	-138.825027
167203.125000	-139.246201
167208.984375	-138.624237
167214.843750	-138.098312
167220.703125	-137.576706
167226.562500	-138.079361
167232.421875	-141.465210
167238.281250	-143.233902
167244.140625	-141.816879
167250.000000	-141.996597
167255.859375	-142.099030
167261.718750	-143.367493
167267.578125	-142.208344
167273.437500	-140.767624
167279.296875	-140.856094
167285.156250	-141.493073
167291.015625	-139.324249
167296.875000	-137.022583
167302.734375	-136.715042
167308.593750	-137.465408
167314.453125	-138.526627
167320.312500	-138.448288
167326.171875	-137.066528
167332.031250	-137.359634
167337.890625	-139.939636
167343.750000	-138.089172
167349.609375	-136.915573
167355.468750	-138.907990
167361.328125	-140.979782
167367.187500	-139.822266
167373.046875	-140.101074
167378.906250	-141.798218
167384.765625	-142.736404
167390.625000	-139.877914
167396.484375	-139.585693
167402.343750	-141.643723
167408.203125	-139.892059
167414.062500	-138.285431
167419.921875	-138.102768
167425.781250	-139.290878
167431.640625	-139.156860
167437.500000	-138.649872
167443.359375	-139.039337
167449.218750	-140.724594
167455.078125	-142.557770
167460.937500	-147.676224
167466.796875	-146.193130
167472.656250	-140.545425
167478.515625	-139.087128
167484.375000	-140.459503
167490.234375	-142.546646
167496.093750	-139.345795
167501.953125	-137.638702
167507.812500	-138.948074
167513.671875	-141.415268
167519.531250	-141.092239
167525.390625	-140.044601
167531.250000	-139.096039
167537.109375	-137.242920
167542.968750	-137.561356
167548.828125	-138.275925
167554.687500	-138.829361
167560.546875	-141.485352
167566.406250	-144.571030
167572.265625	-140.130966
167578.125000	-138.579163
167583.984375	-140.169373
167589.843750	-140.041824
167595.703125	-139.041885
167601.562500	-140.926895
167607.421875	-140.785034
167613.281250	-140.088211
167619.140625	-141.881104
167625.000000	-139.943207
167630.859375	-137.477295
167636.718750	-137.141861
167642.578125	-137.063065
167648.437500	-137.977234
167654.296875	-137.378372
167660.156250	-137.956970
167666.015625	-141.255981
167671.875000	-141.588150
167677.734375	-139.281921
167683.593750	-138.587601
167689.453125	-138.814590
167695.312500	-138.084854
167701.171875	-137.635223
167707.031250	-137.619003
167712.890625	-138.447372
167718.750000	-140.136414
167724.609375	-140.955750
167730.468750	-139.332626
167736.328125	-140.120605
167742.187500	-139.866013
167748.046875	-138.584045
167753.906250	-140.259705
167759.765625	-141.462601
167765.625000	-142.038895
167771.484375	-141.432800
167777.343750	-140.128479
167783.203125	-139.986847
167789.062500	-139.969559
167794.921875	-136.910492
167800.781250	-134.626556
167806.640625	-134.986633
167812.500000	-138.774719
167818.359375	-142.446365
167824.218750	-140.212448
167830.078125	-140.062347
167835.937500	-138.346283
167841.796875	-138.411163
167847.656250	-139.298111
167853.515625	-141.697891
167859.375000	-141.917328
167865.234375	-141.146866
167871.093750	-141.146683
167876.953125	-144.201157
167882.812500	-141.151718
167888.671875	-139.884155
167894.531250	-139.563461
167900.390625	-137.376892
167906.250000	-136.237564
167912.109375	-138.187546
167917.968750	-139.763641
167923.828125	-140.099625
167929.687500	-138.856430
167935.546875	-139.270264
167941.406250	-140.166992
167947.265625	-140.265045
167953.125000	-140.039505
167958.984375	-141.351273
167964.843750	-143.295761
167970.703125	-142.799835
167976.562500	-141.316025
167982.421875	-140.173920
167988.281250	-139.205734
167994.140625	-139.389832
168000.000000	-141.575745
168005.859375	-145.494781
168011.718750	-144.473862
168017.578125	-141.753983
168023.437500	-143.401581
168029.296875	-145.650665
168035.156250	-141.826050
168041.015625	-140.546127
168046.875000	-140.435287
168052.734375	-140.217972
168058.593750	-143.971375
168064.453125	-141.709335
168070.312500	-138.323486
168076.171875	-136.930618
168082.031250	-136.181580
168087.890625	-138.505783
168093.750000	-141.778336
168099.609375	-141.217026
168105.468750	-141.312515
168111.328125	-141.678955
168117.187500	-146.434753
168123.046875	-145.145706
168128.906250	-142.582581
168134.765625	-143.496094
168140.625000	-141.663544
168146.484375	-139.021408
168152.343750	-138.132935
168158.203125	-139.146103
168164.062500	-142.786346
168169.921875	-144.381393
168175.781250	-142.145111
168181.640625	-140.850494
168187.500000	-138.197723
168193.359375	-136.538025
168199.218750	-136.734589
168205.078125	-137.785645
168210.937500	-139.703415
168216.796875	-139.543793
168222.656250	-138.460312
168228.515625	-139.850037
168234.375000	-140.377335
168240.234375	-138.490158
168246.093750	-136.347656
168251.953125	-137.553360
168257.812500	-140.969513
168263.671875	-141.354156
168269.531250	-141.615524
168275.390625	-140.081894
168281.250000	-142.456787
168287.109375	-144.625061
168292.968750	-139.541412
168298.828125	-138.688324
168304.687500	-139.237228
168310.546875	-137.030228
168316.406250	-136.451721
168322.265625	-136.638657
168328.125000	-138.271851
168333.984375	-138.194305
168339.843750	-139.479233
168345.703125	-140.701645
168351.562500	-142.290649
168357.421875	-142.084015
168363.281250	-137.266998
168369.140625	-137.576355
168375.000000	-137.097580
168380.859375	-136.395721
168386.718750	-139.050476
168392.578125	-143.856064
168398.437500	-144.235855
168404.296875	-141.328278
168410.156250	-142.267548
168416.015625	-144.280533
168421.875000	-145.605011
168427.734375	-143.462860
168433.593750	-144.583710
168439.453125	-143.452393
168445.312500	-142.354691
168451.171875	-143.473358
168457.031250	-143.285889
168462.890625	-139.157974
168468.750000	-139.224380
168474.609375	-143.969894
168480.468750	-146.073746
168486.328125	-141.991074
168492.187500	-141.429367
168498.046875	-139.413925
168503.906250	-138.559067
168509.765625	-137.993774
168515.625000	-136.608887
168521.484375	-136.271912
168527.343750	-137.329117
168533.203125	-138.734467
168539.062500	-139.072037
168544.921875	-139.592941
168550.781250	-140.846802
168556.640625	-142.511200
168562.500000	-140.386047
168568.359375	-138.212875
168574.218750	-138.603546
168580.078125	-141.702621
168585.937500	-145.195053
168591.796875	-142.202682
168597.656250	-141.533493
168603.515625	-142.128799
168609.375000	-140.529449
168615.234375	-137.996384
168621.093750	-137.807922
168626.953125	-136.181213
168632.812500	-137.293137
168638.671875	-141.718277
168644.531250	-140.711441
168650.390625	-142.551620
168656.250000	-141.964737
168662.109375	-141.407150
168667.968750	-141.107864
168673.828125	-139.045120
168679.687500	-138.388809
168685.546875	-139.465942
168691.406250	-141.491150
168697.265625	-141.337341
168703.125000	-141.438873
168708.984375	-139.166412
168714.843750	-138.888885
168720.703125	-140.807281
168726.562500	-140.754623
168732.421875	-140.863266
168738.281250	-141.907776
168744.140625	-142.063950
168750.000000	-141.821747
168755.859375	-142.965561
168761.718750	-143.617447
168767.578125	-144.263580
168773.437500	-145.551666
168779.296875	-140.464920
168785.156250	-138.286682
168791.015625	-139.980621
168796.875000	-141.107224
168802.734375	-141.320724
168808.593750	-145.155731
168814.453125	-141.671707
168820.312500	-140.041504
168826.171875	-140.777176
168832.031250	-139.284973
168837.890625	-138.918076
168843.750000	-139.282318
168849.609375	-138.027069
168855.468750	-138.920197
168861.328125	-138.241272
168867.187500	-136.487335
168873.046875	-136.624634
168878.906250	-138.297668
168884.765625	-141.348862
168890.625000	-140.800003
168896.484375	-138.610916
168902.343750	-138.305710
168908.203125	-138.129837
168914.062500	-139.703293
168919.921875	-138.491470
168925.781250	-139.475586
168931.640625	-143.620438
168937.500000	-140.673248
168943.359375	-137.001480
168949.218750	-135.792847
168955.078125	-136.737747
168960.937500	-140.235016
168966.796875	-138.116684
168972.656250	-137.074326
168978.515625	-140.922302
168984.375000	-148.673904
168990.234375	-142.738174
168996.093750	-139.260666
169001.953125	-138.794342
169007.812500	-140.430252
169013.671875	-141.700500
169019.531250	-143.161194
169025.390625	-141.800690
169031.250000	-139.703613
169037.109375	-141.573608
169042.968750	-141.688416
169048.828125	-139.450195
169054.687500	-140.677429
169060.546875	-144.037872
169066.406250	-142.567444
169072.265625	-141.715515
169078.125000	-142.953949
169083.984375	-140.831223
169089.843750	-139.705475
169095.703125	-141.631104
169101.562500	-138.690994
169107.421875	-137.328308
169113.281250	-138.519974
169119.140625	-139.731979
169125.000000	-140.258209
169130.859375	-138.320908
169136.718750	-137.007339
169142.578125	-136.928238
169148.437500	-138.181732
169154.296875	-138.567139
169160.156250	-136.756851
169166.015625	-136.854111
169171.875000	-138.031403
169177.734375	-136.991150
169183.593750	-137.010162
169189.453125	-137.580963
169195.312500	-137.688293
169201.171875	-139.787994
169207.031250	-141.480316
169212.890625	-137.890823
169218.750000	-137.773926
169224.609375	-138.053040
169230.468750	-139.343674
169236.328125	-141.756088
169242.187500	-142.864761
169248.046875	-142.970093
169253.906250	-138.233810
169259.765625	-135.879013
169265.625000	-135.772430
169271.484375	-136.256836
169277.343750	-137.183334
169283.203125	-139.292877
169289.062500	-143.344315
169294.921875	-140.226807
169300.781250	-137.330505
169306.640625	-137.393860
169312.500000	-139.181946
169318.359375	-141.390076
169324.218750	-141.643829
169330.078125	-140.678131
169335.937500	-139.535736
169341.796875	-138.314194
169347.656250	-139.134094
169353.515625	-140.409286
169359.375000	-136.717026
169365.234375	-136.245514
169371.093750	-138.247757
169376.953125	-137.882919
169382.812500	-137.446823
169388.671875	-136.595322
169394.531250	-137.210526
169400.390625	-139.192459
169406.250000	-142.657089
169412.109375	-142.185699
169417.968750	-141.178604
169423.828125	-142.141586
169429.687500	-140.058624
169435.546875	-138.681854
169441.406250	-138.914062
169447.265625	-138.623886
169453.125000	-141.011932
169458.984375	-146.081284
169464.843750	-139.215805
169470.703125	-136.129013
169476.562500	-135.923141
169482.421875	-137.392059
169488.281250	-139.232742
169494.140625	-139.053741
169500.000000	-138.394211
169505.859375	-139.368530
169511.718750	-139.535645
169517.578125	-138.613129
169523.437500	-139.061172
169529.296875	-140.991379
169535.156250	-141.547379
169541.015625	-140.546799
169546.875000	-138.697372
169552.734375	-137.828018
169558.593750	-138.455963
169564.453125	-138.143784
169570.312500	-137.721878
169576.171875	-138.137421
169582.031250	-137.329178
169587.890625	-136.546478
169593.750000	-139.079086
169599.609375	-142.366226
169605.468750	-139.160553
169611.328125	-138.115372
169617.187500	-139.483734
169623.046875	-143.011139
169628.906250	-145.068222
169634.765625	-141.130936
169640.625000	-139.003281
169646.484375	-138.033371
169652.343750	-137.640686
169658.203125	-138.420807
169664.062500	-137.840744
169669.921875	-137.590698
169675.781250	-138.939346
169681.640625	-140.144241
169687.500000	-140.036819
169693.359375	-140.506821
169699.218750	-142.015121
169705.078125	-140.726990
169710.937500	-139.130127
169716.796875	-138.680130
169722.656250	-139.766617
169728.515625	-141.438049
169734.375000	-142.244797
169740.234375	-139.564484
169746.093750	-138.969330
169751.953125	-138.581696
169757.812500	-137.999344
169763.671875	-139.830170
169769.531250	-136.869370
169775.390625	-135.707352
169781.250000	-138.905823
169787.109375	-141.737686
169792.968750	-140.093033
169798.828125	-137.935608
169804.687500	-138.885956
169810.546875	-139.827209
169816.406250	-140.614563
169822.265625	-142.442612
169828.125000	-142.466019
169833.984375	-138.984573
169839.843750	-137.387451
169845.703125	-137.801559
169851.562500	-139.424850
169857.421875	-142.101913
169863.281250	-138.465561
169869.140625	-137.273102
169875.000000	-140.722916
169880.859375	-141.624222
169886.718750	-137.390869
169892.578125	-137.270111
169898.437500	-139.072433
169904.296875	-139.208786
169910.156250	-142.232574
169916.015625	-138.832748
169921.875000	-136.371613
169927.734375	-137.295944
169933.593750	-139.515640
169939.453125	-140.418671
169945.312500	-139.628387
169951.171875	-138.032654
169957.031250	-136.643494
169962.890625	-137.691025
169968.750000	-138.802765
169974.609375	-137.159470
169980.468750	-135.991730
169986.328125	-136.383789
169992.187500	-137.419693
169998.046875	-140.619324
170003.906250	-141.317154
170009.765625	-138.171265
170015.625000	-138.778244
170021.484375	-141.333298
170027.343750	-142.841003
170033.203125	-143.841599
170039.062500	-141.897522
170044.921875	-140.993820
170050.781250	-141.613800
170056.640625	-139.196533
170062.500000	-138.361893
170068.359375	-140.490021
170074.218750	-143.997482
170080.078125	-145.072937
170085.937500	-144.434647
170091.796875	-144.322906
170097.656250	-143.881638
170103.515625	-142.636627
170109.375000	-141.713226
170115.234375	-142.997101
170121.093750	-144.692795
170126.953125	-141.608856
170132.812500	-139.684525
170138.671875	-140.109634
170144.531250	-144.969711
170150.390625	-145.802521
170156.250000	-147.256058
170162.109375	-145.406799
170167.968750	-138.146103
170173.828125	-136.349976
170179.687500	-138.429520
170185.546875	-141.437180
170191.406250	-140.235428
170197.265625	-138.760696
170203.125000	-138.124039
170208.984375	-141.005234
170214.843750	-141.787781
170220.703125	-142.938538
170226.562500	-142.498276
170232.421875	-140.893448
170238.281250	-143.576752
170244.140625	-141.781815
170250.000000	-138.264252
170255.859375	-136.634674
170261.718750	-137.501465
170267.578125	-139.583786
170273.437500	-140.256180
170279.296875	-138.803848
170285.156250	-137.910690
170291.015625	-137.785828
170296.875000	-138.559998
170302.734375	-142.016495
170308.593750	-140.390472
170314.453125	-138.103394
170320.312500	-141.549820
170326.171875	-142.372925
170332.031250	-140.133774
170337.890625	-141.072891
170343.750000	-144.685608
170349.609375	-142.477081
170355.468750	-139.300980
170361.328125	-141.587662
170367.187500	-146.126083
170373.046875	-142.953934
170378.906250	-140.614532
170384.765625	-143.177872
170390.625000	-143.714050
170396.484375	-142.357590
170402.343750	-140.461456
170408.203125	-139.913177
170414.062500	-142.726807
170419.921875	-138.765976
170425.781250	-136.424301
170431.640625	-137.400101
170437.500000	-140.491806
170443.359375	-137.367950
170449.218750	-138.307907
170455.078125	-145.649490
170460.937500	-144.195038
170466.796875	-141.638321
170472.656250	-143.232681
170478.515625	-140.915787
170484.375000	-138.957504
170490.234375	-142.157532
170496.093750	-143.110168
170501.953125	-143.371185
170507.812500	-141.022812
170513.671875	-140.129578
170519.531250	-140.201660
170525.390625	-142.526489
170531.250000	-143.367310
170537.109375	-141.606125
170542.968750	-139.416779
170548.828125	-137.395493
170554.687500	-138.109695
170560.546875	-140.593704
170566.406250	-139.083939
170572.265625	-138.806213
170578.125000	-140.093338
170583.984375	-139.958160
170589.843750	-139.914658
170595.703125	-142.740860
170601.562500	-143.822128
170607.421875	-141.978485
170613.281250	-138.574127
170619.140625	-139.242386
170625.000000	-140.522934
170630.859375	-140.040726
170636.718750	-141.595703
170642.578125	-146.716156
170648.437500	-142.488586
170654.296875	-139.640228
170660.156250	-140.464767
170666.015625	-144.003311
170671.875000	-147.303574
170677.734375	-140.844666
170683.593750	-139.300247
170689.453125	-140.738876
170695.312500	-141.116989
170701.171875	-139.844467
170707.031250	-140.507446
170712.890625	-141.020798
170718.750000	-140.507950
170724.609375	-141.667038
170730.468750	-147.198608
170736.328125	-142.885376
170742.187500	-139.304672
170748.046875	-138.742950
170753.906250	-140.587860
170759.765625	-142.169693
170765.625000	-140.762543
170771.484375	-139.992477
170777.343750	-139.816208
170783.203125	-137.248947
170789.062500	-135.957199
170794.921875	-138.311844
170800.781250	-141.910645
170806.640625	-140.975113
170812.500000	-140.019485
170818.359375	-140.312088
170824.218750	-141.814484
170830.078125	-141.294525
170835.937500	-139.448135
170841.796875	-140.001190
170847.656250	-142.345032
170853.515625	-144.222351
170859.375000	-142.496979
170865.234375	-143.010345
170871.093750	-145.272110
170876.953125	-141.974197
170882.812500	-141.405655
170888.671875	-143.043655
170894.531250	-144.706497
170900.390625	-140.376221
170906.250000	-138.090546
170912.109375	-138.147934
170917.968750	-138.341171
170923.828125	-139.941696
170929.687500	-138.662903
170935.546875	-137.238373
170941.406250	-138.136902
170947.265625	-140.520004
170953.125000	-141.422150
170958.984375	-140.531021
170964.843750	-140.124725
170970.703125	-143.596725
170976.562500	-144.088318
170982.421875	-141.745743
170988.281250	-140.204758
170994.140625	-138.281647
171000.000000	-140.750305
171005.859375	-142.708603
171011.718750	-139.732330
171017.578125	-138.071411
171023.437500	-138.046616
171029.296875	-139.314209
171035.156250	-143.244080
171041.015625	-141.829132
171046.875000	-137.713547
171052.734375	-137.016342
171058.593750	-138.457245
171064.453125	-142.398193
171070.312500	-143.019913
171076.171875	-143.172775
171082.031250	-143.670273
171087.890625	-143.874817
171093.750000	-144.166229
171099.609375	-141.944031
171105.468750	-141.386414
171111.328125	-142.530960
171117.187500	-144.184631
171123.046875	-141.664642
171128.906250	-140.673294
171134.765625	-138.922653
171140.625000	-137.623596
171146.484375	-137.899475
171152.343750	-138.757492
171158.203125	-138.620422
171164.062500	-139.466141
171169.921875	-141.820496
171175.781250	-140.668289
171181.640625	-138.494476
171187.500000	-139.326614
171193.359375	-139.613297
171199.218750	-138.356644
171205.078125	-138.287354
171210.937500	-139.991592
171216.796875	-140.590851
171222.656250	-142.161621
171228.515625	-144.882141
171234.375000	-140.224487
171240.234375	-137.561951
171246.093750	-136.504822
171251.953125	-137.718597
171257.812500	-142.199402
171263.671875	-144.900681
171269.531250	-142.122513
171275.390625	-140.197433
171281.250000	-138.538071
171287.109375	-137.152054
171292.968750	-138.609589
171298.828125	-141.166992
171304.687500	-139.499405
171310.546875	-137.703827
171316.406250	-138.632843
171322.265625	-141.623306
171328.125000	-143.624435
171333.984375	-139.852951
171339.843750	-139.559021
171345.703125	-140.676788
171351.562500	-141.323349
171357.421875	-142.830048
171363.281250	-143.302032
171369.140625	-141.465485
171375.000000	-140.057465
171380.859375	-139.435944
171386.718750	-140.281403
171392.578125	-142.300217
171398.437500	-143.826019
171404.296875	-139.836761
171410.156250	-140.932281
171416.015625	-144.526825
171421.875000	-139.575272
171427.734375	-140.102280
171433.593750	-141.916626
171439.453125	-143.841599
171445.312500	-143.256454
171451.171875	-141.891159
171457.031250	-140.699326
171462.890625	-138.600784
171468.750000	-137.576874
171474.609375	-138.713562
171480.468750	-137.636047
171486.328125	-138.455231
171492.187500	-140.356689
171498.046875	-141.257416
171503.906250	-145.090500
171509.765625	-142.802414
171515.625000	-139.298325
171521.484375	-139.174820
171527.343750	-141.573654
171533.203125	-142.848541
171539.062500	-140.182343
171544.921875	-139.213364
171550.781250	-141.697220
171556.640625	-142.764862
171562.500000	-140.270309
171568.359375	-139.374435
171574.218750	-137.548004
171580.078125	-138.727142
171585.937500	-141.389542
171591.796875	-139.714859
171597.656250	-138.158432
171603.515625	-138.324112
171609.375000	-138.690872
171615.234375	-138.999710
171621.093750	-139.685913
171626.953125	-138.853333
171632.812500	-139.166229
171638.671875	-140.959030
171644.531250	-143.841293
171650.390625	-141.998749
171656.250000	-142.286026
171662.109375	-140.244995
171667.968750	-138.189819
171673.828125	-140.571121
171679.687500	-141.585831
171685.546875	-142.706177
171691.406250	-145.457153
171697.265625	-143.700027
171703.125000	-139.560196
171708.984375	-137.799377
171714.843750	-139.363785
171720.703125	-142.397842
171726.562500	-144.069260
171732.421875	-142.600250
171738.281250	-140.591110
171744.140625	-139.982147
171750.000000	-138.670441
171755.859375	-138.159241
171761.718750	-139.303757
171767.578125	-141.839432
171773.437500	-141.354034
171779.296875	-141.077133
171785.156250	-141.052017
171791.015625	-139.035355
171796.875000	-138.007126
171802.734375	-139.314835
171808.593750	-141.275879
171814.453125	-141.590393
171820.312500	-140.016235
171826.171875	-137.702560
171832.031250	-136.751816
171837.890625	-137.138351
171843.750000	-139.034332
171849.609375	-138.790985
171855.468750	-139.224548
171861.328125	-138.967224
171867.187500	-138.573898
171873.046875	-140.564316
171878.906250	-140.645157
171884.765625	-141.320633
171890.625000	-140.221008
171896.484375	-139.452957
171902.343750	-139.735184
171908.203125	-139.177353
171914.062500	-138.123795
171919.921875	-137.060577
171925.781250	-138.489655
171931.640625	-140.332428
171937.500000	-138.652084
171943.359375	-137.061874
171949.218750	-137.114059
171955.078125	-138.512375
171960.937500	-140.331711
171966.796875	-141.782898
171972.656250	-142.913895
171978.515625	-144.262604
171984.375000	-141.438202
171990.234375	-139.715652
171996.093750	-138.950119
172001.953125	-138.224396
172007.812500	-139.536667
172013.671875	-142.295837
172019.531250	-142.603043
172025.390625	-144.038925
172031.250000	-143.328690
172037.109375	-141.246719
172042.968750	-139.461121
172048.828125	-138.457611
172054.687500	-138.309616
172060.546875	-139.533951
172066.406250	-141.030563
172072.265625	-140.042206
172078.125000	-138.107376
172083.984375	-138.920532
172089.843750	-139.522705
172095.703125	-139.117325
172101.562500	-139.900665
172107.421875	-138.065567
172113.281250	-137.612106
172119.140625	-139.260101
172125.000000	-141.135376
172130.859375	-139.302002
172136.718750	-137.109497
172142.578125	-136.837936
172148.437500	-140.360962
172154.296875	-141.847763
172160.156250	-141.053604
172166.015625	-141.207047
172171.875000	-139.800018
172177.734375	-138.418610
172183.593750	-138.254959
172189.453125	-140.348282
172195.312500	-141.265778
172201.171875	-138.041733
172207.031250	-136.944183
172212.890625	-139.994141
172218.750000	-142.997223
172224.609375	-141.377502
172230.468750	-140.877518
172236.328125	-140.345612
172242.187500	-138.721481
172248.046875	-142.652771
172253.906250	-144.464859
172259.765625	-142.480591
172265.625000	-144.369980
172271.484375	-140.755890
172277.343750	-138.186234
172283.203125	-137.644440
172289.062500	-139.450180
172294.921875	-141.011993
172300.781250	-142.152939
172306.640625	-141.198715
172312.500000	-142.939316
172318.359375	-145.442459
172324.218750	-139.482666
172330.078125	-137.738068
172335.937500	-137.897629
172341.796875	-139.865753
172347.656250	-141.997604
172353.515625	-141.258820
172359.375000	-140.014511
172365.234375	-140.179825
172371.093750	-140.742157
172376.953125	-141.635178
172382.812500	-142.372543
172388.671875	-140.633423
172394.531250	-140.107162
172400.390625	-142.531769
172406.250000	-145.925446
172412.109375	-143.704575
172417.968750	-139.970810
172423.828125	-138.587601
172429.687500	-139.839340
172435.546875	-142.640533
172441.406250	-143.124069
172447.265625	-143.757339
172453.125000	-142.139832
172458.984375	-140.401230
172464.843750	-139.394470
172470.703125	-139.378159
172476.562500	-140.637604
172482.421875	-137.645157
172488.281250	-136.996063
172494.140625	-139.961227
172500.000000	-141.632431
172505.859375	-139.832184
172511.718750	-138.576630
172517.578125	-139.457870
172523.437500	-142.334305
172529.296875	-141.495377
172535.156250	-140.727982
172541.015625	-140.193665
172546.875000	-140.577209
172552.734375	-143.418365
172558.593750	-144.312897
172564.453125	-141.746582
172570.312500	-139.915314
172576.171875	-139.130936
172582.031250	-139.106277
172587.890625	-139.321976
172593.750000	-139.912415
172599.609375	-141.736664
172605.468750	-139.336121
172611.328125	-137.834259
172617.187500	-138.589813
172623.046875	-138.066193
172628.906250	-138.539627
172634.765625	-139.973724
172640.625000	-141.238449
172646.484375	-141.695740
172652.343750	-140.921310
172658.203125	-140.838120
172664.062500	-141.505783
172669.921875	-140.937027
172675.781250	-140.244095
172681.640625	-140.741425
172687.500000	-140.051147
172693.359375	-139.536697
172699.218750	-139.123215
172705.078125	-138.906235
172710.937500	-138.147491
172716.796875	-139.097305
172722.656250	-142.508774
172728.515625	-144.967789
172734.375000	-142.791183
172740.234375	-141.935486
172746.093750	-142.009995
172751.953125	-143.511627
172757.812500	-141.755768
172763.671875	-138.672638
172769.531250	-137.458832
172775.390625	-140.473709
172781.250000	-145.017334
172787.109375	-145.049301
172792.968750	-143.013748
172798.828125	-142.500397
172804.687500	-144.628799
172810.546875	-142.003998
172816.406250	-139.005219
172822.265625	-137.778091
172828.125000	-137.274414
172833.984375	-138.280884
172839.843750	-137.256287
172845.703125	-135.991302
172851.562500	-136.837326
172857.421875	-138.072998
172863.281250	-140.017990
172869.140625	-142.451065
172875.000000	-141.232132
172880.859375	-139.980484
172886.718750	-139.280701
172892.578125	-139.972214
172898.437500	-140.357407
172904.296875	-139.156708
172910.156250	-139.272369
172916.015625	-139.782761
172921.875000	-139.459335
172927.734375	-138.664093
172933.593750	-139.730270
172939.453125	-139.202545
172945.312500	-139.309082
172951.171875	-141.290436
172957.031250	-142.300064
172962.890625	-142.275146
172968.750000	-140.700134
172974.609375	-139.643005
172980.468750	-140.520477
172986.328125	-141.911362
172992.187500	-141.838058
172998.046875	-143.142960
173003.906250	-141.795120
173009.765625	-138.782654
173015.625000	-140.122147
173021.484375	-143.843781
173027.343750	-140.662064
173033.203125	-137.999451
173039.062500	-138.676849
173044.921875	-141.107773
173050.781250	-142.346237
173056.640625	-141.027679
173062.500000	-138.276596
173068.359375	-138.312836
173074.218750	-138.092392
173080.078125	-137.359680
173085.937500	-135.792130
173091.796875	-135.789963
173097.656250	-138.570618
173103.515625	-140.608124
173109.375000	-140.947159
173115.234375	-143.296783
173121.093750	-143.075378
173126.953125	-140.892319
173132.812500	-142.188751
173138.671875	-143.739731
173144.531250	-143.037338
173150.390625	-141.767410
173156.250000	-140.880920
173162.109375	-142.118378
173167.968750	-140.937683
173173.828125	-138.677750
173179.687500	-138.443863
173185.546875	-139.292068
173191.406250	-140.113922
173197.265625	-139.116852
173203.125000	-139.147385
173208.984375	-140.452667
173214.843750	-141.529648
173220.703125	-141.945831
173226.562500	-142.311707
173232.421875	-141.788452
173238.281250	-138.939407
173244.140625	-137.798569
173250.000000	-138.811615
173255.859375	-139.769058
173261.718750	-139.949722
173267.578125	-141.320175
173273.437500	-143.460083
173279.296875	-142.366028
173285.156250	-143.147415
173291.015625	-140.830307
173296.875000	-139.814636
173302.734375	-139.168823
173308.593750	-139.001083
173314.453125	-141.107239
173320.312500	-143.019669
173326.171875	-143.229736
173332.031250	-142.241241
173337.890625	-140.449188
173343.750000	-139.726639
173349.609375	-138.369141
173355.468750	-138.719543
173361.328125	-140.109634
173367.187500	-139.178436
173373.046875	-137.457016
173378.906250	-137.384506
173384.765625	-137.980988
173390.625000	-137.794144
173396.484375	-139.943924
173402.343750	-140.666412
173408.203125	-139.642838
173414.062500	-137.986069
173419.921875	-139.426300
173425.781250	-142.602982
173431.640625	-142.206955
173437.500000	-140.276672
173443.359375	-140.418060
173449.218750	-141.599609
173455.078125	-140.861816
173460.937500	-140.011078
173466.796875	-140.990723
173472.656250	-141.091278
173478.515625	-139.690720
173484.375000	-137.784088
173490.234375	-138.872971
173496.093750	-141.785568
173501.953125	-141.660294
173507.812500	-141.202942
173513.671875	-140.625717
173519.531250	-139.523911
173525.390625	-144.325485
173531.250000	-142.764053
173537.109375	-139.224106
173542.968750	-137.770477
173548.828125	-137.529968
173554.687500	-140.963821
173560.546875	-144.773895
173566.406250	-142.205948
173572.265625	-141.629654
173578.125000	-141.959839
173583.984375	-141.263077
173589.843750	-141.734436
173595.703125	-138.712326
173601.562500	-137.064392
173607.421875	-138.150391
173613.281250	-140.207840
173619.140625	-141.720093
173625.000000	-141.324463
173630.859375	-140.114151
173636.718750	-138.940063
173642.578125	-140.760986
173648.437500	-145.445312
173654.296875	-144.387192
173660.156250	-141.180130
173666.015625	-138.238739
173671.875000	-139.234650
173677.734375	-142.086823
173683.593750	-141.861908
173689.453125	-141.405029
173695.312500	-139.844269
173701.171875	-138.014755
173707.031250	-137.783585
173712.890625	-137.364899
173718.750000	-136.611694
173724.609375	-138.280380
173730.468750	-141.186768
173736.328125	-141.075394
173742.187500	-140.409210
173748.046875	-138.297668
173753.906250	-141.017181
173759.765625	-143.802261
173765.625000	-140.055618
173771.484375	-138.731277
173777.343750	-138.767120
173783.203125	-139.669312
173789.062500	-139.493927
173794.921875	-139.934097
173800.781250	-140.672821
173806.640625	-140.824326
173812.500000	-140.661148
173818.359375	-140.112473
173824.218750	-140.352478
173830.078125	-142.167053
173835.937500	-143.015732
173841.796875	-140.207199
173847.656250	-139.403671
173853.515625	-140.654358
173859.375000	-141.802750
173865.234375	-141.496017
173871.093750	-139.187897
173876.953125	-139.560822
173882.812500	-142.080933
173888.671875	-140.655106
173894.531250	-139.611115
173900.390625	-140.480835
173906.250000	-142.282303
173912.109375	-142.342407
173917.968750	-143.270935
173923.828125	-144.650070
173929.687500	-141.763489
173935.546875	-140.868546
173941.406250	-140.477921
173947.265625	-140.241623
173953.125000	-141.324158
173958.984375	-138.153870
173964.843750	-137.570465
173970.703125	-139.073669
173976.562500	-141.932541
173982.421875	-144.120636
173988.281250	-141.331345
173994.140625	-138.901611
174000.000000	-140.076584
174005.859375	-142.136749
174011.718750	-139.595276
174017.578125	-140.541779
174023.437500	-140.226196
174029.296875	-139.939575
174035.156250	-141.787277
174041.015625	-145.901871
174046.875000	-147.223175
174052.734375	-149.247635
174058.593750	-146.398483
174064.453125	-142.453842
174070.312500	-140.727936
174076.171875	-140.609375
174082.031250	-141.321487
174087.890625	-141.187546
174093.750000	-141.038132
174099.609375	-143.469666
174105.468750	-143.301224
174111.328125	-141.314774
174117.187500	-140.331894
174123.046875	-140.122467
174128.906250	-138.771652
174134.765625	-137.234634
174140.625000	-138.092422
174146.484375	-139.084137
174152.343750	-139.456650
174158.203125	-142.784790
174164.062500	-146.716064
174169.921875	-144.093384
174175.781250	-142.884750
174181.640625	-142.907471
174187.500000	-142.984390
174193.359375	-143.012329
174199.218750	-142.959839
174205.078125	-143.691605
174210.937500	-144.665268
174216.796875	-140.628723
174222.656250	-138.273392
174228.515625	-139.386002
174234.375000	-143.725098
174240.234375	-145.052872
174246.093750	-140.893997
174251.953125	-138.898270
174257.812500	-138.167603
174263.671875	-138.601089
174269.531250	-139.645096
174275.390625	-139.598907
174281.250000	-139.704147
174287.109375	-141.536301
174292.968750	-141.420837
174298.828125	-142.990265
174304.687500	-142.268921
174310.546875	-140.776001
174316.406250	-139.718628
174322.265625	-139.412613
174328.125000	-139.246231
174333.984375	-141.397491
174339.843750	-147.994263
174345.703125	-148.162354
174351.562500	-144.808853
174357.421875	-142.231003
174363.281250	-141.800751
174369.140625	-141.233551
174375.000000	-142.913406
174380.859375	-143.502899
174386.718750	-144.456039
174392.578125	-144.919159
174398.437500	-140.789459
174404.296875	-138.750015
174410.156250	-139.648392
174416.015625	-140.864960
174421.875000	-139.788086
174427.734375	-139.305237
174433.593750	-140.892426
174439.453125	-146.283554
174445.312500	-141.989136
174451.171875	-141.097549
174457.031250	-143.510773
174462.890625	-145.726471
174468.750000	-143.159042
174474.609375	-141.819702
174480.468750	-142.084518
174486.328125	-141.191223
174492.187500	-140.504211
174498.046875	-139.848495
174503.906250	-138.086151
174509.765625	-138.685989
174515.625000	-141.263306
174521.484375	-140.906738
174527.343750	-139.141571
174533.203125	-140.144791
174539.062500	-139.483093
174544.921875	-139.994293
174550.781250	-144.561417
174556.640625	-141.347198
174562.500000	-138.311722
174568.359375	-137.858627
174574.218750	-138.544250
174580.078125	-141.284027
174585.937500	-143.943588
174591.796875	-140.569397
174597.656250	-138.450226
174603.515625	-138.846786
174609.375000	-139.311401
174615.234375	-140.012604
174621.093750	-141.016617
174626.953125	-140.334869
174632.812500	-142.803543
174638.671875	-144.778793
174644.531250	-141.744553
174650.390625	-141.885666
174656.250000	-140.072693
174662.109375	-138.761215
174667.968750	-139.679977
174673.828125	-139.337357
174679.687500	-139.043854
174685.546875	-137.729614
174691.406250	-137.477142
174697.265625	-139.369690
174703.125000	-138.890106
174708.984375	-137.577927
174714.843750	-138.339890
174720.703125	-141.417557
174726.562500	-142.150284
174732.421875	-141.759247
174738.281250	-140.770660
174744.140625	-139.595612
174750.000000	-139.388351
174755.859375	-140.029602
174761.718750	-140.218674
174767.578125	-141.424744
174773.437500	-141.507202
174779.296875	-138.873703
174785.156250	-138.457764
174791.015625	-140.504837
174796.875000	-141.691437
174802.734375	-140.781128
174808.593750	-140.551773
174814.453125	-139.666122
174820.312500	-138.749878
174826.171875	-140.340302
174832.031250	-141.604507
174837.890625	-140.605118
174843.750000	-139.912460
174849.609375	-139.570358
174855.468750	-141.048874
174861.328125	-141.911926
174867.187500	-140.624908
174873.046875	-139.348419
174878.906250	-137.992401
174884.765625	-139.704391
174890.625000	-141.857422
174896.484375	-142.262253
174902.343750	-142.590256
174908.203125	-143.299469
174914.062500	-141.923203
174919.921875	-138.387970
174925.781250	-137.021561
174931.640625	-137.975327
174937.500000	-141.135513
174943.359375	-143.010574
174949.218750	-140.377045
174955.078125	-141.053238
174960.937500	-142.890717
174966.796875	-144.563019
174972.656250	-140.393234
174978.515625	-138.495224
174984.375000	-139.097183
174990.234375	-140.527527
174996.093750	-139.962692
175001.953125	-139.412537
175007.812500	-141.275955
175013.671875	-144.039978
175019.531250	-143.899506
175025.390625	-142.857651
175031.250000	-141.648926
175037.109375	-141.188263
175042.968750	-139.545578
175048.828125	-138.120071
175054.687500	-138.761703
175060.546875	-139.519943
175066.406250	-140.319839
175072.265625	-140.440353
175078.125000	-141.458527
175083.984375	-146.392120
175089.843750	-145.184387
175095.703125	-140.299866
175101.562500	-136.014969
175107.421875	-136.596802
175113.281250	-142.669678
175119.140625	-143.091934
175125.000000	-140.250427
175130.859375	-141.214462
175136.718750	-143.860794
175142.578125	-141.569321
175148.437500	-140.622177
175154.296875	-143.407211
175160.156250	-142.862244
175166.015625	-140.961197
175171.875000	-141.877457
175177.734375	-145.061050
175183.593750	-143.527344
175189.453125	-141.601273
175195.312500	-140.993973
175201.171875	-141.074280
175207.031250	-141.280014
175212.890625	-141.223801
175218.750000	-140.829834
175224.609375	-143.464188
175230.468750	-144.472137
175236.328125	-140.624649
175242.187500	-137.911392
175248.046875	-138.681564
175253.906250	-140.221161
175259.765625	-143.560287
175265.625000	-145.855118
175271.484375	-142.030090
175277.343750	-140.450119
175283.203125	-141.842270
175289.062500	-144.071121
175294.921875	-146.016327
175300.781250	-143.546616
175306.640625	-140.751556
175312.500000	-140.853455
175318.359375	-142.048782
175324.218750	-145.086105
175330.078125	-144.020401
175335.937500	-141.204376
175341.796875	-141.023407
175347.656250	-141.963989
175353.515625	-141.227051
175359.375000	-142.518570
175365.234375	-144.801102
175371.093750	-144.623581
175376.953125	-143.662140
175382.812500	-140.605240
175388.671875	-139.027451
175394.531250	-141.021347
175400.390625	-144.649857
175406.250000	-150.172363
175412.109375	-141.427765
175417.968750	-137.045090
175423.828125	-136.191803
175429.687500	-137.970840
175435.546875	-141.058044
175441.406250	-143.142181
175447.265625	-144.075714
175453.125000	-144.706696
175458.984375	-143.061462
175464.843750	-141.911636
175470.703125	-142.246460
175476.562500	-142.514191
175482.421875	-141.801605
175488.281250	-142.927338
175494.140625	-140.839874
175500.000000	-140.003784
175505.859375	-141.169083
175511.718750	-141.707260
175517.578125	-138.918961
175523.437500	-138.140091
175529.296875	-139.281281
175535.156250	-138.395630
175541.015625	-138.457001
175546.875000	-140.376968
175552.734375	-142.560944
175558.593750	-138.402328
175564.453125	-137.200012
175570.312500	-140.691330
175576.171875	-144.925323
175582.031250	-142.532867
175587.890625	-139.826569
175593.750000	-139.134888
175599.609375	-139.419556
175605.468750	-141.782669
175611.328125	-145.008423
175617.187500	-144.216019
175623.046875	-143.429245
175628.906250	-145.548279
175634.765625	-146.388000
175640.625000	-141.665146
175646.484375	-140.729156
175652.343750	-139.131485
175658.203125	-139.704315
175664.062500	-144.404175
175669.921875	-144.378464
175675.781250	-139.869217
175681.640625	-138.084320
175687.500000	-140.012009
175693.359375	-140.247223
175699.218750	-140.510880
175705.078125	-143.895874
175710.937500	-142.028671
175716.796875	-140.342163
175722.656250	-140.345840
175728.515625	-140.477859
175734.375000	-140.344269
175740.234375	-139.962494
175746.093750	-139.997513
175751.953125	-139.507584
175757.812500	-139.531830
175763.671875	-140.490738
175769.531250	-141.275864
175775.390625	-139.367447
175781.250000	-138.978668
175787.109375	-139.914429
175792.968750	-140.726059
175798.828125	-140.541321
175804.687500	-140.831375
175810.546875	-142.332397
175816.406250	-142.116318
175822.265625	-142.221069
175828.125000	-144.720551
175833.984375	-145.135590
175839.843750	-146.194458
175845.703125	-145.641571
175851.562500	-142.097031
175857.421875	-139.602859
175863.281250	-140.115204
175869.140625	-142.386963
175875.000000	-140.219955
175880.859375	-137.415009
175886.718750	-141.093170
175892.578125	-146.867569
175898.437500	-141.055817
175904.296875	-139.670090
175910.156250	-141.756638
175916.015625	-143.143707
175921.875000	-141.876022
175927.734375	-141.474731
175933.593750	-141.570358
175939.453125	-142.464630
175945.312500	-139.473755
175951.171875	-138.004181
175957.031250	-140.380814
175962.890625	-142.184708
175968.750000	-141.513626
175974.609375	-142.366745
175980.468750	-142.480118
175986.328125	-143.538528
175992.187500	-140.494614
175998.046875	-139.656174
176003.906250	-145.425003
176009.765625	-145.203796
176015.625000	-142.657578
176021.484375	-141.337646
176027.343750	-141.416870
176033.203125	-147.819763
176039.062500	-143.086365
176044.921875	-141.644547
176050.781250	-141.278732
176056.640625	-139.426544
176062.500000	-137.934387
176068.359375	-137.457169
176074.218750	-138.476303
176080.078125	-140.183487
176085.937500	-143.493454
176091.796875	-144.486313
176097.656250	-140.272552
176103.515625	-140.103134
176109.375000	-142.487122
176115.234375	-142.565170
176121.093750	-140.668991
176126.953125	-140.204269
176132.812500	-140.255417
176138.671875	-140.716660
176144.531250	-143.057648
176150.390625	-140.857559
176156.250000	-142.118790
176162.109375	-140.494217
176167.968750	-139.242783
176173.828125	-141.328125
176179.687500	-140.722977
176185.546875	-139.921204
176191.406250	-139.734802
176197.265625	-137.272430
176203.125000	-136.815842
176208.984375	-137.927216
176214.843750	-138.719818
176220.703125	-140.590973
176226.562500	-142.164703
176232.421875	-141.703934
176238.281250	-139.272339
176244.140625	-139.636383
176250.000000	-140.284821
176255.859375	-141.654770
176261.718750	-141.277542
176267.578125	-139.657623
176273.437500	-139.578964
176279.296875	-142.259750
176285.156250	-143.212173
176291.015625	-140.920883
176296.875000	-139.897903
176302.734375	-141.441101
176308.593750	-142.332794
176314.453125	-139.040100
176320.312500	-138.209137
176326.171875	-138.373032
176332.031250	-137.574615
176337.890625	-139.592529
176343.750000	-142.328857
176349.609375	-138.769135
176355.468750	-138.523117
176361.328125	-140.307831
176367.187500	-141.226425
176373.046875	-143.762451
176378.906250	-142.734360
176384.765625	-141.027802
176390.625000	-140.042343
176396.484375	-139.426041
176402.343750	-141.879227
176408.203125	-140.466904
176414.062500	-139.306808
176419.921875	-140.066498
176425.781250	-140.786240
176431.640625	-139.736252
176437.500000	-138.114609
176443.359375	-138.297653
176449.218750	-140.402908
176455.078125	-142.696152
176460.937500	-142.211731
176466.796875	-140.164459
176472.656250	-137.932251
176478.515625	-138.369476
176484.375000	-139.552338
176490.234375	-139.920059
176496.093750	-142.274750
176501.953125	-147.203995
176507.812500	-145.190872
176513.671875	-141.942917
176519.531250	-140.248566
176525.390625	-142.135696
176531.250000	-140.910797
176537.109375	-141.400406
176542.968750	-143.782043
176548.828125	-142.296906
176554.687500	-144.120224
176560.546875	-145.201508
176566.406250	-140.812775
176572.265625	-140.119247
176578.125000	-138.961792
176583.984375	-137.429199
176589.843750	-138.397980
176595.703125	-141.310638
176601.562500	-143.205368
176607.421875	-142.215393
176613.281250	-142.937134
176619.140625	-144.385284
176625.000000	-142.994858
176630.859375	-140.747589
176636.718750	-141.007278
176642.578125	-144.110931
176648.437500	-144.889557
176654.296875	-142.106583
176660.156250	-140.073242
176666.015625	-139.622528
176671.875000	-139.520157
176677.734375	-139.428726
176683.593750	-140.013107
176689.453125	-139.609390
176695.312500	-139.746140
176701.171875	-138.754547
176707.031250	-138.167160
176712.890625	-139.194077
176718.750000	-140.827957
176724.609375	-138.009186
176730.468750	-138.226257
176736.328125	-140.243668
176742.187500	-141.327255
176748.046875	-141.357315
176753.906250	-141.097015
176759.765625	-141.527237
176765.625000	-139.349655
176771.484375	-139.317047
176777.343750	-141.086945
176783.203125	-139.534332
176789.062500	-138.130569
176794.921875	-138.660339
176800.781250	-140.297165
176806.640625	-139.960907
176812.500000	-138.689758
176818.359375	-137.841476
176824.218750	-138.291260
176830.078125	-141.741760
176835.937500	-141.891525
176841.796875	-140.864151
176847.656250	-140.790894
176853.515625	-139.132751
176859.375000	-140.159821
176865.234375	-138.108566
176871.093750	-137.150467
176876.953125	-140.737518
176882.812500	-141.363419
176888.671875	-142.142487
176894.531250	-143.259872
176900.390625	-139.271988
176906.250000	-138.355667
176912.109375	-139.306152
176917.968750	-142.496185
176923.828125	-142.780777
176929.687500	-139.770493
176935.546875	-139.514145
176941.406250	-141.173218
176947.265625	-142.225800
176953.125000	-141.281464
176958.984375	-138.928177
176964.843750	-138.167923
176970.703125	-141.397156
176976.562500	-144.086502
176982.421875	-141.532364
176988.281250	-139.580872
176994.140625	-139.508682
177000.000000	-141.758438
177005.859375	-141.045517
177011.718750	-137.652679
177017.578125	-136.527466
177023.437500	-138.463348
177029.296875	-139.129578
177035.156250	-136.946472
177041.015625	-137.578690
177046.875000	-140.571091
177052.734375	-144.162827
177058.593750	-142.596069
177064.453125	-140.596375
177070.312500	-140.229874
177076.171875	-140.530396
177082.031250	-139.673492
177087.890625	-138.268707
177093.750000	-137.597580
177099.609375	-137.253647
177105.468750	-136.947327
177111.328125	-138.321548
177117.187500	-139.974442
177123.046875	-139.069656
177128.906250	-140.780228
177134.765625	-146.780472
177140.625000	-144.640732
177146.484375	-140.181946
177152.343750	-141.465240
177158.203125	-138.344879
177164.062500	-135.695526
177169.921875	-137.329605
177175.781250	-139.259979
177181.640625	-139.884842
177187.500000	-142.585419
177193.359375	-141.596527
177199.218750	-141.800018
177205.078125	-139.470230
177210.937500	-138.198227
177216.796875	-139.895432
177222.656250	-142.994553
177228.515625	-145.794922
177234.375000	-148.192780
177240.234375	-143.360092
177246.093750	-139.593506
177251.953125	-139.273254
177257.812500	-142.074661
177263.671875	-145.797928
177269.531250	-141.979675
177275.390625	-140.863297
177281.250000	-139.748810
177287.109375	-138.442505
177292.968750	-139.448090
177298.828125	-138.857056
177304.687500	-137.255447
177310.546875	-136.550522
177316.406250	-135.961090
177322.265625	-138.157578
177328.125000	-145.388519
177333.984375	-145.833191
177339.843750	-141.780365
177345.703125	-142.040771
177351.562500	-144.596176
177357.421875	-143.539536
177363.281250	-139.722977
177369.140625	-138.736008
177375.000000	-139.330078
177380.859375	-138.168045
177386.718750	-136.919724
177392.578125	-139.784088
177398.437500	-139.347168
177404.296875	-137.582321
177410.156250	-138.717758
177416.015625	-142.706207
177421.875000	-145.009628
177427.734375	-140.841827
177433.593750	-139.042938
177439.453125	-139.737091
177445.312500	-139.186874
177451.171875	-139.400497
177457.031250	-140.817490
177462.890625	-143.000671
177468.750000	-140.826691
177474.609375	-142.250641
177480.468750	-143.616699
177486.328125	-139.997635
177492.187500	-138.540070
177498.046875	-137.720734
177503.906250	-137.805008
177509.765625	-139.597992
177515.625000	-140.560471
177521.484375	-142.248291
177527.343750	-143.101685
177533.203125	-144.368820
177539.062500	-141.668167
177544.921875	-139.556686
177550.781250	-140.352798
177556.640625	-142.903641
177562.500000	-142.782043
177568.359375	-140.465637
177574.218750	-138.580826
177580.078125	-137.729233
177585.937500	-139.880737
177591.796875	-142.572708
177597.656250	-140.045959
177603.515625	-137.394196
177609.375000	-137.078613
177615.234375	-139.381805
177621.093750	-141.294357
177626.953125	-140.514069
177632.812500	-139.202133
177638.671875	-138.641052
177644.531250	-138.220108
177650.390625	-138.228745
177656.250000	-137.428421
177662.109375	-138.454285
177667.968750	-140.980484
177673.828125	-139.419418
177679.687500	-137.209106
177685.546875	-138.486282
177691.406250	-141.896088
177697.265625	-140.626358
177703.125000	-138.774612
177708.984375	-138.134720
177714.843750	-138.010635
177720.703125	-138.169876
177726.562500	-138.948090
177732.421875	-140.889481
177738.281250	-139.831116
177744.140625	-138.021347
177750.000000	-139.413879
177755.859375	-142.671188
177761.718750	-141.990479
177767.578125	-139.006439
177773.437500	-138.269989
177779.296875	-140.459747
177785.156250	-141.706161
177791.015625	-140.218109
177796.875000	-138.301361
177802.734375	-137.394073
177808.593750	-137.029953
177814.453125	-139.188416
177820.312500	-142.714767
177826.171875	-141.411148
177832.031250	-140.622757
177837.890625	-140.736618
177843.750000	-138.899048
177849.609375	-139.771576
177855.468750	-141.864288
177861.328125	-142.665726
177867.187500	-143.526199
177873.046875	-141.735764
177878.906250	-138.486298
177884.765625	-138.585281
177890.625000	-140.765366
177896.484375	-140.346115
177902.343750	-137.441422
177908.203125	-137.772644
177914.062500	-141.469055
177919.921875	-141.951309
177925.781250	-142.660217
177931.640625	-141.721664
177937.500000	-139.693176
177943.359375	-138.317154
177949.218750	-138.459564
177955.078125	-138.545120
177960.937500	-138.399307
177966.796875	-139.115723
177972.656250	-140.547119
177978.515625	-141.027802
177984.375000	-140.483963
177990.234375	-140.047623
177996.093750	-141.498108
178001.953125	-142.248016
178007.812500	-140.307541
178013.671875	-140.338821
178019.531250	-142.208908
178025.390625	-142.867325
178031.250000	-141.101273
178037.109375	-138.130035
178042.968750	-137.221512
178048.828125	-137.747025
178054.687500	-138.127426
178060.546875	-138.239822
178066.406250	-139.468597
178072.265625	-141.818497
178078.125000	-140.459457
178083.984375	-138.835648
178089.843750	-138.832016
178095.703125	-140.036667
178101.562500	-140.235489
178107.421875	-140.552231
178113.281250	-143.487915
178119.140625	-142.316605
178125.000000	-139.852539
178130.859375	-142.057785
178136.718750	-144.757233
178142.578125	-143.807938
178148.437500	-145.619904
178154.296875	-148.114548
178160.156250	-147.131210
178166.015625	-142.645737
178171.875000	-141.332306
178177.734375	-140.303665
178183.593750	-140.113113
178189.453125	-143.138977
178195.312500	-144.266006
178201.171875	-140.461487
178207.031250	-139.492035
178212.890625	-140.442886
178218.750000	-143.764023
178224.609375	-147.007568
178230.468750	-139.420319
178236.328125	-138.828430
178242.187500	-141.208694
178248.046875	-140.581879
178253.906250	-138.901215
178259.765625	-139.727753
178265.625000	-141.362869
178271.484375	-141.285782
178277.343750	-141.048996
178283.203125	-139.763153
178289.062500	-139.808578
178294.921875	-141.354126
178300.781250	-142.448624
178306.640625	-141.492935
178312.500000	-140.338654
178318.359375	-138.330353
178324.218750	-137.992981
178330.078125	-138.995529
178335.937500	-139.741501
178341.796875	-140.082489
178347.656250	-138.752106
178353.515625	-140.188431
178359.375000	-142.890320
178365.234375	-143.157227
178371.093750	-142.329910
178376.953125	-145.222931
178382.812500	-142.039017
178388.671875	-138.507416
178394.531250	-138.759781
178400.390625	-139.266251
178406.250000	-141.926102
178412.109375	-144.075531
178417.968750	-142.233276
178423.828125	-142.660522
178429.687500	-142.550629
178435.546875	-140.379272
178441.406250	-139.865524
178447.265625	-142.059326
178453.125000	-141.258026
178458.984375	-140.490417
178464.843750	-139.802795
178470.703125	-140.285065
178476.562500	-139.097168
178482.421875	-136.767471
178488.281250	-137.383881
178494.140625	-140.505112
178500.000000	-142.003769
178505.859375	-142.801193
178511.718750	-139.982193
178517.578125	-138.406372
178523.437500	-139.940170
178529.296875	-143.883270
178535.156250	-141.582718
178541.015625	-143.927887
178546.875000	-146.622391
178552.734375	-140.910217
178558.593750	-138.658173
178564.453125	-138.902542
178570.312500	-139.364166
178576.171875	-139.293106
178582.031250	-140.191299
178587.890625	-142.442810
178593.750000	-142.621872
178599.609375	-140.825500
178605.468750	-140.241470
178611.328125	-143.720261
178617.187500	-143.750916
178623.046875	-143.949539
178628.906250	-142.822495
178634.765625	-141.237854
178640.625000	-140.963928
178646.484375	-138.135941
178652.343750	-136.211594
178658.203125	-135.987778
178664.062500	-136.657135
178669.921875	-138.831055
178675.781250	-143.640396
178681.640625	-145.352631
178687.500000	-144.759659
178693.359375	-144.435333
178699.218750	-141.521927
178705.078125	-141.373840
178710.937500	-142.381256
178716.796875	-141.819885
178722.656250	-141.267151
178728.515625	-142.642044
178734.375000	-143.738968
178740.234375	-145.886353
178746.093750	-145.027084
178751.953125	-143.742096
178757.812500	-142.237167
178763.671875	-142.197006
178769.531250	-141.553268
178775.390625	-141.592133
178781.250000	-139.963440
178787.109375	-138.489868
178792.968750	-138.294250
178798.828125	-138.484024
178804.687500	-139.461182
178810.546875	-140.337769
178816.406250	-141.313187
178822.265625	-141.184601
178828.125000	-139.178726
178833.984375	-140.416351
178839.843750	-145.436600
178845.703125	-145.874390
178851.562500	-144.423431
178857.421875	-140.615112
178863.281250	-138.740829
178869.140625	-140.406067
178875.000000	-142.312012
178880.859375	-142.817780
178886.718750	-143.087921
178892.578125	-142.416489
178898.437500	-140.814453
178904.296875	-139.520996
178910.156250	-140.182144
178916.015625	-142.983215
178921.875000	-143.022766
178927.734375	-140.510086
178933.593750	-138.955887
178939.453125	-140.471085
178945.312500	-143.527679
178951.171875	-145.839264
178957.031250	-143.566711
178962.890625	-141.986359
178968.750000	-140.812454
178974.609375	-137.915070
178980.468750	-138.390640
178986.328125	-140.005325
178992.187500	-140.545807
178998.046875	-143.826279
179003.906250	-144.329498
179009.765625	-139.314835
179015.625000	-139.041916
179021.484375	-141.688354
179027.343750	-145.252625
179033.203125	-141.946899
179039.062500	-139.404449
179044.921875	-139.955231
179050.781250	-139.145737
179056.640625	-141.800262
179062.500000	-143.980484
179068.359375	-142.728607
179074.218750	-141.089005
179080.078125	-141.536072
179085.937500	-145.106720
179091.796875	-143.418793
179097.656250	-142.138138
179103.515625	-143.004959
179109.375000	-144.021103
179115.234375	-142.848022
179121.093750	-142.796539
179126.953125	-143.317688
179132.812500	-142.233902
179138.671875	-142.008011
179144.531250	-144.396210
179150.390625	-144.426208
179156.250000	-143.189056
179162.109375	-144.064621
179167.968750	-143.872467
179173.828125	-143.569275
179179.687500	-143.561737
179185.546875	-140.039261
179191.406250	-139.070435
179197.265625	-139.621887
179203.125000	-139.691742
179208.984375	-138.641022
179214.843750	-137.343567
179220.703125	-138.904922
179226.562500	-141.867996
179232.421875	-141.074432
179238.281250	-140.071075
179244.140625	-139.999664
179250.000000	-141.818405
179255.859375	-142.312347
179261.718750	-141.780350
179267.578125	-140.192001
179273.437500	-140.028717
179279.296875	-143.239044
179285.156250	-144.190094
179291.015625	-140.934311
179296.875000	-139.200439
179302.734375	-139.377701
179308.593750	-141.266983
179314.453125	-141.251938
179320.312500	-140.538086
179326.171875	-141.923294
179332.031250	-142.711716
179337.890625	-143.882355
179343.750000	-141.527237
179349.609375	-141.400085
179355.468750	-141.910431
179361.328125	-141.497986
179367.187500	-142.539459
179373.046875	-142.850998
179378.906250	-141.192490
179384.765625	-140.635010
179390.625000	-141.535583
179396.484375	-141.889404
179402.343750	-144.386124
179408.203125	-145.400864
179414.062500	-145.730484
179419.921875	-147.001480
179425.781250	-141.065811
179431.640625	-139.039581
179437.500000	-141.194504
179443.359375	-140.242737
179449.218750	-138.848984
179455.078125	-140.855453
179460.937500	-140.180862
179466.796875	-139.214752
179472.656250	-138.829727
179478.515625	-139.568466
179484.375000	-140.724228
179490.234375	-139.334915
179496.093750	-136.207245
179501.953125	-137.125610
179507.812500	-142.249512
179513.671875	-142.769241
179519.531250	-144.761978
179525.390625	-143.869431
179531.250000	-140.548233
179537.109375	-141.084076
179542.968750	-142.288849
179548.828125	-140.296829
179554.687500	-139.932068
179560.546875	-140.798920
179566.406250	-141.346252
179572.265625	-145.312149
179578.125000	-144.376450
179583.984375	-142.658325
179589.843750	-142.259338
179595.703125	-140.394211
179601.562500	-140.994934
179607.421875	-143.620621
179613.281250	-143.201019
179619.140625	-140.308640
179625.000000	-139.367691
179630.859375	-140.817612
179636.718750	-140.559052
179642.578125	-139.756409
179648.437500	-141.893021
179654.296875	-142.333420
179660.156250	-140.733292
179666.015625	-140.573181
179671.875000	-141.648743
179677.734375	-144.054901
179683.593750	-144.712067
179689.453125	-147.020935
179695.312500	-143.587433
179701.171875	-138.520950
179707.031250	-137.084473
179712.890625	-140.595932
179718.750000	-141.505142
179724.609375	-143.560654
179730.468750	-141.351990
179736.328125	-140.844421
179742.187500	-143.737869
179748.046875	-141.724731
179753.906250	-141.870026
179759.765625	-142.922836
179765.625000	-141.358566
179771.484375	-141.251984
179777.343750	-141.266678
179783.203125	-139.609985
179789.062500	-139.605499
179794.921875	-142.748932
179800.781250	-144.157028
179806.640625	-142.155731
179812.500000	-142.239166
179818.359375	-144.061722
179824.218750	-144.203613
179830.078125	-142.631943
179835.937500	-141.365143
179841.796875	-140.760437
179847.656250	-141.904678
179853.515625	-139.963242
179859.375000	-140.501617
179865.234375	-142.476395
179871.093750	-142.168732
179876.953125	-140.752792
179882.812500	-140.628098
179888.671875	-140.650391
179894.531250	-140.501511
179900.390625	-141.863358
179906.250000	-140.804184
179912.109375	-140.340256
179917.968750	-141.890213
179923.828125	-143.820404
179929.687500	-144.011566
179935.546875	-144.308334
179941.406250	-146.006760
179947.265625	-146.863632
179953.125000	-144.172379
179958.984375	-139.661880
179964.843750	-139.131805
179970.703125	-140.504730
179976.562500	-141.573593
179982.421875	-139.695663
179988.281250	-138.128098
179994.140625	-140.995941
180000.000000	-143.318359
180005.859375	-141.626266
180011.718750	-140.260345
180017.578125	-140.004944
180023.437500	-140.395203
180029.296875	-142.219376
180035.156250	-138.938690
180041.015625	-136.148666
180046.875000	-136.819397
180052.734375	-139.447327
180058.593750	-141.604279
180064.453125	-141.006470
180070.312500	-139.623688
180076.171875	-139.636093
180082.031250	-140.640091
180087.890625	-140.676956
180093.750000	-140.604843
180099.609375	-139.820663
180105.468750	-140.006516
180111.328125	-140.041489
180117.187500	-139.328781
180123.046875	-140.563873
180128.906250	-141.357101
180134.765625	-140.133408
180140.625000	-140.133606
180146.484375	-141.114761
180152.343750	-143.243790
180158.203125	-141.157715
180164.062500	-139.091827
180169.921875	-138.400711
180175.781250	-139.202988
180181.640625	-142.345001
180187.500000	-142.321594
180193.359375	-140.424240
180199.218750	-140.939941
180205.078125	-142.275970
180210.937500	-140.018219
180216.796875	-139.823746
180222.656250	-138.401855
180228.515625	-138.101532
180234.375000	-141.939941
180240.234375	-141.785980
180246.093750	-141.177094
180251.953125	-141.130478
180257.812500	-140.078262
180263.671875	-140.918747
180269.531250	-144.800812
180275.390625	-144.209793
180281.250000	-146.991302
180287.109375	-143.180984
180292.968750	-140.864975
180298.828125	-139.810974
180304.687500	-139.213745
180310.546875	-140.694855
180316.406250	-141.844620
180322.265625	-142.184967
180328.125000	-142.891846
180333.984375	-140.843582
180339.843750	-138.510132
180345.703125	-137.120514
180351.562500	-136.206558
180357.421875	-138.103256
180363.281250	-143.894318
180369.140625	-141.859818
180375.000000	-143.601562
180380.859375	-141.510712
180386.718750	-138.708633
180392.578125	-138.036041
180398.437500	-138.683578
180404.296875	-137.708679
180410.156250	-136.135178
180416.015625	-136.172775
180421.875000	-137.833466
180427.734375	-137.723648
180433.593750	-138.006775
180439.453125	-139.198517
180445.312500	-141.140015
180451.171875	-143.252289
180457.031250	-142.491455
180462.890625	-142.838623
180468.750000	-144.109146
180474.609375	-141.481125
180480.468750	-137.782242
180486.328125	-137.982254
180492.187500	-140.725510
180498.046875	-140.384842
180503.906250	-140.368515
180509.765625	-140.361649
180515.625000	-138.686478
180521.484375	-136.880676
180527.343750	-137.984711
180533.203125	-141.375488
180539.062500	-142.336868
180544.921875	-138.469696
180550.781250	-138.359863
180556.640625	-141.351120
180562.500000	-139.983368
180568.359375	-140.782120
180574.218750	-145.051865
180580.078125	-141.996323
180585.937500	-140.287048
180591.796875	-141.600174
180597.656250	-143.012268
180603.515625	-142.486801
180609.375000	-140.627335
180615.234375	-141.540176
180621.093750	-145.699066
180626.953125	-142.570007
180632.812500	-138.722351
180638.671875	-138.707245
180644.531250	-138.128159
180650.390625	-136.605667
180656.250000	-137.113510
180662.109375	-138.712006
180667.968750	-140.306641
180673.828125	-142.498795
180679.687500	-142.471603
180685.546875	-142.133255
180691.406250	-142.170853
180697.265625	-141.169235
180703.125000	-139.355423
180708.984375	-139.018661
180714.843750	-142.684601
180720.703125	-142.286133
180726.562500	-141.535233
180732.421875	-140.528000
180738.281250	-139.042648
180744.140625	-138.963913
180750.000000	-138.912796
180755.859375	-139.025284
180761.718750	-139.516830
180767.578125	-139.290222
180773.437500	-140.281616
180779.296875	-140.336212
180785.156250	-141.004318
180791.015625	-143.515259
180796.875000	-144.134613
180802.734375	-143.573380
180808.593750	-141.421082
180814.453125	-138.816574
180820.312500	-138.239349
180826.171875	-140.882858
180832.031250	-141.604019
180837.890625	-141.730255
180843.750000	-141.970047
180849.609375	-138.686066
180855.468750	-136.800751
180861.328125	-137.498322
180867.187500	-138.888229
180873.046875	-138.164139
180878.906250	-138.389786
180884.765625	-138.956772
180890.625000	-140.514481
180896.484375	-142.847855
180902.343750	-141.215073
180908.203125	-139.060730
180914.062500	-139.034683
180919.921875	-140.383667
180925.781250	-142.671280
180931.640625	-145.262131
180937.500000	-142.907806
180943.359375	-139.958267
180949.218750	-138.970398
180955.078125	-139.884079
180960.937500	-141.561295
180966.796875	-141.258041
180972.656250	-137.840652
180978.515625	-136.818512
180984.375000	-138.322189
180990.234375	-139.631302
180996.093750	-140.142166
181001.953125	-142.725204
181007.812500	-143.010635
181013.671875	-142.320786
181019.531250	-142.031509
181025.390625	-139.946579
181031.250000	-140.600922
181037.109375	-131.909027
181042.968750	-109.015930
181048.828125	-97.774544
181054.687500	-94.068886
181060.546875	-97.044785
181066.406250	-107.330055
181072.265625	-127.709267
181078.125000	-138.254944
181083.984375	-137.936752
181089.843750	-139.443069
181095.703125	-140.648300
181101.562500	-141.681610
181107.421875	-142.558929
181113.281250	-140.094818
181119.140625	-139.446625
181125.000000	-140.629517
181130.859375	-140.659973
181136.718750	-140.361481
181142.578125	-139.569717
181148.437500	-124.268883
181154.296875	-105.561043
181160.156250	-96.266273
181166.015625	-94.101814
181171.875000	-98.641319
181177.734375	-110.943771
181183.593750	-133.916702
181189.453125	-139.064285
181195.312500	-141.041550
181201.171875	-141.620728
181207.031250	-143.326569
181212.890625	-139.751358
181218.750000	-136.818741
181224.609375	-137.952789
181230.468750	-140.476685
181236.328125	-142.473129
181242.187500	-145.389664
181248.046875	-146.243683
181253.906250	-143.867035
181259.765625	-119.484436
181265.625000	-102.827171
181271.484375	-95.192719
181277.343750	-94.519211
181283.203125	-100.644585
181289.062500	-114.968681
181294.921875	-136.445328
181300.781250	-140.825974
181306.640625	-139.122070
181312.500000	-138.924484
181318.359375	-143.265488
181324.218750	-141.762955
181330.078125	-141.123459
181335.937500	-141.958344
181341.796875	-140.692963
181347.656250	-140.936676
181353.515625	-140.553772
181359.375000	-138.774033
181365.234375	-140.011261
181371.093750	-114.688507
181376.953125	-100.361343
181382.812500	-94.405876
181388.671875	-95.241737
181394.531250	-103.023827
181400.390625	-119.719376
181406.250000	-137.616516
181412.109375	-140.138855
181417.968750	-140.671661
181423.828125	-138.660049
181429.687500	-138.251236
181435.546875	-138.871124
181441.406250	-139.181183
181447.265625	-140.526184
181453.125000	-141.261459
181458.984375	-141.513718
181464.843750	-141.753403
181470.703125	-138.857574
181476.562500	-132.702682
181482.421875	-110.229111
181488.281250	-98.280716
181494.140625	-93.960999
181500.000000	-96.334389
181505.859375	-105.963730
181511.718750	-126.041946
181517.578125	-138.938553
181523.437500	-136.770416
181529.296875	-137.448364
181535.156250	-139.835052
181541.015625	-140.262619
181546.875000	-138.230698
181552.734375	-138.399033
181558.593750	-139.373810
181564.453125	-138.283295
181570.312500	-139.357056
181576.171875	-140.601501
181582.031250	-139.577301
181587.890625	-127.340652
181593.750000	-106.851601
181599.609375	-96.705780
181605.468750	-93.893318
181611.328125	-97.765388
181617.187500	-109.146507
181623.046875	-131.150986
181628.906250	-139.453445
181634.765625	-137.955582
181640.625000	-137.934814
181646.484375	-141.510651
181652.343750	-144.422089
181658.203125	-140.648804
181664.062500	-140.475540
181669.921875	-138.144638
181675.781250	-137.006638
181681.640625	-138.529739
181687.500000	-143.028488
181693.359375	-145.647308
181699.218750	-121.276024
181705.078125	-103.695526
181710.937500	-95.389847
181716.796875	-94.107155
181722.656250	-99.567390
181728.515625	-113.025841
181734.375000	-135.251907
181740.234375	-137.243591
181746.093750	-137.488632
181751.953125	-139.019699
181757.812500	-143.938339
181763.671875	-143.366302
181769.531250	-140.914154
181775.390625	-139.563324
181781.250000	-138.252533
181787.109375	-138.773712
181792.968750	-140.364532
181798.828125	-139.429459
181804.687500	-139.236420
181810.546875	-116.740974
181816.406250	-101.203201
181822.265625	-94.539360
181828.125000	-94.741119
181833.984375	-101.801048
181839.843750	-117.228203
181845.703125	-137.200760
181851.562500	-139.114609
181857.421875	-139.650375
181863.281250	-141.018631
181869.140625	-140.636612
181875.000000	-139.390167
181880.859375	-139.077515
181886.718750	-139.053619
181892.578125	-138.892471
181898.437500	-139.764557
181904.296875	-141.628815
181910.156250	-138.996414
181916.015625	-135.086273
181921.875000	-111.957878
181927.734375	-98.965118
181933.593750	-93.942909
181939.453125	-95.666069
181945.312500	-104.497955
181951.171875	-123.039047
181957.031250	-141.858658
181962.890625	-140.303635
181968.750000	-139.814285
181974.609375	-140.914124
181980.468750	-141.336884
181986.328125	-142.811630
181992.187500	-142.267075
181998.046875	-143.626282
182003.906250	-139.957474
182009.765625	-138.324799
182015.625000	-138.998306
182021.484375	-139.355087
182027.343750	-129.565369
182033.203125	-108.090721
182039.062500	-97.165955
182044.921875	-93.719604
182050.781250	-96.962105
182056.640625	-107.610458
182062.500000	-129.252533
182068.359375	-142.465775
182074.218750	-142.084412
182080.078125	-141.634262
182085.937500	-142.281937
182091.796875	-141.586151
182097.656250	-137.696335
182103.515625	-138.303741
182109.375000	-142.884384
182115.234375	-142.135300
182121.093750	-140.549042
182126.953125	-140.057465
182132.812500	-139.635757
182138.671875	-123.296875
182144.531250	-104.777069
182150.390625	-95.762184
182156.250000	-93.863716
182162.109375	-98.701660
182167.968750	-111.516273
182173.828125	-137.199844
182179.687500	-142.648270
182185.546875	-140.183167
182191.406250	-137.776276
182197.265625	-136.563843
182203.125000	-137.170120
182208.984375	-137.666809
182214.843750	-138.624802
182220.703125	-139.111633
182226.562500	-138.376190
182232.421875	-139.763321
182238.281250	-143.276031
182244.140625	-141.295395
182250.000000	-117.856361
182255.859375	-101.988464
182261.718750	-94.713539
182267.578125	-94.317757
182273.437500	-100.723633
182279.296875	-115.404358
182285.156250	-138.657501
182291.015625	-139.660004
182296.875000	-139.791519
182302.734375	-141.436050
182308.593750	-142.132492
182314.453125	-140.260849
182320.312500	-138.344162
182326.171875	-138.372803
182332.031250	-140.238266
182337.890625	-140.949722
182343.750000	-141.701340
182349.609375	-141.888763
182355.468750	-137.684082
182361.328125	-113.242287
182367.187500	-99.614532
182373.046875	-93.985710
182378.906250	-95.095039
182384.765625	-103.180115
182390.625000	-120.301697
182396.484375	-138.891312
182402.343750	-141.180695
182408.203125	-142.198959
182414.062500	-140.369186
182419.921875	-138.569717
182425.781250	-137.782196
182431.640625	-141.074753
182437.500000	-141.816757
182443.359375	-140.050537
182449.218750	-137.717407
182455.078125	-137.443192
182460.937500	-136.854202
182466.796875	-133.160812
182472.656250	-109.589653
182478.515625	-97.783241
182484.375000	-93.691803
182490.234375	-96.301773
182496.093750	-106.129601
182501.953125	-125.393082
182507.812500	-142.052673
182513.671875	-141.618515
182519.531250	-143.569504
182525.390625	-146.289108
182531.250000	-144.293213
182537.109375	-141.297714
182542.968750	-140.658966
182548.828125	-142.723511
182554.687500	-145.188202
182560.546875	-142.135086
182566.406250	-139.564240
182572.265625	-139.704819
182578.125000	-125.688225
182583.984375	-105.999878
182589.843750	-96.189415
182595.703125	-93.645515
182601.562500	-97.798592
182607.421875	-109.580551
182613.281250	-132.912094
182619.140625	-138.481979
182625.000000	-136.063782
182630.859375	-136.783188
182636.718750	-138.419861
182642.578125	-139.554413
182648.437500	-140.728210
182654.296875	-141.160690
182660.156250	-139.713287
182666.015625	-139.672150
182671.875000	-140.628113
182677.734375	-140.797409
182683.593750	-138.100708
182689.453125	-120.113022
182695.312500	-103.057045
182701.171875	-95.054298
182707.031250	-94.040459
182712.890625	-99.800423
182718.750000	-113.763618
182724.609375	-140.611542
182730.468750	-140.303757
182736.328125	-140.874023
182742.187500	-141.337402
182748.046875	-140.994522
182753.906250	-140.528061
182759.765625	-143.285660
182765.625000	-152.046692
182771.484375	-147.210281
182777.343750	-146.268036
182783.203125	-140.552963
182789.062500	-138.207443
182794.921875	-138.709274
182800.781250	-115.193665
182806.640625	-100.499268
182812.500000	-94.190613
182818.359375	-94.683083
182824.218750	-102.103577
182830.078125	-118.681183
182835.937500	-138.930527
182841.796875	-139.408478
182847.656250	-141.850693
182853.515625	-139.585938
182859.375000	-139.654968
182865.234375	-143.704437
182871.093750	-140.849167
182876.953125	-137.899261
182882.812500	-137.108536
182888.671875	-137.332321
182894.531250	-138.914551
182900.390625	-139.841446
182906.250000	-131.953461
182912.109375	-110.750023
182917.968750	-98.442627
182923.828125	-93.755371
182929.687500	-95.755753
182935.546875	-104.871597
182941.406250	-123.094749
182947.265625	-139.193970
182953.125000	-139.198868
182958.984375	-138.602325
182964.843750	-138.457932
182970.703125	-138.943710
182976.562500	-139.625153
182982.421875	-137.732620
182988.281250	-139.358826
182994.140625	-141.908600
183000.000000	-142.916916
183005.859375	-140.037491
183011.718750	-137.856644
183017.578125	-129.908813
183023.437500	-107.388969
183029.296875	-96.770012
183035.156250	-93.600449
183041.015625	-97.116127
183046.875000	-108.075256
183052.734375	-129.368652
183058.593750	-138.174332
183064.453125	-136.455658
183070.312500	-135.285660
183076.171875	-136.006363
183082.031250	-137.547607
183087.890625	-140.254166
183093.750000	-142.998444
183099.609375	-144.528854
183105.468750	-142.358353
183111.328125	-138.571289
183117.187500	-139.525787
183123.046875	-139.923325
183128.906250	-122.347946
183134.765625	-104.166481
183140.625000	-95.471642
183146.484375	-93.836967
183152.343750	-98.921379
183158.203125	-111.917870
183164.062500	-137.713272
183169.921875	-140.234879
183175.781250	-137.347000
183181.640625	-135.998795
183187.500000	-138.419601
183193.359375	-141.563644
183199.218750	-143.054993
183205.078125	-145.760788
183210.937500	-141.466217
183216.796875	-139.298904
183222.656250	-139.489609
183228.515625	-140.426071
183234.375000	-140.000717
183240.234375	-117.067848
183246.093750	-101.495316
183251.953125	-94.487625
183257.812500	-94.345627
183263.671875	-101.022606
183269.531250	-115.967964
183275.390625	-135.830917
183281.250000	-136.326492
183287.109375	-138.418259
183292.968750	-142.287079
183298.828125	-142.309113
183304.687500	-141.103928
183310.546875	-139.113403
183316.406250	-139.475525
183322.265625	-141.176346
183328.125000	-143.135208
183333.984375	-139.846313
183339.843750	-136.750778
183345.703125	-137.803268
183351.562500	-112.917068
183357.421875	-99.314117
183363.281250	-93.913834
183369.140625	-95.272820
183375.000000	-103.649315
183380.859375	-121.110321
183386.718750	-140.602463
183392.578125	-140.836258
183398.437500	-142.879364
183404.296875	-141.874878
183410.156250	-140.344727
183416.015625	-141.564941
183421.875000	-141.974365
183427.734375	-141.077972
183433.593750	-140.670319
183439.453125	-140.240585
183445.312500	-140.381683
183451.171875	-142.926514
183457.031250	-131.895065
183462.890625	-108.837303
183468.750000	-97.447731
183474.609375	-93.642799
183480.468750	-96.528725
183486.328125	-106.713043
183492.187500	-126.815445
183498.046875	-143.284332
183503.906250	-140.824844
183509.765625	-139.890686
183515.625000	-141.311264
183521.484375	-142.609589
183527.343750	-140.749664
183533.203125	-140.443649
183539.062500	-142.092209
183544.921875	-145.012100
183550.781250	-143.641937
183556.640625	-145.422363
183562.500000	-143.522751
183568.359375	-125.028664
183574.218750	-105.479630
183580.078125	-95.995697
183585.937500	-93.723030
183591.796875	-98.143661
183597.656250	-110.169983
183603.515625	-131.018417
183609.375000	-138.094421
183615.234375	-137.852264
183621.093750	-140.066940
183626.953125	-140.067322
183632.812500	-140.743362
183638.671875	-140.797195
183644.531250	-139.454895
183650.390625	-139.699371
183656.250000	-139.373276
183662.109375	-137.590607
183667.968750	-137.298218
183673.828125	-138.447510
183679.687500	-118.986351
183685.546875	-102.590195
183691.406250	-94.896866
183697.265625	-94.142899
183703.125000	-100.157898
183708.984375	-114.345024
183714.843750	-137.271057
183720.703125	-138.811829
183726.562500	-136.966431
183732.421875	-137.670959
183738.281250	-139.644043
183744.140625	-141.935028
183750.000000	-143.146606
183755.859375	-141.824524
183761.718750	-140.341141
183767.578125	-137.436340
183773.437500	-136.900818
183779.296875	-138.706604
183785.156250	-140.691666
183791.015625	-114.763855
183796.875000	-100.256577
183802.734375	-94.197975
183808.593750	-94.952103
183814.453125	-102.685516
183820.312500	-119.663483
183826.171875	-143.649597
183832.031250	-141.807312
183837.890625	-145.074677
183843.750000	-146.362671
183849.609375	-141.479263
183855.468750	-140.525696
183861.328125	-139.574310
183867.187500	-137.479309
183873.046875	-137.335403
183878.906250	-139.367981
183884.765625	-140.091507
183890.625000	-139.974991
183896.484375	-133.965836
183902.343750	-110.374084
183908.203125	-98.221855
183914.062500	-93.794952
183919.921875	-96.075569
183925.781250	-105.566048
183931.640625	-124.741219
183937.500000	-139.540237
183943.359375	-139.317810
183949.218750	-138.051697
183955.078125	-137.316391
183960.937500	-138.107681
183966.796875	-140.485641
183972.656250	-143.611572
183978.515625	-141.747925
183984.375000	-139.811646
183990.234375	-141.504532
183996.093750	-140.419678
184001.953125	-137.796295
184007.812500	-129.504166
184013.671875	-107.002609
184019.531250	-96.662926
184025.390625	-93.754387
184031.250000	-97.552956
184037.109375	-108.916618
184042.968750	-131.171783
184048.828125	-144.417282
184054.687500	-142.023605
184060.546875	-140.580307
184066.406250	-140.612350
184072.265625	-139.619629
184078.125000	-137.701508
184083.984375	-137.334091
184089.843750	-139.871140
184095.703125	-145.683899
184101.562500	-141.730545
184107.421875	-137.998413
184113.281250	-137.381607
184119.140625	-122.320786
184125.000000	-103.908684
184130.859375	-95.418129
184136.718750	-94.024765
184142.578125	-99.366013
184148.437500	-112.606316
184154.296875	-136.187653
184160.156250	-140.151703
184166.015625	-139.624084
184171.875000	-139.113770
184177.734375	-142.122299
184183.593750	-144.384659
184189.453125	-141.407608
184195.312500	-142.196609
184201.171875	-143.684189
184207.031250	-142.672455
184212.890625	-142.630814
184218.750000	-139.637283
184224.609375	-138.085999
184230.468750	-116.641823
184236.328125	-101.281723
184242.187500	-94.560852
184248.046875	-94.689201
184253.906250	-101.690269
184259.765625	-117.335732
184265.625000	-141.342163
184271.484375	-140.728409
184277.343750	-142.863602
184283.203125	-138.851746
184289.062500	-138.242020
184294.921875	-139.840164
184300.781250	-139.472488
184306.640625	-136.450729
184312.500000	-135.990433
184318.359375	-136.827972
184324.218750	-135.199234
184330.078125	-134.772095
184335.937500	-132.699997
184341.796875	-111.944565
184347.656250	-99.094185
184353.515625	-94.029366
184359.375000	-95.670753
184365.234375	-104.371696
184371.093750	-122.381287
184376.953125	-142.837585
184382.812500	-143.177719
184388.671875	-140.648956
184394.531250	-138.046448
184400.390625	-136.937866
184406.250000	-136.901123
184412.109375	-136.665405
184417.968750	-136.299255
184423.828125	-136.560333
184429.687500	-136.615585
184435.546875	-136.535049
184441.406250	-136.663086
184447.265625	-132.429993
184453.125000	-108.528641
184458.984375	-97.401566
184464.843750	-93.864365
184470.703125	-97.041252
184476.562500	-107.692429
184482.421875	-130.377731
184488.281250	-140.862411
184494.140625	-142.436462
184500.000000	-140.825867
184505.859375	-141.036804
184511.718750	-140.944672
184517.578125	-140.291779
184523.437500	-140.375549
184529.296875	-140.691376
184535.156250	-141.350281
184541.015625	-141.194443
184546.875000	-140.326263
184552.734375	-139.888428
184558.593750	-124.154770
184564.453125	-105.142776
184570.312500	-96.003357
184576.171875	-94.013611
184582.031250	-98.752792
184587.890625	-111.401337
184593.750000	-135.768219
184599.609375	-139.830246
184605.468750	-142.084152
184611.328125	-142.103653
184617.187500	-140.889175
184623.046875	-139.319031
184628.906250	-139.457687
184634.765625	-139.474121
184640.625000	-140.288651
184646.484375	-140.135223
184652.343750	-138.952637
184658.203125	-136.448120
184664.062500	-136.548660
184669.921875	-118.370407
184675.781250	-102.358856
184681.640625	-94.996384
184687.500000	-94.519508
184693.359375	-100.832542
184699.218750	-115.409538
184705.078125	-138.489822
184710.937500	-142.723297
184716.796875	-141.539413
184722.656250	-141.309464
184728.515625	-145.047012
184734.375000	-142.600510
184740.234375	-140.042236
184746.093750	-143.032486
184751.953125	-143.952820
184757.812500	-139.706238
184763.671875	-138.280380
184769.531250	-136.601410
184775.390625	-135.199158
184781.250000	-113.978020
184787.109375	-100.126938
184792.968750	-94.392242
184798.828125	-95.419731
184804.687500	-103.452202
184810.546875	-120.869148
184816.406250	-138.229614
184822.265625	-138.494492
184828.125000	-140.032684
184833.984375	-141.944275
184839.843750	-146.082779
184845.703125	-141.411407
184851.562500	-138.953491
184857.421875	-139.574524
184863.281250	-138.878189
184869.140625	-138.037292
184875.000000	-138.787903
184880.859375	-137.240341
184886.718750	-134.279572
184892.578125	-110.133591
184898.437500	-98.250298
184904.296875	-94.084663
184910.156250	-96.621002
184916.015625	-106.416046
184921.875000	-126.317184
184927.734375	-141.361313
184933.593750	-140.758713
184939.453125	-138.717560
184945.312500	-138.736191
184951.171875	-136.174988
184957.031250	-134.917740
184962.890625	-137.014145
184968.750000	-140.859756
184974.609375	-139.809174
184980.468750	-138.731979
184986.328125	-139.889679
184992.187500	-138.325684
184998.046875	-125.321274
185003.906250	-106.489449
185009.765625	-96.704468
185015.625000	-94.100540
185021.484375	-98.170914
185027.343750	-109.858398
185033.203125	-133.520782
185039.062500	-141.100037
185044.921875	-141.090775
185050.781250	-143.438538
185056.640625	-141.764191
185062.500000	-139.507263
185068.359375	-137.903809
185074.218750	-136.590790
185080.078125	-137.191925
185085.937500	-140.479401
185091.796875	-142.108307
185097.656250	-141.138504
185103.515625	-141.321030
185109.375000	-120.748123
185115.234375	-103.707687
185121.093750	-95.646942
185126.953125	-94.562248
185132.812500	-100.266151
185138.671875	-114.289703
185144.531250	-142.713013
185150.390625	-143.438873
185156.250000	-139.844925
185162.109375	-139.388535
185167.968750	-139.533691
185173.828125	-136.826355
185179.687500	-136.198578
185185.546875	-137.608521
185191.406250	-139.250839
185197.265625	-140.384918
185203.125000	-139.301895
185208.984375	-138.208694
185214.843750	-140.220642
185220.703125	-116.134171
185226.562500	-101.266563
185232.421875	-94.834877
185238.281250	-95.223396
185244.140625	-102.504112
185250.000000	-118.456337
185255.859375	-138.673798
185261.718750	-138.029449
185267.578125	-139.388000
185273.437500	-139.234818
185279.296875	-138.026733
185285.156250	-137.990173
185291.015625	-138.739380
185296.875000	-140.222107
185302.734375	-140.033401
185308.593750	-142.711761
185314.453125	-139.837509
185320.312500	-137.039154
185326.171875	-136.241623
185332.031250	-111.777336
185337.890625	-99.205902
185343.750000	-94.424492
185349.609375	-96.344925
185355.468750	-105.400719
185361.328125	-124.201790
185367.187500	-139.207794
185373.046875	-137.677567
185378.906250	-138.144470
185384.765625	-139.536469
185390.625000	-139.860458
185396.484375	-139.878235
185402.343750	-139.715225
185408.203125	-139.310730
185414.062500	-138.038559
185419.921875	-138.160828
185425.781250	-141.732925
185431.640625	-141.168900
185437.500000	-130.263947
185443.359375	-108.307388
185449.218750	-97.622787
185455.078125	-94.366180
185460.937500	-97.781143
185466.796875	-108.540314
185472.656250	-129.076355
185478.515625	-138.820114
185484.375000	-140.146317
185490.234375	-140.007797
185496.093750	-138.061127
185501.953125	-137.818680
185507.812500	-139.033035
185513.671875	-138.663101
185519.531250	-136.297363
185525.390625	-137.354935
185531.250000	-140.710358
185537.109375	-140.159103
185542.968750	-142.553909
185548.828125	-122.891273
185554.687500	-105.064850
185560.546875	-96.332123
185566.406250	-94.623116
185572.265625	-99.633461
185578.125000	-112.624763
185583.984375	-139.057968
185589.843750	-140.453659
185595.703125	-138.439194
185601.562500	-138.236877
185607.421875	-142.955795
185613.281250	-143.616760
185619.140625	-141.751831
185625.000000	-140.585159
185630.859375	-142.438538
185636.718750	-142.744232
185642.578125	-139.511642
185648.437500	-140.412537
185654.296875	-142.029724
185660.156250	-118.165741
185666.015625	-102.521271
185671.875000	-95.422218
185677.734375	-95.188477
185683.593750	-101.754341
185689.453125	-116.546677
185695.312500	-138.823746
185701.171875	-143.508713
185707.031250	-143.909134
185712.890625	-141.096512
185718.750000	-137.653503
185724.609375	-137.082962
185730.468750	-137.415298
185736.328125	-137.855148
185742.187500	-138.573288
185748.046875	-138.995682
185753.906250	-139.937393
185759.765625	-137.526993
185765.625000	-136.044601
185771.484375	-114.026947
185777.343750	-100.389679
185783.203125	-94.911919
185789.062500	-96.194893
185794.921875	-104.499008
185800.781250	-121.847748
185806.640625	-137.915390
185812.500000	-141.032257
185818.359375	-142.806137
185824.218750	-144.080170
185830.078125	-139.192551
185835.937500	-138.231247
185841.796875	-139.347061
185847.656250	-139.116898
185853.515625	-138.602371
185859.375000	-139.289658
185865.234375	-138.056656
185871.093750	-137.601501
185876.953125	-134.144485
185882.812500	-110.070503
185888.671875	-98.602203
185894.531250	-94.718903
185900.390625	-97.517433
185906.250000	-107.591515
185912.109375	-127.581032
185917.968750	-142.941772
185923.828125	-141.900330
185929.687500	-140.985428
185935.546875	-140.528336
185941.406250	-141.899338
185947.265625	-142.356522
185953.125000	-139.566330
185958.984375	-140.741562
185964.843750	-142.601028
185970.703125	-143.993256
185976.562500	-143.739273
185982.421875	-141.622131
185988.281250	-125.539665
185994.140625	-106.733635
186000.000000	-97.189835
186005.859375	-94.839676
186011.718750	-99.203484
186017.578125	-111.384674
186023.437500	-137.815186
186029.296875	-137.528320
186035.156250	-137.941513
186041.015625	-138.875717
186046.875000	-139.199417
186052.734375	-138.529480
186058.593750	-136.982803
186064.453125	-137.467056
186070.312500	-140.202637
186076.171875	-140.878647
186082.031250	-142.400864
186087.890625	-142.520599
186093.750000	-139.910217
186099.609375	-120.910286
186105.468750	-103.999413
186111.328125	-96.169296
186117.187500	-95.328133
186123.046875	-101.292114
186128.906250	-115.554413
186134.765625	-139.107758
186140.625000	-139.405014
186146.484375	-138.620209
186152.343750	-140.362701
186158.203125	-142.381226
186164.062500	-139.256592
186169.921875	-138.219406
186175.781250	-139.363892
186181.640625	-140.022980
186187.500000	-140.140289
186193.359375	-138.447449
186199.218750	-139.937469
186205.078125	-136.806671
186210.937500	-115.609184
186216.796875	-101.557129
186222.656250	-95.474106
186228.515625	-96.160622
186234.375000	-103.830307
186240.234375	-120.724609
186246.093750	-138.633438
186251.953125	-137.502243
186257.812500	-137.278900
186263.671875	-138.211853
186269.531250	-138.091141
186275.390625	-138.421219
186281.250000	-141.179184
186287.109375	-139.590164
186292.968750	-137.471939
186298.828125	-139.155533
186304.687500	-142.570694
186310.546875	-138.437103
186316.406250	-137.213089
186322.265625	-112.190552
186328.125000	-99.724777
186333.984375	-95.168854
186339.843750	-97.354057
186345.703125	-106.785751
186351.562500	-126.409798
186357.421875	-137.978058
186363.281250	-139.713776
186369.140625	-143.186646
186375.000000	-142.090698
186380.859375	-140.463089
186386.718750	-139.326706
186392.578125	-137.706512
186398.437500	-137.048126
186404.296875	-137.017258
186410.156250	-137.146637
186416.015625	-137.982315
186421.875000	-138.454620
186427.734375	-128.694138
186433.593750	-108.468803
186439.453125	-98.154823
186445.312500	-95.181160
186451.171875	-98.918182
186457.031250	-110.299088
186462.890625	-132.687042
186468.750000	-140.530563
186474.609375	-138.977814
186480.468750	-138.478180
186486.328125	-139.023865
186492.187500	-140.582077
186498.046875	-142.134109
186503.906250	-146.441010
186509.765625	-144.001083
186515.625000	-141.537079
186521.484375	-139.290024
186527.343750	-138.759369
186533.203125	-137.041275
186539.062500	-122.722809
186544.921875	-105.444542
186550.781250	-96.964256
186556.640625	-95.511475
186562.500000	-100.800453
186568.359375	-114.093170
186574.218750	-136.969849
186580.078125	-141.284256
186585.937500	-139.827682
186591.796875	-137.728729
186597.656250	-136.521179
186603.515625	-137.237823
186609.375000	-139.624344
186615.234375	-143.512787
186621.093750	-148.186707
186626.953125	-142.059509
186632.812500	-139.899933
186638.671875	-137.156662
186644.531250	-135.516403
186650.390625	-118.150513
186656.250000	-103.013855
186662.109375	-96.218117
186667.968750	-96.260979
186673.828125	-103.130486
186679.687500	-118.073906
186685.546875	-135.015121
186691.406250	-136.663208
186697.265625	-137.614609
186703.125000	-137.674164
186708.984375	-140.478836
186714.843750	-139.126312
186720.703125	-137.175217
186726.562500	-138.768173
186732.421875	-139.156967
186738.281250	-138.936279
186744.140625	-139.916992
186750.000000	-139.369110
186755.859375	-134.444748
186761.718750	-113.912857
186767.578125	-100.921402
186773.437500	-95.749428
186779.296875	-97.306442
186785.156250	-105.928764
186791.015625	-123.872711
186796.875000	-145.197769
186802.734375	-139.886841
186808.593750	-140.006989
186814.453125	-144.350510
186820.312500	-138.147537
186826.171875	-137.060410
186832.031250	-138.862289
186837.890625	-138.760178
186843.750000	-140.447556
186849.609375	-143.252197
186855.468750	-141.633347
186861.328125	-142.350479
186867.187500	-133.033691
186873.046875	-110.456085
186878.906250	-99.312981
186884.765625	-95.692123
186890.625000	-98.747452
186896.484375	-109.104965
186902.343750	-129.246597
186908.203125	-140.921387
186914.062500	-140.894791
186919.921875	-139.415100
186925.781250	-139.864410
186931.640625	-139.030029
186937.500000	-137.800674
186943.359375	-137.687729
186949.218750	-138.707489
186955.078125	-138.183731
186960.937500	-136.680069
186966.796875	-136.724411
186972.656250	-136.519928
186978.515625	-126.195374
186984.375000	-107.266838
186990.234375	-97.980110
186996.093750	-95.882072
187001.953125	-100.467834
187007.812500	-112.611099
187013.671875	-133.644058
187019.531250	-140.760208
187025.390625	-138.022034
187031.250000	-138.451675
187037.109375	-140.365311
187042.968750	-140.967270
187048.828125	-141.284683
187054.687500	-140.810394
187060.546875	-142.469162
187066.406250	-143.422424
187072.265625	-141.113953
187078.125000	-139.356796
187083.984375	-138.566177
187089.843750	-121.396072
187095.703125	-104.645103
187101.562500	-97.092873
187107.421875	-96.510422
187113.281250	-102.762665
187119.140625	-117.481506
187125.000000	-142.962219
187130.859375	-141.312500
187136.718750	-140.225403
187142.578125	-142.658463
187148.437500	-149.521591
187154.296875	-139.665298
187160.156250	-137.053223
187166.015625	-139.631607
187171.875000	-149.413574
187177.734375	-147.451553
187183.593750	-144.977936
187189.453125	-140.214645
187195.312500	-136.544922
187201.171875	-116.567085
187207.031250	-102.375435
187212.890625	-96.492203
187218.750000	-97.405548
187224.609375	-105.276321
187230.468750	-121.956154
187236.328125	-139.144485
187242.187500	-141.854019
187248.046875	-139.968033
187253.906250	-138.600754
187259.765625	-138.314331
187265.625000	-138.635773
187271.484375	-139.849045
187277.343750	-139.659012
187283.203125	-140.705002
187289.062500	-139.491348
187294.921875	-137.844879
187300.781250	-138.092926
187306.640625	-136.231186
187312.500000	-112.399902
187318.359375	-100.487930
187324.218750	-96.248726
187330.078125	-98.715454
187335.937500	-108.465141
187341.796875	-128.198776
187347.656250	-141.374908
187353.515625	-143.832764
187359.375000	-144.900833
187365.234375	-143.092804
187371.093750	-143.371826
187376.953125	-144.674606
187382.812500	-142.241196
187388.671875	-140.256516
187394.531250	-140.323212
187400.390625	-139.817322
187406.250000	-137.335144
187412.109375	-137.576080
187417.968750	-129.655396
187423.828125	-109.090080
187429.687500	-99.093880
187435.546875	-96.386314
187441.406250	-100.353462
187447.265625	-111.839439
187453.125000	-133.537216
187458.984375	-142.871338
187464.843750	-143.979050
187470.703125	-141.657089
187476.562500	-140.529602
187482.421875	-147.279953
187488.281250	-143.736267
187494.140625	-142.272751
187500.000000	-145.834747
187505.859375	-148.214951
187511.718750	-141.502441
187517.578125	-140.183701
187523.437500	-142.556839
187529.296875	-123.695801
187535.156250	-106.314514
187541.015625	-98.097313
187546.875000	-96.893242
187552.734375	-102.423958
187558.593750	-115.878021
187564.453125	-135.589767
187570.312500	-138.397400
187576.171875	-140.987320
187582.031250	-143.975342
187587.890625	-142.903549
187593.750000	-140.792557
187599.609375	-140.710785
187605.468750	-141.325897
187611.328125	-141.271942
187617.187500	-140.061722
187623.046875	-139.435852
187628.906250	-140.545258
187634.765625	-138.390778
187640.625000	-118.840019
187646.484375	-103.910744
187652.343750	-97.389320
187658.203125	-97.693176
187664.062500	-104.860176
187669.921875	-120.295212
187675.781250	-138.476532
187681.640625	-141.995438
187687.500000	-143.735092
187693.359375	-142.080933
187699.218750	-139.434982
187705.078125	-139.947861
187710.937500	-140.563980
187716.796875	-138.944962
187722.656250	-138.188812
187728.515625	-139.475266
187734.375000	-140.660416
187740.234375	-142.913956
187746.093750	-137.504242
187751.953125	-114.687782
187757.812500	-101.970810
187763.671875	-97.072006
187769.531250	-98.906181
187775.390625	-107.914528
187781.250000	-126.351860
187787.109375	-139.852509
187792.968750	-139.226685
187798.828125	-141.300201
187804.687500	-141.373398
187810.546875	-139.800583
187816.406250	-139.089905
187822.265625	-139.658356
187828.125000	-141.717957
187833.984375	-142.850952
187839.843750	-141.784622
187845.703125	-140.252060
187851.562500	-139.819016
187857.421875	-134.860596
187863.281250	-111.469353
187869.140625	-100.494438
187875.000000	-97.102097
187880.859375	-100.417419
187886.718750	-111.181808
187892.578125	-133.616241
187898.437500	-137.489746
187904.296875	-138.935196
187910.156250	-140.446182
187916.015625	-139.674866
187921.875000	-139.180145
187927.734375	-139.289169
187933.593750	-140.255005
187939.453125	-140.717850
187945.312500	-140.629395
187951.171875	-145.411591
187957.031250	-142.658630
187962.890625	-137.525391
187968.750000	-126.108521
187974.609375	-108.148689
187980.468750	-99.244446
187986.328125	-97.437210
187992.187500	-102.382942
187998.046875	-115.419983
188003.906250	-140.798126
188009.765625	-143.362122
188015.625000	-138.705933
188021.484375	-137.340775
188027.343750	-138.729965
188033.203125	-142.880295
188039.062500	-144.115494
188044.921875	-141.011124
188050.781250	-138.374252
188056.640625	-138.320007
188062.500000	-140.077774
188068.359375	-140.296860
188074.218750	-139.424225
188080.078125	-121.270676
188085.937500	-105.637146
188091.796875	-98.483551
188097.656250	-98.184624
188103.515625	-104.697243
188109.375000	-119.633820
188115.234375	-141.347427
188121.093750	-139.231689
188126.953125	-138.782074
188132.812500	-139.246857
188138.671875	-139.404099
188144.531250	-140.592850
188150.390625	-140.946075
188156.250000	-140.154221
188162.109375	-136.288696
188167.968750	-135.721207
188173.828125	-137.196060
188179.687500	-138.045700
188185.546875	-136.712570
188191.406250	-117.013786
188197.265625	-103.557236
188203.125000	-98.006020
188208.984375	-99.204468
188214.843750	-107.424347
188220.703125	-124.989395
188226.562500	-145.787399
188232.421875	-146.303986
188238.281250	-141.819031
188244.140625	-137.266495
188250.000000	-136.365356
188255.859375	-138.812836
188261.718750	-139.333679
188267.578125	-137.865524
188273.437500	-138.773239
188279.296875	-143.742081
188285.156250	-141.292053
188291.015625	-136.724915
188296.875000	-131.628479
188302.734375	-113.191704
188308.593750	-101.831291
188314.453125	-97.879578
188320.312500	-100.600250
188326.171875	-110.621696
188332.031250	-130.991898
188337.890625	-145.224777
188343.750000	-142.495743
188349.609375	-144.051132
188355.468750	-141.390137
188361.328125	-139.992462
188367.187500	-140.129135
188373.046875	-142.292404
188378.906250	-145.577988
188384.765625	-142.678848
188390.625000	-138.810730
188396.484375	-137.406845
188402.343750	-135.741196
188408.203125	-128.426254
188414.062500	-110.174240
188419.921875	-100.553734
188425.781250	-98.126465
188431.640625	-102.408646
188437.500000	-114.446121
188443.359375	-136.762497
188449.218750	-139.372772
188455.078125	-139.085739
188460.937500	-142.732910
188466.796875	-141.165268
188472.656250	-140.542221
188478.515625	-140.324158
188484.375000	-139.072723
188490.234375	-138.681381
188496.093750	-138.660950
188501.953125	-138.966995
188507.812500	-139.134781
188513.671875	-140.794113
188519.531250	-124.320107
188525.390625	-107.535370
188531.250000	-99.641769
188537.109375	-98.707794
188542.968750	-104.532417
188548.828125	-118.553276
188554.687500	-141.964371
188560.546875	-139.879150
188566.406250	-139.047180
188572.265625	-137.931900
188578.125000	-136.970306
188583.984375	-138.127121
188589.843750	-141.639816
188595.703125	-138.704803
188601.562500	-136.389404
188607.421875	-137.884750
188613.281250	-137.886856
188619.140625	-137.274902
188625.000000	-137.673965
188630.859375	-119.915573
188636.718750	-105.372223
188642.578125	-99.132248
188648.437500	-99.705124
188654.296875	-107.189041
188660.156250	-123.242126
188666.015625	-140.976044
188671.875000	-139.622665
188677.734375	-137.613205
188683.593750	-136.925461
188689.453125	-137.753204
188695.312500	-138.475266
188701.171875	-138.938507
188707.031250	-141.958618
188712.890625	-144.579300
188718.750000	-142.264359
188724.609375	-141.343491
188730.468750	-140.657806
188736.328125	-139.152191
188742.187500	-116.201653
188748.046875	-103.632759
188753.906250	-98.982033
188759.765625	-101.058685
188765.625000	-110.275085
188771.484375	-128.952637
188777.343750	-138.166351
188783.203125	-138.077423
188789.062500	-139.308838
188794.921875	-140.776611
188800.781250	-139.887512
188806.640625	-137.557983
188812.500000	-137.695007
188818.359375	-139.707626
188824.218750	-141.942856
188830.078125	-141.132980
188835.937500	-138.098495
188841.796875	-138.185226
188847.656250	-133.227036
188853.515625	-112.592049
188859.375000	-102.206696
188865.234375	-99.162743
188871.093750	-102.811218
188876.953125	-113.979706
188882.812500	-134.553070
188888.671875	-141.890015
188894.531250	-141.484192
188900.390625	-138.454025
188906.250000	-137.608658
188912.109375	-140.763779
188917.968750	-140.726273
188923.828125	-141.801285
188929.687500	-145.312958
188935.546875	-142.255402
188941.406250	-139.953781
188947.265625	-139.742767
188953.125000	-142.283463
188958.984375	-128.507080
188964.843750	-109.835129
188970.703125	-101.147560
188976.562500	-99.580383
188982.421875	-104.717598
188988.281250	-117.523323
188994.140625	-137.613846
189000.000000	-137.963974
189005.859375	-135.505783
189011.718750	-137.587189
189017.578125	-139.491653
189023.437500	-136.729218
189029.296875	-135.859726
189035.156250	-137.219528
189041.015625	-137.856781
189046.875000	-139.240799
189052.734375	-143.728241
189058.593750	-141.957352
189064.453125	-140.594482
189070.312500	-122.835808
189076.171875	-107.435188
189082.031250	-100.544258
189087.890625	-100.509995
189093.750000	-107.371567
189099.609375	-123.181755
189105.468750	-143.283997
189111.328125	-142.974869
189117.187500	-140.937637
189123.046875	-140.888916
189128.906250	-140.814346
189134.765625	-145.166855
189140.625000	-144.704025
189146.484375	-143.395432
189152.343750	-142.226944
189158.203125	-142.467407
189164.062500	-142.369095
189169.921875	-143.012695
189175.781250	-140.678879
189181.640625	-118.823112
189187.500000	-105.494324
189193.359375	-100.187218
189199.218750	-101.624153
189205.078125	-110.023766
189210.937500	-126.290810
189216.796875	-136.286118
189222.656250	-136.760406
189228.515625	-137.494781
189234.375000	-137.939850
189240.234375	-138.476349
189246.093750	-136.949829
189251.953125	-136.834702
189257.812500	-139.439514
189263.671875	-140.860138
189269.531250	-140.085037
189275.390625	-141.193665
189281.250000	-142.844772
189287.109375	-134.279053
189292.968750	-114.894226
189298.828125	-103.957054
189304.687500	-100.309799
189310.546875	-103.325195
189316.406250	-113.776054
189322.265625	-135.537704
189328.125000	-142.302612
189333.984375	-139.259949
189339.843750	-137.674316
189345.703125	-138.107452
189351.562500	-139.630707
189357.421875	-139.901733
189363.281250	-137.020508
189369.140625	-135.175690
189375.000000	-136.343658
189380.859375	-140.005646
189386.718750	-139.734085
189392.578125	-138.985733
189398.437500	-132.402817
189404.296875	-112.395180
189410.156250	-102.921173
189416.015625	-100.723709
189421.875000	-105.250328
189427.734375	-117.452629
189433.593750	-137.903687
189439.453125	-145.797668
189445.312500	-139.893555
189451.171875	-137.663895
189457.031250	-137.120682
189462.890625	-139.054977
189468.750000	-140.427811
189474.609375	-138.122406
189480.468750	-138.049255
189486.328125	-139.056961
189492.187500	-141.454468
189498.046875	-139.827515
189503.906250	-137.020554
189509.765625	-124.993996
189515.625000	-109.719055
189521.484375	-102.215088
189527.343750	-101.561722
189533.203125	-107.678261
189539.062500	-122.027367
189544.921875	-145.262238
189550.781250	-144.028473
189556.640625	-140.393509
189562.500000	-139.260345
189568.359375	-137.405930
189574.218750	-137.184982
189580.078125	-137.808029
189585.937500	-138.171936
189591.796875	-138.378098
189597.656250	-139.908127
189603.515625	-142.078156
189609.375000	-138.905289
189615.234375	-135.300156
189621.093750	-121.078018
189626.953125	-107.625008
189632.812500	-101.763893
189638.671875	-102.606789
189644.531250	-110.342751
189650.390625	-126.381653
189656.250000	-137.346664
189662.109375	-138.250580
189667.968750	-139.300964
189673.828125	-140.632965
189679.687500	-139.692734
189685.546875	-138.314865
189691.406250	-139.195557
189697.265625	-138.820175
189703.125000	-140.243820
189708.984375	-143.691910
189714.843750	-146.361481
189720.703125	-145.334717
189726.562500	-139.848160
189732.421875	-117.932388
189738.281250	-106.143127
189744.140625	-101.844147
189750.000000	-104.191788
189755.859375	-113.655785
189761.718750	-131.520905
189767.578125	-139.873215
189773.437500	-140.895935
189779.296875	-139.305298
189785.156250	-137.911362
189791.015625	-138.091812
189796.875000	-140.067108
189802.734375	-143.659653
189808.593750	-140.559921
189814.453125	-139.758316
189820.312500	-142.886520
189826.171875	-141.452042
189832.031250	-139.368378
189837.890625	-132.175629
189843.750000	-114.826759
189849.609375	-104.937057
189855.468750	-102.172424
189861.328125	-106.053284
189867.187500	-117.334587
189873.046875	-136.117554
189878.906250	-139.698517
189884.765625	-137.704453
189890.625000	-136.936920
189896.484375	-141.437073
189902.343750	-144.469742
189908.203125	-139.470901
189914.062500	-136.380478
189919.921875	-136.778900
189925.781250	-138.217529
189931.640625	-141.538361
189937.500000	-140.548584
189943.359375	-139.320251
189949.218750	-130.354660
189955.078125	-112.540794
189960.937500	-104.181427
189966.796875	-102.878929
189972.656250	-108.296013
189978.515625	-121.631485
189984.375000	-138.675415
189990.234375	-136.372391
189996.093750	-136.443573
190001.953125	-138.556961
190007.812500	-140.055023
190013.671875	-140.569016
190019.531250	-140.398483
190025.390625	-143.054092
190031.250000	-144.353867
190037.109375	-139.169632
190042.968750	-137.043640
190048.828125	-138.278290
190054.687500	-140.277817
190060.546875	-125.201813
190066.406250	-110.306839
190072.265625	-103.712608
190078.125000	-103.932487
190083.984375	-110.996422
190089.843750	-126.453323
190095.703125	-138.524841
190101.562500	-137.830902
190107.421875	-137.995667
190113.281250	-139.896439
190119.140625	-141.882278
190125.000000	-142.073181
190130.859375	-142.759064
190136.718750	-142.078323
190142.578125	-140.033585
190148.437500	-138.088272
190154.296875	-138.337387
190160.156250	-140.081253
190166.015625	-142.673233
190171.875000	-122.357574
190177.734375	-108.927795
190183.593750	-103.808929
190189.453125	-105.528809
190195.312500	-114.445381
190201.171875	-132.059052
190207.031250	-141.283600
190212.890625	-147.203247
190218.750000	-141.931870
190224.609375	-140.816742
190230.468750	-142.339355
190236.328125	-142.016571
190242.187500	-141.479065
190248.046875	-140.074722
190253.906250	-137.990158
190259.765625	-139.597580
190265.625000	-143.207031
190271.484375	-143.106186
190277.343750	-138.356903
190283.203125	-118.464951
190289.062500	-107.579124
190294.921875	-104.114433
190300.781250	-107.273827
190306.640625	-117.556335
190312.500000	-135.389267
190318.359375	-139.527557
190324.218750	-139.767609
190330.078125	-140.136078
190335.937500	-141.699814
190341.796875	-141.749573
190347.656250	-138.965195
190353.515625	-138.013123
190359.375000	-137.904083
190365.234375	-138.153320
190371.093750	-138.844681
190376.953125	-139.971817
190382.812500	-140.494995
190388.671875	-135.397919
190394.531250	-115.762344
190400.390625	-106.704338
190406.250000	-104.798103
190412.109375	-109.591148
190417.968750	-122.017357
190423.828125	-137.001389
190429.687500	-137.312897
190435.546875	-136.413925
190441.406250	-136.948944
190447.265625	-137.567108
190453.125000	-140.886047
190458.984375	-143.838394
190464.843750	-139.638748
190470.703125	-141.268341
190476.562500	-142.371338
190482.421875	-140.362411
190488.281250	-140.148788
190494.140625	-139.065567
190500.000000	-129.270248
190505.859375	-113.733429
190511.718750	-106.420486
190517.578125	-106.028618
190523.437500	-112.504616
190529.296875	-127.042419
190535.156250	-139.238297
190541.015625	-138.404694
190546.875000	-136.976929
190552.734375	-136.108154
190558.593750	-136.855865
190564.453125	-138.297562
190570.312500	-139.273132
190576.171875	-138.057938
190582.031250	-137.342773
190587.890625	-139.667160
190593.750000	-143.342194
190599.609375	-142.713348
190605.468750	-140.546082
190611.328125	-125.101730
190617.187500	-111.798424
190623.046875	-106.239670
190628.906250	-107.374298
190634.765625	-115.524925
190640.625000	-133.076431
190646.484375	-142.479980
190652.343750	-141.609131
190658.203125	-140.926880
190664.062500	-141.583282
190669.921875	-144.237152
190675.781250	-144.143646
190681.640625	-140.098907
190687.500000	-139.527328
190693.359375	-139.985336
190699.218750	-140.243835
190705.078125	-140.608734
190710.937500	-138.027008
190716.796875	-138.025635
190722.656250	-122.298141
190728.515625	-110.735779
190734.375000	-106.673347
190740.234375	-109.246506
190746.093750	-118.894005
190751.953125	-135.730606
190757.812500	-141.799118
190763.671875	-140.544250
190769.531250	-138.202713
190775.390625	-138.499283
190781.250000	-138.448792
190787.109375	-137.815384
190792.968750	-137.790649
190798.828125	-137.156128
190804.687500	-137.524933
190810.546875	-140.555496
190816.406250	-139.100143
190822.265625	-138.241714
190828.125000	-135.430435
190833.984375	-119.257851
190839.843750	-109.869965
190845.703125	-107.431404
190851.562500	-111.704475
190857.421875	-123.826836
190863.281250	-140.370453
190869.140625	-139.024124
190875.000000	-138.728149
190880.859375	-146.480881
190886.718750	-139.709961
190892.578125	-138.982224
190898.437500	-141.369202
190904.296875	-141.270676
190910.156250	-140.021759
190916.015625	-142.460144
190921.875000	-147.418640
190927.734375	-145.029984
190933.593750	-140.958771
190939.453125	-133.410934
190945.312500	-117.711761
190951.171875	-109.715477
190957.031250	-108.671928
190962.890625	-114.336884
190968.750000	-127.359764
190974.609375	-138.478867
190980.468750	-138.367401
190986.328125	-140.672119
190992.187500	-141.464859
190998.046875	-141.186447
191003.906250	-142.722214
191009.765625	-137.417023
191015.625000	-136.272873
191021.484375	-138.118759
191027.343750	-142.188904
191033.203125	-145.029892
191039.062500	-144.426346
191044.921875	-142.691162
191050.781250	-133.514313
191056.640625	-116.818008
191062.500000	-110.101845
191068.359375	-110.442238
191074.218750	-117.535446
191080.078125	-131.236176
191085.937500	-139.078415
191091.796875	-139.698151
191097.656250	-140.820633
191103.515625	-141.844482
191109.375000	-140.525269
191115.234375	-139.485428
191121.093750	-138.964966
191126.953125	-139.471161
191132.812500	-141.352844
191138.671875	-140.705765
191144.531250	-141.408508
191150.390625	-142.811661
191156.250000	-140.789307
191162.109375	-127.723068
191167.968750	-115.353874
191173.828125	-110.653305
191179.687500	-112.629913
191185.546875	-121.640701
191191.406250	-138.140198
191197.265625	-142.570908
191203.125000	-139.826447
191208.984375	-136.503448
191214.843750	-136.459900
191220.703125	-137.929993
191226.562500	-140.356232
191232.421875	-141.951355
191238.281250	-139.263687
191244.140625	-138.629868
191250.000000	-137.158279
191255.859375	-136.718765
191261.718750	-139.964859
191267.578125	-148.254425
191273.437500	-125.813576
191279.296875	-115.054268
191285.156250	-111.846375
191291.015625	-115.259666
191296.875000	-125.572182
191302.734375	-137.619049
191308.593750	-140.827118
191314.453125	-138.569183
191320.312500	-138.450531
191326.171875	-140.570435
191332.031250	-139.974152
191337.890625	-140.272415
191343.750000	-137.899582
191349.609375	-137.089905
191355.468750	-139.428665
191361.328125	-141.350876
191367.187500	-142.679688
191373.046875	-140.423553
191378.906250	-134.966202
191384.765625	-123.024872
191390.625000	-114.832001
191396.484375	-113.238197
191402.343750	-118.201057
191408.203125	-130.371429
191414.062500	-140.428726
191419.921875	-139.641663
191425.781250	-138.333359
191431.640625	-139.535873
191437.500000	-141.762360
191443.359375	-140.258423
191449.218750	-138.647919
191455.078125	-138.003906
191460.937500	-137.761551
191466.796875	-138.573593
191472.656250	-141.757126
191478.515625	-143.463394
191484.375000	-142.342575
191490.234375	-136.904434
191496.093750	-123.468513
191501.953125	-116.266319
191507.812500	-115.912605
191513.671875	-121.870270
191519.531250	-133.321045
191525.390625	-146.679474
191531.250000	-144.898682
191537.109375	-145.571198
191542.968750	-141.922684
191548.828125	-140.315460
191554.687500	-140.940979
191560.546875	-140.954163
191566.406250	-139.454498
191572.265625	-138.056351
191578.125000	-138.814270
191583.984375	-141.403503
191589.843750	-140.644073
191595.703125	-140.414383
191601.562500	-136.323059
191607.421875	-123.515289
191613.281250	-118.298218
191619.140625	-119.657936
191625.000000	-127.289513
191630.859375	-138.005356
191636.718750	-140.777267
191642.578125	-138.845078
191648.437500	-136.806961
191654.296875	-135.385101
191660.156250	-138.016266
191666.015625	-143.846863
191671.875000	-140.860855
191677.734375	-139.025528
191683.593750	-139.553619
191689.453125	-139.279846
191695.312500	-136.988541
191701.171875	-136.123398
191707.031250	-135.642059
191712.890625	-135.682373
191718.750000	-126.814163
191724.609375	-122.731300
191730.468750	-125.721504
191736.328125	-134.401047
191742.187500	-138.138748
191748.046875	-140.013031
191753.906250	-140.551453
191759.765625	-139.513336
191765.625000	-140.371307
191771.484375	-142.392990
191777.343750	-139.785767
191783.203125	-137.029907
191789.062500	-136.496582
191794.921875	-136.570435
191800.781250	-137.221039
191806.640625	-139.905518
191812.500000	-140.783737
191818.359375	-140.656616
191824.218750	-139.151794
191830.078125	-133.267960
191835.937500	-130.718185
191841.796875	-133.645416
191847.656250	-139.932022
191853.515625	-144.493713
191859.375000	-142.039261
191865.234375	-139.857117
191871.093750	-140.575821
191876.953125	-140.560333
191882.812500	-139.108627
191888.671875	-140.621933
191894.531250	-141.486282
191900.390625	-138.455917
191906.250000	-138.867310
191912.109375	-137.823547
191917.968750	-135.592575
191923.828125	-135.032578
191929.687500	-134.388000
191935.546875	-126.604904
191941.406250	-120.369637
191947.265625	-120.375252
191953.125000	-126.716286
191958.984375	-139.167007
191964.843750	-138.270218
191970.703125	-135.159775
191976.562500	-136.033752
191982.421875	-140.539993
191988.281250	-141.252487
191994.140625	-141.309708
